{
"type": "FeatureCollection",
"name": "conditions",
"crs": { "type": "name", "properties": { "name": "urn:ogc:def:crs:OGC:1.3:CRS84" } },
"features": [
{ "type": "Feature", "properties": { "Unique Key": 66024169, "Created Date": "09/02/2025 10:38:51 AM", "Closed Date": "09/02/2025 10:38:51 AM", "Agency": "DOHMH", "Agency Name": "Department of Health and Mental Hygiene", "Complaint Type": "Rodent", "Descriptor": "Condition Attracting Rodents", "Location Type": "1-2 Family Dwelling", "Incident Zip": 11378, "Incident Address": "73-56 52 DRIVE", "Street Name": "52 DRIVE", "Cross Street 1": "73 STREET", "Cross Street 2": "74 STREET", "Intersection Street 1": "73 STREET", "Intersection Street 2": "74 STREET", "Address Type": "ADDRESS", "City": "MASPETH", "Landmark": "52 DRIVE", "Facility Type": "N/A", "Status": "Closed", "Due Date": null, "Resolution Description": "The Department of Health and Mental Hygiene found violations on the property you reported. Follow-up inspections will be scheduled.", "Resolution Action Updated Date": "09/16/2025 10:10:00 AM", "Community Board": "05 QUEENS", "BBL": 4024880035, "Borough": "QUEENS", "X Coordinate (State Plane)": 1014941, "Y Coordinate (State Plane)": 206188, "Open Data Channel Type": "PHONE", "Park Facility Name": "Unspecified", "Park Borough": "QUEENS", "Vehicle Type": null, "Taxi Company Borough": null, "Taxi Pick Up Location": null, "Bridge Highway Name": null, "Bridge Highway Direction": null, "Road Ramp": null, "Bridge Highway Segment": null, "Latitude": 40.732561850183188, "Longitude": -73.889260264211359, "Location": "(40.73256185018319, -73.88926026421136)", "Zip Codes": 14788, "Community Districts": 54, "Borough Boundaries": 3, "City Council Districts": 34, "Police Precincts": 62, "Police Precinct": 62 }, "geometry": { "type": "Point", "coordinates": [ -73.889260264211359, 40.732561850183188 ] } },
{ "type": "Feature", "properties": { "Unique Key": 66045907, "Created Date": "09/04/2025 11:55:06 AM", "Closed Date": "09/04/2025 11:55:06 AM", "Agency": "DOHMH", "Agency Name": "Department of Health and Mental Hygiene", "Complaint Type": "Rodent", "Descriptor": "Condition Attracting Rodents", "Location Type": "1-2 Family Dwelling", "Incident Zip": 11218, "Incident Address": "275 EAST    5 STREET", "Street Name": "EAST    5 STREET", "Cross Street 1": "CATON AVENUE", "Cross Street 2": "ALBEMARLE ROAD", "Intersection Street 1": "CATON AVENUE", "Intersection Street 2": "ALBEMARLE ROAD", "Address Type": "ADDRESS", "City": "BROOKLYN", "Landmark": "EAST    5 STREET", "Facility Type": "N/A", "Status": "Closed", "Due Date": null, "Resolution Description": "The Department of Health and Mental Hygiene found violations on the property you reported. Follow-up inspections will be scheduled.", "Resolution Action Updated Date": "09/09/2025 11:33:16 AM", "Community Board": "12 BROOKLYN", "BBL": 3053280055, "Borough": "BROOKLYN", "X Coordinate (State Plane)": 990909, "Y Coordinate (State Plane)": 174652, "Open Data Channel Type": "ONLINE", "Park Facility Name": "Unspecified", "Park Borough": "BROOKLYN", "Vehicle Type": null, "Taxi Company Borough": null, "Taxi Pick Up Location": null, "Bridge Highway Name": null, "Bridge Highway Direction": null, "Road Ramp": null, "Bridge Highway Segment": null, "Latitude": 40.646053534409695, "Longitude": -73.976004052832764, "Location": "(40.646053534409695, -73.97600405283276)", "Zip Codes": 17620, "Community Districts": 2, "Borough Boundaries": 2, "City Council Districts": 27, "Police Precincts": 39, "Police Precinct": 39 }, "geometry": { "type": "Point", "coordinates": [ -73.976004052832764, 40.646053534409695 ] } },
{ "type": "Feature", "properties": { "Unique Key": 66028163, "Created Date": "09/02/2025 10:00:39 AM", "Closed Date": "09/02/2025 10:35:14 AM", "Agency": "DOHMH", "Agency Name": "Department of Health and Mental Hygiene", "Complaint Type": "Rodent", "Descriptor": "Condition Attracting Rodents", "Location Type": "3+ Family Mixed Use Building", "Incident Zip": 11221, "Incident Address": "452 MADISON STREET", "Street Name": "MADISON STREET", "Cross Street 1": "THROOP AVENUE", "Cross Street 2": "MARCUS GARVEY BOULEVARD", "Intersection Street 1": "THROOP AVENUE", "Intersection Street 2": "MARCUS GARVEY BOULEVARD", "Address Type": "ADDRESS", "City": "BROOKLYN", "Landmark": "MADISON STREET", "Facility Type": "N/A", "Status": "Closed", "Due Date": null, "Resolution Description": "This service request was closed because the Department of Health and Mental Hygiene received an earlier complaint about the same location.  You can find inspection results for this address by going to the online Rat Portal at www.nyc.gov/rats.", "Resolution Action Updated Date": "09/02/2025 10:00:39 AM", "Community Board": "03 BROOKLYN", "BBL": 3018260023, "Borough": "BROOKLYN", "X Coordinate (State Plane)": 1000869, "Y Coordinate (State Plane)": 189181, "Open Data Channel Type": "ONLINE", "Park Facility Name": "Unspecified", "Park Borough": "BROOKLYN", "Vehicle Type": null, "Taxi Company Borough": null, "Taxi Pick Up Location": null, "Bridge Highway Name": null, "Bridge Highway Direction": null, "Road Ramp": null, "Bridge Highway Segment": null, "Latitude": 40.685919311854924, "Longitude": -73.940077025486943, "Location": "(40.685919311854924, -73.94007702548694)", "Zip Codes": 18181, "Community Districts": 69, "Borough Boundaries": 2, "City Council Districts": 49, "Police Precincts": 51, "Police Precinct": 51 }, "geometry": { "type": "Point", "coordinates": [ -73.940077025486943, 40.685919311854924 ] } },
{ "type": "Feature", "properties": { "Unique Key": 66060655, "Created Date": "09/05/2025 02:15:16 PM", "Closed Date": "09/08/2025 05:39:41 PM", "Agency": "DOHMH", "Agency Name": "Department of Health and Mental Hygiene", "Complaint Type": "Rodent", "Descriptor": "Condition Attracting Rodents", "Location Type": "3+ Family Apt. Building", "Incident Zip": 11385, "Incident Address": "553 SENECA AVENUE", "Street Name": "SENECA AVENUE", "Cross Street 1": "BLEECKER STREET", "Cross Street 2": "MENAHAN STREET", "Intersection Street 1": "BLEECKER STREET", "Intersection Street 2": "MENAHAN STREET", "Address Type": "ADDRESS", "City": "RIDGEWOOD", "Landmark": "SENECA AVENUE", "Facility Type": "N/A", "Status": "Closed", "Due Date": null, "Resolution Description": "This service request was closed because the Department of Health and Mental Hygiene received an earlier complaint about the same location.  You can find inspection results for this address by going to the online Rat Portal at www.nyc.gov/rats.", "Resolution Action Updated Date": "09/05/2025 02:15:16 PM", "Community Board": "05 QUEENS", "BBL": 4034350012, "Borough": "QUEENS", "X Coordinate (State Plane)": 1008862, "Y Coordinate (State Plane)": 196108, "Open Data Channel Type": "PHONE", "Park Facility Name": "Unspecified", "Park Borough": "QUEENS", "Vehicle Type": null, "Taxi Company Borough": null, "Taxi Pick Up Location": null, "Bridge Highway Name": null, "Bridge Highway Direction": null, "Road Ramp": null, "Bridge Highway Segment": null, "Latitude": 40.704913692587269, "Longitude": -73.911231445282652, "Location": "(40.70491369258727, -73.91123144528265)", "Zip Codes": 15310, "Community Districts": 54, "Borough Boundaries": 3, "City Council Districts": 30, "Police Precincts": 62, "Police Precinct": 62 }, "geometry": { "type": "Point", "coordinates": [ -73.911231445282652, 40.704913692587269 ] } },
{ "type": "Feature", "properties": { "Unique Key": 66013593, "Created Date": "09/01/2025 10:23:03 PM", "Closed Date": "09/01/2025 10:23:03 PM", "Agency": "DOHMH", "Agency Name": "Department of Health and Mental Hygiene", "Complaint Type": "Rodent", "Descriptor": "Condition Attracting Rodents", "Location Type": "3+ Family Apt. Building", "Incident Zip": 11221, "Incident Address": "333 KOSCIUSZKO STREET", "Street Name": "KOSCIUSZKO STREET", "Cross Street 1": "THROOP AVENUE", "Cross Street 2": "MARCUS GARVEY BOULEVARD", "Intersection Street 1": "THROOP AVENUE", "Intersection Street 2": "MARCUS GARVEY BOULEVARD", "Address Type": "ADDRESS", "City": "BROOKLYN", "Landmark": "KOSCIUSZKO STREET", "Facility Type": "N/A", "Status": "Closed", "Due Date": null, "Resolution Description": "An inspection of the property was conducted and it passed with minor violations found.", "Resolution Action Updated Date": "09/03/2025 12:33:00 PM", "Community Board": "03 BROOKLYN", "BBL": 3017820055, "Borough": "BROOKLYN", "X Coordinate (State Plane)": 1000475, "Y Coordinate (State Plane)": 191311, "Open Data Channel Type": "ONLINE", "Park Facility Name": "Unspecified", "Park Borough": "BROOKLYN", "Vehicle Type": null, "Taxi Company Borough": null, "Taxi Pick Up Location": null, "Bridge Highway Name": null, "Bridge Highway Direction": null, "Road Ramp": null, "Bridge Highway Segment": null, "Latitude": 40.691766402100974, "Longitude": -73.941492537549607, "Location": "(40.691766402100974, -73.9414925375496)", "Zip Codes": 18181, "Community Districts": 69, "Borough Boundaries": 2, "City Council Districts": 49, "Police Precincts": 51, "Police Precinct": 51 }, "geometry": { "type": "Point", "coordinates": [ -73.941492537549607, 40.691766402100974 ] } },
{ "type": "Feature", "properties": { "Unique Key": 66039042, "Created Date": "09/03/2025 12:54:22 PM", "Closed Date": "09/03/2025 12:54:22 PM", "Agency": "DOHMH", "Agency Name": "Department of Health and Mental Hygiene", "Complaint Type": "Rodent", "Descriptor": "Condition Attracting Rodents", "Location Type": "3+ Family Apt. Building", "Incident Zip": 11203, "Incident Address": "458 EAST   51 STREET", "Street Name": "EAST   51 STREET", "Cross Street 1": "CHURCH AVENUE", "Cross Street 2": "SNYDER AVENUE", "Intersection Street 1": "CHURCH AVENUE", "Intersection Street 2": "SNYDER AVENUE", "Address Type": "ADDRESS", "City": "BROOKLYN", "Landmark": "EAST   51 STREET", "Facility Type": "N/A", "Status": "Closed", "Due Date": null, "Resolution Description": "The Department of Health and Mental Hygiene found violations on the property you reported. Follow-up inspections will be scheduled.", "Resolution Action Updated Date": "09/17/2025 11:47:46 AM", "Community Board": "17 BROOKLYN", "BBL": 3046980037, "Borough": "BROOKLYN", "X Coordinate (State Plane)": 1003879, "Y Coordinate (State Plane)": 176324, "Open Data Channel Type": "PHONE", "Park Facility Name": "Unspecified", "Park Borough": "BROOKLYN", "Vehicle Type": null, "Taxi Company Borough": null, "Taxi Pick Up Location": null, "Bridge Highway Name": null, "Bridge Highway Direction": null, "Road Ramp": null, "Bridge Highway Segment": null, "Latitude": 40.650623561510109, "Longitude": -73.929261337135543, "Location": "(40.65062356151011, -73.92926133713554)", "Zip Codes": 16866, "Community Districts": 61, "Borough Boundaries": 2, "City Council Districts": 26, "Police Precincts": 40, "Police Precinct": 40 }, "geometry": { "type": "Point", "coordinates": [ -73.929261337135543, 40.650623561510109 ] } },
{ "type": "Feature", "properties": { "Unique Key": 66068639, "Created Date": "09/06/2025 02:31:13 PM", "Closed Date": "09/08/2025 01:01:04 PM", "Agency": "DOHMH", "Agency Name": "Department of Health and Mental Hygiene", "Complaint Type": "Rodent", "Descriptor": "Condition Attracting Rodents", "Location Type": "3+ Family Apt. Building", "Incident Zip": 11207, "Incident Address": "637 WILSON AVENUE", "Street Name": "WILSON AVENUE", "Cross Street 1": "DECATUR STREET", "Cross Street 2": "COOPER STREET", "Intersection Street 1": "DECATUR STREET", "Intersection Street 2": "COOPER STREET", "Address Type": "ADDRESS", "City": "BROOKLYN", "Landmark": "WILSON AVENUE", "Facility Type": "N/A", "Status": "Closed", "Due Date": null, "Resolution Description": "This service request was closed because the Department of Health and Mental Hygiene received an earlier complaint about the same location.  You can find inspection results for this address by going to the online Rat Portal at www.nyc.gov/rats.", "Resolution Action Updated Date": "09/06/2025 02:31:13 PM", "Community Board": "04 BROOKLYN", "BBL": 3034360002, "Borough": "BROOKLYN", "X Coordinate (State Plane)": 1010326, "Y Coordinate (State Plane)": 190486, "Open Data Channel Type": "PHONE", "Park Facility Name": "Unspecified", "Park Borough": "BROOKLYN", "Vehicle Type": null, "Taxi Company Borough": null, "Taxi Pick Up Location": null, "Bridge Highway Name": null, "Bridge Highway Direction": null, "Road Ramp": null, "Bridge Highway Segment": null, "Latitude": 40.689478426513965, "Longitude": -73.905972978729608, "Location": "(40.689478426513965, -73.90597297872961)", "Zip Codes": 17214, "Community Districts": 42, "Borough Boundaries": 2, "City Council Districts": 37, "Police Precincts": 53, "Police Precinct": 53 }, "geometry": { "type": "Point", "coordinates": [ -73.905972978729608, 40.689478426513965 ] } },
{ "type": "Feature", "properties": { "Unique Key": 66022852, "Created Date": "09/02/2025 11:22:37 AM", "Closed Date": "09/02/2025 11:22:37 AM", "Agency": "DOHMH", "Agency Name": "Department of Health and Mental Hygiene", "Complaint Type": "Rodent", "Descriptor": "Condition Attracting Rodents", "Location Type": "3+ Family Apt. Building", "Incident Zip": 11238, "Incident Address": "262 ST JAMES PLACE", "Street Name": "ST JAMES PLACE", "Cross Street 1": "FULTON STREET", "Cross Street 2": "LEFFERTS PLACE", "Intersection Street 1": "FULTON STREET", "Intersection Street 2": "LEFFERTS PLACE", "Address Type": "ADDRESS", "City": "BROOKLYN", "Landmark": "ST JAMES PLACE", "Facility Type": "N/A", "Status": "Closed", "Due Date": null, "Resolution Description": "The Department of Health and Mental Hygiene inspected the property you reported and did not find any violations at the time of the inspection. The property passed inspection.", "Resolution Action Updated Date": "09/15/2025 03:10:00 PM", "Community Board": "02 BROOKLYN", "BBL": 3020130141, "Borough": "BROOKLYN", "X Coordinate (State Plane)": 994347, "Y Coordinate (State Plane)": 187902, "Open Data Channel Type": "MOBILE", "Park Facility Name": "Unspecified", "Park Borough": "BROOKLYN", "Vehicle Type": null, "Taxi Company Borough": null, "Taxi Pick Up Location": null, "Bridge Highway Name": null, "Bridge Highway Direction": null, "Road Ramp": null, "Bridge Highway Segment": null, "Latitude": 40.682418592007558, "Longitude": -73.963595253530542, "Location": "(40.68241859200756, -73.96359525353054)", "Zip Codes": 13829, "Community Districts": 68, "Borough Boundaries": 2, "City Council Districts": 48, "Police Precincts": 55, "Police Precinct": 55 }, "geometry": { "type": "Point", "coordinates": [ -73.963595253530542, 40.682418592007558 ] } },
{ "type": "Feature", "properties": { "Unique Key": 66022853, "Created Date": "09/02/2025 07:57:02 AM", "Closed Date": "09/02/2025 07:57:02 AM", "Agency": "DOHMH", "Agency Name": "Department of Health and Mental Hygiene", "Complaint Type": "Rodent", "Descriptor": "Condition Attracting Rodents", "Location Type": "3+ Family Apt. Building", "Incident Zip": 10027, "Incident Address": "70 WEST  128 STREET", "Street Name": "WEST  128 STREET", "Cross Street 1": "5 AVENUE", "Cross Street 2": "LENOX AVENUE", "Intersection Street 1": "5 AVENUE", "Intersection Street 2": "LENOX AVENUE", "Address Type": "ADDRESS", "City": "NEW YORK", "Landmark": "WEST  128 STREET", "Facility Type": "N/A", "Status": "Closed", "Due Date": null, "Resolution Description": "This service request was closed because the Department of Health and Mental Hygiene received an earlier complaint about the same location.  You can find inspection results for this address by going to the online Rat Portal at www.nyc.gov/rats.", "Resolution Action Updated Date": "09/02/2025 01:50:28 PM", "Community Board": "10 MANHATTAN", "BBL": 1017250069, "Borough": "MANHATTAN", "X Coordinate (State Plane)": 1000060, "Y Coordinate (State Plane)": 234088, "Open Data Channel Type": "MOBILE", "Park Facility Name": "Unspecified", "Park Borough": "MANHATTAN", "Vehicle Type": null, "Taxi Company Borough": null, "Taxi Pick Up Location": null, "Bridge Highway Name": null, "Bridge Highway Direction": null, "Road Ramp": null, "Bridge Highway Segment": null, "Latitude": 40.809179171294097, "Longitude": -73.942888459564031, "Location": "(40.8091791712941, -73.94288845956403)", "Zip Codes": 12424, "Community Districts": 18, "Borough Boundaries": 4, "City Council Districts": 36, "Police Precincts": 20, "Police Precinct": 20 }, "geometry": { "type": "Point", "coordinates": [ -73.942888459564031, 40.809179171294097 ] } },
{ "type": "Feature", "properties": { "Unique Key": 66022854, "Created Date": "09/02/2025 06:29:27 AM", "Closed Date": "09/02/2025 06:29:27 AM", "Agency": "DOHMH", "Agency Name": "Department of Health and Mental Hygiene", "Complaint Type": "Rodent", "Descriptor": "Condition Attracting Rodents", "Location Type": "3+ Family Apt. Building", "Incident Zip": 10028, "Incident Address": "206 EAST   83 STREET", "Street Name": "EAST   83 STREET", "Cross Street 1": "3 AVENUE", "Cross Street 2": "2 AVENUE", "Intersection Street 1": "3 AVENUE", "Intersection Street 2": "2 AVENUE", "Address Type": "ADDRESS", "City": "NEW YORK", "Landmark": "EAST   83 STREET", "Facility Type": "N/A", "Status": "Closed", "Due Date": null, "Resolution Description": "The Department of Health and Mental Hygiene found violations on the property you reported. Follow-up inspections will be scheduled.", "Resolution Action Updated Date": "09/15/2025 10:45:00 AM", "Community Board": "08 MANHATTAN", "BBL": 1015280044, "Borough": "MANHATTAN", "X Coordinate (State Plane)": 996718, "Y Coordinate (State Plane)": 222245, "Open Data Channel Type": "PHONE", "Park Facility Name": "Unspecified", "Park Borough": "MANHATTAN", "Vehicle Type": null, "Taxi Company Borough": null, "Taxi Pick Up Location": null, "Bridge Highway Name": null, "Bridge Highway Direction": null, "Road Ramp": null, "Bridge Highway Segment": null, "Latitude": 40.776678687008413, "Longitude": -73.954982977195954, "Location": "(40.77667868700841, -73.95498297719595)", "Zip Codes": 12425, "Community Districts": 23, "Borough Boundaries": 4, "City Council Districts": 1, "Police Precincts": 11, "Police Precinct": 11 }, "geometry": { "type": "Point", "coordinates": [ -73.954982977195954, 40.776678687008413 ] } },
{ "type": "Feature", "properties": { "Unique Key": 66024171, "Created Date": "09/02/2025 05:42:58 PM", "Closed Date": "09/02/2025 05:42:58 PM", "Agency": "DOHMH", "Agency Name": "Department of Health and Mental Hygiene", "Complaint Type": "Rodent", "Descriptor": "Condition Attracting Rodents", "Location Type": "Other (Explain Below)", "Incident Zip": 11208, "Incident Address": "3080 ATLANTIC AVENUE", "Street Name": "ATLANTIC AVENUE", "Cross Street 1": "SHEPHERD AVENUE", "Cross Street 2": "BERRIMAN STREET", "Intersection Street 1": "SHEPHERD AVENUE", "Intersection Street 2": "BERRIMAN STREET", "Address Type": "ADDRESS", "City": "BROOKLYN", "Landmark": "ATLANTIC AVENUE", "Facility Type": "N/A", "Status": "Closed", "Due Date": null, "Resolution Description": "The Department of Health and Mental Hygiene inspected the property you reported and did not find any violations at the time of the inspection. The property passed inspection.", "Resolution Action Updated Date": "09/08/2025 02:05:04 PM", "Community Board": "05 BROOKLYN", "BBL": 3039730024, "Borough": "BROOKLYN", "X Coordinate (State Plane)": 1017189, "Y Coordinate (State Plane)": 186649, "Open Data Channel Type": "ONLINE", "Park Facility Name": "Unspecified", "Park Borough": "BROOKLYN", "Vehicle Type": null, "Taxi Company Borough": null, "Taxi Pick Up Location": null, "Bridge Highway Name": null, "Bridge Highway Direction": null, "Road Ramp": null, "Bridge Highway Segment": null, "Latitude": 40.678923865920751, "Longitude": -73.88124458374017, "Location": "(40.67892386592075, -73.88124458374017)", "Zip Codes": 17215, "Community Districts": 45, "Borough Boundaries": 2, "City Council Districts": 37, "Police Precincts": 47, "Police Precinct": 47 }, "geometry": { "type": "Point", "coordinates": [ -73.88124458374017, 40.678923865920751 ] } },
{ "type": "Feature", "properties": { "Unique Key": 66024170, "Created Date": "09/02/2025 10:48:32 AM", "Closed Date": "09/02/2025 10:48:32 AM", "Agency": "DOHMH", "Agency Name": "Department of Health and Mental Hygiene", "Complaint Type": "Rodent", "Descriptor": "Condition Attracting Rodents", "Location Type": "1-2 Family Dwelling", "Incident Zip": 10303, "Incident Address": "15 GRANDVIEW AVENUE", "Street Name": "GRANDVIEW AVENUE", "Cross Street 1": "RICHMOND COURT", "Cross Street 2": "COWEN PLACE", "Intersection Street 1": "RICHMOND COURT", "Intersection Street 2": "COWEN PLACE", "Address Type": "ADDRESS", "City": "STATEN ISLAND", "Landmark": "GRANDVIEW AVENUE", "Facility Type": "N/A", "Status": "Closed", "Due Date": null, "Resolution Description": "The Department of Health and Mental Hygiene closed this complaint and referred it to another agency because it was not within its jurisdiction.", "Resolution Action Updated Date": "09/10/2025 10:40:35 AM", "Community Board": "01 STATEN ISLAND", "BBL": 5012530053, "Borough": "STATEN ISLAND", "X Coordinate (State Plane)": 938481, "Y Coordinate (State Plane)": 172100, "Open Data Channel Type": "PHONE", "Park Facility Name": "Unspecified", "Park Borough": "STATEN ISLAND", "Vehicle Type": null, "Taxi Company Borough": null, "Taxi Pick Up Location": null, "Bridge Highway Name": null, "Bridge Highway Direction": null, "Road Ramp": null, "Bridge Highway Segment": null, "Latitude": 40.638933092576245, "Longitude": -74.164912741896856, "Location": "(40.638933092576245, -74.16491274189686)", "Zip Codes": 10371, "Community Districts": 4, "Borough Boundaries": 1, "City Council Districts": 13, "Police Precincts": 75, "Police Precinct": 75 }, "geometry": { "type": "Point", "coordinates": [ -74.164912741896856, 40.638933092576245 ] } },
{ "type": "Feature", "properties": { "Unique Key": 66025576, "Created Date": "09/02/2025 01:45:13 PM", "Closed Date": "09/02/2025 01:45:13 PM", "Agency": "DOHMH", "Agency Name": "Department of Health and Mental Hygiene", "Complaint Type": "Rodent", "Descriptor": "Condition Attracting Rodents", "Location Type": "3+ Family Apt. Building", "Incident Zip": 11210, "Incident Address": "3101 FOSTER AVENUE", "Street Name": "FOSTER AVENUE", "Cross Street 1": "NOSTRAND AVENUE", "Cross Street 2": "NEW YORK AVENUE", "Intersection Street 1": "NOSTRAND AVENUE", "Intersection Street 2": "NEW YORK AVENUE", "Address Type": "ADDRESS", "City": "BROOKLYN", "Landmark": "FOSTER AVENUE", "Facility Type": "N/A", "Status": "Closed", "Due Date": null, "Resolution Description": "The Department of Health and Mental Hygiene found violations on the property you reported. Follow-up inspections will be scheduled.", "Resolution Action Updated Date": "09/14/2025 10:11:02 AM", "Community Board": "17 BROOKLYN", "BBL": 3049640047, "Borough": "BROOKLYN", "X Coordinate (State Plane)": 998844, "Y Coordinate (State Plane)": 171965, "Open Data Channel Type": "PHONE", "Park Facility Name": "Unspecified", "Park Borough": "BROOKLYN", "Vehicle Type": null, "Taxi Company Borough": null, "Taxi Pick Up Location": null, "Bridge Highway Name": null, "Bridge Highway Direction": null, "Road Ramp": null, "Bridge Highway Segment": null, "Latitude": 40.638668776770103, "Longitude": -73.947415811028947, "Location": "(40.6386687767701, -73.94741581102895)", "Zip Codes": 17217, "Community Districts": 61, "Borough Boundaries": 2, "City Council Districts": 26, "Police Precincts": 40, "Police Precinct": 40 }, "geometry": { "type": "Point", "coordinates": [ -73.947415811028947, 40.638668776770103 ] } },
{ "type": "Feature", "properties": { "Unique Key": 66025579, "Created Date": "09/02/2025 11:17:03 AM", "Closed Date": "09/12/2025 08:29:40 AM", "Agency": "DOHMH", "Agency Name": "Department of Health and Mental Hygiene", "Complaint Type": "Rodent", "Descriptor": "Condition Attracting Rodents", "Location Type": "3+ Family Apt. Building", "Incident Zip": 11216, "Incident Address": "225 MADISON STREET", "Street Name": "MADISON STREET", "Cross Street 1": "NOSTRAND AVENUE", "Cross Street 2": "MARCY AVENUE", "Intersection Street 1": "NOSTRAND AVENUE", "Intersection Street 2": "MARCY AVENUE", "Address Type": "ADDRESS", "City": "BROOKLYN", "Landmark": "MADISON STREET", "Facility Type": "N/A", "Status": "Closed", "Due Date": null, "Resolution Description": "This service request was closed because the Department of Health and Mental Hygiene received an earlier complaint about the same location.  You can find inspection results for this address by going to the online Rat Portal at www.nyc.gov/rats.", "Resolution Action Updated Date": "09/02/2025 11:17:03 AM", "Community Board": "03 BROOKLYN", "BBL": 3018180085, "Borough": "BROOKLYN", "X Coordinate (State Plane)": 998203, "Y Coordinate (State Plane)": 188783, "Open Data Channel Type": "ONLINE", "Park Facility Name": "Unspecified", "Park Borough": "BROOKLYN", "Vehicle Type": null, "Taxi Company Borough": null, "Taxi Pick Up Location": null, "Bridge Highway Name": null, "Bridge Highway Direction": null, "Road Ramp": null, "Bridge Highway Segment": null, "Latitude": 40.684831497265478, "Longitude": -73.949690618896042, "Location": "(40.68483149726548, -73.94969061889604)", "Zip Codes": 17618, "Community Districts": 69, "Borough Boundaries": 2, "City Council Districts": 49, "Police Precincts": 51, "Police Precinct": 51 }, "geometry": { "type": "Point", "coordinates": [ -73.949690618896042, 40.684831497265478 ] } },
{ "type": "Feature", "properties": { "Unique Key": 66025578, "Created Date": "09/02/2025 01:39:32 PM", "Closed Date": "09/02/2025 01:39:32 PM", "Agency": "DOHMH", "Agency Name": "Department of Health and Mental Hygiene", "Complaint Type": "Rodent", "Descriptor": "Condition Attracting Rodents", "Location Type": "3+ Family Mixed Use Building", "Incident Zip": 11218, "Incident Address": "2 EAST   10 STREET", "Street Name": "EAST   10 STREET", "Cross Street 1": "CATON AVENUE", "Cross Street 2": "CHURCH AVENUE", "Intersection Street 1": "CATON AVENUE", "Intersection Street 2": "CHURCH AVENUE", "Address Type": "ADDRESS", "City": "BROOKLYN", "Landmark": "EAST   10 STREET", "Facility Type": "N/A", "Status": "Closed", "Due Date": null, "Resolution Description": "The Department of Health and Mental Hygiene inspected the property you reported and did not find any violations at the time of the inspection. The property passed inspection.", "Resolution Action Updated Date": "09/20/2025 08:38:00 AM", "Community Board": "14 BROOKLYN", "BBL": 3050700005, "Borough": "BROOKLYN", "X Coordinate (State Plane)": 992394, "Y Coordinate (State Plane)": 175440, "Open Data Channel Type": "PHONE", "Park Facility Name": "Unspecified", "Park Borough": "BROOKLYN", "Vehicle Type": null, "Taxi Company Borough": null, "Taxi Pick Up Location": null, "Bridge Highway Name": null, "Bridge Highway Direction": null, "Road Ramp": null, "Bridge Highway Segment": null, "Latitude": 40.648215182846386, "Longitude": -73.970651850665163, "Location": "(40.648215182846386, -73.97065185066516)", "Zip Codes": 17620, "Community Districts": 60, "Borough Boundaries": 2, "City Council Districts": 11, "Police Precincts": 43, "Police Precinct": 43 }, "geometry": { "type": "Point", "coordinates": [ -73.970651850665163, 40.648215182846386 ] } },
{ "type": "Feature", "properties": { "Unique Key": 66025581, "Created Date": "09/02/2025 02:11:04 PM", "Closed Date": "09/02/2025 02:11:04 PM", "Agency": "DOHMH", "Agency Name": "Department of Health and Mental Hygiene", "Complaint Type": "Rodent", "Descriptor": "Condition Attracting Rodents", "Location Type": "Vacant Lot", "Incident Zip": 11367, "Incident Address": "138-72 63 AVENUE", "Street Name": "63 AVENUE", "Cross Street 1": "64 AVENUE", "Cross Street 2": "146 STREET", "Intersection Street 1": "64 AVENUE", "Intersection Street 2": "146 STREET", "Address Type": "ADDRESS", "City": "FLUSHING", "Landmark": "63 AVENUE", "Facility Type": "N/A", "Status": "Closed", "Due Date": null, "Resolution Description": "The Department of Health and Mental Hygiene inspected the property you reported and did not find any violations at the time of the inspection. The property passed inspection.", "Resolution Action Updated Date": "09/17/2025 08:00:00 AM", "Community Board": "07 QUEENS", "BBL": 4065010140, "Borough": "QUEENS", "X Coordinate (State Plane)": 1032560, "Y Coordinate (State Plane)": 208820, "Open Data Channel Type": "ONLINE", "Park Facility Name": "Unspecified", "Park Borough": "QUEENS", "Vehicle Type": null, "Taxi Company Borough": null, "Taxi Pick Up Location": null, "Bridge Highway Name": null, "Bridge Highway Direction": null, "Road Ramp": null, "Bridge Highway Segment": null, "Latitude": 40.73970734149416, "Longitude": -73.825668355990231, "Location": "(40.73970734149416, -73.82566835599023)", "Zip Codes": 14509, "Community Districts": 22, "Borough Boundaries": 3, "City Council Districts": 24, "Police Precincts": 67, "Police Precinct": 67 }, "geometry": { "type": "Point", "coordinates": [ -73.825668355990231, 40.73970734149416 ] } },
{ "type": "Feature", "properties": { "Unique Key": 66026871, "Created Date": "09/02/2025 05:03:14 PM", "Closed Date": null, "Agency": "DOHMH", "Agency Name": "Department of Health and Mental Hygiene", "Complaint Type": "Rodent", "Descriptor": "Condition Attracting Rodents", "Location Type": "Other (Explain Below)", "Incident Zip": 11236, "Incident Address": "EAST   98 STREET", "Street Name": "EAST   98 STREET", "Cross Street 1": "EAST   98 STREET", "Cross Street 2": "GLENWOOD ROAD", "Intersection Street 1": "EAST   98 STREET", "Intersection Street 2": "GLENWOOD ROAD", "Address Type": "INTERSECTION", "City": null, "Landmark": null, "Facility Type": null, "Status": "In Progress", "Due Date": null, "Resolution Description": null, "Resolution Action Updated Date": null, "Community Board": "18 BROOKLYN", "BBL": null, "Borough": "BROOKLYN", "X Coordinate (State Plane)": 1011603, "Y Coordinate (State Plane)": 174539, "Open Data Channel Type": "PHONE", "Park Facility Name": "Unspecified", "Park Borough": "BROOKLYN", "Vehicle Type": null, "Taxi Company Borough": null, "Taxi Pick Up Location": null, "Bridge Highway Name": null, "Bridge Highway Direction": null, "Road Ramp": null, "Bridge Highway Segment": null, "Latitude": 40.645703637167657, "Longitude": -73.901432973245377, "Location": "(40.64570363716766, -73.90143297324538)", "Zip Codes": 13827, "Community Districts": 5, "Borough Boundaries": 2, "City Council Districts": 25, "Police Precincts": 42, "Police Precinct": 42 }, "geometry": { "type": "Point", "coordinates": [ -73.901432973245377, 40.645703637167657 ] } },
{ "type": "Feature", "properties": { "Unique Key": 66026870, "Created Date": "09/02/2025 02:42:07 PM", "Closed Date": "09/11/2025 04:12:25 PM", "Agency": "DOHMH", "Agency Name": "Department of Health and Mental Hygiene", "Complaint Type": "Rodent", "Descriptor": "Condition Attracting Rodents", "Location Type": "1-2 Family Dwelling", "Incident Zip": 11218, "Incident Address": "677 EAST    4 STREET", "Street Name": "EAST    4 STREET", "Cross Street 1": "DITMAS AVENUE", "Cross Street 2": "AVENUE F", "Intersection Street 1": "DITMAS AVENUE", "Intersection Street 2": "AVENUE F", "Address Type": "ADDRESS", "City": "BROOKLYN", "Landmark": "EAST    4 STREET", "Facility Type": "N/A", "Status": "Closed", "Due Date": null, "Resolution Description": "This service request was closed because the Department of Health and Mental Hygiene received an earlier complaint about the same location.  You can find inspection results for this address by going to the online Rat Portal at www.nyc.gov/rats.", "Resolution Action Updated Date": "09/02/2025 02:42:07 PM", "Community Board": "12 BROOKLYN", "BBL": 3053980083, "Borough": "BROOKLYN", "X Coordinate (State Plane)": 991212, "Y Coordinate (State Plane)": 170737, "Open Data Channel Type": "PHONE", "Park Facility Name": "Unspecified", "Park Borough": "BROOKLYN", "Vehicle Type": null, "Taxi Company Borough": null, "Taxi Pick Up Location": null, "Bridge Highway Name": null, "Bridge Highway Direction": null, "Road Ramp": null, "Bridge Highway Segment": null, "Latitude": 40.635307465645489, "Longitude": -73.974916221271499, "Location": "(40.63530746564549, -73.9749162212715)", "Zip Codes": 17620, "Community Districts": 2, "Borough Boundaries": 2, "City Council Districts": 27, "Police Precincts": 39, "Police Precinct": 39 }, "geometry": { "type": "Point", "coordinates": [ -73.974916221271499, 40.635307465645489 ] } },
{ "type": "Feature", "properties": { "Unique Key": 66026872, "Created Date": "09/02/2025 10:22:22 AM", "Closed Date": "09/02/2025 10:22:22 AM", "Agency": "DOHMH", "Agency Name": "Department of Health and Mental Hygiene", "Complaint Type": "Rodent", "Descriptor": "Condition Attracting Rodents", "Location Type": "1-2 Family Dwelling", "Incident Zip": 11207, "Incident Address": "802 HENDRIX STREET", "Street Name": "HENDRIX STREET", "Cross Street 1": "HEGEMAN AVENUE", "Cross Street 2": "LINDEN BOULEVARD", "Intersection Street 1": "HEGEMAN AVENUE", "Intersection Street 2": "LINDEN BOULEVARD", "Address Type": "ADDRESS", "City": "BROOKLYN", "Landmark": "HENDRIX STREET", "Facility Type": "N/A", "Status": "Closed", "Due Date": null, "Resolution Description": "The Department of Health and Mental Hygiene inspected the property you reported and did not find any violations at the time of the inspection. The property passed inspection.", "Resolution Action Updated Date": "09/09/2025 12:47:09 PM", "Community Board": "05 BROOKLYN", "BBL": 3043290019, "Borough": "BROOKLYN", "X Coordinate (State Plane)": 1016013, "Y Coordinate (State Plane)": 180413, "Open Data Channel Type": "PHONE", "Park Facility Name": "Unspecified", "Park Borough": "BROOKLYN", "Vehicle Type": null, "Taxi Company Borough": null, "Taxi Pick Up Location": null, "Bridge Highway Name": null, "Bridge Highway Direction": null, "Road Ramp": null, "Bridge Highway Segment": null, "Latitude": 40.661811752877199, "Longitude": -73.885513811360894, "Location": "(40.6618117528772, -73.8855138113609)", "Zip Codes": 17214, "Community Districts": 45, "Borough Boundaries": 2, "City Council Districts": 25, "Police Precincts": 47, "Police Precinct": 47 }, "geometry": { "type": "Point", "coordinates": [ -73.885513811360894, 40.661811752877199 ] } },
{ "type": "Feature", "properties": { "Unique Key": 66026873, "Created Date": "09/02/2025 02:23:27 PM", "Closed Date": "09/02/2025 02:23:27 PM", "Agency": "DOHMH", "Agency Name": "Department of Health and Mental Hygiene", "Complaint Type": "Rodent", "Descriptor": "Condition Attracting Rodents", "Location Type": "1-2 Family Dwelling", "Incident Zip": 11213, "Incident Address": "1671 UNION STREET", "Street Name": "UNION STREET", "Cross Street 1": "TROY AVENUE", "Cross Street 2": "SCHENECTADY AVENUE", "Intersection Street 1": "TROY AVENUE", "Intersection Street 2": "SCHENECTADY AVENUE", "Address Type": "ADDRESS", "City": "BROOKLYN", "Landmark": "UNION STREET", "Facility Type": "N/A", "Status": "Closed", "Due Date": null, "Resolution Description": "The Department of Health and Mental Hygiene tried to inspect the property you reported but could not access the site. If you have information that will help the inspector access the site, please go online to nyc.gov/311 or call 311 and refile your complaint with contact information.", "Resolution Action Updated Date": "09/12/2025 10:10:08 AM", "Community Board": "09 BROOKLYN", "BBL": 3013950054, "Borough": "BROOKLYN", "X Coordinate (State Plane)": 1002292, "Y Coordinate (State Plane)": 182668, "Open Data Channel Type": "PHONE", "Park Facility Name": "Unspecified", "Park Borough": "BROOKLYN", "Vehicle Type": null, "Taxi Company Borough": null, "Taxi Pick Up Location": null, "Bridge Highway Name": null, "Bridge Highway Direction": null, "Road Ramp": null, "Bridge Highway Segment": null, "Latitude": 40.668039816146937, "Longitude": -73.934963564923677, "Location": "(40.66803981614694, -73.93496356492368)", "Zip Codes": 17615, "Community Districts": 17, "Borough Boundaries": 2, "City Council Districts": 48, "Police Precincts": 44, "Police Precinct": 44 }, "geometry": { "type": "Point", "coordinates": [ -73.934963564923677, 40.668039816146937 ] } },
{ "type": "Feature", "properties": { "Unique Key": 66028161, "Created Date": "09/02/2025 03:46:52 PM", "Closed Date": "09/02/2025 03:46:52 PM", "Agency": "DOHMH", "Agency Name": "Department of Health and Mental Hygiene", "Complaint Type": "Rodent", "Descriptor": "Condition Attracting Rodents", "Location Type": "3+ Family Mixed Use Building", "Incident Zip": 10460, "Incident Address": "368 BRONX PARK AVENUE", "Street Name": "BRONX PARK AVENUE", "Cross Street 1": "WYATT STREET", "Cross Street 2": "EAST 178 STREET", "Intersection Street 1": "WYATT STREET", "Intersection Street 2": "EAST  178 STREET", "Address Type": "ADDRESS", "City": "BRONX", "Landmark": "BRONX PARK AVENUE", "Facility Type": "N/A", "Status": "Closed", "Due Date": null, "Resolution Description": "The Department of Health and Mental Hygiene inspected the property you reported and did not find any violations at the time of the inspection. The property passed inspection.", "Resolution Action Updated Date": "09/18/2025 10:00:00 AM", "Community Board": "06 BRONX", "BBL": 2039080004, "Borough": "BRONX", "X Coordinate (State Plane)": 1018552, "Y Coordinate (State Plane)": 245052, "Open Data Channel Type": "ONLINE", "Park Facility Name": "Unspecified", "Park Borough": "BRONX", "Vehicle Type": null, "Taxi Company Borough": null, "Taxi Pick Up Location": null, "Bridge Highway Name": null, "Bridge Highway Direction": null, "Road Ramp": null, "Bridge Highway Segment": null, "Latitude": 40.839219764983383, "Longitude": -73.876032562566081, "Location": "(40.83921976498338, -73.87603256256608)", "Zip Codes": 11269, "Community Districts": 35, "Borough Boundaries": 5, "City Council Districts": 22, "Police Precincts": 31, "Police Precinct": 31 }, "geometry": { "type": "Point", "coordinates": [ -73.876032562566081, 40.839219764983383 ] } },
{ "type": "Feature", "properties": { "Unique Key": 66028162, "Created Date": "09/02/2025 04:20:49 PM", "Closed Date": "09/02/2025 04:20:49 PM", "Agency": "DOHMH", "Agency Name": "Department of Health and Mental Hygiene", "Complaint Type": "Rodent", "Descriptor": "Condition Attracting Rodents", "Location Type": "Other (Explain Below)", "Incident Zip": 11235, "Incident Address": "2691 EAST   14 STREET", "Street Name": "EAST   14 STREET", "Cross Street 1": "SHEEPSHEAD BAY ROAD", "Cross Street 2": "SHORE PARKWAY", "Intersection Street 1": "SHEEPSHEAD BAY ROAD", "Intersection Street 2": "SHORE PARKWAY", "Address Type": "ADDRESS", "City": "BROOKLYN", "Landmark": "EAST   14 STREET", "Facility Type": "N/A", "Status": "Closed", "Due Date": null, "Resolution Description": "The Department of Health and Mental Hygiene inspected the property you reported and did not find any violations at the time of the inspection. The property passed inspection.", "Resolution Action Updated Date": "09/18/2025 12:39:24 PM", "Community Board": "15 BROOKLYN", "BBL": 3074590046, "Borough": "BROOKLYN", "X Coordinate (State Plane)": 996770, "Y Coordinate (State Plane)": 152798, "Open Data Channel Type": "PHONE", "Park Facility Name": "Unspecified", "Park Borough": "BROOKLYN", "Vehicle Type": null, "Taxi Company Borough": null, "Taxi Pick Up Location": null, "Bridge Highway Name": null, "Bridge Highway Direction": null, "Road Ramp": null, "Bridge Highway Segment": null, "Latitude": 40.586062493693369, "Longitude": -73.954924254366802, "Location": "(40.58606249369337, -73.9549242543668)", "Zip Codes": 13826, "Community Districts": 32, "Borough Boundaries": 2, "City Council Districts": 15, "Police Precincts": 36, "Police Precinct": 36 }, "geometry": { "type": "Point", "coordinates": [ -73.954924254366802, 40.586062493693369 ] } },
{ "type": "Feature", "properties": { "Unique Key": 66029524, "Created Date": "09/02/2025 11:21:41 AM", "Closed Date": "09/02/2025 11:21:41 AM", "Agency": "DOHMH", "Agency Name": "Department of Health and Mental Hygiene", "Complaint Type": "Rodent", "Descriptor": "Condition Attracting Rodents", "Location Type": "3+ Family Apt. Building", "Incident Zip": 11216, "Incident Address": "228 MONROE STREET", "Street Name": "MONROE STREET", "Cross Street 1": "NOSTRAND AVENUE", "Cross Street 2": "MARCY AVENUE", "Intersection Street 1": "NOSTRAND AVENUE", "Intersection Street 2": "MARCY AVENUE", "Address Type": "ADDRESS", "City": "BROOKLYN", "Landmark": "MONROE STREET", "Facility Type": "N/A", "Status": "Closed", "Due Date": null, "Resolution Description": "The Department of Health and Mental Hygiene found violations on the property you reported. Follow-up inspections will be scheduled.", "Resolution Action Updated Date": "09/12/2025 11:33:59 AM", "Community Board": "03 BROOKLYN", "BBL": 3018180007, "Borough": "BROOKLYN", "X Coordinate (State Plane)": 998161, "Y Coordinate (State Plane)": 189043, "Open Data Channel Type": "ONLINE", "Park Facility Name": "Unspecified", "Park Borough": "BROOKLYN", "Vehicle Type": null, "Taxi Company Borough": null, "Taxi Pick Up Location": null, "Bridge Highway Name": null, "Bridge Highway Direction": null, "Road Ramp": null, "Bridge Highway Segment": null, "Latitude": 40.68554520383509, "Longitude": -73.949841518605012, "Location": "(40.68554520383509, -73.94984151860501)", "Zip Codes": 17618, "Community Districts": 69, "Borough Boundaries": 2, "City Council Districts": 49, "Police Precincts": 51, "Police Precinct": 51 }, "geometry": { "type": "Point", "coordinates": [ -73.949841518605012, 40.68554520383509 ] } },
{ "type": "Feature", "properties": { "Unique Key": 66030981, "Created Date": "09/02/2025 01:49:33 PM", "Closed Date": "09/02/2025 01:49:33 PM", "Agency": "DOHMH", "Agency Name": "Department of Health and Mental Hygiene", "Complaint Type": "Rodent", "Descriptor": "Condition Attracting Rodents", "Location Type": "Vacant Building", "Incident Zip": 11106, "Incident Address": "31-01 30 STREET", "Street Name": "30 STREET", "Cross Street 1": "31 AVENUE", "Cross Street 2": "BROADWAY", "Intersection Street 1": "31 AVENUE", "Intersection Street 2": "BROADWAY", "Address Type": "ADDRESS", "City": "ASTORIA", "Landmark": "30 STREET", "Facility Type": "N/A", "Status": "Closed", "Due Date": null, "Resolution Description": "The Department of Health and Mental Hygiene inspected the property you reported and did not find any violations at the time of the inspection. The property passed inspection.", "Resolution Action Updated Date": "09/10/2025 11:12:00 AM", "Community Board": "01 QUEENS", "BBL": 4005890040, "Borough": "QUEENS", "X Coordinate (State Plane)": 1005165, "Y Coordinate (State Plane)": 217780, "Open Data Channel Type": "PHONE", "Park Facility Name": "Unspecified", "Park Borough": "QUEENS", "Vehicle Type": null, "Taxi Company Borough": null, "Taxi Pick Up Location": null, "Bridge Highway Name": null, "Bridge Highway Direction": null, "Road Ramp": null, "Bridge Highway Segment": null, "Latitude": 40.764407479081882, "Longitude": -73.924498104373995, "Location": "(40.76440747908188, -73.924498104374)", "Zip Codes": 16863, "Community Districts": 39, "Borough Boundaries": 3, "City Council Districts": 4, "Police Precincts": 72, "Police Precinct": 72 }, "geometry": { "type": "Point", "coordinates": [ -73.924498104373995, 40.764407479081882 ] } },
{ "type": "Feature", "properties": { "Unique Key": 66033672, "Created Date": "09/03/2025 10:09:10 AM", "Closed Date": null, "Agency": "DOHMH", "Agency Name": "Department of Health and Mental Hygiene", "Complaint Type": "Rodent", "Descriptor": "Condition Attracting Rodents", "Location Type": "1-2 Family Dwelling", "Incident Zip": 10314, "Incident Address": "129 MCDIVITT AVENUE", "Street Name": "MCDIVITT AVENUE", "Cross Street 1": "GINA COURT", "Cross Street 2": "ROCKLAND AVENUE", "Intersection Street 1": "GINA COURT", "Intersection Street 2": "ROCKLAND AVENUE", "Address Type": "ADDRESS", "City": "STATEN ISLAND", "Landmark": "MC DIVITT AVENUE", "Facility Type": null, "Status": "In Progress", "Due Date": null, "Resolution Description": null, "Resolution Action Updated Date": null, "Community Board": "02 STATEN ISLAND", "BBL": 5019920057, "Borough": "STATEN ISLAND", "X Coordinate (State Plane)": 942697, "Y Coordinate (State Plane)": 154127, "Open Data Channel Type": "PHONE", "Park Facility Name": "Unspecified", "Park Borough": "STATEN ISLAND", "Vehicle Type": null, "Taxi Company Borough": null, "Taxi Pick Up Location": null, "Bridge Highway Name": null, "Bridge Highway Direction": null, "Road Ramp": null, "Bridge Highway Segment": null, "Latitude": 40.589621775793532, "Longitude": -74.149611271402833, "Location": "(40.58962177579353, -74.14961127140283)", "Zip Codes": 10700, "Community Districts": 30, "Borough Boundaries": 1, "City Council Districts": 14, "Police Precincts": 75, "Police Precinct": 75 }, "geometry": { "type": "Point", "coordinates": [ -74.149611271402833, 40.589621775793532 ] } },
{ "type": "Feature", "properties": { "Unique Key": 66033671, "Created Date": "09/03/2025 11:28:44 AM", "Closed Date": "09/03/2025 11:28:44 AM", "Agency": "DOHMH", "Agency Name": "Department of Health and Mental Hygiene", "Complaint Type": "Rodent", "Descriptor": "Condition Attracting Rodents", "Location Type": "1-2 Family Dwelling", "Incident Zip": 11417, "Incident Address": "139-11 WHITELAW STREET", "Street Name": "WHITELAW STREET", "Cross Street 1": "ARION ROAD", "Cross Street 2": "NORTH CONDUIT AVENUE", "Intersection Street 1": "ARION ROAD", "Intersection Street 2": "NORTH CONDUIT AVENUE", "Address Type": "ADDRESS", "City": "OZONE PARK", "Landmark": "WHITELAW STREET", "Facility Type": "N/A", "Status": "Closed", "Due Date": null, "Resolution Description": "The Department of Health and Mental Hygiene found violations on the property you reported. Follow-up inspections will be scheduled.", "Resolution Action Updated Date": "09/19/2025 10:52:14 AM", "Community Board": "10 QUEENS", "BBL": 4114030027, "Borough": "QUEENS", "X Coordinate (State Plane)": 1026670, "Y Coordinate (State Plane)": 183813, "Open Data Channel Type": "PHONE", "Park Facility Name": "Unspecified", "Park Borough": "QUEENS", "Vehicle Type": null, "Taxi Company Borough": null, "Taxi Pick Up Location": null, "Bridge Highway Name": null, "Bridge Highway Direction": null, "Road Ramp": null, "Bridge Highway Segment": null, "Latitude": 40.671099339310857, "Longitude": -73.847080518914609, "Location": "(40.67109933931086, -73.84708051891461)", "Zip Codes": 24013, "Community Districts": 62, "Borough Boundaries": 3, "City Council Districts": 41, "Police Precincts": 64, "Police Precinct": 64 }, "geometry": { "type": "Point", "coordinates": [ -73.847080518914609, 40.671099339310857 ] } },
{ "type": "Feature", "properties": { "Unique Key": 66039044, "Created Date": "09/03/2025 02:38:58 PM", "Closed Date": "09/03/2025 02:38:58 PM", "Agency": "DOHMH", "Agency Name": "Department of Health and Mental Hygiene", "Complaint Type": "Rodent", "Descriptor": "Condition Attracting Rodents", "Location Type": "Commercial Building", "Incident Zip": 11226, "Incident Address": "2175 CLARENDON ROAD", "Street Name": "CLARENDON ROAD", "Cross Street 1": "FLATBUSH AVENUE", "Cross Street 2": "EAST 22 STREET", "Intersection Street 1": "FLATBUSH AVENUE", "Intersection Street 2": "EAST   22 STREET", "Address Type": "ADDRESS", "City": "BROOKLYN", "Landmark": "CLARENDON ROAD", "Facility Type": "N/A", "Status": "Closed", "Due Date": null, "Resolution Description": "The Department of Health and Mental Hygiene tried to inspect the property you reported but could not access the site. If you have information that will help the inspector access the site, please go online to nyc.gov/311 or call 311 and refile your complaint with contact information.", "Resolution Action Updated Date": "09/20/2025 10:50:49 AM", "Community Board": "14 BROOKLYN", "BBL": 3051650053, "Borough": "BROOKLYN", "X Coordinate (State Plane)": 996136, "Y Coordinate (State Plane)": 173443, "Open Data Channel Type": "ONLINE", "Park Facility Name": "Unspecified", "Park Borough": "BROOKLYN", "Vehicle Type": null, "Taxi Company Borough": null, "Taxi Pick Up Location": null, "Bridge Highway Name": null, "Bridge Highway Direction": null, "Road Ramp": null, "Bridge Highway Segment": null, "Latitude": 40.642729617569231, "Longitude": -73.957170501900436, "Location": "(40.64272961756923, -73.95717050190044)", "Zip Codes": 13510, "Community Districts": 60, "Borough Boundaries": 2, "City Council Districts": 11, "Police Precincts": 43, "Police Precinct": 43 }, "geometry": { "type": "Point", "coordinates": [ -73.957170501900436, 40.642729617569231 ] } },
{ "type": "Feature", "properties": { "Unique Key": 66047281, "Created Date": "09/04/2025 09:59:27 AM", "Closed Date": null, "Agency": "DOHMH", "Agency Name": "Department of Health and Mental Hygiene", "Complaint Type": "Rodent", "Descriptor": "Condition Attracting Rodents", "Location Type": "Commercial Building", "Incident Zip": 11201, "Incident Address": "26 DEKALB AVENUE", "Street Name": "DEKALB AVENUE", "Cross Street 1": "BOND STREET", "Cross Street 2": "UNIVERSITY PLAZA", "Intersection Street 1": "BOND STREET", "Intersection Street 2": "UNIVERSITY PLAZA", "Address Type": "ADDRESS", "City": "BROOKLYN", "Landmark": "DEKALB AVENUE", "Facility Type": null, "Status": "In Progress", "Due Date": null, "Resolution Description": null, "Resolution Action Updated Date": null, "Community Board": "02 BROOKLYN", "BBL": 3001490014, "Borough": "BROOKLYN", "X Coordinate (State Plane)": 989233, "Y Coordinate (State Plane)": 190643, "Open Data Channel Type": "PHONE", "Park Facility Name": "Unspecified", "Park Borough": "BROOKLYN", "Vehicle Type": null, "Taxi Company Borough": null, "Taxi Pick Up Location": null, "Bridge Highway Name": null, "Bridge Highway Direction": null, "Road Ramp": null, "Bridge Highway Segment": null, "Latitude": 40.689946365725675, "Longitude": -73.982031759148285, "Location": "(40.689946365725675, -73.98203175914828)", "Zip Codes": 16865, "Community Districts": 68, "Borough Boundaries": 2, "City Council Districts": 38, "Police Precincts": 54, "Police Precinct": 54 }, "geometry": { "type": "Point", "coordinates": [ -73.982031759148285, 40.689946365725675 ] } },
{ "type": "Feature", "properties": { "Unique Key": 66048634, "Created Date": "09/04/2025 10:10:03 AM", "Closed Date": "09/04/2025 10:10:03 AM", "Agency": "DOHMH", "Agency Name": "Department of Health and Mental Hygiene", "Complaint Type": "Rodent", "Descriptor": "Condition Attracting Rodents", "Location Type": "3+ Family Apt. Building", "Incident Zip": 11214, "Incident Address": "235 BAY   44 STREET", "Street Name": "BAY   44 STREET", "Cross Street 1": "HARWAY AVENUE", "Cross Street 2": "MILL ROAD", "Intersection Street 1": "HARWAY AVENUE", "Intersection Street 2": "MILL ROAD", "Address Type": "ADDRESS", "City": "BROOKLYN", "Landmark": "BAY   44 STREET", "Facility Type": "N/A", "Status": "Closed", "Due Date": null, "Resolution Description": "The Department of Health and Mental Hygiene inspected the property you reported and did not find any violations at the time of the inspection. The property passed inspection.", "Resolution Action Updated Date": "09/10/2025 09:50:03 AM", "Community Board": "13 BROOKLYN", "BBL": 3069120018, "Borough": "BROOKLYN", "X Coordinate (State Plane)": 987100, "Y Coordinate (State Plane)": 154136, "Open Data Channel Type": "MOBILE", "Park Facility Name": "Unspecified", "Park Borough": "BROOKLYN", "Vehicle Type": null, "Taxi Company Borough": null, "Taxi Pick Up Location": null, "Bridge Highway Name": null, "Bridge Highway Direction": null, "Road Ramp": null, "Bridge Highway Segment": null, "Latitude": 40.589743420403579, "Longitude": -73.989738582198925, "Location": "(40.58974342040358, -73.98973858219892)", "Zip Codes": 17616, "Community Districts": 21, "Borough Boundaries": 2, "City Council Districts": 44, "Police Precincts": 35, "Police Precinct": 35 }, "geometry": { "type": "Point", "coordinates": [ -73.989738582198925, 40.589743420403579 ] } },
{ "type": "Feature", "properties": { "Unique Key": 66058033, "Created Date": "09/05/2025 06:27:32 PM", "Closed Date": null, "Agency": "DOHMH", "Agency Name": "Department of Health and Mental Hygiene", "Complaint Type": "Rodent", "Descriptor": "Condition Attracting Rodents", "Location Type": "Other (Explain Below)", "Incident Zip": 10003, "Incident Address": "101 EAST   19 STREET", "Street Name": "EAST   19 STREET", "Cross Street 1": "PARK AVENUE SOUTH", "Cross Street 2": "IRVING PLACE", "Intersection Street 1": "PARK AVENUE SOUTH", "Intersection Street 2": "IRVING PLACE", "Address Type": "ADDRESS", "City": "NEW YORK", "Landmark": "EAST   19 STREET", "Facility Type": null, "Status": "In Progress", "Due Date": null, "Resolution Description": null, "Resolution Action Updated Date": null, "Community Board": "05 MANHATTAN", "BBL": 1008750001, "Borough": "MANHATTAN", "X Coordinate (State Plane)": 987568, "Y Coordinate (State Plane)": 208033, "Open Data Channel Type": "ONLINE", "Park Facility Name": "Unspecified", "Park Borough": "MANHATTAN", "Vehicle Type": null, "Taxi Company Borough": null, "Taxi Pick Up Location": null, "Bridge Highway Name": null, "Bridge Highway Direction": null, "Road Ramp": null, "Bridge Highway Segment": null, "Latitude": 40.737678545198676, "Longitude": -73.988027025414738, "Location": "(40.737678545198676, -73.98802702541474)", "Zip Codes": 11724, "Community Districts": 11, "Borough Boundaries": 4, "City Council Districts": 50, "Police Precincts": 7, "Police Precinct": 7 }, "geometry": { "type": "Point", "coordinates": [ -73.988027025414738, 40.737678545198676 ] } },
{ "type": "Feature", "properties": { "Unique Key": 66069894, "Created Date": "09/06/2025 02:48:49 PM", "Closed Date": "09/08/2025 12:59:39 PM", "Agency": "DOHMH", "Agency Name": "Department of Health and Mental Hygiene", "Complaint Type": "Rodent", "Descriptor": "Condition Attracting Rodents", "Location Type": "3+ Family Mixed Use Building", "Incident Zip": 11238, "Incident Address": "80 CLIFTON PLACE", "Street Name": "CLIFTON PLACE", "Cross Street 1": "GRAND AVENUE", "Cross Street 2": "CLASSON AVENUE", "Intersection Street 1": "GRAND AVENUE", "Intersection Street 2": "CLASSON AVENUE", "Address Type": "ADDRESS", "City": "BROOKLYN", "Landmark": "CLIFTON PLACE", "Facility Type": "N/A", "Status": "Closed", "Due Date": null, "Resolution Description": "This service request was closed because the Department of Health and Mental Hygiene received an earlier complaint about the same location.  You can find inspection results for this address by going to the online Rat Portal at www.nyc.gov/rats.", "Resolution Action Updated Date": "09/06/2025 02:48:49 PM", "Community Board": "02 BROOKLYN", "BBL": 3019520016, "Borough": "BROOKLYN", "X Coordinate (State Plane)": 994955, "Y Coordinate (State Plane)": 189922, "Open Data Channel Type": "ONLINE", "Park Facility Name": "Unspecified", "Park Borough": "BROOKLYN", "Vehicle Type": null, "Taxi Company Borough": null, "Taxi Pick Up Location": null, "Bridge Highway Name": null, "Bridge Highway Direction": null, "Road Ramp": null, "Bridge Highway Segment": null, "Latitude": 40.687962315369433, "Longitude": -73.96139989969025, "Location": "(40.68796231536943, -73.96139989969025)", "Zip Codes": 13829, "Community Districts": 68, "Borough Boundaries": 2, "City Council Districts": 48, "Police Precincts": 55, "Police Precinct": 55 }, "geometry": { "type": "Point", "coordinates": [ -73.96139989969025, 40.687962315369433 ] } },
{ "type": "Feature", "properties": { "Unique Key": 66082307, "Created Date": "09/07/2025 01:52:20 PM", "Closed Date": null, "Agency": "DOHMH", "Agency Name": "Department of Health and Mental Hygiene", "Complaint Type": "Rodent", "Descriptor": "Condition Attracting Rodents", "Location Type": "1-2 Family Dwelling", "Incident Zip": 11372, "Incident Address": "34-31 92 STREET", "Street Name": "92 STREET", "Cross Street 1": "34 AVENUE", "Cross Street 2": "35 AVENUE", "Intersection Street 1": "34 AVENUE", "Intersection Street 2": "35 AVENUE", "Address Type": "ADDRESS", "City": "JACKSON HEIGHTS", "Landmark": "92 STREET", "Facility Type": null, "Status": "In Progress", "Due Date": null, "Resolution Description": null, "Resolution Action Updated Date": null, "Community Board": "03 QUEENS", "BBL": 4014530056, "Borough": "QUEENS", "X Coordinate (State Plane)": 1018724, "Y Coordinate (State Plane)": 213945, "Open Data Channel Type": "ONLINE", "Park Facility Name": "Unspecified", "Park Borough": "QUEENS", "Vehicle Type": null, "Taxi Company Borough": null, "Taxi Pick Up Location": null, "Bridge Highway Name": null, "Bridge Highway Direction": null, "Road Ramp": null, "Bridge Highway Segment": null, "Latitude": 40.753838921368335, "Longitude": -73.875570645637296, "Location": "(40.753838921368335, -73.8755706456373)", "Zip Codes": 14783, "Community Districts": 65, "Borough Boundaries": 3, "City Council Districts": 5, "Police Precincts": 73, "Police Precinct": 73 }, "geometry": { "type": "Point", "coordinates": [ -73.875570645637296, 40.753838921368335 ] } },
{ "type": "Feature", "properties": { "Unique Key": 66034992, "Created Date": "09/03/2025 02:28:33 PM", "Closed Date": null, "Agency": "DOHMH", "Agency Name": "Department of Health and Mental Hygiene", "Complaint Type": "Rodent", "Descriptor": "Condition Attracting Rodents", "Location Type": "Other (Explain Below)", "Incident Zip": 11232, "Incident Address": "40 STREET", "Street Name": "40 STREET", "Cross Street 1": "2 AVENUE", "Cross Street 2": "3 AVENUE", "Intersection Street 1": "2 AVENUE", "Intersection Street 2": "3 AVENUE", "Address Type": "BLOCKFACE", "City": null, "Landmark": null, "Facility Type": null, "Status": "In Progress", "Due Date": null, "Resolution Description": null, "Resolution Action Updated Date": null, "Community Board": "Unspecified BROOKLYN", "BBL": null, "Borough": "BROOKLYN", "X Coordinate (State Plane)": null, "Y Coordinate (State Plane)": null, "Open Data Channel Type": "PHONE", "Park Facility Name": "Unspecified", "Park Borough": "BROOKLYN", "Vehicle Type": null, "Taxi Company Borough": null, "Taxi Pick Up Location": null, "Bridge Highway Name": null, "Bridge Highway Direction": null, "Road Ramp": null, "Bridge Highway Segment": null, "Latitude": null, "Longitude": null, "Location": null, "Zip Codes": null, "Community Districts": null, "Borough Boundaries": null, "City Council Districts": null, "Police Precincts": null, "Police Precinct": null }, "geometry": null },
{ "type": "Feature", "properties": { "Unique Key": 66034993, "Created Date": "09/03/2025 11:39:12 AM", "Closed Date": "09/03/2025 11:39:12 AM", "Agency": "DOHMH", "Agency Name": "Department of Health and Mental Hygiene", "Complaint Type": "Rodent", "Descriptor": "Condition Attracting Rodents", "Location Type": "Parking Lot/Garage", "Incident Zip": 10467, "Incident Address": "3509 WHITE PLAINS ROAD", "Street Name": "WHITE PLAINS ROAD", "Cross Street 1": "EAST GUN HILL ROAD", "Cross Street 2": "EAST 211 STREET", "Intersection Street 1": "EAST GUN HILL ROAD", "Intersection Street 2": "EAST  211 STREET", "Address Type": "ADDRESS", "City": "BRONX", "Landmark": "WHITE PLAINS ROAD", "Facility Type": "N/A", "Status": "Closed", "Due Date": null, "Resolution Description": "The Department of Health and Mental Hygiene found violations on the property you reported. Follow-up inspections will be scheduled.", "Resolution Action Updated Date": "09/11/2025 10:46:19 AM", "Community Board": "12 BRONX", "BBL": 2046430001, "Borough": "BRONX", "X Coordinate (State Plane)": 1021202, "Y Coordinate (State Plane)": 259039, "Open Data Channel Type": "ONLINE", "Park Facility Name": "Unspecified", "Park Borough": "BRONX", "Vehicle Type": null, "Taxi Company Borough": null, "Taxi Pick Up Location": null, "Bridge Highway Name": null, "Bridge Highway Direction": null, "Road Ramp": null, "Bridge Highway Segment": null, "Latitude": 40.877599148690066, "Longitude": -73.86637836826327, "Location": "(40.87759914869007, -73.86637836826327)", "Zip Codes": 11605, "Community Districts": 29, "Borough Boundaries": 5, "City Council Districts": 2, "Police Precincts": 30, "Police Precinct": 30 }, "geometry": { "type": "Point", "coordinates": [ -73.86637836826327, 40.877599148690066 ] } },
{ "type": "Feature", "properties": { "Unique Key": 66036376, "Created Date": "09/03/2025 02:40:49 PM", "Closed Date": null, "Agency": "DOHMH", "Agency Name": "Department of Health and Mental Hygiene", "Complaint Type": "Rodent", "Descriptor": "Condition Attracting Rodents", "Location Type": "3+ Family Apt. Building", "Incident Zip": 11385, "Incident Address": "1926 GREENE AVENUE", "Street Name": "GREENE AVENUE", "Cross Street 1": "WOODWARD AVENUE", "Cross Street 2": "FAIRVIEW AVENUE", "Intersection Street 1": "WOODWARD AVENUE", "Intersection Street 2": "FAIRVIEW AVENUE", "Address Type": "ADDRESS", "City": "RIDGEWOOD", "Landmark": "GREENE AVENUE", "Facility Type": null, "Status": "In Progress", "Due Date": null, "Resolution Description": null, "Resolution Action Updated Date": null, "Community Board": "05 QUEENS", "BBL": 4033890029, "Borough": "QUEENS", "X Coordinate (State Plane)": 1009290, "Y Coordinate (State Plane)": 197171, "Open Data Channel Type": "ONLINE", "Park Facility Name": "Unspecified", "Park Borough": "QUEENS", "Vehicle Type": null, "Taxi Company Borough": null, "Taxi Pick Up Location": null, "Bridge Highway Name": null, "Bridge Highway Direction": null, "Road Ramp": null, "Bridge Highway Segment": null, "Latitude": 40.707830174421908, "Longitude": -73.909683817923749, "Location": "(40.70783017442191, -73.90968381792375)", "Zip Codes": 15310, "Community Districts": 54, "Borough Boundaries": 3, "City Council Districts": 34, "Police Precincts": 62, "Police Precinct": 62 }, "geometry": { "type": "Point", "coordinates": [ -73.909683817923749, 40.707830174421908 ] } },
{ "type": "Feature", "properties": { "Unique Key": 66036377, "Created Date": "09/03/2025 09:50:34 AM", "Closed Date": "09/03/2025 09:50:34 AM", "Agency": "DOHMH", "Agency Name": "Department of Health and Mental Hygiene", "Complaint Type": "Rodent", "Descriptor": "Condition Attracting Rodents", "Location Type": "3+ Family Apt. Building", "Incident Zip": 11355, "Incident Address": "143-25 41 AVENUE", "Street Name": "41 AVENUE", "Cross Street 1": "BOWNE STREET", "Cross Street 2": "PARSONS BOULEVARD", "Intersection Street 1": "BOWNE STREET", "Intersection Street 2": "PARSONS BOULEVARD", "Address Type": "ADDRESS", "City": "FLUSHING", "Landmark": "41 AVENUE", "Facility Type": "N/A", "Status": "Closed", "Due Date": null, "Resolution Description": "The Department of Health and Mental Hygiene inspected the property you reported and did not find any violations at the time of the inspection. The property passed inspection.", "Resolution Action Updated Date": "09/12/2025 09:57:22 AM", "Community Board": "07 QUEENS", "BBL": 4050230045, "Borough": "QUEENS", "X Coordinate (State Plane)": 1033236, "Y Coordinate (State Plane)": 216254, "Open Data Channel Type": "PHONE", "Park Facility Name": "Unspecified", "Park Borough": "QUEENS", "Vehicle Type": null, "Taxi Company Borough": null, "Taxi Pick Up Location": null, "Bridge Highway Name": null, "Bridge Highway Direction": null, "Road Ramp": null, "Bridge Highway Segment": null, "Latitude": 40.760108035893211, "Longitude": -73.823174794422059, "Location": "(40.76010803589321, -73.82317479442206)", "Zip Codes": 14190, "Community Districts": 22, "Borough Boundaries": 3, "City Council Districts": 3, "Police Precincts": 67, "Police Precinct": 67 }, "geometry": { "type": "Point", "coordinates": [ -73.823174794422059, 40.760108035893211 ] } },
{ "type": "Feature", "properties": { "Unique Key": 66036379, "Created Date": "09/03/2025 11:00:45 AM", "Closed Date": null, "Agency": "DOHMH", "Agency Name": "Department of Health and Mental Hygiene", "Complaint Type": "Rodent", "Descriptor": "Condition Attracting Rodents", "Location Type": "1-2 Family Mixed Use Building", "Incident Zip": 11358, "Incident Address": "169-05 NORTHERN BOULEVARD", "Street Name": "NORTHERN BOULEVARD", "Cross Street 1": "169 STREET", "Cross Street 2": "170 STREET", "Intersection Street 1": "169 STREET", "Intersection Street 2": "170 STREET", "Address Type": "ADDRESS", "City": "FLUSHING", "Landmark": "NORTHERN BOULEVARD", "Facility Type": null, "Status": "In Progress", "Due Date": null, "Resolution Description": null, "Resolution Action Updated Date": null, "Community Board": "07 QUEENS", "BBL": 4053460007, "Borough": "QUEENS", "X Coordinate (State Plane)": 1040367, "Y Coordinate (State Plane)": 215754, "Open Data Channel Type": "PHONE", "Park Facility Name": "Unspecified", "Park Borough": "QUEENS", "Vehicle Type": null, "Taxi Company Borough": null, "Taxi Pick Up Location": null, "Bridge Highway Name": null, "Bridge Highway Direction": null, "Road Ramp": null, "Bridge Highway Segment": null, "Latitude": 40.758693281949313, "Longitude": -73.797438218981881, "Location": "(40.75869328194931, -73.79743821898188)", "Zip Codes": 14193, "Community Districts": 22, "Borough Boundaries": 3, "City Council Districts": 20, "Police Precincts": 67, "Police Precinct": 67 }, "geometry": { "type": "Point", "coordinates": [ -73.797438218981881, 40.758693281949313 ] } },
{ "type": "Feature", "properties": { "Unique Key": 66036378, "Created Date": "09/03/2025 11:37:54 AM", "Closed Date": "09/03/2025 11:37:54 AM", "Agency": "DOHMH", "Agency Name": "Department of Health and Mental Hygiene", "Complaint Type": "Rodent", "Descriptor": "Condition Attracting Rodents", "Location Type": "1-2 Family Dwelling", "Incident Zip": 11214, "Incident Address": "1131 SHORE PARKWAY", "Street Name": "SHORE PARKWAY", "Cross Street 1": "16 AVENUE", "Cross Street 2": "BAY 13 STREET", "Intersection Street 1": "16 AVENUE", "Intersection Street 2": "BAY   13 STREET", "Address Type": "ADDRESS", "City": "BROOKLYN", "Landmark": "SHORE PARKWAY", "Facility Type": "N/A", "Status": "Closed", "Due Date": null, "Resolution Description": "An inspection of the property was conducted and it passed with minor violations found.", "Resolution Action Updated Date": "09/20/2025 11:03:34 AM", "Community Board": "11 BROOKLYN", "BBL": 3064610331, "Borough": "BROOKLYN", "X Coordinate (State Plane)": 980333, "Y Coordinate (State Plane)": 158865, "Open Data Channel Type": "PHONE", "Park Facility Name": "Unspecified", "Park Borough": "BROOKLYN", "Vehicle Type": null, "Taxi Company Borough": null, "Taxi Pick Up Location": null, "Bridge Highway Name": null, "Bridge Highway Direction": null, "Road Ramp": null, "Bridge Highway Segment": null, "Latitude": 40.602723164460507, "Longitude": -74.014105890387555, "Location": "(40.60272316446051, -74.01410589038755)", "Zip Codes": 17616, "Community Districts": 1, "Borough Boundaries": 2, "City Council Districts": 44, "Police Precincts": 37, "Police Precinct": 37 }, "geometry": { "type": "Point", "coordinates": [ -74.014105890387555, 40.602723164460507 ] } },
{ "type": "Feature", "properties": { "Unique Key": 66037719, "Created Date": "09/03/2025 04:50:13 PM", "Closed Date": "09/03/2025 04:50:13 PM", "Agency": "DOHMH", "Agency Name": "Department of Health and Mental Hygiene", "Complaint Type": "Rodent", "Descriptor": "Condition Attracting Rodents", "Location Type": "Other (Explain Below)", "Incident Zip": 11210, "Incident Address": "24 AMERSFORT PLACE", "Street Name": "AMERSFORT PLACE", "Cross Street 1": "EAST 26 STREET", "Cross Street 2": "EAST 27 STREET", "Intersection Street 1": "EAST   26 STREET", "Intersection Street 2": "EAST   27 STREET", "Address Type": "ADDRESS", "City": "BROOKLYN", "Landmark": "AMERSFORT PLACE", "Facility Type": "N/A", "Status": "Closed", "Due Date": null, "Resolution Description": "The Department of Health and Mental Hygiene inspected the property you reported and did not find any violations at the time of the inspection. The property passed inspection.", "Resolution Action Updated Date": "09/20/2025 01:11:49 PM", "Community Board": "14 BROOKLYN", "BBL": null, "Borough": "BROOKLYN", "X Coordinate (State Plane)": 997566, "Y Coordinate (State Plane)": 170711, "Open Data Channel Type": "MOBILE", "Park Facility Name": "Unspecified", "Park Borough": "BROOKLYN", "Vehicle Type": null, "Taxi Company Borough": null, "Taxi Pick Up Location": null, "Bridge Highway Name": null, "Bridge Highway Direction": null, "Road Ramp": null, "Bridge Highway Segment": null, "Latitude": 40.635228828084038, "Longitude": -73.952023094501243, "Location": "(40.63522882808404, -73.95202309450124)", "Zip Codes": 17217, "Community Districts": 60, "Borough Boundaries": 2, "City Council Districts": 26, "Police Precincts": 43, "Police Precinct": 43 }, "geometry": { "type": "Point", "coordinates": [ -73.952023094501243, 40.635228828084038 ] } },
{ "type": "Feature", "properties": { "Unique Key": 66039045, "Created Date": "09/03/2025 04:01:41 PM", "Closed Date": "09/03/2025 04:01:41 PM", "Agency": "DOHMH", "Agency Name": "Department of Health and Mental Hygiene", "Complaint Type": "Rodent", "Descriptor": "Condition Attracting Rodents", "Location Type": "1-2 Family Dwelling", "Incident Zip": 11419, "Incident Address": "132-02 101 AVENUE", "Street Name": "101 AVENUE", "Cross Street 1": "132 STREET", "Cross Street 2": "133 STREET", "Intersection Street 1": "132 STREET", "Intersection Street 2": "133 STREET", "Address Type": "ADDRESS", "City": "SOUTH RICHMOND HILL", "Landmark": "101 AVENUE", "Facility Type": "N/A", "Status": "Closed", "Due Date": null, "Resolution Description": "The Department of Health and Mental Hygiene found violations on the property you reported. Follow-up inspections will be scheduled.", "Resolution Action Updated Date": "09/23/2025 11:35:21 AM", "Community Board": "09 QUEENS", "BBL": 4095000001, "Borough": "QUEENS", "X Coordinate (State Plane)": 1035490, "Y Coordinate (State Plane)": 191811, "Open Data Channel Type": "PHONE", "Park Facility Name": "Unspecified", "Park Borough": "QUEENS", "Vehicle Type": null, "Taxi Company Borough": null, "Taxi Pick Up Location": null, "Bridge Highway Name": null, "Bridge Highway Direction": null, "Road Ramp": null, "Bridge Highway Segment": null, "Latitude": 40.693005325675401, "Longitude": -73.815224648230611, "Location": "(40.6930053256754, -73.81522464823061)", "Zip Codes": 24015, "Community Districts": 46, "Borough Boundaries": 3, "City Council Districts": 46, "Police Precincts": 60, "Police Precinct": 60 }, "geometry": { "type": "Point", "coordinates": [ -73.815224648230611, 40.693005325675401 ] } },
{ "type": "Feature", "properties": { "Unique Key": 66039047, "Created Date": "09/03/2025 03:26:15 PM", "Closed Date": "09/11/2025 04:49:08 PM", "Agency": "DOHMH", "Agency Name": "Department of Health and Mental Hygiene", "Complaint Type": "Rodent", "Descriptor": "Condition Attracting Rodents", "Location Type": "3+ Family Apt. Building", "Incident Zip": 11230, "Incident Address": "840 EAST   17 STREET", "Street Name": "EAST   17 STREET", "Cross Street 1": "AVENUE H", "Cross Street 2": "DEAD END", "Intersection Street 1": "AVENUE H", "Intersection Street 2": "DEAD END", "Address Type": "ADDRESS", "City": "BROOKLYN", "Landmark": "EAST   17 STREET", "Facility Type": "N/A", "Status": "Closed", "Due Date": null, "Resolution Description": "This service request was closed because the Department of Health and Mental Hygiene received an earlier complaint about the same location.  You can find inspection results for this address by going to the online Rat Portal at www.nyc.gov/rats.", "Resolution Action Updated Date": "09/03/2025 03:26:15 PM", "Community Board": "14 BROOKLYN", "BBL": 3067000009, "Borough": "BROOKLYN", "X Coordinate (State Plane)": 995246, "Y Coordinate (State Plane)": 168804, "Open Data Channel Type": "PHONE", "Park Facility Name": "Unspecified", "Park Borough": "BROOKLYN", "Vehicle Type": null, "Taxi Company Borough": null, "Taxi Pick Up Location": null, "Bridge Highway Name": null, "Bridge Highway Direction": null, "Road Ramp": null, "Bridge Highway Segment": null, "Latitude": 40.629997701461242, "Longitude": -73.960385048562401, "Location": "(40.62999770146124, -73.9603850485624)", "Zip Codes": 13513, "Community Districts": 60, "Borough Boundaries": 2, "City Council Districts": 26, "Police Precincts": 43, "Police Precinct": 43 }, "geometry": { "type": "Point", "coordinates": [ -73.960385048562401, 40.629997701461242 ] } },
{ "type": "Feature", "properties": { "Unique Key": 66040428, "Created Date": "09/03/2025 11:49:29 AM", "Closed Date": null, "Agency": "DOHMH", "Agency Name": "Department of Health and Mental Hygiene", "Complaint Type": "Rodent", "Descriptor": "Condition Attracting Rodents", "Location Type": "1-2 Family Dwelling", "Incident Zip": 11385, "Incident Address": "60-64 LINDEN STREET", "Street Name": "LINDEN STREET", "Cross Street 1": "60 PLACE", "Cross Street 2": "FRESH POND ROAD", "Intersection Street 1": "60 PLACE", "Intersection Street 2": "FRESH POND ROAD", "Address Type": "ADDRESS", "City": "RIDGEWOOD", "Landmark": "LINDEN STREET", "Facility Type": null, "Status": "In Progress", "Due Date": null, "Resolution Description": null, "Resolution Action Updated Date": null, "Community Board": "05 QUEENS", "BBL": 4035260058, "Borough": "QUEENS", "X Coordinate (State Plane)": 1011960, "Y Coordinate (State Plane)": 197745, "Open Data Channel Type": "ONLINE", "Park Facility Name": "Unspecified", "Park Borough": "QUEENS", "Vehicle Type": null, "Taxi Company Borough": null, "Taxi Pick Up Location": null, "Bridge Highway Name": null, "Bridge Highway Direction": null, "Road Ramp": null, "Bridge Highway Segment": null, "Latitude": 40.709397708677052, "Longitude": -73.900051103933393, "Location": "(40.70939770867705, -73.9000511039334)", "Zip Codes": 15310, "Community Districts": 54, "Borough Boundaries": 3, "City Council Districts": 34, "Police Precincts": 62, "Police Precinct": 62 }, "geometry": { "type": "Point", "coordinates": [ -73.900051103933393, 40.709397708677052 ] } },
{ "type": "Feature", "properties": { "Unique Key": 66040429, "Created Date": "09/03/2025 12:39:19 PM", "Closed Date": "09/03/2025 12:39:19 PM", "Agency": "DOHMH", "Agency Name": "Department of Health and Mental Hygiene", "Complaint Type": "Rodent", "Descriptor": "Condition Attracting Rodents", "Location Type": "3+ Family Apt. Building", "Incident Zip": 10467, "Incident Address": "3440 GATES PLACE", "Street Name": "GATES PLACE", "Cross Street 1": "WEST MOSHOLU PARKWAY NORTH", "Cross Street 2": "WEST GUN HILL ROAD", "Intersection Street 1": "WEST MOSHOLU PARKWAY NORTH", "Intersection Street 2": "WEST GUN HILL ROAD", "Address Type": "ADDRESS", "City": "BRONX", "Landmark": "GATES PLACE", "Facility Type": "N/A", "Status": "Closed", "Due Date": null, "Resolution Description": "The Department of Health and Mental Hygiene found violations on the property you reported. Follow-up inspections will be scheduled.", "Resolution Action Updated Date": "09/10/2025 01:50:00 PM", "Community Board": "07 BRONX", "BBL": 2033240051, "Borough": "BRONX", "X Coordinate (State Plane)": 1016432, "Y Coordinate (State Plane)": 260962, "Open Data Channel Type": "MOBILE", "Park Facility Name": "Unspecified", "Park Borough": "BRONX", "Vehicle Type": null, "Taxi Company Borough": null, "Taxi Pick Up Location": null, "Bridge Highway Name": null, "Bridge Highway Direction": null, "Road Ramp": null, "Bridge Highway Segment": null, "Latitude": 40.882895863489935, "Longitude": -73.883617840740655, "Location": "(40.882895863489935, -73.88361784074065)", "Zip Codes": 11605, "Community Districts": 24, "Borough Boundaries": 5, "City Council Districts": 40, "Police Precincts": 34, "Police Precinct": 34 }, "geometry": { "type": "Point", "coordinates": [ -73.883617840740655, 40.882895863489935 ] } },
{ "type": "Feature", "properties": { "Unique Key": 66040430, "Created Date": "09/03/2025 05:50:27 PM", "Closed Date": "09/03/2025 05:50:27 PM", "Agency": "DOHMH", "Agency Name": "Department of Health and Mental Hygiene", "Complaint Type": "Rodent", "Descriptor": "Condition Attracting Rodents", "Location Type": "3+ Family Apt. Building", "Incident Zip": 10467, "Incident Address": "3039 WALLACE AVENUE", "Street Name": "WALLACE AVENUE", "Cross Street 1": "ADEE AVENUE", "Cross Street 2": "BURKE AVENUE", "Intersection Street 1": "ADEE AVENUE", "Intersection Street 2": "BURKE AVENUE", "Address Type": "ADDRESS", "City": "BRONX", "Landmark": "WALLACE AVENUE", "Facility Type": "N/A", "Status": "Closed", "Due Date": null, "Resolution Description": "The Department of Health and Mental Hygiene found violations on the property you reported. Follow-up inspections will be scheduled.", "Resolution Action Updated Date": "09/15/2025 12:35:01 PM", "Community Board": "12 BRONX", "BBL": 2045700032, "Borough": "BRONX", "X Coordinate (State Plane)": 1021776, "Y Coordinate (State Plane)": 256326, "Open Data Channel Type": "PHONE", "Park Facility Name": "Unspecified", "Park Borough": "BRONX", "Vehicle Type": null, "Taxi Company Borough": null, "Taxi Pick Up Location": null, "Bridge Highway Name": null, "Bridge Highway Direction": null, "Road Ramp": null, "Bridge Highway Segment": null, "Latitude": 40.870150385022505, "Longitude": -73.864317933541614, "Location": "(40.870150385022505, -73.86431793354161)", "Zip Codes": 11605, "Community Districts": 29, "Borough Boundaries": 5, "City Council Districts": 22, "Police Precincts": 30, "Police Precinct": 30 }, "geometry": { "type": "Point", "coordinates": [ -73.864317933541614, 40.870150385022505 ] } },
{ "type": "Feature", "properties": { "Unique Key": 66040433, "Created Date": "09/03/2025 05:04:44 AM", "Closed Date": "09/03/2025 05:04:44 AM", "Agency": "DOHMH", "Agency Name": "Department of Health and Mental Hygiene", "Complaint Type": "Rodent", "Descriptor": "Condition Attracting Rodents", "Location Type": "Construction Site", "Incident Zip": 11214, "Incident Address": "2501 86 STREET", "Street Name": "86 STREET", "Cross Street 1": "25 AVENUE", "Cross Street 2": "BAY 40 STREET", "Intersection Street 1": "25 AVENUE", "Intersection Street 2": "BAY   40 STREET", "Address Type": "ADDRESS", "City": "BROOKLYN", "Landmark": "86 STREET", "Facility Type": "N/A", "Status": "Closed", "Due Date": null, "Resolution Description": "The Department of Health and Mental Hygiene inspected the property you reported and did not find any violations at the time of the inspection. The property passed inspection.", "Resolution Action Updated Date": "09/10/2025 11:50:03 AM", "Community Board": "11 BROOKLYN", "BBL": 3068600001, "Borough": "BROOKLYN", "X Coordinate (State Plane)": 987839, "Y Coordinate (State Plane)": 157095, "Open Data Channel Type": "ONLINE", "Park Facility Name": "Unspecified", "Park Borough": "BROOKLYN", "Vehicle Type": null, "Taxi Company Borough": null, "Taxi Pick Up Location": null, "Bridge Highway Name": null, "Bridge Highway Direction": null, "Road Ramp": null, "Bridge Highway Segment": null, "Latitude": 40.597865012204828, "Longitude": -73.987076242769092, "Location": "(40.59786501220483, -73.98707624276909)", "Zip Codes": 17616, "Community Districts": 1, "Borough Boundaries": 2, "City Council Districts": 45, "Police Precincts": 37, "Police Precinct": 37 }, "geometry": { "type": "Point", "coordinates": [ -73.987076242769092, 40.597865012204828 ] } },
{ "type": "Feature", "properties": { "Unique Key": 66040431, "Created Date": "09/03/2025 10:18:13 AM", "Closed Date": "09/03/2025 10:18:13 AM", "Agency": "DOHMH", "Agency Name": "Department of Health and Mental Hygiene", "Complaint Type": "Rodent", "Descriptor": "Condition Attracting Rodents", "Location Type": "3+ Family Mixed Use Building", "Incident Zip": 11226, "Incident Address": "2415 NEWKIRK AVENUE", "Street Name": "NEWKIRK AVENUE", "Cross Street 1": "BEDFORD AVENUE", "Cross Street 2": "EAST 25 STREET", "Intersection Street 1": "BEDFORD AVENUE", "Intersection Street 2": "EAST   25 STREET", "Address Type": "ADDRESS", "City": "BROOKLYN", "Landmark": "NEWKIRK AVENUE", "Facility Type": "N/A", "Status": "Closed", "Due Date": null, "Resolution Description": "The Department of Health and Mental Hygiene found violations on the property you reported. Follow-up inspections will be scheduled.", "Resolution Action Updated Date": "09/14/2025 09:37:02 AM", "Community Board": "17 BROOKLYN", "BBL": 3052110017, "Borough": "BROOKLYN", "X Coordinate (State Plane)": 997034, "Y Coordinate (State Plane)": 172323, "Open Data Channel Type": "ONLINE", "Park Facility Name": "Unspecified", "Park Borough": "BROOKLYN", "Vehicle Type": null, "Taxi Company Borough": null, "Taxi Pick Up Location": null, "Bridge Highway Name": null, "Bridge Highway Direction": null, "Road Ramp": null, "Bridge Highway Segment": null, "Latitude": 40.639654207463089, "Longitude": -73.953936810344487, "Location": "(40.63965420746309, -73.95393681034449)", "Zip Codes": 13510, "Community Districts": 61, "Borough Boundaries": 2, "City Council Districts": 26, "Police Precincts": 40, "Police Precinct": 40 }, "geometry": { "type": "Point", "coordinates": [ -73.953936810344487, 40.639654207463089 ] } },
{ "type": "Feature", "properties": { "Unique Key": 66041797, "Created Date": "09/03/2025 09:13:40 PM", "Closed Date": "09/03/2025 09:13:40 PM", "Agency": "DOHMH", "Agency Name": "Department of Health and Mental Hygiene", "Complaint Type": "Rodent", "Descriptor": "Condition Attracting Rodents", "Location Type": "1-2 Family Dwelling", "Incident Zip": 10306, "Incident Address": "40 NEVADA AVENUE", "Street Name": "NEVADA AVENUE", "Cross Street 1": "ROCKLAND AVENUE", "Cross Street 2": "CHARLES COURT", "Intersection Street 1": "ROCKLAND AVENUE", "Intersection Street 2": "CHARLES COURT", "Address Type": "ADDRESS", "City": "STATEN ISLAND", "Landmark": "NEVADA AVENUE", "Facility Type": "N/A", "Status": "Closed", "Due Date": null, "Resolution Description": "An inspection of the property was conducted and it passed with minor violations found.", "Resolution Action Updated Date": "09/18/2025 02:40:00 PM", "Community Board": "02 STATEN ISLAND", "BBL": 5009520187, "Borough": "STATEN ISLAND", "X Coordinate (State Plane)": 949156, "Y Coordinate (State Plane)": 150771, "Open Data Channel Type": "PHONE", "Park Facility Name": "Unspecified", "Park Borough": "STATEN ISLAND", "Vehicle Type": null, "Taxi Company Borough": null, "Taxi Pick Up Location": null, "Bridge Highway Name": null, "Bridge Highway Direction": null, "Road Ramp": null, "Bridge Highway Segment": null, "Latitude": 40.58043815845955, "Longitude": -74.126338297324907, "Location": "(40.58043815845955, -74.1263382973249)", "Zip Codes": 10693, "Community Districts": 30, "Borough Boundaries": 1, "City Council Districts": 14, "Police Precincts": 76, "Police Precinct": 76 }, "geometry": { "type": "Point", "coordinates": [ -74.126338297324907, 40.58043815845955 ] } },
{ "type": "Feature", "properties": { "Unique Key": 66041798, "Created Date": "09/03/2025 11:46:42 AM", "Closed Date": "09/03/2025 11:46:42 AM", "Agency": "DOHMH", "Agency Name": "Department of Health and Mental Hygiene", "Complaint Type": "Rodent", "Descriptor": "Condition Attracting Rodents", "Location Type": "1-2 Family Dwelling", "Incident Zip": 11421, "Incident Address": "84-26 85 AVENUE", "Street Name": "85 AVENUE", "Cross Street 1": "109 STREET", "Cross Street 2": "110 STREET", "Intersection Street 1": "109 STREET", "Intersection Street 2": "110 STREET", "Address Type": "ADDRESS", "City": "WOODHAVEN", "Landmark": "85 AVENUE", "Facility Type": "N/A", "Status": "Closed", "Due Date": null, "Resolution Description": "The Department of Health and Mental Hygiene inspected the property you reported and did not find any violations at the time of the inspection. The property passed inspection.", "Resolution Action Updated Date": "09/23/2025 10:32:21 AM", "Community Board": "09 QUEENS", "BBL": null, "Borough": "QUEENS", "X Coordinate (State Plane)": 1022657, "Y Coordinate (State Plane)": 192783, "Open Data Channel Type": "PHONE", "Park Facility Name": "Unspecified", "Park Borough": "QUEENS", "Vehicle Type": null, "Taxi Company Borough": null, "Taxi Pick Up Location": null, "Bridge Highway Name": null, "Bridge Highway Direction": null, "Road Ramp": null, "Bridge Highway Segment": null, "Latitude": 40.695738232743579, "Longitude": -73.861495793830159, "Location": "(40.69573823274358, -73.86149579383016)", "Zip Codes": 24017, "Community Districts": 46, "Borough Boundaries": 3, "City Council Districts": 41, "Police Precincts": 60, "Police Precinct": 60 }, "geometry": { "type": "Point", "coordinates": [ -73.861495793830159, 40.695738232743579 ] } },
{ "type": "Feature", "properties": { "Unique Key": 66041799, "Created Date": "09/03/2025 02:15:00 PM", "Closed Date": "09/03/2025 02:15:00 PM", "Agency": "DOHMH", "Agency Name": "Department of Health and Mental Hygiene", "Complaint Type": "Rodent", "Descriptor": "Condition Attracting Rodents", "Location Type": "1-2 Family Dwelling", "Incident Zip": 11411, "Incident Address": "116-02 229 STREET", "Street Name": "229 STREET", "Cross Street 1": "116 AVENUE", "Cross Street 2": "LINDEN BOULEVARD", "Intersection Street 1": "116 AVENUE", "Intersection Street 2": "LINDEN BOULEVARD", "Address Type": "ADDRESS", "City": "CAMBRIA HEIGHTS", "Landmark": "229 STREET", "Facility Type": "N/A", "Status": "Closed", "Due Date": null, "Resolution Description": "The Department of Health and Mental Hygiene inspected the property you reported and did not find any violations at the time of the inspection. The property passed inspection.", "Resolution Action Updated Date": "09/13/2025 08:00:51 AM", "Community Board": "13 QUEENS", "BBL": 4113290038, "Borough": "QUEENS", "X Coordinate (State Plane)": 1058691, "Y Coordinate (State Plane)": 192281, "Open Data Channel Type": "ONLINE", "Park Facility Name": "Unspecified", "Park Borough": "QUEENS", "Vehicle Type": null, "Taxi Company Borough": null, "Taxi Pick Up Location": null, "Bridge Highway Name": null, "Bridge Highway Direction": null, "Road Ramp": null, "Bridge Highway Segment": null, "Latitude": 40.694130622103735, "Longitude": -73.731555319269333, "Location": "(40.694130622103735, -73.73155531926933)", "Zip Codes": 15311, "Community Districts": 63, "Borough Boundaries": 3, "City Council Districts": 6, "Police Precincts": 63, "Police Precinct": 63 }, "geometry": { "type": "Point", "coordinates": [ -73.731555319269333, 40.694130622103735 ] } },
{ "type": "Feature", "properties": { "Unique Key": 66043135, "Created Date": "09/03/2025 12:28:18 PM", "Closed Date": null, "Agency": "DOHMH", "Agency Name": "Department of Health and Mental Hygiene", "Complaint Type": "Rodent", "Descriptor": "Condition Attracting Rodents", "Location Type": "3+ Family Mixed Use Building", "Incident Zip": 11373, "Incident Address": "40-08 77 STREET", "Street Name": "77 STREET", "Cross Street 1": "ROOSEVELT AVENUE", "Cross Street 2": "41 AVENUE", "Intersection Street 1": "ROOSEVELT AVENUE", "Intersection Street 2": "41 AVENUE", "Address Type": "ADDRESS", "City": "ELMHURST", "Landmark": "77 STREET", "Facility Type": null, "Status": "In Progress", "Due Date": null, "Resolution Description": null, "Resolution Action Updated Date": null, "Community Board": "04 QUEENS", "BBL": null, "Borough": "QUEENS", "X Coordinate (State Plane)": 1015111, "Y Coordinate (State Plane)": 211374, "Open Data Channel Type": "PHONE", "Park Facility Name": "Unspecified", "Park Borough": "QUEENS", "Vehicle Type": null, "Taxi Company Borough": null, "Taxi Pick Up Location": null, "Bridge Highway Name": null, "Bridge Highway Direction": null, "Road Ramp": null, "Bridge Highway Segment": null, "Latitude": 40.746795529444803, "Longitude": -73.888623076345269, "Location": "(40.7467955294448, -73.88862307634527)", "Zip Codes": 14784, "Community Districts": 66, "Borough Boundaries": 3, "City Council Districts": 5, "Police Precincts": 68, "Police Precinct": 68 }, "geometry": { "type": "Point", "coordinates": [ -73.888623076345269, 40.746795529444803 ] } },
{ "type": "Feature", "properties": { "Unique Key": 66043137, "Created Date": "09/03/2025 05:55:24 PM", "Closed Date": "09/03/2025 05:55:24 PM", "Agency": "DOHMH", "Agency Name": "Department of Health and Mental Hygiene", "Complaint Type": "Rodent", "Descriptor": "Condition Attracting Rodents", "Location Type": "1-2 Family Dwelling", "Incident Zip": 10469, "Incident Address": "2759 BRONXWOOD AVENUE", "Street Name": "BRONXWOOD AVENUE", "Cross Street 1": "BOSTON ROAD", "Cross Street 2": "WILLIAMSBRIDGE ROAD", "Intersection Street 1": "BOSTON ROAD", "Intersection Street 2": "WILLIAMSBRIDGE ROAD", "Address Type": "ADDRESS", "City": "BRONX", "Landmark": "BRONXWOOD AVENUE", "Facility Type": "N/A", "Status": "Closed", "Due Date": null, "Resolution Description": "The Department of Health and Mental Hygiene found violations on the property you reported. Follow-up inspections will be scheduled.", "Resolution Action Updated Date": "09/11/2025 10:24:19 AM", "Community Board": "11 BRONX", "BBL": 2045140034, "Borough": "BRONX", "X Coordinate (State Plane)": 1022547, "Y Coordinate (State Plane)": 255064, "Open Data Channel Type": "PHONE", "Park Facility Name": "Unspecified", "Park Borough": "BRONX", "Vehicle Type": null, "Taxi Company Borough": null, "Taxi Pick Up Location": null, "Bridge Highway Name": null, "Bridge Highway Direction": null, "Road Ramp": null, "Bridge Highway Segment": null, "Latitude": 40.866683272559705, "Longitude": -73.861537460238267, "Location": "(40.866683272559705, -73.86153746023827)", "Zip Codes": 11605, "Community Districts": 59, "Borough Boundaries": 5, "City Council Districts": 12, "Police Precincts": 32, "Police Precinct": 32 }, "geometry": { "type": "Point", "coordinates": [ -73.861537460238267, 40.866683272559705 ] } },
{ "type": "Feature", "properties": { "Unique Key": 66043138, "Created Date": "09/03/2025 01:54:15 PM", "Closed Date": "09/03/2025 01:54:15 PM", "Agency": "DOHMH", "Agency Name": "Department of Health and Mental Hygiene", "Complaint Type": "Rodent", "Descriptor": "Condition Attracting Rodents", "Location Type": "Other (Explain Below)", "Incident Zip": 11213, "Incident Address": "324A NEW YORK AVENUE", "Street Name": "NEW YORK AVENUE", "Cross Street 1": "UNION STREET", "Cross Street 2": "PRESIDENT STREET", "Intersection Street 1": "UNION STREET", "Intersection Street 2": "PRESIDENT STREET", "Address Type": "ADDRESS", "City": "BROOKLYN", "Landmark": "NEW YORK AVENUE", "Facility Type": "N/A", "Status": "Closed", "Due Date": null, "Resolution Description": "The Department of Health and Mental Hygiene inspected the property you reported and did not find any violations at the time of the inspection. The property passed inspection.", "Resolution Action Updated Date": "09/12/2025 11:03:08 AM", "Community Board": "09 BROOKLYN", "BBL": 3012760042, "Borough": "BROOKLYN", "X Coordinate (State Plane)": 998717, "Y Coordinate (State Plane)": 182850, "Open Data Channel Type": "PHONE", "Park Facility Name": "Unspecified", "Park Borough": "BROOKLYN", "Vehicle Type": null, "Taxi Company Borough": null, "Taxi Pick Up Location": null, "Bridge Highway Name": null, "Bridge Highway Direction": null, "Road Ramp": null, "Bridge Highway Segment": null, "Latitude": 40.668545929029889, "Longitude": -73.947850060150373, "Location": "(40.66854592902989, -73.94785006015037)", "Zip Codes": 13509, "Community Districts": 17, "Borough Boundaries": 2, "City Council Districts": 48, "Police Precincts": 44, "Police Precinct": 44 }, "geometry": { "type": "Point", "coordinates": [ -73.947850060150373, 40.668545929029889 ] } },
{ "type": "Feature", "properties": { "Unique Key": 66043136, "Created Date": "09/03/2025 01:52:05 PM", "Closed Date": "09/03/2025 01:52:05 PM", "Agency": "DOHMH", "Agency Name": "Department of Health and Mental Hygiene", "Complaint Type": "Rodent", "Descriptor": "Condition Attracting Rodents", "Location Type": "1-2 Family Dwelling", "Incident Zip": 11411, "Incident Address": "118-31 218 STREET", "Street Name": "218 STREET", "Cross Street 1": "118 AVENUE", "Cross Street 2": "119 AVENUE", "Intersection Street 1": "118 AVENUE", "Intersection Street 2": "119 AVENUE", "Address Type": "ADDRESS", "City": "CAMBRIA HEIGHTS", "Landmark": "218 STREET", "Facility Type": "N/A", "Status": "Closed", "Due Date": null, "Resolution Description": "The Department of Health and Mental Hygiene found violations on the property you reported. Follow-up inspections will be scheduled.", "Resolution Action Updated Date": "09/13/2025 08:19:35 AM", "Community Board": "13 QUEENS", "BBL": 4127550122, "Borough": "QUEENS", "X Coordinate (State Plane)": 1055457, "Y Coordinate (State Plane)": 192053, "Open Data Channel Type": "ONLINE", "Park Facility Name": "Unspecified", "Park Borough": "QUEENS", "Vehicle Type": null, "Taxi Company Borough": null, "Taxi Pick Up Location": null, "Bridge Highway Name": null, "Bridge Highway Direction": null, "Road Ramp": null, "Bridge Highway Segment": null, "Latitude": 40.693531429233978, "Longitude": -73.743219918434505, "Location": "(40.69353142923398, -73.7432199184345)", "Zip Codes": 15311, "Community Districts": 63, "Borough Boundaries": 3, "City Council Districts": 6, "Police Precincts": 63, "Police Precinct": 63 }, "geometry": { "type": "Point", "coordinates": [ -73.743219918434505, 40.693531429233978 ] } },
{ "type": "Feature", "properties": { "Unique Key": 66045911, "Created Date": "09/04/2025 11:40:41 AM", "Closed Date": "09/04/2025 11:40:41 AM", "Agency": "DOHMH", "Agency Name": "Department of Health and Mental Hygiene", "Complaint Type": "Rodent", "Descriptor": "Condition Attracting Rodents", "Location Type": "1-2 Family Dwelling", "Incident Zip": 11212, "Incident Address": "162 EAST   95 STREET", "Street Name": "EAST   95 STREET", "Cross Street 1": "RUTLAND ROAD", "Cross Street 2": "WINTHROP STREET", "Intersection Street 1": "RUTLAND ROAD", "Intersection Street 2": "WINTHROP STREET", "Address Type": "ADDRESS", "City": "BROOKLYN", "Landmark": "EAST   95 STREET", "Facility Type": "N/A", "Status": "Closed", "Due Date": null, "Resolution Description": "The Department of Health and Mental Hygiene tried to inspect the property you reported but could not access the site. If you have information that will help the inspector access the site, please go online to nyc.gov/311 or call 311 and refile your complaint with contact information.", "Resolution Action Updated Date": "09/09/2025 10:22:29 AM", "Community Board": "17 BROOKLYN", "BBL": 3046130036, "Borough": "BROOKLYN", "X Coordinate (State Plane)": 1005306, "Y Coordinate (State Plane)": 180505, "Open Data Channel Type": "PHONE", "Park Facility Name": "Unspecified", "Park Borough": "BROOKLYN", "Vehicle Type": null, "Taxi Company Borough": null, "Taxi Pick Up Location": null, "Bridge Highway Name": null, "Bridge Highway Direction": null, "Road Ramp": null, "Bridge Highway Segment": null, "Latitude": 40.662096208171441, "Longitude": -73.92410568639788, "Location": "(40.66209620817144, -73.92410568639788)", "Zip Codes": 17614, "Community Districts": 61, "Borough Boundaries": 2, "City Council Districts": 17, "Police Precincts": 40, "Police Precinct": 40 }, "geometry": { "type": "Point", "coordinates": [ -73.92410568639788, 40.662096208171441 ] } },
{ "type": "Feature", "properties": { "Unique Key": 66044482, "Created Date": "09/04/2025 10:45:10 AM", "Closed Date": null, "Agency": "DOHMH", "Agency Name": "Department of Health and Mental Hygiene", "Complaint Type": "Rodent", "Descriptor": "Condition Attracting Rodents", "Location Type": "1-2 Family Dwelling", "Incident Zip": 11691, "Incident Address": "23-20 HEALY AVENUE", "Street Name": "HEALY AVENUE", "Cross Street 1": "GIPSON STREET", "Cross Street 2": "DICKENS STREET", "Intersection Street 1": "GIPSON STREET", "Intersection Street 2": "DICKENS STREET", "Address Type": "ADDRESS", "City": "FAR ROCKAWAY", "Landmark": "HEALY AVENUE", "Facility Type": null, "Status": "In Progress", "Due Date": null, "Resolution Description": null, "Resolution Action Updated Date": null, "Community Board": "14 QUEENS", "BBL": 4157160004, "Borough": "QUEENS", "X Coordinate (State Plane)": 1050933, "Y Coordinate (State Plane)": 159908, "Open Data Channel Type": "ONLINE", "Park Facility Name": "Unspecified", "Park Borough": "QUEENS", "Vehicle Type": null, "Taxi Company Borough": null, "Taxi Pick Up Location": null, "Bridge Highway Name": null, "Bridge Highway Direction": null, "Road Ramp": null, "Bridge Highway Segment": null, "Latitude": 40.605335961830953, "Longitude": -73.759851653160993, "Location": "(40.60533596183095, -73.759851653161)", "Zip Codes": 20529, "Community Districts": 51, "Borough Boundaries": 3, "City Council Districts": 47, "Police Precincts": 59, "Police Precinct": 59 }, "geometry": { "type": "Point", "coordinates": [ -73.759851653160993, 40.605335961830953 ] } },
{ "type": "Feature", "properties": { "Unique Key": 66044483, "Created Date": "09/04/2025 06:50:22 AM", "Closed Date": "09/04/2025 06:50:22 AM", "Agency": "DOHMH", "Agency Name": "Department of Health and Mental Hygiene", "Complaint Type": "Rodent", "Descriptor": "Condition Attracting Rodents", "Location Type": "Other (Explain Below)", "Incident Zip": 11214, "Incident Address": "1629 BATH AVENUE", "Street Name": "BATH AVENUE", "Cross Street 1": "BAY 13 STREET", "Cross Street 2": "BAY 14 STREET", "Intersection Street 1": "BAY   13 STREET", "Intersection Street 2": "BAY   14 STREET", "Address Type": "ADDRESS", "City": "BROOKLYN", "Landmark": "BATH AVENUE", "Facility Type": "N/A", "Status": "Closed", "Due Date": null, "Resolution Description": "The Department of Health and Mental Hygiene inspected the property you reported and did not find any violations at the time of the inspection. The property passed inspection.", "Resolution Action Updated Date": "09/20/2025 10:46:34 AM", "Community Board": "11 BROOKLYN", "BBL": 3063980010, "Borough": "BROOKLYN", "X Coordinate (State Plane)": 981524, "Y Coordinate (State Plane)": 160096, "Open Data Channel Type": "PHONE", "Park Facility Name": "Unspecified", "Park Borough": "BROOKLYN", "Vehicle Type": null, "Taxi Company Borough": null, "Taxi Pick Up Location": null, "Bridge Highway Name": null, "Bridge Highway Direction": null, "Road Ramp": null, "Bridge Highway Segment": null, "Latitude": 40.6061024549264, "Longitude": -74.00981736110748, "Location": "(40.6061024549264, -74.00981736110748)", "Zip Codes": 17616, "Community Districts": 1, "Borough Boundaries": 2, "City Council Districts": 44, "Police Precincts": 37, "Police Precinct": 37 }, "geometry": { "type": "Point", "coordinates": [ -74.00981736110748, 40.6061024549264 ] } },
{ "type": "Feature", "properties": { "Unique Key": 66045908, "Created Date": "09/04/2025 11:03:33 AM", "Closed Date": "09/04/2025 11:03:33 AM", "Agency": "DOHMH", "Agency Name": "Department of Health and Mental Hygiene", "Complaint Type": "Rodent", "Descriptor": "Condition Attracting Rodents", "Location Type": "1-2 Family Dwelling", "Incident Zip": 11368, "Incident Address": "102-17 46 AVENUE", "Street Name": "46 AVENUE", "Cross Street 1": "102 STREET", "Cross Street 2": "104 STREET", "Intersection Street 1": "102 STREET", "Intersection Street 2": "104 STREET", "Address Type": "ADDRESS", "City": "CORONA", "Landmark": "46 AVENUE", "Facility Type": "N/A", "Status": "Closed", "Due Date": null, "Resolution Description": "The Department of Health and Mental Hygiene found violations on the property you reported. Follow-up inspections will be scheduled.", "Resolution Action Updated Date": "09/12/2025 09:48:00 AM", "Community Board": "04 QUEENS", "BBL": 4019800057, "Borough": "QUEENS", "X Coordinate (State Plane)": 1022552, "Y Coordinate (State Plane)": 211037, "Open Data Channel Type": "ONLINE", "Park Facility Name": "Unspecified", "Park Borough": "QUEENS", "Vehicle Type": null, "Taxi Company Borough": null, "Taxi Pick Up Location": null, "Bridge Highway Name": null, "Bridge Highway Direction": null, "Road Ramp": null, "Bridge Highway Segment": null, "Latitude": 40.745841451519567, "Longitude": -73.861770569373107, "Location": "(40.74584145151957, -73.8617705693731)", "Zip Codes": 14510, "Community Districts": 66, "Borough Boundaries": 3, "City Council Districts": 21, "Police Precincts": 68, "Police Precinct": 68 }, "geometry": { "type": "Point", "coordinates": [ -73.861770569373107, 40.745841451519567 ] } },
{ "type": "Feature", "properties": { "Unique Key": 66047278, "Created Date": "09/04/2025 08:12:57 PM", "Closed Date": null, "Agency": "DOHMH", "Agency Name": "Department of Health and Mental Hygiene", "Complaint Type": "Rodent", "Descriptor": "Condition Attracting Rodents", "Location Type": "1-2 Family Dwelling", "Incident Zip": 11369, "Incident Address": "29-04 HUMPHREYS STREET", "Street Name": "HUMPHREYS STREET", "Cross Street 1": "29 AVENUE", "Cross Street 2": "ASTORIA BOULEVARD", "Intersection Street 1": "29 AVENUE", "Intersection Street 2": "ASTORIA BOULEVARD", "Address Type": "ADDRESS", "City": "EAST ELMHURST", "Landmark": "HUMPHREYS STREET", "Facility Type": null, "Status": "In Progress", "Due Date": null, "Resolution Description": null, "Resolution Action Updated Date": null, "Community Board": "03 QUEENS", "BBL": 4016670003, "Borough": "QUEENS", "X Coordinate (State Plane)": 1021324, "Y Coordinate (State Plane)": 216918, "Open Data Channel Type": "ONLINE", "Park Facility Name": "Unspecified", "Park Borough": "QUEENS", "Vehicle Type": null, "Taxi Company Borough": null, "Taxi Pick Up Location": null, "Bridge Highway Name": null, "Bridge Highway Direction": null, "Road Ramp": null, "Bridge Highway Segment": null, "Latitude": 40.761988518131417, "Longitude": -73.86616990862187, "Location": "(40.76198851813142, -73.86616990862187)", "Zip Codes": 14511, "Community Districts": 65, "Borough Boundaries": 3, "City Council Districts": 21, "Police Precincts": 73, "Police Precinct": 73 }, "geometry": { "type": "Point", "coordinates": [ -73.86616990862187, 40.761988518131417 ] } },
{ "type": "Feature", "properties": { "Unique Key": 66047277, "Created Date": "09/04/2025 09:05:43 AM", "Closed Date": "09/04/2025 09:05:43 AM", "Agency": "DOHMH", "Agency Name": "Department of Health and Mental Hygiene", "Complaint Type": "Rodent", "Descriptor": "Condition Attracting Rodents", "Location Type": "3+ Family Apt. Building", "Incident Zip": 11374, "Incident Address": "64-54 BOOTH STREET", "Street Name": "BOOTH STREET", "Cross Street 1": "64 ROAD", "Cross Street 2": "65 ROAD", "Intersection Street 1": "64 ROAD", "Intersection Street 2": "65 ROAD", "Address Type": "ADDRESS", "City": "REGO PARK", "Landmark": "BOOTH STREET", "Facility Type": "N/A", "Status": "Closed", "Due Date": null, "Resolution Description": "The Department of Health and Mental Hygiene found violations on the property you reported. Follow-up inspections will be scheduled.", "Resolution Action Updated Date": "09/24/2025 01:33:55 PM", "Community Board": "06 QUEENS", "BBL": 4030970016, "Borough": "QUEENS", "X Coordinate (State Plane)": 1022828, "Y Coordinate (State Plane)": 204448, "Open Data Channel Type": "PHONE", "Park Facility Name": "Unspecified", "Park Borough": "QUEENS", "Vehicle Type": null, "Taxi Company Borough": null, "Taxi Pick Up Location": null, "Bridge Highway Name": null, "Bridge Highway Direction": null, "Road Ramp": null, "Bridge Highway Segment": null, "Latitude": 40.727755098458843, "Longitude": -73.860812289037014, "Location": "(40.72775509845884, -73.86081228903701)", "Zip Codes": 14785, "Community Districts": 40, "Borough Boundaries": 3, "City Council Districts": 28, "Police Precincts": 70, "Police Precinct": 70 }, "geometry": { "type": "Point", "coordinates": [ -73.860812289037014, 40.727755098458843 ] } },
{ "type": "Feature", "properties": { "Unique Key": 66047280, "Created Date": "09/04/2025 02:43:38 PM", "Closed Date": "09/04/2025 02:43:38 PM", "Agency": "DOHMH", "Agency Name": "Department of Health and Mental Hygiene", "Complaint Type": "Rodent", "Descriptor": "Condition Attracting Rodents", "Location Type": "3+ Family Apt. Building", "Incident Zip": 11211, "Incident Address": "759 METROPOLITAN AVENUE", "Street Name": "METROPOLITAN AVENUE", "Cross Street 1": "GRAHAM AVENUE", "Cross Street 2": "HUMBOLDT STREET", "Intersection Street 1": "GRAHAM AVENUE", "Intersection Street 2": "HUMBOLDT STREET", "Address Type": "ADDRESS", "City": "BROOKLYN", "Landmark": "METROPOLITAN AVENUE", "Facility Type": "N/A", "Status": "Closed", "Due Date": null, "Resolution Description": "The Department of Health and Mental Hygiene tried to inspect the property you reported but could not access the site. If you have information that will help the inspector access the site, please go online to nyc.gov/311 or call 311 and refile your complaint with contact information.", "Resolution Action Updated Date": "09/19/2025 10:59:00 AM", "Community Board": "01 BROOKLYN", "BBL": 3027600039, "Borough": "BROOKLYN", "X Coordinate (State Plane)": 999828, "Y Coordinate (State Plane)": 199628, "Open Data Channel Type": "PHONE", "Park Facility Name": "Unspecified", "Park Borough": "BROOKLYN", "Vehicle Type": null, "Taxi Company Borough": null, "Taxi Pick Up Location": null, "Bridge Highway Name": null, "Bridge Highway Direction": null, "Road Ramp": null, "Bridge Highway Segment": null, "Latitude": 40.714595771932743, "Longitude": -73.943806384056813, "Location": "(40.71459577193274, -73.94380638405681)", "Zip Codes": 17613, "Community Districts": 36, "Borough Boundaries": 2, "City Council Districts": 30, "Police Precincts": 57, "Police Precinct": 57 }, "geometry": { "type": "Point", "coordinates": [ -73.943806384056813, 40.714595771932743 ] } },
{ "type": "Feature", "properties": { "Unique Key": 66051237, "Created Date": "09/04/2025 10:55:02 AM", "Closed Date": null, "Agency": "DOHMH", "Agency Name": "Department of Health and Mental Hygiene", "Complaint Type": "Rodent", "Descriptor": "Condition Attracting Rodents", "Location Type": "1-2 Family Dwelling", "Incident Zip": 11209, "Incident Address": "346 97 STREET", "Street Name": "97 STREET", "Cross Street 1": "BARWELL TERRACE", "Cross Street 2": "4 AVENUE", "Intersection Street 1": "BARWELL TERRACE", "Intersection Street 2": "4 AVENUE", "Address Type": "ADDRESS", "City": "BROOKLYN", "Landmark": "97 STREET", "Facility Type": null, "Status": "In Progress", "Due Date": null, "Resolution Description": null, "Resolution Action Updated Date": null, "Community Board": "10 BROOKLYN", "BBL": null, "Borough": "BROOKLYN", "X Coordinate (State Plane)": 975124, "Y Coordinate (State Plane)": 163390, "Open Data Channel Type": "PHONE", "Park Facility Name": "Unspecified", "Park Borough": "BROOKLYN", "Vehicle Type": null, "Taxi Company Borough": null, "Taxi Pick Up Location": null, "Bridge Highway Name": null, "Bridge Highway Direction": null, "Road Ramp": null, "Bridge Highway Segment": null, "Latitude": 40.615139527412801, "Longitude": -74.032870641429099, "Location": "(40.6151395274128, -74.0328706414291)", "Zip Codes": 17216, "Community Districts": 10, "Borough Boundaries": 2, "City Council Districts": 44, "Police Precincts": 41, "Police Precinct": 41 }, "geometry": { "type": "Point", "coordinates": [ -74.032870641429099, 40.615139527412801 ] } },
{ "type": "Feature", "properties": { "Unique Key": 66051234, "Created Date": "09/04/2025 07:37:28 AM", "Closed Date": "09/11/2025 04:53:56 PM", "Agency": "DOHMH", "Agency Name": "Department of Health and Mental Hygiene", "Complaint Type": "Rodent", "Descriptor": "Condition Attracting Rodents", "Location Type": "1-2 Family Dwelling", "Incident Zip": 11210, "Incident Address": "621 EAST   26 STREET", "Street Name": "EAST   26 STREET", "Cross Street 1": "AMERSFORT PLACE", "Cross Street 2": "GLENWOOD ROAD", "Intersection Street 1": "AMERSFORT PLACE", "Intersection Street 2": "GLENWOOD ROAD", "Address Type": "ADDRESS", "City": "BROOKLYN", "Landmark": "EAST   26 STREET", "Facility Type": "N/A", "Status": "Closed", "Due Date": null, "Resolution Description": "This service request was closed because the Department of Health and Mental Hygiene received an earlier complaint about the same location.  You can find inspection results for this address by going to the online Rat Portal at www.nyc.gov/rats.", "Resolution Action Updated Date": "09/04/2025 07:37:28 AM", "Community Board": "14 BROOKLYN", "BBL": 3052470034, "Borough": "BROOKLYN", "X Coordinate (State Plane)": 997483, "Y Coordinate (State Plane)": 170709, "Open Data Channel Type": "MOBILE", "Park Facility Name": "Unspecified", "Park Borough": "BROOKLYN", "Vehicle Type": null, "Taxi Company Borough": null, "Taxi Pick Up Location": null, "Bridge Highway Name": null, "Bridge Highway Direction": null, "Road Ramp": null, "Bridge Highway Segment": null, "Latitude": 40.635223462896519, "Longitude": -73.952322143359311, "Location": "(40.63522346289652, -73.95232214335931)", "Zip Codes": 17217, "Community Districts": 60, "Borough Boundaries": 2, "City Council Districts": 26, "Police Precincts": 43, "Police Precinct": 43 }, "geometry": { "type": "Point", "coordinates": [ -73.952322143359311, 40.635223462896519 ] } },
{ "type": "Feature", "properties": { "Unique Key": 66051236, "Created Date": "09/04/2025 12:38:57 PM", "Closed Date": "09/17/2025 01:21:44 PM", "Agency": "DOHMH", "Agency Name": "Department of Health and Mental Hygiene", "Complaint Type": "Rodent", "Descriptor": "Condition Attracting Rodents", "Location Type": "3+ Family Apt. Building", "Incident Zip": 11214, "Incident Address": "224 BAY   44 STREET", "Street Name": "BAY   44 STREET", "Cross Street 1": "HARWAY AVENUE", "Cross Street 2": "MILL ROAD", "Intersection Street 1": "HARWAY AVENUE", "Intersection Street 2": "MILL ROAD", "Address Type": "ADDRESS", "City": "BROOKLYN", "Landmark": "BAY   44 STREET", "Facility Type": "N/A", "Status": "Closed", "Due Date": null, "Resolution Description": "This service request was closed because the Department of Health and Mental Hygiene received an earlier complaint about the same location.  You can find inspection results for this address by going to the online Rat Portal at www.nyc.gov/rats.", "Resolution Action Updated Date": "09/04/2025 12:38:57 PM", "Community Board": "13 BROOKLYN", "BBL": 3069117501, "Borough": "BROOKLYN", "X Coordinate (State Plane)": 987095, "Y Coordinate (State Plane)": 154140, "Open Data Channel Type": "PHONE", "Park Facility Name": "Unspecified", "Park Borough": "BROOKLYN", "Vehicle Type": null, "Taxi Company Borough": null, "Taxi Pick Up Location": null, "Bridge Highway Name": null, "Bridge Highway Direction": null, "Road Ramp": null, "Bridge Highway Segment": null, "Latitude": 40.589754401210115, "Longitude": -73.989756583001991, "Location": "(40.589754401210115, -73.98975658300199)", "Zip Codes": 17616, "Community Districts": 21, "Borough Boundaries": 2, "City Council Districts": 44, "Police Precincts": 35, "Police Precinct": 35 }, "geometry": { "type": "Point", "coordinates": [ -73.989756583001991, 40.589754401210115 ] } },
{ "type": "Feature", "properties": { "Unique Key": 66052636, "Created Date": "09/04/2025 08:15:51 AM", "Closed Date": "09/04/2025 08:15:51 AM", "Agency": "DOHMH", "Agency Name": "Department of Health and Mental Hygiene", "Complaint Type": "Rodent", "Descriptor": "Condition Attracting Rodents", "Location Type": "3+ Family Apt. Building", "Incident Zip": 10025, "Incident Address": "852 AMSTERDAM AVENUE", "Street Name": "AMSTERDAM AVENUE", "Cross Street 1": "WEST 101 STREET", "Cross Street 2": "WEST 102 STREET", "Intersection Street 1": "WEST  101 STREET", "Intersection Street 2": "WEST  102 STREET", "Address Type": "ADDRESS", "City": "NEW YORK", "Landmark": "AMSTERDAM AVENUE", "Facility Type": "N/A", "Status": "Closed", "Due Date": null, "Resolution Description": "The Department of Health and Mental Hygiene tried to inspect the property you reported but could not access the site. If you have information that will help the inspector access the site, please go online to nyc.gov/311 or call 311 and refile your complaint with contact information.", "Resolution Action Updated Date": "09/11/2025 09:20:15 AM", "Community Board": "07 MANHATTAN", "BBL": 1018730034, "Borough": "MANHATTAN", "X Coordinate (State Plane)": 993175, "Y Coordinate (State Plane)": 229878, "Open Data Channel Type": "PHONE", "Park Facility Name": "Unspecified", "Park Borough": "MANHATTAN", "Vehicle Type": null, "Taxi Company Borough": null, "Taxi Pick Up Location": null, "Bridge Highway Name": null, "Bridge Highway Direction": null, "Road Ramp": null, "Bridge Highway Segment": null, "Latitude": 40.797633515908913, "Longitude": -73.967765207556042, "Location": "(40.79763351590891, -73.96776520755604)", "Zip Codes": 12422, "Community Districts": 20, "Borough Boundaries": 4, "City Council Districts": 23, "Police Precincts": 15, "Police Precinct": 15 }, "geometry": { "type": "Point", "coordinates": [ -73.967765207556042, 40.797633515908913 ] } },
{ "type": "Feature", "properties": { "Unique Key": 66053967, "Created Date": "09/04/2025 03:35:15 PM", "Closed Date": "09/04/2025 03:35:15 PM", "Agency": "DOHMH", "Agency Name": "Department of Health and Mental Hygiene", "Complaint Type": "Rodent", "Descriptor": "Condition Attracting Rodents", "Location Type": "Parking Lot/Garage", "Incident Zip": 11217, "Incident Address": "176 DOUGLASS STREET", "Street Name": "DOUGLASS STREET", "Cross Street 1": "HOYT STREET", "Cross Street 2": "BOND STREET", "Intersection Street 1": "HOYT STREET", "Intersection Street 2": "BOND STREET", "Address Type": "ADDRESS", "City": "BROOKLYN", "Landmark": "DOUGLASS STREET", "Facility Type": "N/A", "Status": "Closed", "Due Date": null, "Resolution Description": "The Department of Health and Mental Hygiene inspected the property you reported and did not find any violations at the time of the inspection. The property passed inspection.", "Resolution Action Updated Date": "09/15/2025 09:56:17 AM", "Community Board": "06 BROOKLYN", "BBL": 3004160039, "Borough": "BROOKLYN", "X Coordinate (State Plane)": 987397, "Y Coordinate (State Plane)": 187747, "Open Data Channel Type": "ONLINE", "Park Facility Name": "Unspecified", "Park Borough": "BROOKLYN", "Vehicle Type": null, "Taxi Company Borough": null, "Taxi Pick Up Location": null, "Bridge Highway Name": null, "Bridge Highway Direction": null, "Road Ramp": null, "Bridge Highway Segment": null, "Latitude": 40.681998351708124, "Longitude": -73.988653559255937, "Location": "(40.681998351708124, -73.98865355925594)", "Zip Codes": 17619, "Community Districts": 14, "Borough Boundaries": 2, "City Council Districts": 38, "Police Precincts": 48, "Police Precinct": 48 }, "geometry": { "type": "Point", "coordinates": [ -73.988653559255937, 40.681998351708124 ] } },
{ "type": "Feature", "properties": { "Unique Key": 66053979, "Created Date": "09/04/2025 08:10:54 AM", "Closed Date": "09/04/2025 08:10:54 AM", "Agency": "DOHMH", "Agency Name": "Department of Health and Mental Hygiene", "Complaint Type": "Rodent", "Descriptor": "Condition Attracting Rodents", "Location Type": "3+ Family Mixed Use Building", "Incident Zip": 11432, "Incident Address": "89-29 163 STREET", "Street Name": "163 STREET", "Cross Street 1": "89 AVENUE", "Cross Street 2": "JAMAICA AVENUE", "Intersection Street 1": "89 AVENUE", "Intersection Street 2": "JAMAICA AVENUE", "Address Type": "ADDRESS", "City": "JAMAICA", "Landmark": "163 STREET", "Facility Type": "N/A", "Status": "Closed", "Due Date": null, "Resolution Description": "The Department of Health and Mental Hygiene found violations on the property you reported. Follow-up inspections will be scheduled.", "Resolution Action Updated Date": "09/23/2025 11:15:49 AM", "Community Board": "12 QUEENS", "BBL": 4097930033, "Borough": "QUEENS", "X Coordinate (State Plane)": 1040249, "Y Coordinate (State Plane)": 196797, "Open Data Channel Type": "ONLINE", "Park Facility Name": "Unspecified", "Park Borough": "QUEENS", "Vehicle Type": null, "Taxi Company Borough": null, "Taxi Pick Up Location": null, "Bridge Highway Name": null, "Bridge Highway Direction": null, "Road Ramp": null, "Bridge Highway Segment": null, "Latitude": 40.706661861600296, "Longitude": -73.798021931919536, "Location": "(40.706661861600296, -73.79802193191954)", "Zip Codes": 24340, "Community Districts": 41, "Borough Boundaries": 3, "City Council Districts": 24, "Police Precincts": 61, "Police Precinct": 61 }, "geometry": { "type": "Point", "coordinates": [ -73.798021931919536, 40.706661861600296 ] } },
{ "type": "Feature", "properties": { "Unique Key": 66075132, "Created Date": "09/06/2025 12:46:14 PM", "Closed Date": null, "Agency": "DOHMH", "Agency Name": "Department of Health and Mental Hygiene", "Complaint Type": "Rodent", "Descriptor": "Condition Attracting Rodents", "Location Type": "Government Building", "Incident Zip": 11105, "Incident Address": "21-45 31 STREET", "Street Name": "31 STREET", "Cross Street 1": "21 AVENUE", "Cross Street 2": "DITMARS BOULEVARD", "Intersection Street 1": "21 AVENUE", "Intersection Street 2": "DITMARS BOULEVARD", "Address Type": "ADDRESS", "City": "ASTORIA", "Landmark": "31 STREET", "Facility Type": null, "Status": "In Progress", "Due Date": null, "Resolution Description": null, "Resolution Action Updated Date": null, "Community Board": "01 QUEENS", "BBL": 4008310015, "Borough": "QUEENS", "X Coordinate (State Plane)": 1009316, "Y Coordinate (State Plane)": 222410, "Open Data Channel Type": "ONLINE", "Park Facility Name": "Unspecified", "Park Borough": "QUEENS", "Vehicle Type": null, "Taxi Company Borough": null, "Taxi Pick Up Location": null, "Bridge Highway Name": null, "Bridge Highway Direction": null, "Road Ramp": null, "Bridge Highway Segment": null, "Latitude": 40.777104820623506, "Longitude": -73.909495984462211, "Location": "(40.77710482062351, -73.90949598446221)", "Zip Codes": 16862, "Community Districts": 39, "Borough Boundaries": 3, "City Council Districts": 4, "Police Precincts": 72, "Police Precinct": 72 }, "geometry": { "type": "Point", "coordinates": [ -73.909495984462211, 40.777104820623506 ] } },
{ "type": "Feature", "properties": { "Unique Key": 66091795, "Created Date": "09/08/2025 09:38:59 AM", "Closed Date": null, "Agency": "DOHMH", "Agency Name": "Department of Health and Mental Hygiene", "Complaint Type": "Rodent", "Descriptor": "Condition Attracting Rodents", "Location Type": "1-2 Family Dwelling", "Incident Zip": 11413, "Incident Address": "229-03 148 AVENUE", "Street Name": "148 AVENUE", "Cross Street 1": "229 STREET", "Cross Street 2": "230 STREET", "Intersection Street 1": "229 STREET", "Intersection Street 2": "230 STREET", "Address Type": "ADDRESS", "City": "SPRINGFIELD GARDENS", "Landmark": "148 AVENUE", "Facility Type": null, "Status": "In Progress", "Due Date": null, "Resolution Description": null, "Resolution Action Updated Date": null, "Community Board": "13 QUEENS", "BBL": 4137090037, "Borough": "QUEENS", "X Coordinate (State Plane)": 1052572, "Y Coordinate (State Plane)": 178607, "Open Data Channel Type": "PHONE", "Park Facility Name": "Unspecified", "Park Borough": "QUEENS", "Vehicle Type": null, "Taxi Company Borough": null, "Taxi Pick Up Location": null, "Bridge Highway Name": null, "Bridge Highway Direction": null, "Road Ramp": null, "Bridge Highway Segment": null, "Latitude": 40.656648075565187, "Longitude": -73.753759783017202, "Location": "(40.65664807556519, -73.7537597830172)", "Zip Codes": 15313, "Community Districts": 63, "Borough Boundaries": 3, "City Council Districts": 47, "Police Precincts": 63, "Police Precinct": 63 }, "geometry": { "type": "Point", "coordinates": [ -73.753759783017202, 40.656648075565187 ] } },
{ "type": "Feature", "properties": { "Unique Key": 66093422, "Created Date": "09/08/2025 04:09:34 PM", "Closed Date": null, "Agency": "DOHMH", "Agency Name": "Department of Health and Mental Hygiene", "Complaint Type": "Rodent", "Descriptor": "Condition Attracting Rodents", "Location Type": "Office Building", "Incident Zip": 10014, "Incident Address": "155 BANK STREET", "Street Name": "BANK STREET", "Cross Street 1": "WASHINGTON STREET", "Cross Street 2": "WEST STREET", "Intersection Street 1": "WASHINGTON STREET", "Intersection Street 2": "WEST STREET", "Address Type": "ADDRESS", "City": "NEW YORK", "Landmark": "BANK STREET", "Facility Type": null, "Status": "In Progress", "Due Date": null, "Resolution Description": null, "Resolution Action Updated Date": null, "Community Board": "02 MANHATTAN", "BBL": 1006397501, "Borough": "MANHATTAN", "X Coordinate (State Plane)": 981699, "Y Coordinate (State Plane)": 207456, "Open Data Channel Type": "ONLINE", "Park Facility Name": "Unspecified", "Park Borough": "MANHATTAN", "Vehicle Type": null, "Taxi Company Borough": null, "Taxi Pick Up Location": null, "Bridge Highway Name": null, "Bridge Highway Direction": null, "Road Ramp": null, "Bridge Highway Segment": null, "Latitude": 40.736095077346228, "Longitude": -74.0092050428824, "Location": "(40.73609507734623, -74.0092050428824)", "Zip Codes": 12077, "Community Districts": 57, "Borough Boundaries": 4, "City Council Districts": 10, "Police Precincts": 3, "Police Precinct": 3 }, "geometry": { "type": "Point", "coordinates": [ -74.0092050428824, 40.736095077346228 ] } },
{ "type": "Feature", "properties": { "Unique Key": 66051235, "Created Date": "09/04/2025 11:25:54 PM", "Closed Date": "09/04/2025 11:25:54 PM", "Agency": "DOHMH", "Agency Name": "Department of Health and Mental Hygiene", "Complaint Type": "Rodent", "Descriptor": "Condition Attracting Rodents", "Location Type": "3+ Family Apt. Building", "Incident Zip": 10466, "Incident Address": "855 EAST  233 STREET", "Street Name": "EAST  233 STREET", "Cross Street 1": "BUSSING AVENUE", "Cross Street 2": "BRONXWOOD AVENUE", "Intersection Street 1": "BUSSING AVENUE", "Intersection Street 2": "BRONXWOOD AVENUE", "Address Type": "ADDRESS", "City": "BRONX", "Landmark": "EAST  233 STREET", "Facility Type": "N/A", "Status": "Closed", "Due Date": null, "Resolution Description": "The Department of Health and Mental Hygiene tried to inspect the property you reported but could not access the site. If you have information that will help the inspector access the site, please go online to nyc.gov/311 or call 311 and refile your complaint with contact information.", "Resolution Action Updated Date": "09/12/2025 12:39:04 PM", "Community Board": "12 BRONX", "BBL": 2050000001, "Borough": "BRONX", "X Coordinate (State Plane)": 1024955, "Y Coordinate (State Plane)": 264270, "Open Data Channel Type": "PHONE", "Park Facility Name": "Unspecified", "Park Borough": "BRONX", "Vehicle Type": null, "Taxi Company Borough": null, "Taxi Pick Up Location": null, "Bridge Highway Name": null, "Bridge Highway Direction": null, "Road Ramp": null, "Bridge Highway Segment": null, "Latitude": 40.891940075326438, "Longitude": -73.852775428008613, "Location": "(40.89194007532644, -73.85277542800861)", "Zip Codes": 11275, "Community Districts": 29, "Borough Boundaries": 5, "City Council Districts": 2, "Police Precincts": 30, "Police Precinct": 30 }, "geometry": { "type": "Point", "coordinates": [ -73.852775428008613, 40.891940075326438 ] } },
{ "type": "Feature", "properties": { "Unique Key": 66055303, "Created Date": "09/05/2025 05:13:32 PM", "Closed Date": "09/05/2025 05:13:32 PM", "Agency": "DOHMH", "Agency Name": "Department of Health and Mental Hygiene", "Complaint Type": "Rodent", "Descriptor": "Condition Attracting Rodents", "Location Type": "1-2 Family Dwelling", "Incident Zip": 11203, "Incident Address": "366 EAST   35 STREET", "Street Name": "EAST   35 STREET", "Cross Street 1": "TILDEN AVENUE", "Cross Street 2": "BEVERLEY ROAD", "Intersection Street 1": "TILDEN AVENUE", "Intersection Street 2": "BEVERLEY ROAD", "Address Type": "ADDRESS", "City": "BROOKLYN", "Landmark": "EAST   35 STREET", "Facility Type": "N/A", "Status": "Closed", "Due Date": null, "Resolution Description": "The Department of Health and Mental Hygiene inspected the property you reported and did not find any violations at the time of the inspection. The property passed inspection.", "Resolution Action Updated Date": "09/14/2025 08:00:02 AM", "Community Board": "17 BROOKLYN", "BBL": 3049190020, "Borough": "BROOKLYN", "X Coordinate (State Plane)": 999717, "Y Coordinate (State Plane)": 174721, "Open Data Channel Type": "PHONE", "Park Facility Name": "Unspecified", "Park Borough": "BROOKLYN", "Vehicle Type": null, "Taxi Company Borough": null, "Taxi Pick Up Location": null, "Bridge Highway Name": null, "Bridge Highway Direction": null, "Road Ramp": null, "Bridge Highway Segment": null, "Latitude": 40.646231921833973, "Longitude": -73.944263954418219, "Location": "(40.64623192183397, -73.94426395441822)", "Zip Codes": 16866, "Community Districts": 61, "Borough Boundaries": 2, "City Council Districts": 26, "Police Precincts": 40, "Police Precinct": 40 }, "geometry": { "type": "Point", "coordinates": [ -73.944263954418219, 40.646231921833973 ] } },
{ "type": "Feature", "properties": { "Unique Key": 66059308, "Created Date": "09/05/2025 07:05:37 PM", "Closed Date": "09/05/2025 07:05:37 PM", "Agency": "DOHMH", "Agency Name": "Department of Health and Mental Hygiene", "Complaint Type": "Rodent", "Descriptor": "Condition Attracting Rodents", "Location Type": "3+ Family Mixed Use Building", "Incident Zip": 10022, "Incident Address": "301 EAST   53 STREET", "Street Name": "EAST   53 STREET", "Cross Street 1": "2 AVENUE", "Cross Street 2": "1 AVENUE", "Intersection Street 1": "2 AVENUE", "Intersection Street 2": "1 AVENUE", "Address Type": "ADDRESS", "City": "NEW YORK", "Landmark": "EAST   53 STREET", "Facility Type": "N/A", "Status": "Closed", "Due Date": null, "Resolution Description": "The Department of Health and Mental Hygiene found violations on the property you reported. Follow-up inspections will be scheduled.", "Resolution Action Updated Date": "09/17/2025 11:44:00 AM", "Community Board": "06 MANHATTAN", "BBL": 1013460001, "Borough": "MANHATTAN", "X Coordinate (State Plane)": 993450, "Y Coordinate (State Plane)": 214936, "Open Data Channel Type": "ONLINE", "Park Facility Name": "Unspecified", "Park Borough": "MANHATTAN", "Vehicle Type": null, "Taxi Company Borough": null, "Taxi Pick Up Location": null, "Bridge Highway Name": null, "Bridge Highway Direction": null, "Road Ramp": null, "Bridge Highway Segment": null, "Latitude": 40.756621382079253, "Longitude": -73.966792437166461, "Location": "(40.75662138207925, -73.96679243716646)", "Zip Codes": 12419, "Community Districts": 71, "Borough Boundaries": 4, "City Council Districts": 51, "Police Precincts": 9, "Police Precinct": 9 }, "geometry": { "type": "Point", "coordinates": [ -73.966792437166461, 40.756621382079253 ] } },
{ "type": "Feature", "properties": { "Unique Key": 66060656, "Created Date": "09/05/2025 11:25:32 AM", "Closed Date": "09/05/2025 11:25:32 AM", "Agency": "DOHMH", "Agency Name": "Department of Health and Mental Hygiene", "Complaint Type": "Rodent", "Descriptor": "Condition Attracting Rodents", "Location Type": "3+ Family Mixed Use Building", "Incident Zip": 11206, "Incident Address": "224 MANHATTAN AVENUE", "Street Name": "MANHATTAN AVENUE", "Cross Street 1": "MAUJER STREET", "Cross Street 2": "GRAND STREET", "Intersection Street 1": "MAUJER STREET", "Intersection Street 2": "GRAND STREET", "Address Type": "ADDRESS", "City": "BROOKLYN", "Landmark": "MANHATTAN AVENUE", "Facility Type": "N/A", "Status": "Closed", "Due Date": null, "Resolution Description": "The Department of Health and Mental Hygiene found violations on the property you reported. Follow-up inspections will be scheduled.", "Resolution Action Updated Date": "09/22/2025 12:22:00 PM", "Community Board": "01 BROOKLYN", "BBL": 3027880002, "Borough": "BROOKLYN", "X Coordinate (State Plane)": 999362, "Y Coordinate (State Plane)": 198277, "Open Data Channel Type": "PHONE", "Park Facility Name": "Unspecified", "Park Borough": "BROOKLYN", "Vehicle Type": null, "Taxi Company Borough": null, "Taxi Pick Up Location": null, "Bridge Highway Name": null, "Bridge Highway Direction": null, "Road Ramp": null, "Bridge Highway Segment": null, "Latitude": 40.710888407738523, "Longitude": -73.945490390977128, "Location": "(40.71088840773852, -73.94549039097713)", "Zip Codes": 17213, "Community Districts": 36, "Borough Boundaries": 2, "City Council Districts": 30, "Police Precincts": 56, "Police Precinct": 56 }, "geometry": { "type": "Point", "coordinates": [ -73.945490390977128, 40.710888407738523 ] } },
{ "type": "Feature", "properties": { "Unique Key": 66062005, "Created Date": "09/05/2025 12:23:27 PM", "Closed Date": "09/05/2025 12:23:27 PM", "Agency": "DOHMH", "Agency Name": "Department of Health and Mental Hygiene", "Complaint Type": "Rodent", "Descriptor": "Condition Attracting Rodents", "Location Type": "1-2 Family Dwelling", "Incident Zip": 11210, "Incident Address": "1343 EAST   37 STREET", "Street Name": "EAST   37 STREET", "Cross Street 1": "AVENUE K", "Cross Street 2": "AVENUE L", "Intersection Street 1": "AVENUE K", "Intersection Street 2": "AVENUE L", "Address Type": "ADDRESS", "City": "BROOKLYN", "Landmark": "EAST   37 STREET", "Facility Type": "N/A", "Status": "Closed", "Due Date": null, "Resolution Description": "The Department of Health and Mental Hygiene found violations on the property you reported. Follow-up inspections will be scheduled.", "Resolution Action Updated Date": "09/17/2025 10:00:52 AM", "Community Board": "18 BROOKLYN", "BBL": 3076370013, "Borough": "BROOKLYN", "X Coordinate (State Plane)": 1001057, "Y Coordinate (State Plane)": 166408, "Open Data Channel Type": "MOBILE", "Park Facility Name": "Unspecified", "Park Borough": "BROOKLYN", "Vehicle Type": null, "Taxi Company Borough": null, "Taxi Pick Up Location": null, "Bridge Highway Name": null, "Bridge Highway Direction": null, "Road Ramp": null, "Bridge Highway Segment": null, "Latitude": 40.623412067259267, "Longitude": -73.939455909000657, "Location": "(40.62341206725927, -73.93945590900066)", "Zip Codes": 17217, "Community Districts": 5, "Borough Boundaries": 2, "City Council Districts": 26, "Police Precincts": 38, "Police Precinct": 38 }, "geometry": { "type": "Point", "coordinates": [ -73.939455909000657, 40.623412067259267 ] } },
{ "type": "Feature", "properties": { "Unique Key": 66064716, "Created Date": "09/05/2025 10:25:21 AM", "Closed Date": null, "Agency": "DOHMH", "Agency Name": "Department of Health and Mental Hygiene", "Complaint Type": "Rodent", "Descriptor": "Condition Attracting Rodents", "Location Type": "3+ Family Apt. Building", "Incident Zip": 11358, "Incident Address": "36-14 165 STREET", "Street Name": "165 STREET", "Cross Street 1": "CROCHERON AVENUE", "Cross Street 2": "DEPOT ROAD", "Intersection Street 1": "CROCHERON AVENUE", "Intersection Street 2": "DEPOT ROAD", "Address Type": "ADDRESS", "City": "FLUSHING", "Landmark": "165 STREET", "Facility Type": null, "Status": "In Progress", "Due Date": null, "Resolution Description": null, "Resolution Action Updated Date": null, "Community Board": "07 QUEENS", "BBL": 4052870020, "Borough": "QUEENS", "X Coordinate (State Plane)": 1039421, "Y Coordinate (State Plane)": 217230, "Open Data Channel Type": "MOBILE", "Park Facility Name": "Unspecified", "Park Borough": "QUEENS", "Vehicle Type": null, "Taxi Company Borough": null, "Taxi Pick Up Location": null, "Bridge Highway Name": null, "Bridge Highway Direction": null, "Road Ramp": null, "Bridge Highway Segment": null, "Latitude": 40.762750466403972, "Longitude": -73.800840806839204, "Location": "(40.76275046640397, -73.8008408068392)", "Zip Codes": 14193, "Community Districts": 22, "Borough Boundaries": 3, "City Council Districts": 20, "Police Precincts": 67, "Police Precinct": 67 }, "geometry": { "type": "Point", "coordinates": [ -73.800840806839204, 40.762750466403972 ] } },
{ "type": "Feature", "properties": { "Unique Key": 66064718, "Created Date": "09/05/2025 04:34:38 PM", "Closed Date": "09/17/2025 03:08:03 PM", "Agency": "DOHMH", "Agency Name": "Department of Health and Mental Hygiene", "Complaint Type": "Rodent", "Descriptor": "Condition Attracting Rodents", "Location Type": "Commercial Building", "Incident Zip": 10306, "Incident Address": "2704A HYLAN BOULEVARD", "Street Name": "HYLAN BOULEVARD", "Cross Street 1": "ALLISON AVENUE", "Cross Street 2": "PRINCETON AVENUE", "Intersection Street 1": "ALLISON AVENUE", "Intersection Street 2": "PRINCETON AVENUE", "Address Type": "ADDRESS", "City": "STATEN ISLAND", "Landmark": "HYLAN BOULEVARD", "Facility Type": "N/A", "Status": "Closed", "Due Date": null, "Resolution Description": "This service request was closed because the Department of Health and Mental Hygiene received an earlier complaint about the same location.  You can find inspection results for this address by going to the online Rat Portal at www.nyc.gov/rats.", "Resolution Action Updated Date": "09/05/2025 04:34:38 PM", "Community Board": "02 STATEN ISLAND", "BBL": 5039830013, "Borough": "STATEN ISLAND", "X Coordinate (State Plane)": 952612, "Y Coordinate (State Plane)": 145640, "Open Data Channel Type": "ONLINE", "Park Facility Name": "Unspecified", "Park Borough": "STATEN ISLAND", "Vehicle Type": null, "Taxi Company Borough": null, "Taxi Pick Up Location": null, "Bridge Highway Name": null, "Bridge Highway Direction": null, "Road Ramp": null, "Bridge Highway Segment": null, "Latitude": 40.566367587595508, "Longitude": -74.11387270995246, "Location": "(40.56636758759551, -74.11387270995246)", "Zip Codes": 10693, "Community Districts": 30, "Borough Boundaries": 1, "City Council Districts": 14, "Police Precincts": 76, "Police Precinct": 76 }, "geometry": { "type": "Point", "coordinates": [ -74.11387270995246, 40.566367587595508 ] } },
{ "type": "Feature", "properties": { "Unique Key": 66066159, "Created Date": "09/06/2025 05:01:42 PM", "Closed Date": "09/06/2025 05:01:42 PM", "Agency": "DOHMH", "Agency Name": "Department of Health and Mental Hygiene", "Complaint Type": "Rodent", "Descriptor": "Condition Attracting Rodents", "Location Type": "3+ Family Apt. Building", "Incident Zip": 10034, "Incident Address": "77 PAYSON AVENUE", "Street Name": "PAYSON AVENUE", "Cross Street 1": "DYCKMAN STREET", "Cross Street 2": "BEAK STREET", "Intersection Street 1": "DYCKMAN STREET", "Intersection Street 2": "BEAK STREET", "Address Type": "ADDRESS", "City": "NEW YORK", "Landmark": "PAYSON AVENUE", "Facility Type": "N/A", "Status": "Closed", "Due Date": null, "Resolution Description": "The Department of Health and Mental Hygiene found violations on the property you reported. Follow-up inspections will be scheduled.", "Resolution Action Updated Date": "09/15/2025 02:50:09 PM", "Community Board": "12 MANHATTAN", "BBL": 1022470020, "Borough": "MANHATTAN", "X Coordinate (State Plane)": 1004306, "Y Coordinate (State Plane)": 255376, "Open Data Channel Type": "MOBILE", "Park Facility Name": "Unspecified", "Park Borough": "MANHATTAN", "Vehicle Type": null, "Taxi Company Borough": null, "Taxi Pick Up Location": null, "Bridge Highway Name": null, "Bridge Highway Direction": null, "Road Ramp": null, "Bridge Highway Segment": null, "Latitude": 40.867599908466644, "Longitude": -73.927486692499343, "Location": "(40.867599908466644, -73.92748669249934)", "Zip Codes": 13092, "Community Districts": 47, "Borough Boundaries": 4, "City Council Districts": 39, "Police Precincts": 22, "Police Precinct": 22 }, "geometry": { "type": "Point", "coordinates": [ -73.927486692499343, 40.867599908466644 ] } },
{ "type": "Feature", "properties": { "Unique Key": 66076152, "Created Date": "09/07/2025 11:31:06 PM", "Closed Date": "09/08/2025 10:57:59 AM", "Agency": "DOHMH", "Agency Name": "Department of Health and Mental Hygiene", "Complaint Type": "Rodent", "Descriptor": "Condition Attracting Rodents", "Location Type": "3+ Family Apt. Building", "Incident Zip": 10451, "Incident Address": "310 EAST  151 STREET", "Street Name": "EAST  151 STREET", "Cross Street 1": "MORRIS AVENUE", "Cross Street 2": "COURTLANDT AVENUE", "Intersection Street 1": "MORRIS AVENUE", "Intersection Street 2": "COURTLANDT AVENUE", "Address Type": "ADDRESS", "City": "BRONX", "Landmark": "EAST  151 STREET", "Facility Type": "N/A", "Status": "Closed", "Due Date": null, "Resolution Description": "This service request was closed because the Department of Health and Mental Hygiene received an earlier complaint about the same location.  You can find inspection results for this address by going to the online Rat Portal at www.nyc.gov/rats.", "Resolution Action Updated Date": "09/07/2025 11:31:06 PM", "Community Board": "01 BRONX", "BBL": 2024100028, "Borough": "BRONX", "X Coordinate (State Plane)": 1006281, "Y Coordinate (State Plane)": 237434, "Open Data Channel Type": "MOBILE", "Park Facility Name": "Unspecified", "Park Borough": "BRONX", "Vehicle Type": null, "Taxi Company Borough": null, "Taxi Pick Up Location": null, "Bridge Highway Name": null, "Bridge Highway Direction": null, "Road Ramp": null, "Bridge Highway Segment": null, "Latitude": 40.818349680821385, "Longitude": -73.920404945119017, "Location": "(40.818349680821385, -73.92040494511902)", "Zip Codes": 10929, "Community Districts": 49, "Borough Boundaries": 5, "City Council Districts": 43, "Police Precincts": 23, "Police Precinct": 23 }, "geometry": { "type": "Point", "coordinates": [ -73.920404945119017, 40.818349680821385 ] } },
{ "type": "Feature", "properties": { "Unique Key": 66106206, "Created Date": "09/09/2025 11:46:17 AM", "Closed Date": "09/09/2025 11:46:17 AM", "Agency": "DOHMH", "Agency Name": "Department of Health and Mental Hygiene", "Complaint Type": "Rodent", "Descriptor": "Condition Attracting Rodents", "Location Type": "1-2 Family Dwelling", "Incident Zip": 11220, "Incident Address": "347 52 STREET", "Street Name": "52 STREET", "Cross Street 1": "3 AVENUE", "Cross Street 2": "4 AVENUE", "Intersection Street 1": "3 AVENUE", "Intersection Street 2": "4 AVENUE", "Address Type": "ADDRESS", "City": "BROOKLYN", "Landmark": "52 STREET", "Facility Type": "N/A", "Status": "Closed", "Due Date": null, "Resolution Description": "The Department of Health and Mental Hygiene found violations on the property you reported. Follow-up inspections will be scheduled.", "Resolution Action Updated Date": "09/17/2025 01:05:00 PM", "Community Board": "07 BROOKLYN", "BBL": 3007980054, "Borough": "BROOKLYN", "X Coordinate (State Plane)": 980166, "Y Coordinate (State Plane)": 174613, "Open Data Channel Type": "PHONE", "Park Facility Name": "Unspecified", "Park Borough": "BROOKLYN", "Vehicle Type": null, "Taxi Company Borough": null, "Taxi Pick Up Location": null, "Bridge Highway Name": null, "Bridge Highway Direction": null, "Road Ramp": null, "Bridge Highway Segment": null, "Latitude": 40.645948049608954, "Longitude": -74.014716818221004, "Location": "(40.645948049608954, -74.014716818221)", "Zip Codes": 18180, "Community Districts": 9, "Borough Boundaries": 2, "City Council Districts": 7, "Police Precincts": 45, "Police Precinct": 45 }, "geometry": { "type": "Point", "coordinates": [ -74.014716818221004, 40.645948049608954 ] } },
{ "type": "Feature", "properties": { "Unique Key": 66022856, "Created Date": "09/02/2025 10:13:40 AM", "Closed Date": "09/02/2025 11:42:37 AM", "Agency": "DOHMH", "Agency Name": "Department of Health and Mental Hygiene", "Complaint Type": "Rodent", "Descriptor": "Condition Attracting Rodents", "Location Type": "3+ Family Mixed Use Building", "Incident Zip": 11378, "Incident Address": "72-22 CALDWELL AVENUE", "Street Name": "CALDWELL AVENUE", "Cross Street 1": "72 STREET", "Cross Street 2": "74 STREET", "Intersection Street 1": "72 STREET", "Intersection Street 2": "74 STREET", "Address Type": "ADDRESS", "City": "MASPETH", "Landmark": "CALDWELL AVENUE", "Facility Type": "N/A", "Status": "Closed", "Due Date": null, "Resolution Description": "This service request was closed because the Department of Health and Mental Hygiene received an earlier complaint about the same location.  You can find inspection results for this address by going to the online Rat Portal at www.nyc.gov/rats.", "Resolution Action Updated Date": "09/02/2025 10:13:40 AM", "Community Board": "05 QUEENS", "BBL": 4028350080, "Borough": "QUEENS", "X Coordinate (State Plane)": 1015110, "Y Coordinate (State Plane)": 203353, "Open Data Channel Type": "ONLINE", "Park Facility Name": "Unspecified", "Park Borough": "QUEENS", "Vehicle Type": null, "Taxi Company Borough": null, "Taxi Pick Up Location": null, "Bridge Highway Name": null, "Bridge Highway Direction": null, "Road Ramp": null, "Bridge Highway Segment": null, "Latitude": 40.724779885499771, "Longitude": -73.888663477953301, "Location": "(40.72477988549977, -73.8886634779533)", "Zip Codes": 14788, "Community Districts": 54, "Borough Boundaries": 3, "City Council Districts": 34, "Police Precincts": 62, "Police Precinct": 62 }, "geometry": { "type": "Point", "coordinates": [ -73.888663477953301, 40.724779885499771 ] } },
{ "type": "Feature", "properties": { "Unique Key": 66024168, "Created Date": "09/02/2025 09:04:44 AM", "Closed Date": "09/02/2025 01:47:16 PM", "Agency": "DOHMH", "Agency Name": "Department of Health and Mental Hygiene", "Complaint Type": "Rodent", "Descriptor": "Condition Attracting Rodents", "Location Type": "3+ Family Mixed Use Building", "Incident Zip": 10027, "Incident Address": "23 WEST  123 STREET", "Street Name": "WEST  123 STREET", "Cross Street 1": "MOUNT MORRIS PARK WEST", "Cross Street 2": "LENOX AVENUE", "Intersection Street 1": "MOUNT MORRIS PARK WEST", "Intersection Street 2": "LENOX AVENUE", "Address Type": "ADDRESS", "City": "NEW YORK", "Landmark": "WEST  123 STREET", "Facility Type": "N/A", "Status": "Closed", "Due Date": null, "Resolution Description": "This service request was closed because the Department of Health and Mental Hygiene received an earlier complaint about the same location.  You can find inspection results for this address by going to the online Rat Portal at www.nyc.gov/rats.", "Resolution Action Updated Date": "09/02/2025 09:04:44 AM", "Community Board": "10 MANHATTAN", "BBL": 1017210041, "Borough": "MANHATTAN", "X Coordinate (State Plane)": 999400, "Y Coordinate (State Plane)": 232927, "Open Data Channel Type": "ONLINE", "Park Facility Name": "Unspecified", "Park Borough": "MANHATTAN", "Vehicle Type": null, "Taxi Company Borough": null, "Taxi Pick Up Location": null, "Bridge Highway Name": null, "Bridge Highway Direction": null, "Road Ramp": null, "Bridge Highway Segment": null, "Latitude": 40.805993704215048, "Longitude": -73.945275242007156, "Location": "(40.80599370421505, -73.94527524200716)", "Zip Codes": 12424, "Community Districts": 18, "Borough Boundaries": 4, "City Council Districts": 36, "Police Precincts": 18, "Police Precinct": 18 }, "geometry": { "type": "Point", "coordinates": [ -73.945275242007156, 40.805993704215048 ] } },
{ "type": "Feature", "properties": { "Unique Key": 66048635, "Created Date": "09/04/2025 10:25:19 AM", "Closed Date": "09/04/2025 10:25:19 AM", "Agency": "DOHMH", "Agency Name": "Department of Health and Mental Hygiene", "Complaint Type": "Rodent", "Descriptor": "Condition Attracting Rodents", "Location Type": "3+ Family Apt. Building", "Incident Zip": 11231, "Incident Address": "224 BAY STREET", "Street Name": "BAY STREET", "Cross Street 1": "COURT STREET", "Cross Street 2": "SMITH STREET", "Intersection Street 1": "COURT STREET", "Intersection Street 2": "SMITH STREET", "Address Type": "ADDRESS", "City": "BROOKLYN", "Landmark": "BAY STREET", "Facility Type": "N/A", "Status": "Closed", "Due Date": null, "Resolution Description": "The Department of Health and Mental Hygiene could not locate the address provided. Please go online to nyc.gov/311 or call 311 and file another request and provide the complete street address of the builiding. If your complaint was about a vacant lot, abandoned building ,street, or in a sewer, provide the nearest street address or intersection.", "Resolution Action Updated Date": "09/05/2025 01:47:08 PM", "Community Board": "06 BROOKLYN", "BBL": null, "Borough": "BROOKLYN", "X Coordinate (State Plane)": 984024, "Y Coordinate (State Plane)": 183811, "Open Data Channel Type": "PHONE", "Park Facility Name": "Unspecified", "Park Borough": "BROOKLYN", "Vehicle Type": null, "Taxi Company Borough": null, "Taxi Pick Up Location": null, "Bridge Highway Name": null, "Bridge Highway Direction": null, "Road Ramp": null, "Bridge Highway Segment": null, "Latitude": 40.671195476458465, "Longitude": -74.000814706152454, "Location": "(40.671195476458465, -74.00081470615245)", "Zip Codes": 13514, "Community Districts": 14, "Borough Boundaries": 2, "City Council Districts": 7, "Police Precincts": 48, "Police Precinct": 48 }, "geometry": { "type": "Point", "coordinates": [ -74.000814706152454, 40.671195476458465 ] } },
{ "type": "Feature", "properties": { "Unique Key": 66059307, "Created Date": "09/05/2025 11:15:31 PM", "Closed Date": "09/05/2025 11:15:31 PM", "Agency": "DOHMH", "Agency Name": "Department of Health and Mental Hygiene", "Complaint Type": "Rodent", "Descriptor": "Condition Attracting Rodents", "Location Type": "3+ Family Apt. Building", "Incident Zip": 11226, "Incident Address": "324 EAST   25 STREET", "Street Name": "EAST   25 STREET", "Cross Street 1": "CLARENDON ROAD", "Cross Street 2": "AVENUE D", "Intersection Street 1": "CLARENDON ROAD", "Intersection Street 2": "AVENUE D", "Address Type": "ADDRESS", "City": "BROOKLYN", "Landmark": "EAST   25 STREET", "Facility Type": "N/A", "Status": "Closed", "Due Date": null, "Resolution Description": "The Department of Health and Mental Hygiene inspected the property you reported and did not find any violations at the time of the inspection. The property passed inspection.", "Resolution Action Updated Date": "09/14/2025 09:19:02 AM", "Community Board": "17 BROOKLYN", "BBL": 3051900016, "Borough": "BROOKLYN", "X Coordinate (State Plane)": 997158, "Y Coordinate (State Plane)": 173254, "Open Data Channel Type": "MOBILE", "Park Facility Name": "Unspecified", "Park Borough": "BROOKLYN", "Vehicle Type": null, "Taxi Company Borough": null, "Taxi Pick Up Location": null, "Bridge Highway Name": null, "Bridge Highway Direction": null, "Road Ramp": null, "Bridge Highway Segment": null, "Latitude": 40.642209422722104, "Longitude": -73.953488233597426, "Location": "(40.642209422722104, -73.95348823359743)", "Zip Codes": 13510, "Community Districts": 61, "Borough Boundaries": 2, "City Council Districts": 26, "Police Precincts": 40, "Police Precinct": 40 }, "geometry": { "type": "Point", "coordinates": [ -73.953488233597426, 40.642209422722104 ] } },
{ "type": "Feature", "properties": { "Unique Key": 66068641, "Created Date": "09/06/2025 03:46:54 PM", "Closed Date": null, "Agency": "DOHMH", "Agency Name": "Department of Health and Mental Hygiene", "Complaint Type": "Rodent", "Descriptor": "Condition Attracting Rodents", "Location Type": "Commercial Building", "Incident Zip": 11372, "Incident Address": "37-18 73 STREET", "Street Name": "73 STREET", "Cross Street 1": "37 AVENUE", "Cross Street 2": "37 ROAD", "Intersection Street 1": "37 AVENUE", "Intersection Street 2": "37 ROAD", "Address Type": "ADDRESS", "City": "JACKSON HEIGHTS", "Landmark": "73 STREET", "Facility Type": null, "Status": "In Progress", "Due Date": null, "Resolution Description": null, "Resolution Action Updated Date": null, "Community Board": "03 QUEENS", "BBL": 4012830013, "Borough": "QUEENS", "X Coordinate (State Plane)": 1014004, "Y Coordinate (State Plane)": 211907, "Open Data Channel Type": "PHONE", "Park Facility Name": "Unspecified", "Park Borough": "QUEENS", "Vehicle Type": null, "Taxi Company Borough": null, "Taxi Pick Up Location": null, "Bridge Highway Name": null, "Bridge Highway Direction": null, "Road Ramp": null, "Bridge Highway Segment": null, "Latitude": 40.748262273356396, "Longitude": -73.892615861912276, "Location": "(40.748262273356396, -73.89261586191228)", "Zip Codes": 14783, "Community Districts": 65, "Borough Boundaries": 3, "City Council Districts": 5, "Police Precincts": 73, "Police Precinct": 73 }, "geometry": { "type": "Point", "coordinates": [ -73.892615861912276, 40.748262273356396 ] } },
{ "type": "Feature", "properties": { "Unique Key": 66068640, "Created Date": "09/06/2025 05:33:15 PM", "Closed Date": "09/06/2025 05:33:15 PM", "Agency": "DOHMH", "Agency Name": "Department of Health and Mental Hygiene", "Complaint Type": "Rodent", "Descriptor": "Condition Attracting Rodents", "Location Type": "3+ Family Mixed Use Building", "Incident Zip": 11206, "Incident Address": "90 MOORE STREET", "Street Name": "MOORE STREET", "Cross Street 1": "GRAHAM AVENUE", "Cross Street 2": "HUMBOLDT STREET", "Intersection Street 1": "GRAHAM AVENUE", "Intersection Street 2": "HUMBOLDT STREET", "Address Type": "ADDRESS", "City": "BROOKLYN", "Landmark": "MOORE STREET", "Facility Type": "N/A", "Status": "Closed", "Due Date": null, "Resolution Description": "The Department of Health and Mental Hygiene inspected the property you reported and did not find any violations at the time of the inspection. The property passed inspection.", "Resolution Action Updated Date": "09/22/2025 11:00:11 AM", "Community Board": "01 BROOKLYN", "BBL": 3031060011, "Borough": "BROOKLYN", "X Coordinate (State Plane)": 1000363, "Y Coordinate (State Plane)": 195702, "Open Data Channel Type": "PHONE", "Park Facility Name": "Unspecified", "Park Borough": "BROOKLYN", "Vehicle Type": null, "Taxi Company Borough": null, "Taxi Pick Up Location": null, "Bridge Highway Name": null, "Bridge Highway Direction": null, "Road Ramp": null, "Bridge Highway Segment": null, "Latitude": 40.703818876397065, "Longitude": -73.941885905570388, "Location": "(40.703818876397065, -73.94188590557039)", "Zip Codes": 17213, "Community Districts": 36, "Borough Boundaries": 2, "City Council Districts": 30, "Police Precincts": 56, "Police Precinct": 56 }, "geometry": { "type": "Point", "coordinates": [ -73.941885905570388, 40.703818876397065 ] } },
{ "type": "Feature", "properties": { "Unique Key": 66072453, "Created Date": "09/06/2025 12:42:26 PM", "Closed Date": "09/06/2025 12:42:26 PM", "Agency": "DOHMH", "Agency Name": "Department of Health and Mental Hygiene", "Complaint Type": "Rodent", "Descriptor": "Condition Attracting Rodents", "Location Type": "3+ Family Apt. Building", "Incident Zip": 11214, "Incident Address": "8425 BAY   16 STREET", "Street Name": "BAY   16 STREET", "Cross Street 1": "84 STREET", "Cross Street 2": "85 STREET", "Intersection Street 1": "84 STREET", "Intersection Street 2": "85 STREET", "Address Type": "ADDRESS", "City": "BROOKLYN", "Landmark": "BAY   16 STREET", "Facility Type": "N/A", "Status": "Closed", "Due Date": null, "Resolution Description": "The Department of Health and Mental Hygiene found violations on the property you reported. Follow-up inspections will be scheduled.", "Resolution Action Updated Date": "09/20/2025 10:28:34 AM", "Community Board": "11 BROOKLYN", "BBL": 3063260036, "Borough": "BROOKLYN", "X Coordinate (State Plane)": 983350, "Y Coordinate (State Plane)": 161144, "Open Data Channel Type": "PHONE", "Park Facility Name": "Unspecified", "Park Borough": "BROOKLYN", "Vehicle Type": null, "Taxi Company Borough": null, "Taxi Pick Up Location": null, "Bridge Highway Name": null, "Bridge Highway Direction": null, "Road Ramp": null, "Bridge Highway Segment": null, "Latitude": 40.608979374007696, "Longitude": -74.003241381416373, "Location": "(40.608979374007696, -74.00324138141637)", "Zip Codes": 17616, "Community Districts": 1, "Borough Boundaries": 2, "City Council Districts": 44, "Police Precincts": 37, "Police Precinct": 37 }, "geometry": { "type": "Point", "coordinates": [ -74.003241381416373, 40.608979374007696 ] } },
{ "type": "Feature", "properties": { "Unique Key": 66073687, "Created Date": "09/07/2025 12:27:51 AM", "Closed Date": "09/07/2025 12:27:51 AM", "Agency": "DOHMH", "Agency Name": "Department of Health and Mental Hygiene", "Complaint Type": "Rodent", "Descriptor": "Condition Attracting Rodents", "Location Type": "3+ Family Apt. Building", "Incident Zip": 11355, "Incident Address": "132-61 SANFORD AVENUE", "Street Name": "SANFORD AVENUE", "Cross Street 1": "SUMMIT COURT", "Cross Street 2": "FRAME PLACE", "Intersection Street 1": "SUMMIT COURT", "Intersection Street 2": "FRAME PLACE", "Address Type": "ADDRESS", "City": "FLUSHING", "Landmark": "SANFORD AVENUE", "Facility Type": "N/A", "Status": "Closed", "Due Date": null, "Resolution Description": "The Department of Health and Mental Hygiene inspected the property you reported and did not find any violations at the time of the inspection. The property passed inspection.", "Resolution Action Updated Date": "09/12/2025 08:44:22 AM", "Community Board": "07 QUEENS", "BBL": 4050400027, "Borough": "QUEENS", "X Coordinate (State Plane)": 1030995, "Y Coordinate (State Plane)": 214572, "Open Data Channel Type": "ONLINE", "Park Facility Name": "Unspecified", "Park Borough": "QUEENS", "Vehicle Type": null, "Taxi Company Borough": null, "Taxi Pick Up Location": null, "Bridge Highway Name": null, "Bridge Highway Direction": null, "Road Ramp": null, "Bridge Highway Segment": null, "Latitude": 40.7555035165094, "Longitude": -73.831275826404209, "Location": "(40.7555035165094, -73.83127582640421)", "Zip Codes": 14190, "Community Districts": 22, "Borough Boundaries": 3, "City Council Districts": 3, "Police Precincts": 67, "Police Precinct": 67 }, "geometry": { "type": "Point", "coordinates": [ -73.831275826404209, 40.7555035165094 ] } },
{ "type": "Feature", "properties": { "Unique Key": 66093239, "Created Date": "09/08/2025 08:49:11 AM", "Closed Date": "09/08/2025 08:49:11 AM", "Agency": "DOHMH", "Agency Name": "Department of Health and Mental Hygiene", "Complaint Type": "Rodent", "Descriptor": "Condition Attracting Rodents", "Location Type": "Other (Explain Below)", "Incident Zip": 11434, "Incident Address": "176-60 132 AVENUE", "Street Name": "132 AVENUE", "Cross Street 1": "176 STREET", "Cross Street 2": "178 STREET", "Intersection Street 1": "176 STREET", "Intersection Street 2": "178 STREET", "Address Type": "ADDRESS", "City": "JAMAICA", "Landmark": "132 AVENUE", "Facility Type": "N/A", "Status": "Closed", "Due Date": null, "Resolution Description": "The Department of Health and Mental Hygiene inspected the property you reported and did not find any violations at the time of the inspection. The property passed inspection.", "Resolution Action Updated Date": "09/23/2025 08:41:15 AM", "Community Board": "12 QUEENS", "BBL": 4125460326, "Borough": "QUEENS", "X Coordinate (State Plane)": 1049197, "Y Coordinate (State Plane)": 186246, "Open Data Channel Type": "PHONE", "Park Facility Name": "Unspecified", "Park Borough": "QUEENS", "Vehicle Type": null, "Taxi Company Borough": null, "Taxi Pick Up Location": null, "Bridge Highway Name": null, "Bridge Highway Direction": null, "Road Ramp": null, "Bridge Highway Segment": null, "Latitude": 40.677640752794737, "Longitude": -73.76585001219425, "Location": "(40.67764075279474, -73.76585001219425)", "Zip Codes": 24669, "Community Districts": 41, "Borough Boundaries": 3, "City Council Districts": 6, "Police Precincts": 71, "Police Precinct": 71 }, "geometry": { "type": "Point", "coordinates": [ -73.76585001219425, 40.677640752794737 ] } },
{ "type": "Feature", "properties": { "Unique Key": 66101824, "Created Date": "09/09/2025 06:17:10 PM", "Closed Date": "09/09/2025 06:17:10 PM", "Agency": "DOHMH", "Agency Name": "Department of Health and Mental Hygiene", "Complaint Type": "Rodent", "Descriptor": "Condition Attracting Rodents", "Location Type": "3+ Family Mixed Use Building", "Incident Zip": 10455, "Incident Address": "903 AVENUE ST JOHN", "Street Name": "AVENUE ST JOHN", "Cross Street 1": "PROSPECT AVENUE", "Cross Street 2": "KELLY STREET", "Intersection Street 1": "PROSPECT AVENUE", "Intersection Street 2": "KELLY STREET", "Address Type": "ADDRESS", "City": "BRONX", "Landmark": "AVENUE ST JOHN", "Facility Type": "N/A", "Status": "Closed", "Due Date": null, "Resolution Description": "The Department of Health and Mental Hygiene found violations on the property you reported. Follow-up inspections will be scheduled.", "Resolution Action Updated Date": "09/12/2025 12:10:48 PM", "Community Board": "02 BRONX", "BBL": 2026860016, "Borough": "BRONX", "X Coordinate (State Plane)": 1011108, "Y Coordinate (State Plane)": 236568, "Open Data Channel Type": "PHONE", "Park Facility Name": "Unspecified", "Park Borough": "BRONX", "Vehicle Type": null, "Taxi Company Borough": null, "Taxi Pick Up Location": null, "Bridge Highway Name": null, "Bridge Highway Direction": null, "Road Ramp": null, "Bridge Highway Segment": null, "Latitude": 40.815959398048477, "Longitude": -73.902969118722552, "Location": "(40.81595939804848, -73.90296911872255)", "Zip Codes": 10933, "Community Districts": 8, "Borough Boundaries": 5, "City Council Districts": 43, "Police Precincts": 24, "Police Precinct": 24 }, "geometry": { "type": "Point", "coordinates": [ -73.902969118722552, 40.815959398048477 ] } },
{ "type": "Feature", "properties": { "Unique Key": 66115296, "Created Date": "09/10/2025 11:52:25 AM", "Closed Date": "09/10/2025 11:52:25 AM", "Agency": "DOHMH", "Agency Name": "Department of Health and Mental Hygiene", "Complaint Type": "Rodent", "Descriptor": "Condition Attracting Rodents", "Location Type": "1-2 Family Dwelling", "Incident Zip": 11378, "Incident Address": "57-20 66 STREET", "Street Name": "66 STREET", "Cross Street 1": "GRAND AVENUE", "Cross Street 2": "58 AVENUE", "Intersection Street 1": "GRAND AVENUE", "Intersection Street 2": "58 AVENUE", "Address Type": "ADDRESS", "City": "MASPETH", "Landmark": "66 STREET", "Facility Type": "N/A", "Status": "Closed", "Due Date": null, "Resolution Description": "An inspection of the property was conducted and it passed with minor violations found.", "Resolution Action Updated Date": "09/16/2025 08:28:00 AM", "Community Board": "05 QUEENS", "BBL": 4027750013, "Borough": "QUEENS", "X Coordinate (State Plane)": 1012399, "Y Coordinate (State Plane)": 203016, "Open Data Channel Type": "ONLINE", "Park Facility Name": "Unspecified", "Park Borough": "QUEENS", "Vehicle Type": null, "Taxi Company Borough": null, "Taxi Pick Up Location": null, "Bridge Highway Name": null, "Bridge Highway Direction": null, "Road Ramp": null, "Bridge Highway Segment": null, "Latitude": 40.723863945015495, "Longitude": -73.89844560777928, "Location": "(40.723863945015495, -73.89844560777928)", "Zip Codes": 14788, "Community Districts": 54, "Borough Boundaries": 3, "City Council Districts": 34, "Police Precincts": 62, "Police Precinct": 62 }, "geometry": { "type": "Point", "coordinates": [ -73.89844560777928, 40.723863945015495 ] } },
{ "type": "Feature", "properties": { "Unique Key": 66120765, "Created Date": "09/11/2025 12:16:10 PM", "Closed Date": "09/11/2025 12:16:10 PM", "Agency": "DOHMH", "Agency Name": "Department of Health and Mental Hygiene", "Complaint Type": "Rodent", "Descriptor": "Condition Attracting Rodents", "Location Type": "3+ Family Apt. Building", "Incident Zip": 11221, "Incident Address": "1020 BROADWAY", "Street Name": "BROADWAY", "Cross Street 1": "WILLOUGHBY AVENUE", "Cross Street 2": "SUYDAM STREET", "Intersection Street 1": "WILLOUGHBY AVENUE", "Intersection Street 2": "SUYDAM STREET", "Address Type": "ADDRESS", "City": "BROOKLYN", "Landmark": "BROADWAY", "Facility Type": "N/A", "Status": "Closed", "Due Date": null, "Resolution Description": "The Department of Health and Mental Hygiene inspected the property you reported and did not find any violations at the time of the inspection. The property passed inspection.", "Resolution Action Updated Date": "09/19/2025 12:31:00 PM", "Community Board": "03 BROOKLYN", "BBL": 3015930023, "Borough": "BROOKLYN", "X Coordinate (State Plane)": 1002859, "Y Coordinate (State Plane)": 192727, "Open Data Channel Type": "MOBILE", "Park Facility Name": "Unspecified", "Park Borough": "BROOKLYN", "Vehicle Type": null, "Taxi Company Borough": null, "Taxi Pick Up Location": null, "Bridge Highway Name": null, "Bridge Highway Direction": null, "Road Ramp": null, "Bridge Highway Segment": null, "Latitude": 40.695648301589912, "Longitude": -73.932891908396499, "Location": "(40.69564830158991, -73.9328919083965)", "Zip Codes": 18181, "Community Districts": 69, "Borough Boundaries": 2, "City Council Districts": 49, "Police Precincts": 52, "Police Precinct": 52 }, "geometry": { "type": "Point", "coordinates": [ -73.932891908396499, 40.695648301589912 ] } },
{ "type": "Feature", "properties": { "Unique Key": 66122161, "Created Date": "09/11/2025 06:06:49 PM", "Closed Date": "09/11/2025 06:06:49 PM", "Agency": "DOHMH", "Agency Name": "Department of Health and Mental Hygiene", "Complaint Type": "Rodent", "Descriptor": "Condition Attracting Rodents", "Location Type": "3+ Family Apt. Building", "Incident Zip": 10456, "Incident Address": "1100 FRANKLIN AVENUE", "Street Name": "FRANKLIN AVENUE", "Cross Street 1": "PEDESTRIAN PATH", "Cross Street 2": "EAST 166 STREET", "Intersection Street 1": "PEDESTRIAN PATH", "Intersection Street 2": "EAST  166 STREET", "Address Type": "ADDRESS", "City": "BRONX", "Landmark": "FRANKLIN AVENUE", "Facility Type": "N/A", "Status": "Closed", "Due Date": null, "Resolution Description": "The Department of Health and Mental Hygiene inspected the property you reported and did not find any violations at the time of the inspection. The property passed inspection.", "Resolution Action Updated Date": "09/22/2025 02:20:19 PM", "Community Board": "03 BRONX", "BBL": 2026070049, "Borough": "BRONX", "X Coordinate (State Plane)": 1010189, "Y Coordinate (State Plane)": 240896, "Open Data Channel Type": "PHONE", "Park Facility Name": "Unspecified", "Park Borough": "BRONX", "Vehicle Type": null, "Taxi Company Borough": null, "Taxi Pick Up Location": null, "Bridge Highway Name": null, "Bridge Highway Direction": null, "Road Ramp": null, "Bridge Highway Segment": null, "Latitude": 40.827841273539377, "Longitude": -73.906272490976804, "Location": "(40.82784127353938, -73.9062724909768)", "Zip Codes": 10934, "Community Districts": 34, "Borough Boundaries": 5, "City Council Districts": 42, "Police Precincts": 25, "Police Precinct": 25 }, "geometry": { "type": "Point", "coordinates": [ -73.906272490976804, 40.827841273539377 ] } },
{ "type": "Feature", "properties": { "Unique Key": 66022851, "Created Date": "09/02/2025 03:33:26 PM", "Closed Date": "09/03/2025 10:54:24 AM", "Agency": "DOHMH", "Agency Name": "Department of Health and Mental Hygiene", "Complaint Type": "Rodent", "Descriptor": "Condition Attracting Rodents", "Location Type": "1-2 Family Dwelling", "Incident Zip": 10455, "Incident Address": "857 MACY PLACE", "Street Name": "MACY PLACE", "Cross Street 1": "PROSPECT AVENUE", "Cross Street 2": "HEWITT PLACE", "Intersection Street 1": "PROSPECT AVENUE", "Intersection Street 2": "HEWITT PLACE", "Address Type": "ADDRESS", "City": "BRONX", "Landmark": "MACY PLACE", "Facility Type": "N/A", "Status": "Closed", "Due Date": null, "Resolution Description": "This service request was closed because the Department of Health and Mental Hygiene received an earlier complaint about the same location.  You can find inspection results for this address by going to the online Rat Portal at www.nyc.gov/rats.", "Resolution Action Updated Date": "09/02/2025 03:33:26 PM", "Community Board": "02 BRONX", "BBL": 2026880082, "Borough": "BRONX", "X Coordinate (State Plane)": 1011440, "Y Coordinate (State Plane)": 237429, "Open Data Channel Type": "PHONE", "Park Facility Name": "Unspecified", "Park Borough": "BRONX", "Vehicle Type": null, "Taxi Company Borough": null, "Taxi Pick Up Location": null, "Bridge Highway Name": null, "Bridge Highway Direction": null, "Road Ramp": null, "Bridge Highway Segment": null, "Latitude": 40.818321584308897, "Longitude": -73.901766202882158, "Location": "(40.8183215843089, -73.90176620288216)", "Zip Codes": 10933, "Community Districts": 8, "Borough Boundaries": 5, "City Council Districts": 43, "Police Precincts": 24, "Police Precinct": 24 }, "geometry": { "type": "Point", "coordinates": [ -73.901766202882158, 40.818321584308897 ] } },
{ "type": "Feature", "properties": { "Unique Key": 66022855, "Created Date": "09/02/2025 08:36:21 PM", "Closed Date": "09/03/2025 11:26:08 AM", "Agency": "DOHMH", "Agency Name": "Department of Health and Mental Hygiene", "Complaint Type": "Rodent", "Descriptor": "Condition Attracting Rodents", "Location Type": "Commercial Building", "Incident Zip": 11419, "Incident Address": "104-12 122 STREET", "Street Name": "122 STREET", "Cross Street 1": "LIBERTY AVENUE", "Cross Street 2": "107 AVENUE", "Intersection Street 1": "LIBERTY AVENUE", "Intersection Street 2": "107 AVENUE", "Address Type": "ADDRESS", "City": "SOUTH RICHMOND HILL", "Landmark": "122 STREET", "Facility Type": "N/A", "Status": "Closed", "Due Date": null, "Resolution Description": "This service request was closed because the Department of Health and Mental Hygiene received an earlier complaint about the same location.  You can find inspection results for this address by going to the online Rat Portal at www.nyc.gov/rats.", "Resolution Action Updated Date": "09/02/2025 08:36:21 PM", "Community Board": "10 QUEENS", "BBL": 4095750011, "Borough": "QUEENS", "X Coordinate (State Plane)": 1033763, "Y Coordinate (State Plane)": 189584, "Open Data Channel Type": "MOBILE", "Park Facility Name": "Unspecified", "Park Borough": "QUEENS", "Vehicle Type": null, "Taxi Company Borough": null, "Taxi Pick Up Location": null, "Bridge Highway Name": null, "Bridge Highway Direction": null, "Road Ramp": null, "Bridge Highway Segment": null, "Latitude": 40.686902566361475, "Longitude": -73.821468691881876, "Location": "(40.686902566361475, -73.82146869188188)", "Zip Codes": 24015, "Community Districts": 62, "Borough Boundaries": 3, "City Council Districts": 46, "Police Precincts": 64, "Police Precinct": 64 }, "geometry": { "type": "Point", "coordinates": [ -73.821468691881876, 40.686902566361475 ] } },
{ "type": "Feature", "properties": { "Unique Key": 66024167, "Created Date": "09/02/2025 05:23:15 PM", "Closed Date": "09/03/2025 08:05:26 AM", "Agency": "DOHMH", "Agency Name": "Department of Health and Mental Hygiene", "Complaint Type": "Rodent", "Descriptor": "Condition Attracting Rodents", "Location Type": "3+ Family Apt. Building", "Incident Zip": 10027, "Incident Address": "70 WEST  128 STREET", "Street Name": "WEST  128 STREET", "Cross Street 1": "5 AVENUE", "Cross Street 2": "LENOX AVENUE", "Intersection Street 1": "5 AVENUE", "Intersection Street 2": "LENOX AVENUE", "Address Type": "ADDRESS", "City": "NEW YORK", "Landmark": "WEST  128 STREET", "Facility Type": "N/A", "Status": "Closed", "Due Date": null, "Resolution Description": "This service request was closed because the Department of Health and Mental Hygiene received an earlier complaint about the same location.  You can find inspection results for this address by going to the online Rat Portal at www.nyc.gov/rats.", "Resolution Action Updated Date": "09/02/2025 05:23:15 PM", "Community Board": "10 MANHATTAN", "BBL": 1017250069, "Borough": "MANHATTAN", "X Coordinate (State Plane)": 1000060, "Y Coordinate (State Plane)": 234088, "Open Data Channel Type": "MOBILE", "Park Facility Name": "Unspecified", "Park Borough": "MANHATTAN", "Vehicle Type": null, "Taxi Company Borough": null, "Taxi Pick Up Location": null, "Bridge Highway Name": null, "Bridge Highway Direction": null, "Road Ramp": null, "Bridge Highway Segment": null, "Latitude": 40.809179171294097, "Longitude": -73.942888459564031, "Location": "(40.8091791712941, -73.94288845956403)", "Zip Codes": 12424, "Community Districts": 18, "Borough Boundaries": 4, "City Council Districts": 36, "Police Precincts": 20, "Police Precinct": 20 }, "geometry": { "type": "Point", "coordinates": [ -73.942888459564031, 40.809179171294097 ] } },
{ "type": "Feature", "properties": { "Unique Key": 66029523, "Created Date": "09/02/2025 06:20:45 PM", "Closed Date": "09/03/2025 08:02:41 AM", "Agency": "DOHMH", "Agency Name": "Department of Health and Mental Hygiene", "Complaint Type": "Rodent", "Descriptor": "Condition Attracting Rodents", "Location Type": "3+ Family Apt. Building", "Incident Zip": 10039, "Incident Address": "244 WEST  149 STREET", "Street Name": "WEST  149 STREET", "Cross Street 1": "ADAM CLAYTON POWELL JR BOULEVARD", "Cross Street 2": "FREDERICK DOUGLASS BOULEVARD", "Intersection Street 1": "ADAM CLAYTON POWELL JR BOULEVARD", "Intersection Street 2": "FREDERICK DOUGLASS BOULEVARD", "Address Type": "ADDRESS", "City": "NEW YORK", "Landmark": "WEST  149 STREET", "Facility Type": "N/A", "Status": "Closed", "Due Date": null, "Resolution Description": "This service request was closed because the Department of Health and Mental Hygiene received an earlier complaint about the same location.  You can find inspection results for this address by going to the online Rat Portal at www.nyc.gov/rats.", "Resolution Action Updated Date": "09/02/2025 06:20:45 PM", "Community Board": "10 MANHATTAN", "BBL": 1020340056, "Borough": "MANHATTAN", "X Coordinate (State Plane)": 1001245, "Y Coordinate (State Plane)": 239763, "Open Data Channel Type": "ONLINE", "Park Facility Name": "Unspecified", "Park Borough": "MANHATTAN", "Vehicle Type": null, "Taxi Company Borough": null, "Taxi Pick Up Location": null, "Bridge Highway Name": null, "Bridge Highway Direction": null, "Road Ramp": null, "Bridge Highway Segment": null, "Latitude": 40.824753250193879, "Longitude": -73.938593433817871, "Location": "(40.82475325019388, -73.93859343381787)", "Zip Codes": 13097, "Community Districts": 18, "Borough Boundaries": 4, "City Council Districts": 36, "Police Precincts": 20, "Police Precinct": 20 }, "geometry": { "type": "Point", "coordinates": [ -73.938593433817871, 40.824753250193879 ] } },
{ "type": "Feature", "properties": { "Unique Key": 66041795, "Created Date": "09/03/2025 11:36:32 AM", "Closed Date": "09/03/2025 02:14:56 PM", "Agency": "DOHMH", "Agency Name": "Department of Health and Mental Hygiene", "Complaint Type": "Rodent", "Descriptor": "Condition Attracting Rodents", "Location Type": "3+ Family Apt. Building", "Incident Zip": 10026, "Incident Address": "437 MANHATTAN AVENUE", "Street Name": "MANHATTAN AVENUE", "Cross Street 1": "WEST 118 STREET", "Cross Street 2": "WEST 119 STREET", "Intersection Street 1": "WEST  118 STREET", "Intersection Street 2": "WEST  119 STREET", "Address Type": "ADDRESS", "City": "NEW YORK", "Landmark": "MANHATTAN AVENUE", "Facility Type": "N/A", "Status": "Closed", "Due Date": null, "Resolution Description": "This service request was closed because the Department of Health and Mental Hygiene received an earlier complaint about the same location.  You can find inspection results for this address by going to the online Rat Portal at www.nyc.gov/rats.", "Resolution Action Updated Date": "09/03/2025 11:36:32 AM", "Community Board": "10 MANHATTAN", "BBL": 1019450011, "Borough": "MANHATTAN", "X Coordinate (State Plane)": 996510, "Y Coordinate (State Plane)": 233134, "Open Data Channel Type": "PHONE", "Park Facility Name": "Unspecified", "Park Borough": "MANHATTAN", "Vehicle Type": null, "Taxi Company Borough": null, "Taxi Pick Up Location": null, "Bridge Highway Name": null, "Bridge Highway Direction": null, "Road Ramp": null, "Bridge Highway Segment": null, "Latitude": 40.806566344923503, "Longitude": -73.955714106261141, "Location": "(40.8065663449235, -73.95571410626114)", "Zip Codes": 12423, "Community Districts": 18, "Borough Boundaries": 4, "City Council Districts": 36, "Police Precincts": 18, "Police Precinct": 18 }, "geometry": { "type": "Point", "coordinates": [ -73.955714106261141, 40.806566344923503 ] } },
{ "type": "Feature", "properties": { "Unique Key": 66077159, "Created Date": "09/07/2025 02:03:24 PM", "Closed Date": "09/07/2025 02:03:24 PM", "Agency": "DOHMH", "Agency Name": "Department of Health and Mental Hygiene", "Complaint Type": "Rodent", "Descriptor": "Condition Attracting Rodents", "Location Type": "1-2 Family Dwelling", "Incident Zip": 11413, "Incident Address": "130-21 229 STREET", "Street Name": "229 STREET", "Cross Street 1": "130 AVENUE", "Cross Street 2": "131 AVENUE", "Intersection Street 1": "130 AVENUE", "Intersection Street 2": "131 AVENUE", "Address Type": "ADDRESS", "City": "SPRINGFIELD GARDENS", "Landmark": "229 STREET", "Facility Type": "N/A", "Status": "Closed", "Due Date": null, "Resolution Description": "The Department of Health and Mental Hygiene found violations on the property you reported. Follow-up inspections will be scheduled.", "Resolution Action Updated Date": "09/13/2025 11:29:05 AM", "Community Board": "13 QUEENS", "BBL": 4129070024, "Borough": "QUEENS", "X Coordinate (State Plane)": 1056754, "Y Coordinate (State Plane)": 187619, "Open Data Channel Type": "PHONE", "Park Facility Name": "Unspecified", "Park Borough": "QUEENS", "Vehicle Type": null, "Taxi Company Borough": null, "Taxi Pick Up Location": null, "Bridge Highway Name": null, "Bridge Highway Direction": null, "Road Ramp": null, "Bridge Highway Segment": null, "Latitude": 40.681350639627048, "Longitude": -73.738590540801638, "Location": "(40.68135063962705, -73.73859054080164)", "Zip Codes": 15313, "Community Districts": 63, "Borough Boundaries": 3, "City Council Districts": 47, "Police Precincts": 63, "Police Precinct": 63 }, "geometry": { "type": "Point", "coordinates": [ -73.738590540801638, 40.681350639627048 ] } },
{ "type": "Feature", "properties": { "Unique Key": 66077160, "Created Date": "09/07/2025 09:51:37 AM", "Closed Date": "09/17/2025 01:20:16 PM", "Agency": "DOHMH", "Agency Name": "Department of Health and Mental Hygiene", "Complaint Type": "Rodent", "Descriptor": "Condition Attracting Rodents", "Location Type": "1-2 Family Dwelling", "Incident Zip": 11236, "Incident Address": "757 REMSEN AVENUE", "Street Name": "REMSEN AVENUE", "Cross Street 1": "AVENUE B", "Cross Street 2": "DITMAS AVENUE", "Intersection Street 1": "AVENUE B", "Intersection Street 2": "DITMAS AVENUE", "Address Type": "ADDRESS", "City": "BROOKLYN", "Landmark": "REMSEN AVENUE", "Facility Type": "N/A", "Status": "Closed", "Due Date": null, "Resolution Description": "This service request was closed because the Department of Health and Mental Hygiene received an earlier complaint about the same location.  You can find inspection results for this address by going to the online Rat Portal at www.nyc.gov/rats.", "Resolution Action Updated Date": "09/07/2025 09:51:37 AM", "Community Board": "17 BROOKLYN", "BBL": 3081080025, "Borough": "BROOKLYN", "X Coordinate (State Plane)": 1007672, "Y Coordinate (State Plane)": 175696, "Open Data Channel Type": "ONLINE", "Park Facility Name": "Unspecified", "Park Borough": "BROOKLYN", "Vehicle Type": null, "Taxi Company Borough": null, "Taxi Pick Up Location": null, "Bridge Highway Name": null, "Bridge Highway Direction": null, "Road Ramp": null, "Bridge Highway Segment": null, "Latitude": 40.648890619000881, "Longitude": -73.91559437548041, "Location": "(40.64889061900088, -73.91559437548041)", "Zip Codes": 13827, "Community Districts": 61, "Borough Boundaries": 2, "City Council Districts": 25, "Police Precincts": 40, "Police Precinct": 40 }, "geometry": { "type": "Point", "coordinates": [ -73.91559437548041, 40.648890619000881 ] } },
{ "type": "Feature", "properties": { "Unique Key": 66077162, "Created Date": "09/07/2025 01:44:50 PM", "Closed Date": "09/07/2025 01:44:50 PM", "Agency": "DOHMH", "Agency Name": "Department of Health and Mental Hygiene", "Complaint Type": "Rodent", "Descriptor": "Condition Attracting Rodents", "Location Type": "Commercial Building", "Incident Zip": 10306, "Incident Address": "1774 MANOR ROAD", "Street Name": "MANOR ROAD", "Cross Street 1": "MANOR ROAD", "Cross Street 2": "VICTORY BOULEVARD", "Intersection Street 1": "MANOR ROAD", "Intersection Street 2": "VICTORY BOULEVARD", "Address Type": "ADDRESS", "City": "STATEN ISLAND", "Landmark": null, "Facility Type": "N/A", "Status": "Closed", "Due Date": null, "Resolution Description": "The Department of Health and Mental Hygiene found violations on the property you reported. Follow-up inspections will be scheduled.", "Resolution Action Updated Date": "09/25/2025 09:10:56 AM", "Community Board": "02 STATEN ISLAND", "BBL": null, "Borough": "STATEN ISLAND", "X Coordinate (State Plane)": 948166, "Y Coordinate (State Plane)": 151791, "Open Data Channel Type": "PHONE", "Park Facility Name": "Unspecified", "Park Borough": "STATEN ISLAND", "Vehicle Type": null, "Taxi Company Borough": null, "Taxi Pick Up Location": null, "Bridge Highway Name": null, "Bridge Highway Direction": null, "Road Ramp": null, "Bridge Highway Segment": null, "Latitude": 40.583233879126105, "Longitude": -74.129907734886032, "Location": "(40.583233879126105, -74.12990773488603)", "Zip Codes": 10693, "Community Districts": 30, "Borough Boundaries": 1, "City Council Districts": 14, "Police Precincts": 76, "Police Precinct": 76 }, "geometry": { "type": "Point", "coordinates": [ -74.129907734886032, 40.583233879126105 ] } },
{ "type": "Feature", "properties": { "Unique Key": 66080249, "Created Date": "09/07/2025 07:20:45 AM", "Closed Date": null, "Agency": "DOHMH", "Agency Name": "Department of Health and Mental Hygiene", "Complaint Type": "Rodent", "Descriptor": "Condition Attracting Rodents", "Location Type": "Parking Lot/Garage", "Incident Zip": 11372, "Incident Address": "35-50 75 STREET", "Street Name": "75 STREET", "Cross Street 1": "35 AVENUE", "Cross Street 2": "37 AVENUE", "Intersection Street 1": "35 AVENUE", "Intersection Street 2": "37 AVENUE", "Address Type": "ADDRESS", "City": "JACKSON HEIGHTS", "Landmark": "75 STREET", "Facility Type": null, "Status": "In Progress", "Due Date": null, "Resolution Description": null, "Resolution Action Updated Date": null, "Community Board": "03 QUEENS", "BBL": 4012740020, "Borough": "QUEENS", "X Coordinate (State Plane)": 1014414, "Y Coordinate (State Plane)": 212806, "Open Data Channel Type": "MOBILE", "Park Facility Name": "Unspecified", "Park Borough": "QUEENS", "Vehicle Type": null, "Taxi Company Borough": null, "Taxi Pick Up Location": null, "Bridge Highway Name": null, "Bridge Highway Direction": null, "Road Ramp": null, "Bridge Highway Segment": null, "Latitude": 40.75072841074315, "Longitude": -73.891132114125952, "Location": "(40.75072841074315, -73.89113211412595)", "Zip Codes": 14783, "Community Districts": 65, "Borough Boundaries": 3, "City Council Districts": 5, "Police Precincts": 73, "Police Precinct": 73 }, "geometry": { "type": "Point", "coordinates": [ -73.891132114125952, 40.75072841074315 ] } },
{ "type": "Feature", "properties": { "Unique Key": 66080248, "Created Date": "09/07/2025 05:07:50 PM", "Closed Date": "09/07/2025 05:07:50 PM", "Agency": "DOHMH", "Agency Name": "Department of Health and Mental Hygiene", "Complaint Type": "Rodent", "Descriptor": "Condition Attracting Rodents", "Location Type": "1-2 Family Dwelling", "Incident Zip": 11234, "Incident Address": "7116 AVENUE V", "Street Name": "AVENUE V", "Cross Street 1": "EAST 71 STREET", "Cross Street 2": "EAST 72 STREET", "Intersection Street 1": "EAST   71 STREET", "Intersection Street 2": "EAST   72 STREET", "Address Type": "ADDRESS", "City": "BROOKLYN", "Landmark": "AVENUE V", "Facility Type": "N/A", "Status": "Closed", "Due Date": null, "Resolution Description": "The Department of Health and Mental Hygiene inspected the property you reported and did not find any violations at the time of the inspection. The property passed inspection.", "Resolution Action Updated Date": "09/21/2025 12:05:23 PM", "Community Board": "18 BROOKLYN", "BBL": 3084400041, "Borough": "BROOKLYN", "X Coordinate (State Plane)": 1010504, "Y Coordinate (State Plane)": 164561, "Open Data Channel Type": "PHONE", "Park Facility Name": "Unspecified", "Park Borough": "BROOKLYN", "Vehicle Type": null, "Taxi Company Borough": null, "Taxi Pick Up Location": null, "Bridge Highway Name": null, "Bridge Highway Direction": null, "Road Ramp": null, "Bridge Highway Segment": null, "Latitude": 40.6183194813946, "Longitude": -73.905432053486891, "Location": "(40.6183194813946, -73.90543205348689)", "Zip Codes": 13825, "Community Districts": 5, "Borough Boundaries": 2, "City Council Districts": 8, "Police Precincts": 38, "Police Precinct": 38 }, "geometry": { "type": "Point", "coordinates": [ -73.905432053486891, 40.6183194813946 ] } },
{ "type": "Feature", "properties": { "Unique Key": 66083338, "Created Date": "09/07/2025 11:53:58 AM", "Closed Date": "09/07/2025 11:53:58 AM", "Agency": "DOHMH", "Agency Name": "Department of Health and Mental Hygiene", "Complaint Type": "Rodent", "Descriptor": "Condition Attracting Rodents", "Location Type": "3+ Family Apt. Building", "Incident Zip": 11210, "Incident Address": "2004 GLENWOOD ROAD", "Street Name": "GLENWOOD ROAD", "Cross Street 1": "OCEAN AVENUE", "Cross Street 2": "EAST 21 STREET", "Intersection Street 1": "OCEAN AVENUE", "Intersection Street 2": "EAST   21 STREET", "Address Type": "ADDRESS", "City": "BROOKLYN", "Landmark": "GLENWOOD ROAD", "Facility Type": "N/A", "Status": "Closed", "Due Date": null, "Resolution Description": "The Department of Health and Mental Hygiene found violations on the property you reported. Follow-up inspections will be scheduled.", "Resolution Action Updated Date": "09/20/2025 01:35:49 PM", "Community Board": "14 BROOKLYN", "BBL": 3075480043, "Borough": "BROOKLYN", "X Coordinate (State Plane)": 996029, "Y Coordinate (State Plane)": 169865, "Open Data Channel Type": "PHONE", "Park Facility Name": "Unspecified", "Park Borough": "BROOKLYN", "Vehicle Type": null, "Taxi Company Borough": null, "Taxi Pick Up Location": null, "Bridge Highway Name": null, "Bridge Highway Direction": null, "Road Ramp": null, "Bridge Highway Segment": null, "Latitude": 40.632908915181872, "Longitude": -73.95756230711028, "Location": "(40.63290891518187, -73.95756230711028)", "Zip Codes": 13513, "Community Districts": 60, "Borough Boundaries": 2, "City Council Districts": 26, "Police Precincts": 43, "Police Precinct": 43 }, "geometry": { "type": "Point", "coordinates": [ -73.95756230711028, 40.632908915181872 ] } },
{ "type": "Feature", "properties": { "Unique Key": 66126202, "Created Date": "09/11/2025 10:44:11 AM", "Closed Date": "09/11/2025 10:44:11 AM", "Agency": "DOHMH", "Agency Name": "Department of Health and Mental Hygiene", "Complaint Type": "Rodent", "Descriptor": "Condition Attracting Rodents", "Location Type": "1-2 Family Dwelling", "Incident Zip": 10453, "Incident Address": "1868 LORING PLACE", "Street Name": "LORING PLACE", "Cross Street 1": "MONTGOMERY AVENUE", "Cross Street 2": "WEST BURNSIDE AVENUE", "Intersection Street 1": "MONTGOMERY AVENUE", "Intersection Street 2": "WEST BURNSIDE AVENUE", "Address Type": "ADDRESS", "City": "BRONX", "Landmark": "LORING PLACE", "Facility Type": "N/A", "Status": "Closed", "Due Date": null, "Resolution Description": "The Department of Health and Mental Hygiene tried to inspect the property you reported but could not access the site. If you have information that will help the inspector access the site, please go online to nyc.gov/311 or call 311 and refile your complaint with contact information.", "Resolution Action Updated Date": "09/17/2025 12:25:21 PM", "Community Board": "05 BRONX", "BBL": 2028790069, "Borough": "BRONX", "X Coordinate (State Plane)": 1007679, "Y Coordinate (State Plane)": 250131, "Open Data Channel Type": "PHONE", "Park Facility Name": "Unspecified", "Park Borough": "BRONX", "Vehicle Type": null, "Taxi Company Borough": null, "Taxi Pick Up Location": null, "Bridge Highway Name": null, "Bridge Highway Direction": null, "Road Ramp": null, "Bridge Highway Segment": null, "Latitude": 40.853195660229765, "Longitude": -73.915309811046328, "Location": "(40.853195660229765, -73.91530981104633)", "Zip Codes": 10931, "Community Districts": 6, "Borough Boundaries": 5, "City Council Districts": 29, "Police Precincts": 29, "Police Precinct": 29 }, "geometry": { "type": "Point", "coordinates": [ -73.915309811046328, 40.853195660229765 ] } },
{ "type": "Feature", "properties": { "Unique Key": 66130211, "Created Date": "09/12/2025 05:29:28 AM", "Closed Date": "09/12/2025 05:29:28 AM", "Agency": "DOHMH", "Agency Name": "Department of Health and Mental Hygiene", "Complaint Type": "Rodent", "Descriptor": "Condition Attracting Rodents", "Location Type": "1-2 Family Mixed Use Building", "Incident Zip": 11236, "Incident Address": "8702 FLATLANDS AVENUE", "Street Name": "FLATLANDS AVENUE", "Cross Street 1": "EAST 87 STREET", "Cross Street 2": "EAST 88 STREET", "Intersection Street 1": "EAST   87 STREET", "Intersection Street 2": "EAST   88 STREET", "Address Type": "ADDRESS", "City": "BROOKLYN", "Landmark": "FLATLANDS AVENUE", "Facility Type": "N/A", "Status": "Closed", "Due Date": null, "Resolution Description": "The Department of Health and Mental Hygiene inspected the property you reported and did not find any violations at the time of the inspection. The property passed inspection.", "Resolution Action Updated Date": "09/19/2025 11:08:00 AM", "Community Board": "18 BROOKLYN", "BBL": 3080240036, "Borough": "BROOKLYN", "X Coordinate (State Plane)": 1009764, "Y Coordinate (State Plane)": 172048, "Open Data Channel Type": "ONLINE", "Park Facility Name": "Unspecified", "Park Borough": "BROOKLYN", "Vehicle Type": null, "Taxi Company Borough": null, "Taxi Pick Up Location": null, "Bridge Highway Name": null, "Bridge Highway Direction": null, "Road Ramp": null, "Bridge Highway Segment": null, "Latitude": 40.638871869692757, "Longitude": -73.908069258160069, "Location": "(40.63887186969276, -73.90806925816007)", "Zip Codes": 13827, "Community Districts": 5, "Borough Boundaries": 2, "City Council Districts": 8, "Police Precincts": 42, "Police Precinct": 42 }, "geometry": { "type": "Point", "coordinates": [ -73.908069258160069, 40.638871869692757 ] } },
{ "type": "Feature", "properties": { "Unique Key": 66134392, "Created Date": "09/12/2025 07:22:41 AM", "Closed Date": null, "Agency": "DOHMH", "Agency Name": "Department of Health and Mental Hygiene", "Complaint Type": "Rodent", "Descriptor": "Condition Attracting Rodents", "Location Type": "Other (Explain Below)", "Incident Zip": 11370, "Incident Address": "25 AVENUE", "Street Name": "25 AVENUE", "Cross Street 1": "25 AVENUE", "Cross Street 2": "71 STREET", "Intersection Street 1": "25 AVENUE", "Intersection Street 2": "71 STREET", "Address Type": "INTERSECTION", "City": null, "Landmark": null, "Facility Type": null, "Status": "In Progress", "Due Date": null, "Resolution Description": null, "Resolution Action Updated Date": null, "Community Board": "03 QUEENS", "BBL": null, "Borough": "QUEENS", "X Coordinate (State Plane)": 1012800, "Y Coordinate (State Plane)": 216899, "Open Data Channel Type": "PHONE", "Park Facility Name": "Unspecified", "Park Borough": "QUEENS", "Vehicle Type": null, "Taxi Company Borough": null, "Taxi Pick Up Location": null, "Bridge Highway Name": null, "Bridge Highway Direction": null, "Road Ramp": null, "Bridge Highway Segment": null, "Latitude": 40.761968003333891, "Longitude": -73.896939976072886, "Location": "(40.76196800333389, -73.89693997607289)", "Zip Codes": 14787, "Community Districts": 65, "Borough Boundaries": 3, "City Council Districts": 4, "Police Precincts": 73, "Police Precinct": 73 }, "geometry": { "type": "Point", "coordinates": [ -73.896939976072886, 40.761968003333891 ] } },
{ "type": "Feature", "properties": { "Unique Key": 66024164, "Created Date": "09/02/2025 09:47:07 PM", "Closed Date": "09/04/2025 01:32:42 PM", "Agency": "DOHMH", "Agency Name": "Department of Health and Mental Hygiene", "Complaint Type": "Rodent", "Descriptor": "Condition Attracting Rodents", "Location Type": "3+ Family Apt. Building", "Incident Zip": 11211, "Incident Address": "319 HOOPER STREET", "Street Name": "HOOPER STREET", "Cross Street 1": "SOUTH 5 STREET", "Cross Street 2": "SOUTH 4 STREET", "Intersection Street 1": "SOUTH    5 STREET", "Intersection Street 2": "SOUTH    4 STREET", "Address Type": "ADDRESS", "City": "BROOKLYN", "Landmark": "HOOPER STREET", "Facility Type": "N/A", "Status": "Closed", "Due Date": null, "Resolution Description": "This service request was closed because the Department of Health and Mental Hygiene received an earlier complaint about the same location.  You can find inspection results for this address by going to the online Rat Portal at www.nyc.gov/rats.", "Resolution Action Updated Date": "09/02/2025 09:47:07 PM", "Community Board": "01 BROOKLYN", "BBL": 3024500022, "Borough": "BROOKLYN", "X Coordinate (State Plane)": 997176, "Y Coordinate (State Plane)": 197268, "Open Data Channel Type": "ONLINE", "Park Facility Name": "Unspecified", "Park Borough": "BROOKLYN", "Vehicle Type": null, "Taxi Company Borough": null, "Taxi Pick Up Location": null, "Bridge Highway Name": null, "Bridge Highway Direction": null, "Road Ramp": null, "Bridge Highway Segment": null, "Latitude": 40.708122405961049, "Longitude": -73.953377318860618, "Location": "(40.70812240596105, -73.95337731886062)", "Zip Codes": 17613, "Community Districts": 36, "Borough Boundaries": 2, "City Council Districts": 30, "Police Precincts": 56, "Police Precinct": 56 }, "geometry": { "type": "Point", "coordinates": [ -73.953377318860618, 40.708122405961049 ] } },
{ "type": "Feature", "properties": { "Unique Key": 66025577, "Created Date": "09/02/2025 07:17:21 PM", "Closed Date": "09/04/2025 01:31:11 PM", "Agency": "DOHMH", "Agency Name": "Department of Health and Mental Hygiene", "Complaint Type": "Rodent", "Descriptor": "Condition Attracting Rodents", "Location Type": "3+ Family Apt. Building", "Incident Zip": 11233, "Incident Address": "442 DECATUR STREET", "Street Name": "DECATUR STREET", "Cross Street 1": "PATCHEN AVENUE", "Cross Street 2": "RALPH AVENUE", "Intersection Street 1": "PATCHEN AVENUE", "Intersection Street 2": "RALPH AVENUE", "Address Type": "ADDRESS", "City": "BROOKLYN", "Landmark": "DECATUR STREET", "Facility Type": "N/A", "Status": "Closed", "Due Date": null, "Resolution Description": "This service request was closed because the Department of Health and Mental Hygiene received an earlier complaint about the same location.  You can find inspection results for this address by going to the online Rat Portal at www.nyc.gov/rats.", "Resolution Action Updated Date": "09/02/2025 07:17:21 PM", "Community Board": "03 BROOKLYN", "BBL": 3016830011, "Borough": "BROOKLYN", "X Coordinate (State Plane)": 1005067, "Y Coordinate (State Plane)": 187907, "Open Data Channel Type": "MOBILE", "Park Facility Name": "Unspecified", "Park Borough": "BROOKLYN", "Vehicle Type": null, "Taxi Company Borough": null, "Taxi Pick Up Location": null, "Bridge Highway Name": null, "Bridge Highway Direction": null, "Road Ramp": null, "Bridge Highway Segment": null, "Latitude": 40.682413596050189, "Longitude": -73.924944278360712, "Location": "(40.68241359605019, -73.92494427836071)", "Zip Codes": 13516, "Community Districts": 69, "Borough Boundaries": 2, "City Council Districts": 17, "Police Precincts": 52, "Police Precinct": 52 }, "geometry": { "type": "Point", "coordinates": [ -73.924944278360712, 40.682413596050189 ] } },
{ "type": "Feature", "properties": { "Unique Key": 66025580, "Created Date": "09/02/2025 10:00:16 AM", "Closed Date": "09/04/2025 10:49:50 AM", "Agency": "DOHMH", "Agency Name": "Department of Health and Mental Hygiene", "Complaint Type": "Rodent", "Descriptor": "Condition Attracting Rodents", "Location Type": "Other (Explain Below)", "Incident Zip": 10024, "Incident Address": "589 AMSTERDAM AVENUE", "Street Name": "AMSTERDAM AVENUE", "Cross Street 1": "WEST 88 STREET", "Cross Street 2": "WEST 89 STREET", "Intersection Street 1": "WEST   88 STREET", "Intersection Street 2": "WEST   89 STREET", "Address Type": "ADDRESS", "City": "NEW YORK", "Landmark": "AMSTERDAM AVENUE", "Facility Type": "N/A", "Status": "Closed", "Due Date": null, "Resolution Description": "This service request was closed because the Department of Health and Mental Hygiene received an earlier complaint about the same location.  You can find inspection results for this address by going to the online Rat Portal at www.nyc.gov/rats.", "Resolution Action Updated Date": "09/02/2025 10:00:16 AM", "Community Board": "07 MANHATTAN", "BBL": 1012190001, "Borough": "MANHATTAN", "X Coordinate (State Plane)": 991491, "Y Coordinate (State Plane)": 226827, "Open Data Channel Type": "ONLINE", "Park Facility Name": "Unspecified", "Park Borough": "MANHATTAN", "Vehicle Type": null, "Taxi Company Borough": null, "Taxi Pick Up Location": null, "Bridge Highway Name": null, "Bridge Highway Direction": null, "Road Ramp": null, "Bridge Highway Segment": null, "Latitude": 40.789260886149705, "Longitude": -73.973850669248591, "Location": "(40.789260886149705, -73.97385066924859)", "Zip Codes": 12421, "Community Districts": 20, "Borough Boundaries": 4, "City Council Districts": 19, "Police Precincts": 15, "Police Precinct": 15 }, "geometry": { "type": "Point", "coordinates": [ -73.973850669248591, 40.789260886149705 ] } },
{ "type": "Feature", "properties": { "Unique Key": 66037720, "Created Date": "09/03/2025 08:48:43 PM", "Closed Date": "09/04/2025 08:57:08 AM", "Agency": "DOHMH", "Agency Name": "Department of Health and Mental Hygiene", "Complaint Type": "Rodent", "Descriptor": "Condition Attracting Rodents", "Location Type": "Other (Explain Below)", "Incident Zip": 10025, "Incident Address": "206 WEST   92 STREET", "Street Name": "WEST   92 STREET", "Cross Street 1": "AMSTERDAM AVENUE", "Cross Street 2": "BROADWAY", "Intersection Street 1": "AMSTERDAM AVENUE", "Intersection Street 2": "BROADWAY", "Address Type": "ADDRESS", "City": "NEW YORK", "Landmark": "WEST   92 STREET", "Facility Type": "N/A", "Status": "Closed", "Due Date": null, "Resolution Description": "This service request was closed because the Department of Health and Mental Hygiene received an earlier complaint about the same location.  You can find inspection results for this address by going to the online Rat Portal at www.nyc.gov/rats.", "Resolution Action Updated Date": "09/03/2025 08:48:43 PM", "Community Board": "07 MANHATTAN", "BBL": 1012390039, "Borough": "MANHATTAN", "X Coordinate (State Plane)": 991835, "Y Coordinate (State Plane)": 227696, "Open Data Channel Type": "PHONE", "Park Facility Name": "Unspecified", "Park Borough": "MANHATTAN", "Vehicle Type": null, "Taxi Company Borough": null, "Taxi Pick Up Location": null, "Bridge Highway Name": null, "Bridge Highway Direction": null, "Road Ramp": null, "Bridge Highway Segment": null, "Latitude": 40.791645768777208, "Longitude": -73.972607405172965, "Location": "(40.79164576877721, -73.97260740517297)", "Zip Codes": 12422, "Community Districts": 20, "Borough Boundaries": 4, "City Council Districts": 19, "Police Precincts": 15, "Police Precinct": 15 }, "geometry": { "type": "Point", "coordinates": [ -73.972607405172965, 40.791645768777208 ] } },
{ "type": "Feature", "properties": { "Unique Key": 66039041, "Created Date": "09/03/2025 02:41:57 AM", "Closed Date": "09/04/2025 01:28:56 PM", "Agency": "DOHMH", "Agency Name": "Department of Health and Mental Hygiene", "Complaint Type": "Rodent", "Descriptor": "Condition Attracting Rodents", "Location Type": "1-2 Family Dwelling", "Incident Zip": 11220, "Incident Address": "239 60 STREET", "Street Name": "60 STREET", "Cross Street 1": "2 AVENUE", "Cross Street 2": "GOWANUS EXPRESSWAY WB EXIT 22", "Intersection Street 1": "2 AVENUE", "Intersection Street 2": "GOWANUS EXPRESSWAY WB EXIT   22", "Address Type": "ADDRESS", "City": "BROOKLYN", "Landmark": "60 STREET", "Facility Type": "N/A", "Status": "Closed", "Due Date": null, "Resolution Description": "This service request was closed because the Department of Health and Mental Hygiene received an earlier complaint about the same location.  You can find inspection results for this address by going to the online Rat Portal at www.nyc.gov/rats.", "Resolution Action Updated Date": "09/03/2025 02:41:57 AM", "Community Board": "07 BROOKLYN", "BBL": 3008610063, "Borough": "BROOKLYN", "X Coordinate (State Plane)": 978183, "Y Coordinate (State Plane)": 173514, "Open Data Channel Type": "MOBILE", "Park Facility Name": "Unspecified", "Park Borough": "BROOKLYN", "Vehicle Type": null, "Taxi Company Borough": null, "Taxi Pick Up Location": null, "Bridge Highway Name": null, "Bridge Highway Direction": null, "Road Ramp": null, "Bridge Highway Segment": null, "Latitude": 40.642930394977277, "Longitude": -74.021861630422109, "Location": "(40.64293039497728, -74.02186163042211)", "Zip Codes": 18180, "Community Districts": 9, "Borough Boundaries": 2, "City Council Districts": 7, "Police Precincts": 45, "Police Precinct": 45 }, "geometry": { "type": "Point", "coordinates": [ -74.021861630422109, 40.642930394977277 ] } },
{ "type": "Feature", "properties": { "Unique Key": 66039043, "Created Date": "09/03/2025 07:41:32 PM", "Closed Date": "09/04/2025 08:35:18 AM", "Agency": "DOHMH", "Agency Name": "Department of Health and Mental Hygiene", "Complaint Type": "Rodent", "Descriptor": "Condition Attracting Rodents", "Location Type": "3+ Family Apt. Building", "Incident Zip": 10012, "Incident Address": "265 LAFAYETTE STREET", "Street Name": "LAFAYETTE STREET", "Cross Street 1": "CLEVELAND PLACE", "Cross Street 2": "PRINCE STREET", "Intersection Street 1": "CLEVELAND PLACE", "Intersection Street 2": "PRINCE STREET", "Address Type": "ADDRESS", "City": "NEW YORK", "Landmark": "LAFAYETTE STREET", "Facility Type": "N/A", "Status": "Closed", "Due Date": null, "Resolution Description": "This service request was closed because the Department of Health and Mental Hygiene received an earlier complaint about the same location.  You can find inspection results for this address by going to the online Rat Portal at www.nyc.gov/rats.", "Resolution Action Updated Date": "09/03/2025 07:41:32 PM", "Community Board": "02 MANHATTAN", "BBL": 1004950011, "Borough": "MANHATTAN", "X Coordinate (State Plane)": 985195, "Y Coordinate (State Plane)": 202879, "Open Data Channel Type": "PHONE", "Park Facility Name": "Unspecified", "Park Borough": "MANHATTAN", "Vehicle Type": null, "Taxi Company Borough": null, "Taxi Pick Up Location": null, "Bridge Highway Name": null, "Bridge Highway Direction": null, "Road Ramp": null, "Bridge Highway Segment": null, "Latitude": 40.723532649048565, "Longitude": -73.996590699417354, "Location": "(40.723532649048565, -73.99659069941735)", "Zip Codes": 12075, "Community Districts": 57, "Borough Boundaries": 4, "City Council Districts": 32, "Police Precincts": 2, "Police Precinct": 2 }, "geometry": { "type": "Point", "coordinates": [ -73.996590699417354, 40.723532649048565 ] } },
{ "type": "Feature", "properties": { "Unique Key": 66039046, "Created Date": "09/03/2025 02:56:38 PM", "Closed Date": "09/03/2025 02:56:38 PM", "Agency": "DOHMH", "Agency Name": "Department of Health and Mental Hygiene", "Complaint Type": "Rodent", "Descriptor": "Condition Attracting Rodents", "Location Type": "3+ Family Apt. Building", "Incident Zip": 10027, "Incident Address": "103 WEST  128 STREET", "Street Name": "WEST  128 STREET", "Cross Street 1": "LENOX AVENUE", "Cross Street 2": "ADAM CLAYTON POWELL JR BOULEVARD", "Intersection Street 1": "LENOX AVENUE", "Intersection Street 2": "ADAM CLAYTON POWELL JR BOULEVARD", "Address Type": "ADDRESS", "City": "NEW YORK", "Landmark": "WEST  128 STREET", "Facility Type": "N/A", "Status": "Closed", "Due Date": null, "Resolution Description": "This service request was closed because the Department of Health and Mental Hygiene received an earlier complaint about the same location.  You can find inspection results for this address by going to the online Rat Portal at www.nyc.gov/rats.", "Resolution Action Updated Date": "09/04/2025 07:59:17 AM", "Community Board": "10 MANHATTAN", "BBL": 1019130028, "Borough": "MANHATTAN", "X Coordinate (State Plane)": 999594, "Y Coordinate (State Plane)": 234353, "Open Data Channel Type": "PHONE", "Park Facility Name": "Unspecified", "Park Borough": "MANHATTAN", "Vehicle Type": null, "Taxi Company Borough": null, "Taxi Pick Up Location": null, "Bridge Highway Name": null, "Bridge Highway Direction": null, "Road Ramp": null, "Bridge Highway Segment": null, "Latitude": 40.809907344295354, "Longitude": -73.944571216930157, "Location": "(40.809907344295354, -73.94457121693016)", "Zip Codes": 12424, "Community Districts": 18, "Borough Boundaries": 4, "City Council Districts": 36, "Police Precincts": 20, "Police Precinct": 20 }, "geometry": { "type": "Point", "coordinates": [ -73.944571216930157, 40.809907344295354 ] } },
{ "type": "Feature", "properties": { "Unique Key": 66043133, "Created Date": "09/03/2025 05:52:05 PM", "Closed Date": "09/05/2025 08:48:57 AM", "Agency": "DOHMH", "Agency Name": "Department of Health and Mental Hygiene", "Complaint Type": "Rodent", "Descriptor": "Condition Attracting Rodents", "Location Type": "3+ Family Apt. Building", "Incident Zip": 10030, "Incident Address": "231 EDGECOMBE AVENUE", "Street Name": "EDGECOMBE AVENUE", "Cross Street 1": "WEST 142 STREET", "Cross Street 2": "WEST 145 STREET", "Intersection Street 1": "WEST  142 STREET", "Intersection Street 2": "WEST  145 STREET", "Address Type": "ADDRESS", "City": "NEW YORK", "Landmark": "EDGECOMBE AVENUE", "Facility Type": "N/A", "Status": "Closed", "Due Date": null, "Resolution Description": "This service request was closed because the Department of Health and Mental Hygiene received an earlier complaint about the same location.  You can find inspection results for this address by going to the online Rat Portal at www.nyc.gov/rats.", "Resolution Action Updated Date": "09/03/2025 05:52:05 PM", "Community Board": "09 MANHATTAN", "BBL": 1020510060, "Borough": "MANHATTAN", "X Coordinate (State Plane)": 999753, "Y Coordinate (State Plane)": 239261, "Open Data Channel Type": "PHONE", "Park Facility Name": "Unspecified", "Park Borough": "MANHATTAN", "Vehicle Type": null, "Taxi Company Borough": null, "Taxi Pick Up Location": null, "Bridge Highway Name": null, "Bridge Highway Direction": null, "Road Ramp": null, "Bridge Highway Segment": null, "Latitude": 40.823378147639936, "Longitude": -73.943985506925657, "Location": "(40.823378147639936, -73.94398550692566)", "Zip Codes": 12427, "Community Districts": 37, "Borough Boundaries": 4, "City Council Districts": 36, "Police Precincts": 19, "Police Precinct": 19 }, "geometry": { "type": "Point", "coordinates": [ -73.943985506925657, 40.823378147639936 ] } },
{ "type": "Feature", "properties": { "Unique Key": 66043134, "Created Date": "09/03/2025 09:55:48 PM", "Closed Date": "09/03/2025 09:55:48 PM", "Agency": "DOHMH", "Agency Name": "Department of Health and Mental Hygiene", "Complaint Type": "Rodent", "Descriptor": "Condition Attracting Rodents", "Location Type": "3+ Family Apt. Building", "Incident Zip": 11221, "Incident Address": "85 STANHOPE STREET", "Street Name": "STANHOPE STREET", "Cross Street 1": "EVERGREEN AVENUE", "Cross Street 2": "CENTRAL AVENUE", "Intersection Street 1": "EVERGREEN AVENUE", "Intersection Street 2": "CENTRAL AVENUE", "Address Type": "ADDRESS", "City": "BROOKLYN", "Landmark": "STANHOPE STREET", "Facility Type": "N/A", "Status": "Closed", "Due Date": null, "Resolution Description": "An inspection of the property was conducted and it passed with minor violations found.", "Resolution Action Updated Date": "09/04/2025 01:03:58 PM", "Community Board": "04 BROOKLYN", "BBL": 3032540055, "Borough": "BROOKLYN", "X Coordinate (State Plane)": 1005195, "Y Coordinate (State Plane)": 193079, "Open Data Channel Type": "ONLINE", "Park Facility Name": "Unspecified", "Park Borough": "BROOKLYN", "Vehicle Type": null, "Taxi Company Borough": null, "Taxi Pick Up Location": null, "Bridge Highway Name": null, "Bridge Highway Direction": null, "Road Ramp": null, "Bridge Highway Segment": null, "Latitude": 40.696609239098272, "Longitude": -73.92446669492881, "Location": "(40.69660923909827, -73.92446669492881)", "Zip Codes": 18181, "Community Districts": 42, "Borough Boundaries": 2, "City Council Districts": 30, "Police Precincts": 53, "Police Precinct": 53 }, "geometry": { "type": "Point", "coordinates": [ -73.92446669492881, 40.696609239098272 ] } },
{ "type": "Feature", "properties": { "Unique Key": 66047282, "Created Date": "09/04/2025 10:11:07 AM", "Closed Date": "09/04/2025 10:49:50 AM", "Agency": "DOHMH", "Agency Name": "Department of Health and Mental Hygiene", "Complaint Type": "Rodent", "Descriptor": "Condition Attracting Rodents", "Location Type": "Other (Explain Below)", "Incident Zip": 10024, "Incident Address": "589 AMSTERDAM AVENUE", "Street Name": "AMSTERDAM AVENUE", "Cross Street 1": "WEST 88 STREET", "Cross Street 2": "WEST 89 STREET", "Intersection Street 1": "WEST   88 STREET", "Intersection Street 2": "WEST   89 STREET", "Address Type": "ADDRESS", "City": "NEW YORK", "Landmark": "AMSTERDAM AVENUE", "Facility Type": "N/A", "Status": "Closed", "Due Date": null, "Resolution Description": "This service request was closed because the Department of Health and Mental Hygiene received an earlier complaint about the same location.  You can find inspection results for this address by going to the online Rat Portal at www.nyc.gov/rats.", "Resolution Action Updated Date": "09/04/2025 10:11:07 AM", "Community Board": "07 MANHATTAN", "BBL": 1012190001, "Borough": "MANHATTAN", "X Coordinate (State Plane)": 991491, "Y Coordinate (State Plane)": 226827, "Open Data Channel Type": "ONLINE", "Park Facility Name": "Unspecified", "Park Borough": "MANHATTAN", "Vehicle Type": null, "Taxi Company Borough": null, "Taxi Pick Up Location": null, "Bridge Highway Name": null, "Bridge Highway Direction": null, "Road Ramp": null, "Bridge Highway Segment": null, "Latitude": 40.789260886149705, "Longitude": -73.973850669248591, "Location": "(40.789260886149705, -73.97385066924859)", "Zip Codes": 12421, "Community Districts": 20, "Borough Boundaries": 4, "City Council Districts": 19, "Police Precincts": 15, "Police Precinct": 15 }, "geometry": { "type": "Point", "coordinates": [ -73.973850669248591, 40.789260886149705 ] } },
{ "type": "Feature", "properties": { "Unique Key": 66077163, "Created Date": "09/07/2025 10:46:28 PM", "Closed Date": "09/07/2025 10:46:28 PM", "Agency": "DOHMH", "Agency Name": "Department of Health and Mental Hygiene", "Complaint Type": "Rodent", "Descriptor": "Condition Attracting Rodents", "Location Type": "Commercial Building", "Incident Zip": 11375, "Incident Address": "116-16 QUEENS BOULEVARD", "Street Name": "QUEENS BOULEVARD", "Cross Street 1": "77 AVENUE", "Cross Street 2": "78 AVENUE", "Intersection Street 1": "77 AVENUE", "Intersection Street 2": "78 AVENUE", "Address Type": "ADDRESS", "City": "FOREST HILLS", "Landmark": "QUEENS BOULEVARD", "Facility Type": "N/A", "Status": "Closed", "Due Date": null, "Resolution Description": "The Department of Health and Mental Hygiene inspected the property you reported and did not find any violations at the time of the inspection. The property passed inspection.", "Resolution Action Updated Date": "09/22/2025 02:35:15 PM", "Community Board": "06 QUEENS", "BBL": 4033460001, "Borough": "QUEENS", "X Coordinate (State Plane)": 1030444, "Y Coordinate (State Plane)": 200168, "Open Data Channel Type": "PHONE", "Park Facility Name": "Unspecified", "Park Borough": "QUEENS", "Vehicle Type": null, "Taxi Company Borough": null, "Taxi Pick Up Location": null, "Bridge Highway Name": null, "Bridge Highway Direction": null, "Road Ramp": null, "Bridge Highway Segment": null, "Latitude": 40.715971059442943, "Longitude": -73.833363535479833, "Location": "(40.71597105944294, -73.83336353547983)", "Zip Codes": 14786, "Community Districts": 40, "Borough Boundaries": 3, "City Council Districts": 28, "Police Precincts": 70, "Police Precinct": 70 }, "geometry": { "type": "Point", "coordinates": [ -73.833363535479833, 40.715971059442943 ] } },
{ "type": "Feature", "properties": { "Unique Key": 66078156, "Created Date": "09/08/2025 01:19:04 AM", "Closed Date": "09/08/2025 01:19:04 AM", "Agency": "DOHMH", "Agency Name": "Department of Health and Mental Hygiene", "Complaint Type": "Rodent", "Descriptor": "Condition Attracting Rodents", "Location Type": "3+ Family Apt. Building", "Incident Zip": 11208, "Incident Address": "790 ELDERT LANE", "Street Name": "ELDERT LANE", "Cross Street 1": "DUMONT AVENUE", "Cross Street 2": "LINDEN BOULEVARD", "Intersection Street 1": "DUMONT AVENUE", "Intersection Street 2": "LINDEN BOULEVARD", "Address Type": "ADDRESS", "City": "BROOKLYN", "Landmark": "ELDERT LANE", "Facility Type": "N/A", "Status": "Closed", "Due Date": null, "Resolution Description": "The Department of Health and Mental Hygiene found violations on the property you reported. Follow-up inspections will be scheduled.", "Resolution Action Updated Date": "09/15/2025 01:04:18 PM", "Community Board": "05 BROOKLYN", "BBL": 3042710001, "Borough": "BROOKLYN", "X Coordinate (State Plane)": 1022225, "Y Coordinate (State Plane)": 183607, "Open Data Channel Type": "ONLINE", "Park Facility Name": "Unspecified", "Park Borough": "BROOKLYN", "Vehicle Type": null, "Taxi Company Borough": null, "Taxi Pick Up Location": null, "Bridge Highway Name": null, "Bridge Highway Direction": null, "Road Ramp": null, "Bridge Highway Segment": null, "Latitude": 40.670554098799776, "Longitude": -73.863105392829198, "Location": "(40.67055409879978, -73.8631053928292)", "Zip Codes": 17215, "Community Districts": 45, "Borough Boundaries": 2, "City Council Districts": 25, "Police Precincts": 47, "Police Precinct": 47 }, "geometry": { "type": "Point", "coordinates": [ -73.863105392829198, 40.670554098799776 ] } },
{ "type": "Feature", "properties": { "Unique Key": 66084626, "Created Date": "09/08/2025 01:40:08 PM", "Closed Date": null, "Agency": "DOHMH", "Agency Name": "Department of Health and Mental Hygiene", "Complaint Type": "Rodent", "Descriptor": "Condition Attracting Rodents", "Location Type": "1-2 Family Dwelling", "Incident Zip": 10314, "Incident Address": "16 MAY AVENUE", "Street Name": "MAY AVENUE", "Cross Street 1": "LAMBERTS LANE", "Cross Street 2": "ROMAN AVENUE", "Intersection Street 1": "LAMBERTS LANE", "Intersection Street 2": "ROMAN AVENUE", "Address Type": "ADDRESS", "City": "STATEN ISLAND", "Landmark": "MAY AVENUE", "Facility Type": null, "Status": "In Progress", "Due Date": null, "Resolution Description": null, "Resolution Action Updated Date": null, "Community Board": "02 STATEN ISLAND", "BBL": 5016080001, "Borough": "STATEN ISLAND", "X Coordinate (State Plane)": 939306, "Y Coordinate (State Plane)": 163417, "Open Data Channel Type": "ONLINE", "Park Facility Name": "Unspecified", "Park Borough": "STATEN ISLAND", "Vehicle Type": null, "Taxi Company Borough": null, "Taxi Pick Up Location": null, "Bridge Highway Name": null, "Bridge Highway Direction": null, "Road Ramp": null, "Bridge Highway Segment": null, "Latitude": 40.615104348241559, "Longitude": -74.161882329176194, "Location": "(40.61510434824156, -74.1618823291762)", "Zip Codes": 10700, "Community Districts": 30, "Borough Boundaries": 1, "City Council Districts": 14, "Police Precincts": 75, "Police Precinct": 75 }, "geometry": { "type": "Point", "coordinates": [ -74.161882329176194, 40.615104348241559 ] } },
{ "type": "Feature", "properties": { "Unique Key": 66086043, "Created Date": "09/08/2025 07:54:09 PM", "Closed Date": "09/17/2025 01:31:57 PM", "Agency": "DOHMH", "Agency Name": "Department of Health and Mental Hygiene", "Complaint Type": "Rodent", "Descriptor": "Condition Attracting Rodents", "Location Type": "1-2 Family Dwelling", "Incident Zip": 11229, "Incident Address": "2302 EAST   22 STREET", "Street Name": "EAST   22 STREET", "Cross Street 1": "AVENUE W", "Cross Street 2": "AVENUE X", "Intersection Street 1": "AVENUE W", "Intersection Street 2": "AVENUE X", "Address Type": "ADDRESS", "City": "BROOKLYN", "Landmark": "EAST   22 STREET", "Facility Type": "N/A", "Status": "Closed", "Due Date": null, "Resolution Description": "This service request was closed because the Department of Health and Mental Hygiene received an earlier complaint about the same location.  You can find inspection results for this address by going to the online Rat Portal at www.nyc.gov/rats.", "Resolution Action Updated Date": "09/08/2025 07:54:09 PM", "Community Board": "15 BROOKLYN", "BBL": 3074050106, "Borough": "BROOKLYN", "X Coordinate (State Plane)": 998542, "Y Coordinate (State Plane)": 155960, "Open Data Channel Type": "MOBILE", "Park Facility Name": "Unspecified", "Park Borough": "BROOKLYN", "Vehicle Type": null, "Taxi Company Borough": null, "Taxi Pick Up Location": null, "Bridge Highway Name": null, "Bridge Highway Direction": null, "Road Ramp": null, "Bridge Highway Segment": null, "Latitude": 40.594738869609181, "Longitude": -73.948537837583103, "Location": "(40.59473886960918, -73.9485378375831)", "Zip Codes": 13512, "Community Districts": 32, "Borough Boundaries": 2, "City Council Districts": 15, "Police Precincts": 36, "Police Precinct": 36 }, "geometry": { "type": "Point", "coordinates": [ -73.948537837583103, 40.594738869609181 ] } },
{ "type": "Feature", "properties": { "Unique Key": 66086044, "Created Date": "09/08/2025 11:40:37 AM", "Closed Date": "09/08/2025 11:40:37 AM", "Agency": "DOHMH", "Agency Name": "Department of Health and Mental Hygiene", "Complaint Type": "Rodent", "Descriptor": "Condition Attracting Rodents", "Location Type": "3+ Family Apt. Building", "Incident Zip": 11204, "Incident Address": "6521 18 AVENUE", "Street Name": "18 AVENUE", "Cross Street 1": "65 STREET", "Cross Street 2": "66 STREET", "Intersection Street 1": "65 STREET", "Intersection Street 2": "66 STREET", "Address Type": "ADDRESS", "City": "BROOKLYN", "Landmark": "18 AVENUE", "Facility Type": "N/A", "Status": "Closed", "Due Date": null, "Resolution Description": "The Department of Health and Mental Hygiene inspected the property you reported and did not find any violations at the time of the inspection. The property passed inspection.", "Resolution Action Updated Date": "09/20/2025 09:09:34 AM", "Community Board": "11 BROOKLYN", "BBL": 3055540001, "Borough": "BROOKLYN", "X Coordinate (State Plane)": 986929, "Y Coordinate (State Plane)": 164776, "Open Data Channel Type": "ONLINE", "Park Facility Name": "Unspecified", "Park Borough": "BROOKLYN", "Vehicle Type": null, "Taxi Company Borough": null, "Taxi Pick Up Location": null, "Bridge Highway Name": null, "Bridge Highway Direction": null, "Road Ramp": null, "Bridge Highway Segment": null, "Latitude": 40.618948104810208, "Longitude": -73.990350047004227, "Location": "(40.61894810481021, -73.99035004700423)", "Zip Codes": 16867, "Community Districts": 1, "Borough Boundaries": 2, "City Council Districts": 45, "Police Precincts": 37, "Police Precinct": 37 }, "geometry": { "type": "Point", "coordinates": [ -73.990350047004227, 40.618948104810208 ] } },
{ "type": "Feature", "properties": { "Unique Key": 66087488, "Created Date": "09/08/2025 03:52:50 PM", "Closed Date": "09/08/2025 03:52:50 PM", "Agency": "DOHMH", "Agency Name": "Department of Health and Mental Hygiene", "Complaint Type": "Rodent", "Descriptor": "Condition Attracting Rodents", "Location Type": "3+ Family Apt. Building", "Incident Zip": 10460, "Incident Address": "368 BRONX PARK AVENUE", "Street Name": "BRONX PARK AVENUE", "Cross Street 1": "WYATT STREET", "Cross Street 2": "EAST 178 STREET", "Intersection Street 1": "WYATT STREET", "Intersection Street 2": "EAST  178 STREET", "Address Type": "ADDRESS", "City": "BRONX", "Landmark": "BRONX PARK AVENUE", "Facility Type": "N/A", "Status": "Closed", "Due Date": null, "Resolution Description": "The Department of Health and Mental Hygiene closed this complaint and referred it to another agency because it was not within its jurisdiction.", "Resolution Action Updated Date": "09/22/2025 08:00:00 AM", "Community Board": "06 BRONX", "BBL": 2039080004, "Borough": "BRONX", "X Coordinate (State Plane)": 1018552, "Y Coordinate (State Plane)": 245052, "Open Data Channel Type": "PHONE", "Park Facility Name": "Unspecified", "Park Borough": "BRONX", "Vehicle Type": null, "Taxi Company Borough": null, "Taxi Pick Up Location": null, "Bridge Highway Name": null, "Bridge Highway Direction": null, "Road Ramp": null, "Bridge Highway Segment": null, "Latitude": 40.839219764983383, "Longitude": -73.876032562566081, "Location": "(40.83921976498338, -73.87603256256608)", "Zip Codes": 11269, "Community Districts": 35, "Borough Boundaries": 5, "City Council Districts": 22, "Police Precincts": 31, "Police Precinct": 31 }, "geometry": { "type": "Point", "coordinates": [ -73.876032562566081, 40.839219764983383 ] } },
{ "type": "Feature", "properties": { "Unique Key": 66087490, "Created Date": "09/08/2025 10:24:31 AM", "Closed Date": null, "Agency": "DOHMH", "Agency Name": "Department of Health and Mental Hygiene", "Complaint Type": "Rodent", "Descriptor": "Condition Attracting Rodents", "Location Type": "Other (Explain Below)", "Incident Zip": 11370, "Incident Address": "19 AVENUE", "Street Name": "19 AVENUE", "Cross Street 1": "19 AVENUE", "Cross Street 2": "HAZEN STREET", "Intersection Street 1": "19 AVENUE", "Intersection Street 2": "HAZEN STREET", "Address Type": "INTERSECTION", "City": null, "Landmark": null, "Facility Type": null, "Status": "In Progress", "Due Date": null, "Resolution Description": null, "Resolution Action Updated Date": null, "Community Board": "01 QUEENS", "BBL": null, "Borough": "QUEENS", "X Coordinate (State Plane)": 1013917, "Y Coordinate (State Plane)": 221214, "Open Data Channel Type": "PHONE", "Park Facility Name": "Unspecified", "Park Borough": "QUEENS", "Vehicle Type": null, "Taxi Company Borough": null, "Taxi Pick Up Location": null, "Bridge Highway Name": null, "Bridge Highway Direction": null, "Road Ramp": null, "Bridge Highway Segment": null, "Latitude": 40.773807872096093, "Longitude": -73.892888778020918, "Location": "(40.77380787209609, -73.89288877802092)", "Zip Codes": 14781, "Community Districts": 3, "Borough Boundaries": 3, "City Council Districts": 4, "Police Precincts": 72, "Police Precinct": 72 }, "geometry": { "type": "Point", "coordinates": [ -73.892888778020918, 40.773807872096093 ] } },
{ "type": "Feature", "properties": { "Unique Key": 66087489, "Created Date": "09/08/2025 02:57:45 PM", "Closed Date": "09/08/2025 02:57:45 PM", "Agency": "DOHMH", "Agency Name": "Department of Health and Mental Hygiene", "Complaint Type": "Rodent", "Descriptor": "Condition Attracting Rodents", "Location Type": "3+ Family Apt. Building", "Incident Zip": 10024, "Incident Address": "171 WEST   80 STREET", "Street Name": "WEST   80 STREET", "Cross Street 1": "COLUMBUS AVENUE", "Cross Street 2": "AMSTERDAM AVENUE", "Intersection Street 1": "COLUMBUS AVENUE", "Intersection Street 2": "AMSTERDAM AVENUE", "Address Type": "ADDRESS", "City": "NEW YORK", "Landmark": "WEST   80 STREET", "Facility Type": "N/A", "Status": "Closed", "Due Date": null, "Resolution Description": "The Department of Health and Mental Hygiene inspected the property you reported and did not find any violations at the time of the inspection. The property passed inspection.", "Resolution Action Updated Date": "09/17/2025 10:15:12 AM", "Community Board": "07 MANHATTAN", "BBL": 1012110104, "Borough": "MANHATTAN", "X Coordinate (State Plane)": 990559, "Y Coordinate (State Plane)": 224758, "Open Data Channel Type": "MOBILE", "Park Facility Name": "Unspecified", "Park Borough": "MANHATTAN", "Vehicle Type": null, "Taxi Company Borough": null, "Taxi Pick Up Location": null, "Bridge Highway Name": null, "Bridge Highway Direction": null, "Road Ramp": null, "Bridge Highway Segment": null, "Latitude": 40.783582748707794, "Longitude": -73.977218331974242, "Location": "(40.78358274870779, -73.97721833197424)", "Zip Codes": 12421, "Community Districts": 20, "Borough Boundaries": 4, "City Council Districts": 19, "Police Precincts": 12, "Police Precinct": 12 }, "geometry": { "type": "Point", "coordinates": [ -73.977218331974242, 40.783582748707794 ] } },
{ "type": "Feature", "properties": { "Unique Key": 66087491, "Created Date": "09/08/2025 09:29:15 PM", "Closed Date": "09/08/2025 09:29:15 PM", "Agency": "DOHMH", "Agency Name": "Department of Health and Mental Hygiene", "Complaint Type": "Rodent", "Descriptor": "Condition Attracting Rodents", "Location Type": "1-2 Family Dwelling", "Incident Zip": 11210, "Incident Address": "654 EAST   22 STREET", "Street Name": "EAST   22 STREET", "Cross Street 1": "FOSTER AVENUE", "Cross Street 2": "FARRAGUT ROAD", "Intersection Street 1": "FOSTER AVENUE", "Intersection Street 2": "FARRAGUT ROAD", "Address Type": "ADDRESS", "City": "BROOKLYN", "Landmark": "EAST   22 STREET", "Facility Type": "N/A", "Status": "Closed", "Due Date": null, "Resolution Description": "The Department of Health and Mental Hygiene tried to inspect the property you reported but could not access the site. If you have information that will help the inspector access the site, please go online to nyc.gov/311 or call 311 and refile your complaint with contact information.", "Resolution Action Updated Date": "09/23/2025 11:55:48 AM", "Community Board": "14 BROOKLYN", "BBL": 3052210030, "Borough": "BROOKLYN", "X Coordinate (State Plane)": 996344, "Y Coordinate (State Plane)": 171142, "Open Data Channel Type": "PHONE", "Park Facility Name": "Unspecified", "Park Borough": "BROOKLYN", "Vehicle Type": null, "Taxi Company Borough": null, "Taxi Pick Up Location": null, "Bridge Highway Name": null, "Bridge Highway Direction": null, "Road Ramp": null, "Bridge Highway Segment": null, "Latitude": 40.636413583986574, "Longitude": -73.956425128306705, "Location": "(40.636413583986574, -73.9564251283067)", "Zip Codes": 17217, "Community Districts": 60, "Borough Boundaries": 2, "City Council Districts": 26, "Police Precincts": 43, "Police Precinct": 43 }, "geometry": { "type": "Point", "coordinates": [ -73.956425128306705, 40.636413583986574 ] } },
{ "type": "Feature", "properties": { "Unique Key": 66088967, "Created Date": "09/08/2025 03:08:01 PM", "Closed Date": null, "Agency": "DOHMH", "Agency Name": "Department of Health and Mental Hygiene", "Complaint Type": "Rodent", "Descriptor": "Condition Attracting Rodents", "Location Type": "1-2 Family Dwelling", "Incident Zip": 11373, "Incident Address": "91-02 50 AVENUE", "Street Name": "50 AVENUE", "Cross Street 1": "91 STREET", "Cross Street 2": "91 PLACE", "Intersection Street 1": "91 STREET", "Intersection Street 2": "91 PLACE", "Address Type": "ADDRESS", "City": "ELMHURST", "Landmark": "50 AVENUE", "Facility Type": null, "Status": "In Progress", "Due Date": null, "Resolution Description": null, "Resolution Action Updated Date": null, "Community Board": "04 QUEENS", "BBL": 4018520010, "Borough": "QUEENS", "X Coordinate (State Plane)": 1019361, "Y Coordinate (State Plane)": 209046, "Open Data Channel Type": "ONLINE", "Park Facility Name": "Unspecified", "Park Borough": "QUEENS", "Vehicle Type": null, "Taxi Company Borough": null, "Taxi Pick Up Location": null, "Bridge Highway Name": null, "Bridge Highway Direction": null, "Road Ramp": null, "Bridge Highway Segment": null, "Latitude": 40.740389904530929, "Longitude": -73.873297057482375, "Location": "(40.74038990453093, -73.87329705748238)", "Zip Codes": 14784, "Community Districts": 66, "Borough Boundaries": 3, "City Council Districts": 5, "Police Precincts": 68, "Police Precinct": 68 }, "geometry": { "type": "Point", "coordinates": [ -73.873297057482375, 40.740389904530929 ] } },
{ "type": "Feature", "properties": { "Unique Key": 66088968, "Created Date": "09/08/2025 05:02:32 PM", "Closed Date": "09/08/2025 05:02:32 PM", "Agency": "DOHMH", "Agency Name": "Department of Health and Mental Hygiene", "Complaint Type": "Rodent", "Descriptor": "Condition Attracting Rodents", "Location Type": "Vacant Lot", "Incident Zip": 11208, "Incident Address": "392 SHEPHERD AVENUE", "Street Name": "SHEPHERD AVENUE", "Cross Street 1": "GLENMORE AVENUE", "Cross Street 2": "PITKIN AVENUE", "Intersection Street 1": "GLENMORE AVENUE", "Intersection Street 2": "PITKIN AVENUE", "Address Type": "ADDRESS", "City": "BROOKLYN", "Landmark": "SHEPHERD AVENUE", "Facility Type": "N/A", "Status": "Closed", "Due Date": null, "Resolution Description": "The Department of Health and Mental Hygiene found violations on the property you reported. Follow-up inspections will be scheduled.", "Resolution Action Updated Date": "09/15/2025 10:47:00 AM", "Community Board": "05 BROOKLYN", "BBL": 3040040020, "Borough": "BROOKLYN", "X Coordinate (State Plane)": 1017257, "Y Coordinate (State Plane)": 185184, "Open Data Channel Type": "PHONE", "Park Facility Name": "Unspecified", "Park Borough": "BROOKLYN", "Vehicle Type": null, "Taxi Company Borough": null, "Taxi Pick Up Location": null, "Bridge Highway Name": null, "Bridge Highway Direction": null, "Road Ramp": null, "Bridge Highway Segment": null, "Latitude": 40.674902522081219, "Longitude": -73.881006597584957, "Location": "(40.67490252208122, -73.88100659758496)", "Zip Codes": 17215, "Community Districts": 45, "Borough Boundaries": 2, "City Council Districts": 37, "Police Precincts": 47, "Police Precinct": 47 }, "geometry": { "type": "Point", "coordinates": [ -73.881006597584957, 40.674902522081219 ] } },
{ "type": "Feature", "properties": { "Unique Key": 66090313, "Created Date": "09/08/2025 11:13:00 AM", "Closed Date": null, "Agency": "DOHMH", "Agency Name": "Department of Health and Mental Hygiene", "Complaint Type": "Rodent", "Descriptor": "Condition Attracting Rodents", "Location Type": "1-2 Family Dwelling", "Incident Zip": 11203, "Incident Address": "ALBANY AVENUE", "Street Name": "ALBANY AVENUE", "Cross Street 1": "ALBANY AVENUE", "Cross Street 2": "CORTELYOU ROAD", "Intersection Street 1": "ALBANY AVENUE", "Intersection Street 2": "CORTELYOU ROAD", "Address Type": "INTERSECTION", "City": null, "Landmark": null, "Facility Type": null, "Status": "In Progress", "Due Date": null, "Resolution Description": null, "Resolution Action Updated Date": null, "Community Board": "17 BROOKLYN", "BBL": null, "Borough": "BROOKLYN", "X Coordinate (State Plane)": 1001356, "Y Coordinate (State Plane)": 174221, "Open Data Channel Type": "PHONE", "Park Facility Name": "Unspecified", "Park Borough": "BROOKLYN", "Vehicle Type": null, "Taxi Company Borough": null, "Taxi Pick Up Location": null, "Bridge Highway Name": null, "Bridge Highway Direction": null, "Road Ramp": null, "Bridge Highway Segment": null, "Latitude": 40.644856515960875, "Longitude": -73.938359012306108, "Location": "(40.644856515960875, -73.93835901230611)", "Zip Codes": 16866, "Community Districts": 61, "Borough Boundaries": 2, "City Council Districts": 26, "Police Precincts": 40, "Police Precinct": 40 }, "geometry": { "type": "Point", "coordinates": [ -73.938359012306108, 40.644856515960875 ] } },
{ "type": "Feature", "properties": { "Unique Key": 66091796, "Created Date": "09/08/2025 12:35:19 PM", "Closed Date": "09/08/2025 12:35:19 PM", "Agency": "DOHMH", "Agency Name": "Department of Health and Mental Hygiene", "Complaint Type": "Rodent", "Descriptor": "Condition Attracting Rodents", "Location Type": "1-2 Family Dwelling", "Incident Zip": 11436, "Incident Address": "133-27 145 STREET", "Street Name": "145 STREET", "Cross Street 1": "133 AVENUE", "Cross Street 2": "135 AVENUE", "Intersection Street 1": "133 AVENUE", "Intersection Street 2": "135 AVENUE", "Address Type": "ADDRESS", "City": "JAMAICA", "Landmark": "145 STREET", "Facility Type": "N/A", "Status": "Closed", "Due Date": null, "Resolution Description": "The Department of Health and Mental Hygiene inspected the property you reported and did not find any violations at the time of the inspection. The property passed inspection.", "Resolution Action Updated Date": "09/23/2025 10:04:08 AM", "Community Board": "12 QUEENS", "BBL": 4120900020, "Borough": "QUEENS", "X Coordinate (State Plane)": 1041236, "Y Coordinate (State Plane)": 182925, "Open Data Channel Type": "ONLINE", "Park Facility Name": "Unspecified", "Park Borough": "QUEENS", "Vehicle Type": null, "Taxi Company Borough": null, "Taxi Pick Up Location": null, "Bridge Highway Name": null, "Bridge Highway Direction": null, "Road Ramp": null, "Bridge Highway Segment": null, "Latitude": 40.668580207414976, "Longitude": -73.794579349704165, "Location": "(40.668580207414976, -73.79457934970416)", "Zip Codes": 24671, "Community Districts": 41, "Borough Boundaries": 3, "City Council Districts": 46, "Police Precincts": 71, "Police Precinct": 71 }, "geometry": { "type": "Point", "coordinates": [ -73.794579349704165, 40.668580207414976 ] } },
{ "type": "Feature", "properties": { "Unique Key": 66091798, "Created Date": "09/08/2025 12:57:06 PM", "Closed Date": "09/08/2025 12:57:06 PM", "Agency": "DOHMH", "Agency Name": "Department of Health and Mental Hygiene", "Complaint Type": "Rodent", "Descriptor": "Condition Attracting Rodents", "Location Type": "3+ Family Mixed Use Building", "Incident Zip": 10011, "Incident Address": "115 WEST   23 STREET", "Street Name": "WEST   23 STREET", "Cross Street 1": "AVENUE OF THE AMERICAS", "Cross Street 2": "7 AVENUE", "Intersection Street 1": "AVENUE OF THE AMERICAS", "Intersection Street 2": "7 AVENUE", "Address Type": "ADDRESS", "City": "NEW YORK", "Landmark": "WEST   23 STREET", "Facility Type": "N/A", "Status": "Closed", "Due Date": null, "Resolution Description": "The Department of Health and Mental Hygiene inspected the property you reported and did not find any violations at the time of the inspection. The property passed inspection.", "Resolution Action Updated Date": "09/15/2025 08:00:17 AM", "Community Board": "04 MANHATTAN", "BBL": 1007990030, "Borough": "MANHATTAN", "X Coordinate (State Plane)": 986049, "Y Coordinate (State Plane)": 210050, "Open Data Channel Type": "ONLINE", "Park Facility Name": "Unspecified", "Park Borough": "MANHATTAN", "Vehicle Type": null, "Taxi Company Borough": null, "Taxi Pick Up Location": null, "Bridge Highway Name": null, "Bridge Highway Direction": null, "Road Ramp": null, "Bridge Highway Segment": null, "Latitude": 40.743215148184866, "Longitude": -73.993507784448951, "Location": "(40.743215148184866, -73.99350778444895)", "Zip Codes": 12074, "Community Districts": 12, "Borough Boundaries": 4, "City Council Districts": 10, "Police Precincts": 7, "Police Precinct": 7 }, "geometry": { "type": "Point", "coordinates": [ -73.993507784448951, 40.743215148184866 ] } },
{ "type": "Feature", "properties": { "Unique Key": 66093240, "Created Date": "09/08/2025 11:41:55 AM", "Closed Date": null, "Agency": "DOHMH", "Agency Name": "Department of Health and Mental Hygiene", "Complaint Type": "Rodent", "Descriptor": "Condition Attracting Rodents", "Location Type": "3+ Family Apt. Building", "Incident Zip": 11385, "Incident Address": "561 WOODWARD AVENUE", "Street Name": "WOODWARD AVENUE", "Cross Street 1": "BLEECKER STREET", "Cross Street 2": "MENAHAN STREET", "Intersection Street 1": "BLEECKER STREET", "Intersection Street 2": "MENAHAN STREET", "Address Type": "ADDRESS", "City": "RIDGEWOOD", "Landmark": "WOODWARD AVENUE", "Facility Type": null, "Status": "In Progress", "Due Date": null, "Resolution Description": null, "Resolution Action Updated Date": null, "Community Board": "05 QUEENS", "BBL": 4033900004, "Borough": "QUEENS", "X Coordinate (State Plane)": 1009489, "Y Coordinate (State Plane)": 196809, "Open Data Channel Type": "PHONE", "Park Facility Name": "Unspecified", "Park Borough": "QUEENS", "Vehicle Type": null, "Taxi Company Borough": null, "Taxi Pick Up Location": null, "Bridge Highway Name": null, "Bridge Highway Direction": null, "Road Ramp": null, "Bridge Highway Segment": null, "Latitude": 40.706836005090857, "Longitude": -73.908967406953437, "Location": "(40.70683600509086, -73.90896740695344)", "Zip Codes": 15310, "Community Districts": 54, "Borough Boundaries": 3, "City Council Districts": 34, "Police Precincts": 62, "Police Precinct": 62 }, "geometry": { "type": "Point", "coordinates": [ -73.908967406953437, 40.706836005090857 ] } },
{ "type": "Feature", "properties": { "Unique Key": 66093237, "Created Date": "09/08/2025 03:11:56 PM", "Closed Date": "09/08/2025 03:11:56 PM", "Agency": "DOHMH", "Agency Name": "Department of Health and Mental Hygiene", "Complaint Type": "Rodent", "Descriptor": "Condition Attracting Rodents", "Location Type": "3+ Family Apt. Building", "Incident Zip": 11203, "Incident Address": "285 EAST   35 STREET", "Street Name": "EAST   35 STREET", "Cross Street 1": "SNYDER AVENUE", "Cross Street 2": "TILDEN AVENUE", "Intersection Street 1": "SNYDER AVENUE", "Intersection Street 2": "TILDEN AVENUE", "Address Type": "ADDRESS", "City": "BROOKLYN", "Landmark": "EAST   35 STREET", "Facility Type": "N/A", "Status": "Closed", "Due Date": null, "Resolution Description": "The Department of Health and Mental Hygiene inspected the property you reported and did not find any violations at the time of the inspection. The property passed inspection.", "Resolution Action Updated Date": "09/17/2025 10:52:46 AM", "Community Board": "17 BROOKLYN", "BBL": 3049060065, "Borough": "BROOKLYN", "X Coordinate (State Plane)": 999663, "Y Coordinate (State Plane)": 175445, "Open Data Channel Type": "ONLINE", "Park Facility Name": "Unspecified", "Park Borough": "BROOKLYN", "Vehicle Type": null, "Taxi Company Borough": null, "Taxi Pick Up Location": null, "Bridge Highway Name": null, "Bridge Highway Direction": null, "Road Ramp": null, "Bridge Highway Segment": null, "Latitude": 40.64821923901372, "Longitude": -73.944456891571008, "Location": "(40.64821923901372, -73.94445689157101)", "Zip Codes": 16866, "Community Districts": 61, "Borough Boundaries": 2, "City Council Districts": 26, "Police Precincts": 40, "Police Precinct": 40 }, "geometry": { "type": "Point", "coordinates": [ -73.944456891571008, 40.64821923901372 ] } },
{ "type": "Feature", "properties": { "Unique Key": 66093238, "Created Date": "09/08/2025 04:30:50 PM", "Closed Date": "09/08/2025 04:30:50 PM", "Agency": "DOHMH", "Agency Name": "Department of Health and Mental Hygiene", "Complaint Type": "Rodent", "Descriptor": "Condition Attracting Rodents", "Location Type": "3+ Family Apt. Building", "Incident Zip": 10466, "Incident Address": "650 EAST  225 STREET", "Street Name": "EAST  225 STREET", "Cross Street 1": "CARPENTER AVENUE", "Cross Street 2": "WHITE PLAINS ROAD", "Intersection Street 1": "CARPENTER AVENUE", "Intersection Street 2": "WHITE PLAINS ROAD", "Address Type": "ADDRESS", "City": "BRONX", "Landmark": "EAST  225 STREET", "Facility Type": "N/A", "Status": "Closed", "Due Date": null, "Resolution Description": "The Department of Health and Mental Hygiene inspected the property you reported and did not find any violations at the time of the inspection. The property passed inspection.", "Resolution Action Updated Date": "09/22/2025 10:56:41 AM", "Community Board": "12 BRONX", "BBL": 2048260066, "Borough": "BRONX", "X Coordinate (State Plane)": 1022379, "Y Coordinate (State Plane)": 262946, "Open Data Channel Type": "PHONE", "Park Facility Name": "Unspecified", "Park Borough": "BRONX", "Vehicle Type": null, "Taxi Company Borough": null, "Taxi Pick Up Location": null, "Bridge Highway Name": null, "Bridge Highway Direction": null, "Road Ramp": null, "Bridge Highway Segment": null, "Latitude": 40.888317624863134, "Longitude": -73.862100000192513, "Location": "(40.888317624863134, -73.86210000019251)", "Zip Codes": 11275, "Community Districts": 29, "Borough Boundaries": 5, "City Council Districts": 2, "Police Precincts": 30, "Police Precinct": 30 }, "geometry": { "type": "Point", "coordinates": [ -73.862100000192513, 40.888317624863134 ] } },
{ "type": "Feature", "properties": { "Unique Key": 66096111, "Created Date": "09/09/2025 11:27:27 AM", "Closed Date": "09/09/2025 01:41:30 PM", "Agency": "DOHMH", "Agency Name": "Department of Health and Mental Hygiene", "Complaint Type": "Rodent", "Descriptor": "Condition Attracting Rodents", "Location Type": "1-2 Family Dwelling", "Incident Zip": 11216, "Incident Address": "390 HANCOCK STREET", "Street Name": "HANCOCK STREET", "Cross Street 1": "THROOP AVENUE", "Cross Street 2": "MARCUS GARVEY BOULEVARD", "Intersection Street 1": "THROOP AVENUE", "Intersection Street 2": "MARCUS GARVEY BOULEVARD", "Address Type": "ADDRESS", "City": "BROOKLYN", "Landmark": "HANCOCK STREET", "Facility Type": "N/A", "Status": "Closed", "Due Date": null, "Resolution Description": "This service request was closed because the Department of Health and Mental Hygiene received an earlier complaint about the same location.  You can find inspection results for this address by going to the online Rat Portal at www.nyc.gov/rats.", "Resolution Action Updated Date": "09/09/2025 11:27:27 AM", "Community Board": "03 BROOKLYN", "BBL": 3018410013, "Borough": "BROOKLYN", "X Coordinate (State Plane)": 1000903, "Y Coordinate (State Plane)": 188367, "Open Data Channel Type": "MOBILE", "Park Facility Name": "Unspecified", "Park Borough": "BROOKLYN", "Vehicle Type": null, "Taxi Company Borough": null, "Taxi Pick Up Location": null, "Bridge Highway Name": null, "Bridge Highway Direction": null, "Road Ramp": null, "Bridge Highway Segment": null, "Latitude": 40.683685004406094, "Longitude": -73.939956443858676, "Location": "(40.683685004406094, -73.93995644385868)", "Zip Codes": 17618, "Community Districts": 69, "Borough Boundaries": 2, "City Council Districts": 49, "Police Precincts": 51, "Police Precinct": 51 }, "geometry": { "type": "Point", "coordinates": [ -73.939956443858676, 40.683685004406094 ] } },
{ "type": "Feature", "properties": { "Unique Key": 66096112, "Created Date": "09/09/2025 05:52:31 AM", "Closed Date": "09/13/2025 01:23:06 PM", "Agency": "DOHMH", "Agency Name": "Department of Health and Mental Hygiene", "Complaint Type": "Rodent", "Descriptor": "Condition Attracting Rodents", "Location Type": "1-2 Family Dwelling", "Incident Zip": 11209, "Incident Address": "409 92 STREET", "Street Name": "92 STREET", "Cross Street 1": "4 AVENUE", "Cross Street 2": "5 AVENUE", "Intersection Street 1": "4 AVENUE", "Intersection Street 2": "5 AVENUE", "Address Type": "ADDRESS", "City": "BROOKLYN", "Landmark": "92 STREET", "Facility Type": "N/A", "Status": "Closed", "Due Date": null, "Resolution Description": "This service request was closed because the Department of Health and Mental Hygiene received an earlier complaint about the same location.  You can find inspection results for this address by going to the online Rat Portal at www.nyc.gov/rats.", "Resolution Action Updated Date": "09/09/2025 05:52:31 AM", "Community Board": "10 BROOKLYN", "BBL": 3060870032, "Borough": "BROOKLYN", "X Coordinate (State Plane)": 975925, "Y Coordinate (State Plane)": 164525, "Open Data Channel Type": "PHONE", "Park Facility Name": "Unspecified", "Park Borough": "BROOKLYN", "Vehicle Type": null, "Taxi Company Borough": null, "Taxi Pick Up Location": null, "Bridge Highway Name": null, "Bridge Highway Direction": null, "Road Ramp": null, "Bridge Highway Segment": null, "Latitude": 40.618255655830069, "Longitude": -74.029986945394469, "Location": "(40.61825565583007, -74.02998694539447)", "Zip Codes": 17216, "Community Districts": 10, "Borough Boundaries": 2, "City Council Districts": 44, "Police Precincts": 41, "Police Precinct": 41 }, "geometry": { "type": "Point", "coordinates": [ -74.029986945394469, 40.618255655830069 ] } },
{ "type": "Feature", "properties": { "Unique Key": 66145316, "Created Date": "09/13/2025 08:39:32 PM", "Closed Date": "09/13/2025 08:39:32 PM", "Agency": "DOHMH", "Agency Name": "Department of Health and Mental Hygiene", "Complaint Type": "Rodent", "Descriptor": "Condition Attracting Rodents", "Location Type": "3+ Family Apt. Building", "Incident Zip": 10469, "Incident Address": "3575 FISH AVENUE", "Street Name": "FISH AVENUE", "Cross Street 1": "HICKS STREET", "Cross Street 2": "NEEDHAM AVENUE", "Intersection Street 1": "HICKS STREET", "Intersection Street 2": "NEEDHAM AVENUE", "Address Type": "ADDRESS", "City": "BRONX", "Landmark": "FISH AVENUE", "Facility Type": "N/A", "Status": "Closed", "Due Date": null, "Resolution Description": "The Department of Health and Mental Hygiene inspected the property you reported and did not find any violations at the time of the inspection. The property passed inspection.", "Resolution Action Updated Date": "09/22/2025 01:22:41 PM", "Community Board": "12 BRONX", "BBL": 2047110091, "Borough": "BRONX", "X Coordinate (State Plane)": 1025387, "Y Coordinate (State Plane)": 259295, "Open Data Channel Type": "ONLINE", "Park Facility Name": "Unspecified", "Park Borough": "BRONX", "Vehicle Type": null, "Taxi Company Borough": null, "Taxi Pick Up Location": null, "Bridge Highway Name": null, "Bridge Highway Direction": null, "Road Ramp": null, "Bridge Highway Segment": null, "Latitude": 40.878283274577825, "Longitude": -73.85124350145017, "Location": "(40.878283274577825, -73.85124350145017)", "Zip Codes": 11607, "Community Districts": 29, "Borough Boundaries": 5, "City Council Districts": 2, "Police Precincts": 30, "Police Precinct": 30 }, "geometry": { "type": "Point", "coordinates": [ -73.85124350145017, 40.878283274577825 ] } },
{ "type": "Feature", "properties": { "Unique Key": 66149218, "Created Date": "09/13/2025 04:14:16 PM", "Closed Date": "09/15/2025 01:47:35 PM", "Agency": "DOHMH", "Agency Name": "Department of Health and Mental Hygiene", "Complaint Type": "Rodent", "Descriptor": "Condition Attracting Rodents", "Location Type": "1-2 Family Dwelling", "Incident Zip": 11215, "Incident Address": "519 2 STREET", "Street Name": "2 STREET", "Cross Street 1": "7 AVENUE", "Cross Street 2": "8 AVENUE", "Intersection Street 1": "7 AVENUE", "Intersection Street 2": "8 AVENUE", "Address Type": "ADDRESS", "City": "BROOKLYN", "Landmark": "2 STREET", "Facility Type": "N/A", "Status": "Closed", "Due Date": null, "Resolution Description": "This service request was closed because the Department of Health and Mental Hygiene received an earlier complaint about the same location.  You can find inspection results for this address by going to the online Rat Portal at www.nyc.gov/rats.", "Resolution Action Updated Date": "09/13/2025 04:14:16 PM", "Community Board": "06 BROOKLYN", "BBL": 3010760065, "Borough": "BROOKLYN", "X Coordinate (State Plane)": 990598, "Y Coordinate (State Plane)": 183620, "Open Data Channel Type": "PHONE", "Park Facility Name": "Unspecified", "Park Borough": "BROOKLYN", "Vehicle Type": null, "Taxi Company Borough": null, "Taxi Pick Up Location": null, "Bridge Highway Name": null, "Bridge Highway Direction": null, "Road Ramp": null, "Bridge Highway Segment": null, "Latitude": 40.670668951205663, "Longitude": -73.977116310232887, "Location": "(40.67066895120566, -73.97711631023289)", "Zip Codes": 17617, "Community Districts": 14, "Borough Boundaries": 2, "City Council Districts": 27, "Police Precincts": 50, "Police Precinct": 50 }, "geometry": { "type": "Point", "coordinates": [ -73.977116310232887, 40.670668951205663 ] } },
{ "type": "Feature", "properties": { "Unique Key": 66147898, "Created Date": "09/13/2025 03:36:43 PM", "Closed Date": "09/15/2025 01:47:35 PM", "Agency": "DOHMH", "Agency Name": "Department of Health and Mental Hygiene", "Complaint Type": "Rodent", "Descriptor": "Condition Attracting Rodents", "Location Type": "1-2 Family Dwelling", "Incident Zip": 11215, "Incident Address": "519 2 STREET", "Street Name": "2 STREET", "Cross Street 1": "7 AVENUE", "Cross Street 2": "8 AVENUE", "Intersection Street 1": "7 AVENUE", "Intersection Street 2": "8 AVENUE", "Address Type": "ADDRESS", "City": "BROOKLYN", "Landmark": "2 STREET", "Facility Type": "N/A", "Status": "Closed", "Due Date": null, "Resolution Description": "This service request was closed because the Department of Health and Mental Hygiene received an earlier complaint about the same location.  You can find inspection results for this address by going to the online Rat Portal at www.nyc.gov/rats.", "Resolution Action Updated Date": "09/13/2025 03:36:43 PM", "Community Board": "06 BROOKLYN", "BBL": 3010760065, "Borough": "BROOKLYN", "X Coordinate (State Plane)": 990598, "Y Coordinate (State Plane)": 183620, "Open Data Channel Type": "PHONE", "Park Facility Name": "Unspecified", "Park Borough": "BROOKLYN", "Vehicle Type": null, "Taxi Company Borough": null, "Taxi Pick Up Location": null, "Bridge Highway Name": null, "Bridge Highway Direction": null, "Road Ramp": null, "Bridge Highway Segment": null, "Latitude": 40.670668951205663, "Longitude": -73.977116310232887, "Location": "(40.67066895120566, -73.97711631023289)", "Zip Codes": 17617, "Community Districts": 14, "Borough Boundaries": 2, "City Council Districts": 27, "Police Precincts": 50, "Police Precinct": 50 }, "geometry": { "type": "Point", "coordinates": [ -73.977116310232887, 40.670668951205663 ] } },
{ "type": "Feature", "properties": { "Unique Key": 66024166, "Created Date": "09/02/2025 07:04:52 PM", "Closed Date": "09/05/2025 10:39:21 AM", "Agency": "DOHMH", "Agency Name": "Department of Health and Mental Hygiene", "Complaint Type": "Rodent", "Descriptor": "Condition Attracting Rodents", "Location Type": "3+ Family Apt. Building", "Incident Zip": 11218, "Incident Address": "430 OCEAN PARKWAY", "Street Name": "OCEAN PARKWAY", "Cross Street 1": "CORTELYOU ROAD", "Cross Street 2": "DITMAS AVENUE", "Intersection Street 1": "CORTELYOU ROAD", "Intersection Street 2": "DITMAS AVENUE", "Address Type": "ADDRESS", "City": "BROOKLYN", "Landmark": "OCEAN PARKWAY", "Facility Type": "N/A", "Status": "Closed", "Due Date": null, "Resolution Description": "This service request was closed because the Department of Health and Mental Hygiene received an earlier complaint about the same location.  You can find inspection results for this address by going to the online Rat Portal at www.nyc.gov/rats.", "Resolution Action Updated Date": "09/02/2025 07:04:52 PM", "Community Board": "12 BROOKLYN", "BBL": 3053890010, "Borough": "BROOKLYN", "X Coordinate (State Plane)": 991719, "Y Coordinate (State Plane)": 171700, "Open Data Channel Type": "ONLINE", "Park Facility Name": "Unspecified", "Park Borough": "BROOKLYN", "Vehicle Type": null, "Taxi Company Borough": null, "Taxi Pick Up Location": null, "Bridge Highway Name": null, "Bridge Highway Direction": null, "Road Ramp": null, "Bridge Highway Segment": null, "Latitude": 40.637950282371406, "Longitude": -73.973088456817564, "Location": "(40.637950282371406, -73.97308845681756)", "Zip Codes": 17620, "Community Districts": 2, "Borough Boundaries": 2, "City Council Districts": 27, "Police Precincts": 39, "Police Precinct": 39 }, "geometry": { "type": "Point", "coordinates": [ -73.973088456817564, 40.637950282371406 ] } },
{ "type": "Feature", "properties": { "Unique Key": 66028160, "Created Date": "09/02/2025 08:03:55 AM", "Closed Date": "09/02/2025 08:03:55 AM", "Agency": "DOHMH", "Agency Name": "Department of Health and Mental Hygiene", "Complaint Type": "Rodent", "Descriptor": "Condition Attracting Rodents", "Location Type": "3+ Family Apt. Building", "Incident Zip": 10455, "Incident Address": "751 DAWSON STREET", "Street Name": "DAWSON STREET", "Cross Street 1": "EAST 156 STREET", "Cross Street 2": "LONGWOOD AVENUE", "Intersection Street 1": "EAST  156 STREET", "Intersection Street 2": "LONGWOOD AVENUE", "Address Type": "ADDRESS", "City": "BRONX", "Landmark": "DAWSON STREET", "Facility Type": "N/A", "Status": "Closed", "Due Date": null, "Resolution Description": "The Department of Health and Mental Hygiene found violations on the property you reported. Follow-up inspections will be scheduled.", "Resolution Action Updated Date": "09/04/2025 01:00:38 PM", "Community Board": "02 BRONX", "BBL": 2026950042, "Borough": "BRONX", "X Coordinate (State Plane)": 1011897, "Y Coordinate (State Plane)": 237079, "Open Data Channel Type": "MOBILE", "Park Facility Name": "Unspecified", "Park Borough": "BRONX", "Vehicle Type": null, "Taxi Company Borough": null, "Taxi Pick Up Location": null, "Bridge Highway Name": null, "Bridge Highway Direction": null, "Road Ramp": null, "Bridge Highway Segment": null, "Latitude": 40.817359514802106, "Longitude": -73.900116566892592, "Location": "(40.817359514802106, -73.90011656689259)", "Zip Codes": 10933, "Community Districts": 8, "Borough Boundaries": 5, "City Council Districts": 43, "Police Precincts": 24, "Police Precinct": 24 }, "geometry": { "type": "Point", "coordinates": [ -73.900116566892592, 40.817359514802106 ] } },
{ "type": "Feature", "properties": { "Unique Key": 66030980, "Created Date": "09/02/2025 04:22:45 PM", "Closed Date": "09/02/2025 04:22:45 PM", "Agency": "DOHMH", "Agency Name": "Department of Health and Mental Hygiene", "Complaint Type": "Rodent", "Descriptor": "Condition Attracting Rodents", "Location Type": "Other (Explain Below)", "Incident Zip": 11211, "Incident Address": "BROADWAY", "Street Name": "BROADWAY", "Cross Street 1": "BROADWAY", "Cross Street 2": "MARCY AVENUE", "Intersection Street 1": "BROADWAY", "Intersection Street 2": "MARCY AVENUE", "Address Type": "INTERSECTION", "City": "BROOKLYN", "Landmark": null, "Facility Type": "N/A", "Status": "Closed", "Due Date": null, "Resolution Description": "The Department of Health and Mental Hygiene could not locate the address provided. Please go online to nyc.gov/311 or call 311 and file another request and provide the complete street address of the builiding. If your complaint was about a vacant lot, abandoned building ,street, or in a sewer, provide the nearest street address or intersection.", "Resolution Action Updated Date": "09/05/2025 01:52:22 PM", "Community Board": "01 BROOKLYN", "BBL": null, "Borough": "BROOKLYN", "X Coordinate (State Plane)": 995921, "Y Coordinate (State Plane)": 197378, "Open Data Channel Type": "PHONE", "Park Facility Name": "Unspecified", "Park Borough": "BROOKLYN", "Vehicle Type": null, "Taxi Company Borough": null, "Taxi Pick Up Location": null, "Bridge Highway Name": null, "Bridge Highway Direction": null, "Road Ramp": null, "Bridge Highway Segment": null, "Latitude": 40.708426074288269, "Longitude": -73.95790377644677, "Location": "(40.70842607428827, -73.95790377644677)", "Zip Codes": 17613, "Community Districts": 36, "Borough Boundaries": 2, "City Council Districts": 38, "Police Precincts": 56, "Police Precinct": 56 }, "geometry": { "type": "Point", "coordinates": [ -73.95790377644677, 40.708426074288269 ] } },
{ "type": "Feature", "properties": { "Unique Key": 66041796, "Created Date": "09/03/2025 08:43:27 AM", "Closed Date": "09/03/2025 08:43:27 AM", "Agency": "DOHMH", "Agency Name": "Department of Health and Mental Hygiene", "Complaint Type": "Rodent", "Descriptor": "Condition Attracting Rodents", "Location Type": "1-2 Family Dwelling", "Incident Zip": 10465, "Incident Address": "212 KEARNEY AVENUE", "Street Name": "KEARNEY AVENUE", "Cross Street 1": "HARDING AVENUE", "Cross Street 2": "LAWTON AVENUE", "Intersection Street 1": "HARDING AVENUE", "Intersection Street 2": "LAWTON AVENUE", "Address Type": "ADDRESS", "City": "BRONX", "Landmark": "KEARNEY AVENUE", "Facility Type": "N/A", "Status": "Closed", "Due Date": null, "Resolution Description": "The Department of Health and Mental Hygiene inspected the property you reported and did not find any violations at the time of the inspection. The property passed inspection.", "Resolution Action Updated Date": "09/04/2025 12:32:04 PM", "Community Board": "10 BRONX", "BBL": 2055010001, "Borough": "BRONX", "X Coordinate (State Plane)": 1036384, "Y Coordinate (State Plane)": 237228, "Open Data Channel Type": "ONLINE", "Park Facility Name": "Unspecified", "Park Borough": "BRONX", "Vehicle Type": null, "Taxi Company Borough": null, "Taxi Pick Up Location": null, "Bridge Highway Name": null, "Bridge Highway Direction": null, "Road Ramp": null, "Bridge Highway Segment": null, "Latitude": 40.817657901850403, "Longitude": -73.811648673130222, "Location": "(40.8176579018504, -73.81164867313022)", "Zip Codes": 11274, "Community Districts": 43, "Borough Boundaries": 5, "City Council Districts": 12, "Police Precincts": 28, "Police Precinct": 28 }, "geometry": { "type": "Point", "coordinates": [ -73.811648673130222, 40.817657901850403 ] } },
{ "type": "Feature", "properties": { "Unique Key": 66049906, "Created Date": "09/04/2025 02:42:19 PM", "Closed Date": "09/04/2025 02:42:19 PM", "Agency": "DOHMH", "Agency Name": "Department of Health and Mental Hygiene", "Complaint Type": "Rodent", "Descriptor": "Condition Attracting Rodents", "Location Type": "Public Garden", "Incident Zip": 10474, "Incident Address": "750 DRAKE STREET", "Street Name": "DRAKE STREET", "Cross Street 1": "SPOFFORD AVENUE", "Cross Street 2": "EDGEWATER ROAD", "Intersection Street 1": "SPOFFORD AVENUE", "Intersection Street 2": "EDGEWATER ROAD", "Address Type": "ADDRESS", "City": "BRONX", "Landmark": "DRAKE STREET", "Facility Type": "N/A", "Status": "Closed", "Due Date": null, "Resolution Description": "The Department of Health and Mental Hygiene found violations on the property you reported. Follow-up inspections will be scheduled.", "Resolution Action Updated Date": "09/06/2025 09:05:43 AM", "Community Board": "02 BRONX", "BBL": 2027640070, "Borough": "BRONX", "X Coordinate (State Plane)": 1016612, "Y Coordinate (State Plane)": 236671, "Open Data Channel Type": "PHONE", "Park Facility Name": "Unspecified", "Park Borough": "BRONX", "Vehicle Type": null, "Taxi Company Borough": null, "Taxi Pick Up Location": null, "Bridge Highway Name": null, "Bridge Highway Direction": null, "Road Ramp": null, "Bridge Highway Segment": null, "Latitude": 40.816223655457122, "Longitude": -73.883084141083032, "Location": "(40.81622365545712, -73.88308414108303)", "Zip Codes": 12343, "Community Districts": 8, "Borough Boundaries": 5, "City Council Districts": 43, "Police Precincts": 24, "Police Precinct": 24 }, "geometry": { "type": "Point", "coordinates": [ -73.883084141083032, 40.816223655457122 ] } },
{ "type": "Feature", "properties": { "Unique Key": 66052635, "Created Date": "09/04/2025 01:47:17 PM", "Closed Date": "09/05/2025 07:40:57 AM", "Agency": "DOHMH", "Agency Name": "Department of Health and Mental Hygiene", "Complaint Type": "Rodent", "Descriptor": "Condition Attracting Rodents", "Location Type": "3+ Family Apt. Building", "Incident Zip": 10453, "Incident Address": "80 CLINTON PLACE", "Street Name": "CLINTON PLACE", "Cross Street 1": "GRAND AVENUE", "Cross Street 2": "AQUEDUCT AVENUE EAST", "Intersection Street 1": "GRAND AVENUE", "Intersection Street 2": "AQUEDUCT AVENUE EAST", "Address Type": "ADDRESS", "City": "BRONX", "Landmark": "CLINTON PLACE", "Facility Type": "N/A", "Status": "Closed", "Due Date": null, "Resolution Description": "This service request was closed because the Department of Health and Mental Hygiene received an earlier complaint about the same location.  You can find inspection results for this address by going to the online Rat Portal at www.nyc.gov/rats.", "Resolution Action Updated Date": "09/04/2025 01:47:17 PM", "Community Board": "05 BRONX", "BBL": 2032070007, "Borough": "BRONX", "X Coordinate (State Plane)": 1009751, "Y Coordinate (State Plane)": 251654, "Open Data Channel Type": "PHONE", "Park Facility Name": "Unspecified", "Park Borough": "BRONX", "Vehicle Type": null, "Taxi Company Borough": null, "Taxi Pick Up Location": null, "Bridge Highway Name": null, "Bridge Highway Direction": null, "Road Ramp": null, "Bridge Highway Segment": null, "Latitude": 40.857370097023193, "Longitude": -73.907814242019114, "Location": "(40.85737009702319, -73.90781424201911)", "Zip Codes": 10931, "Community Districts": 6, "Borough Boundaries": 5, "City Council Districts": 29, "Police Precincts": 29, "Police Precinct": 29 }, "geometry": { "type": "Point", "coordinates": [ -73.907814242019114, 40.857370097023193 ] } },
{ "type": "Feature", "properties": { "Unique Key": 66052637, "Created Date": "09/04/2025 05:22:32 AM", "Closed Date": "09/05/2025 07:31:13 AM", "Agency": "DOHMH", "Agency Name": "Department of Health and Mental Hygiene", "Complaint Type": "Rodent", "Descriptor": "Condition Attracting Rodents", "Location Type": "3+ Family Apt. Building", "Incident Zip": 10031, "Incident Address": "508 WEST  136 STREET", "Street Name": "WEST  136 STREET", "Cross Street 1": "AMSTERDAM AVENUE", "Cross Street 2": "BROADWAY", "Intersection Street 1": "AMSTERDAM AVENUE", "Intersection Street 2": "BROADWAY", "Address Type": "ADDRESS", "City": "NEW YORK", "Landmark": "WEST  136 STREET", "Facility Type": "N/A", "Status": "Closed", "Due Date": null, "Resolution Description": "This service request was closed because the Department of Health and Mental Hygiene received an earlier complaint about the same location.  You can find inspection results for this address by going to the online Rat Portal at www.nyc.gov/rats.", "Resolution Action Updated Date": "09/04/2025 05:22:32 AM", "Community Board": "09 MANHATTAN", "BBL": 1019880114, "Borough": "MANHATTAN", "X Coordinate (State Plane)": 997327, "Y Coordinate (State Plane)": 238025, "Open Data Channel Type": "MOBILE", "Park Facility Name": "Unspecified", "Park Borough": "MANHATTAN", "Vehicle Type": null, "Taxi Company Borough": null, "Taxi Pick Up Location": null, "Bridge Highway Name": null, "Bridge Highway Direction": null, "Road Ramp": null, "Bridge Highway Segment": null, "Latitude": 40.819989602320817, "Longitude": -73.952753388853736, "Location": "(40.81998960232082, -73.95275338885374)", "Zip Codes": 12428, "Community Districts": 37, "Borough Boundaries": 4, "City Council Districts": 23, "Police Precincts": 19, "Police Precinct": 19 }, "geometry": { "type": "Point", "coordinates": [ -73.952753388853736, 40.819989602320817 ] } },
{ "type": "Feature", "properties": { "Unique Key": 66055304, "Created Date": "09/05/2025 11:49:14 AM", "Closed Date": "09/08/2025 03:31:49 PM", "Agency": "DOHMH", "Agency Name": "Department of Health and Mental Hygiene", "Complaint Type": "Rodent", "Descriptor": "Condition Attracting Rodents", "Location Type": "3+ Family Apt. Building", "Incident Zip": 11216, "Incident Address": "720 SAINT MARKS AVENUE", "Street Name": "SAINT MARKS AVENUE", "Cross Street 1": "NOSTRAND AVENUE", "Cross Street 2": "NEW YORK AVENUE", "Intersection Street 1": "NOSTRAND AVENUE", "Intersection Street 2": "NEW YORK AVENUE", "Address Type": "ADDRESS", "City": "BROOKLYN", "Landmark": "ST MARKS AVENUE", "Facility Type": "N/A", "Status": "Closed", "Due Date": null, "Resolution Description": "This service request was closed because the Department of Health and Mental Hygiene received an earlier complaint about the same location.  You can find inspection results for this address by going to the online Rat Portal at www.nyc.gov/rats.", "Resolution Action Updated Date": "09/05/2025 11:49:14 AM", "Community Board": "08 BROOKLYN", "BBL": 3012270016, "Borough": "BROOKLYN", "X Coordinate (State Plane)": 998339, "Y Coordinate (State Plane)": 185257, "Open Data Channel Type": "MOBILE", "Park Facility Name": "Unspecified", "Park Borough": "BROOKLYN", "Vehicle Type": null, "Taxi Company Borough": null, "Taxi Pick Up Location": null, "Bridge Highway Name": null, "Bridge Highway Direction": null, "Road Ramp": null, "Bridge Highway Segment": null, "Latitude": 40.675153213141769, "Longitude": -73.949207624845002, "Location": "(40.67515321314177, -73.949207624845)", "Zip Codes": 17618, "Community Districts": 16, "Borough Boundaries": 2, "City Council Districts": 49, "Police Precincts": 49, "Police Precinct": 49 }, "geometry": { "type": "Point", "coordinates": [ -73.949207624845002, 40.675153213141769 ] } },
{ "type": "Feature", "properties": { "Unique Key": 66064717, "Created Date": "09/05/2025 11:44:36 AM", "Closed Date": "09/05/2025 11:44:36 AM", "Agency": "DOHMH", "Agency Name": "Department of Health and Mental Hygiene", "Complaint Type": "Rodent", "Descriptor": "Condition Attracting Rodents", "Location Type": "1-2 Family Mixed Use Building", "Incident Zip": 11226, "Incident Address": "1154 FLATBUSH AVENUE", "Street Name": "FLATBUSH AVENUE", "Cross Street 1": "DORCHESTER ROAD", "Cross Street 2": "VANDERVEER PLACE", "Intersection Street 1": "DORCHESTER ROAD", "Intersection Street 2": "VANDERVEER PLACE", "Address Type": "ADDRESS", "City": "BROOKLYN", "Landmark": "FLATBUSH AVENUE", "Facility Type": "N/A", "Status": "Closed", "Due Date": null, "Resolution Description": "The Department of Health and Mental Hygiene found violations on the property you reported. Follow-up inspections will be scheduled.", "Resolution Action Updated Date": "09/08/2025 11:40:34 AM", "Community Board": "14 BROOKLYN", "BBL": 3051860093, "Borough": "BROOKLYN", "X Coordinate (State Plane)": 996102, "Y Coordinate (State Plane)": 173244, "Open Data Channel Type": "PHONE", "Park Facility Name": "Unspecified", "Park Borough": "BROOKLYN", "Vehicle Type": null, "Taxi Company Borough": null, "Taxi Pick Up Location": null, "Bridge Highway Name": null, "Bridge Highway Direction": null, "Road Ramp": null, "Bridge Highway Segment": null, "Latitude": 40.642183450940671, "Longitude": -73.957293365604897, "Location": "(40.64218345094067, -73.9572933656049)", "Zip Codes": 13510, "Community Districts": 60, "Borough Boundaries": 2, "City Council Districts": 11, "Police Precincts": 43, "Police Precinct": 43 }, "geometry": { "type": "Point", "coordinates": [ -73.957293365604897, 40.642183450940671 ] } },
{ "type": "Feature", "properties": { "Unique Key": 66094678, "Created Date": "09/09/2025 12:02:31 AM", "Closed Date": "09/09/2025 12:02:31 AM", "Agency": "DOHMH", "Agency Name": "Department of Health and Mental Hygiene", "Complaint Type": "Rodent", "Descriptor": "Condition Attracting Rodents", "Location Type": "1-2 Family Dwelling", "Incident Zip": 10473, "Incident Address": "932 BOYNTON AVENUE", "Street Name": "BOYNTON AVENUE", "Cross Street 1": "STORY AVENUE", "Cross Street 2": "BRUCKNER BOULEVARD", "Intersection Street 1": "STORY AVENUE", "Intersection Street 2": "BRUCKNER BOULEVARD", "Address Type": "ADDRESS", "City": "BRONX", "Landmark": "BOYNTON AVENUE", "Facility Type": "N/A", "Status": "Closed", "Due Date": null, "Resolution Description": "The Department of Health and Mental Hygiene found violations on the property you reported. Follow-up inspections will be scheduled.", "Resolution Action Updated Date": "09/12/2025 11:35:48 AM", "Community Board": "09 BRONX", "BBL": 2036530018, "Borough": "BRONX", "X Coordinate (State Plane)": 1018354, "Y Coordinate (State Plane)": 238955, "Open Data Channel Type": "PHONE", "Park Facility Name": "Unspecified", "Park Borough": "BRONX", "Vehicle Type": null, "Taxi Company Borough": null, "Taxi Pick Up Location": null, "Bridge Highway Name": null, "Bridge Highway Direction": null, "Road Ramp": null, "Bridge Highway Segment": null, "Latitude": 40.822486032640818, "Longitude": -73.876779129126732, "Location": "(40.82248603264082, -73.87677912912673)", "Zip Codes": 11611, "Community Districts": 58, "Borough Boundaries": 5, "City Council Districts": 31, "Police Precincts": 26, "Police Precinct": 26 }, "geometry": { "type": "Point", "coordinates": [ -73.876779129126732, 40.822486032640818 ] } },
{ "type": "Feature", "properties": { "Unique Key": 66097563, "Created Date": "09/09/2025 02:05:05 PM", "Closed Date": null, "Agency": "DOHMH", "Agency Name": "Department of Health and Mental Hygiene", "Complaint Type": "Rodent", "Descriptor": "Condition Attracting Rodents", "Location Type": "Other (Explain Below)", "Incident Zip": 10309, "Incident Address": "786 SHELDON AVENUE", "Street Name": "SHELDON AVENUE", "Cross Street 1": "MARCY AVENUE", "Cross Street 2": "VERNON AVENUE", "Intersection Street 1": "MARCY AVENUE", "Intersection Street 2": "VERNON AVENUE", "Address Type": "ADDRESS", "City": "STATEN ISLAND", "Landmark": "SHELDON AVENUE", "Facility Type": null, "Status": "In Progress", "Due Date": null, "Resolution Description": null, "Resolution Action Updated Date": null, "Community Board": "03 STATEN ISLAND", "BBL": 5068840055, "Borough": "STATEN ISLAND", "X Coordinate (State Plane)": 928227, "Y Coordinate (State Plane)": 135987, "Open Data Channel Type": "PHONE", "Park Facility Name": "Unspecified", "Park Borough": "STATEN ISLAND", "Vehicle Type": null, "Taxi Company Borough": null, "Taxi Pick Up Location": null, "Bridge Highway Name": null, "Bridge Highway Direction": null, "Road Ramp": null, "Bridge Highway Segment": null, "Latitude": 40.539751475999367, "Longitude": -74.201559956039659, "Location": "(40.53975147599937, -74.20155995603966)", "Zip Codes": 10696, "Community Districts": 15, "Borough Boundaries": 1, "City Council Districts": 9, "Police Precincts": 77, "Police Precinct": 77 }, "geometry": { "type": "Point", "coordinates": [ -74.201559956039659, 40.539751475999367 ] } },
{ "type": "Feature", "properties": { "Unique Key": 66097560, "Created Date": "09/09/2025 02:16:05 AM", "Closed Date": "09/22/2025 11:18:05 AM", "Agency": "DOHMH", "Agency Name": "Department of Health and Mental Hygiene", "Complaint Type": "Rodent", "Descriptor": "Condition Attracting Rodents", "Location Type": "3+ Family Apt. Building", "Incident Zip": 11216, "Incident Address": "346 GATES AVENUE", "Street Name": "GATES AVENUE", "Cross Street 1": "BEDFORD AVENUE", "Cross Street 2": "NOSTRAND AVENUE", "Intersection Street 1": "BEDFORD AVENUE", "Intersection Street 2": "NOSTRAND AVENUE", "Address Type": "ADDRESS", "City": "BROOKLYN", "Landmark": "GATES AVENUE", "Facility Type": "N/A", "Status": "Closed", "Due Date": null, "Resolution Description": "This service request was closed because the Department of Health and Mental Hygiene received an earlier complaint about the same location.  You can find inspection results for this address by going to the online Rat Portal at www.nyc.gov/rats.", "Resolution Action Updated Date": "09/09/2025 02:16:05 AM", "Community Board": "03 BROOKLYN", "BBL": 3018120025, "Borough": "BROOKLYN", "X Coordinate (State Plane)": 997361, "Y Coordinate (State Plane)": 189196, "Open Data Channel Type": "ONLINE", "Park Facility Name": "Unspecified", "Park Borough": "BROOKLYN", "Vehicle Type": null, "Taxi Company Borough": null, "Taxi Pick Up Location": null, "Bridge Highway Name": null, "Bridge Highway Direction": null, "Road Ramp": null, "Bridge Highway Segment": null, "Latitude": 40.68596637495552, "Longitude": -73.952725756651859, "Location": "(40.68596637495552, -73.95272575665186)", "Zip Codes": 17618, "Community Districts": 69, "Borough Boundaries": 2, "City Council Districts": 49, "Police Precincts": 51, "Police Precinct": 51 }, "geometry": { "type": "Point", "coordinates": [ -73.952725756651859, 40.68596637495552 ] } },
{ "type": "Feature", "properties": { "Unique Key": 66097561, "Created Date": "09/09/2025 09:51:13 AM", "Closed Date": "09/09/2025 09:51:13 AM", "Agency": "DOHMH", "Agency Name": "Department of Health and Mental Hygiene", "Complaint Type": "Rodent", "Descriptor": "Condition Attracting Rodents", "Location Type": "3+ Family Apt. Building", "Incident Zip": 11238, "Incident Address": "375 LINCOLN PLACE", "Street Name": "LINCOLN PLACE", "Cross Street 1": "UNDERHILL AVENUE", "Cross Street 2": "WASHINGTON AVENUE", "Intersection Street 1": "UNDERHILL AVENUE", "Intersection Street 2": "WASHINGTON AVENUE", "Address Type": "ADDRESS", "City": "BROOKLYN", "Landmark": "LINCOLN PLACE", "Facility Type": "N/A", "Status": "Closed", "Due Date": null, "Resolution Description": "The Department of Health and Mental Hygiene inspected the property you reported and did not find any violations at the time of the inspection. The property passed inspection.", "Resolution Action Updated Date": "09/19/2025 12:48:12 PM", "Community Board": "08 BROOKLYN", "BBL": 3011760047, "Borough": "BROOKLYN", "X Coordinate (State Plane)": 994293, "Y Coordinate (State Plane)": 184469, "Open Data Channel Type": "ONLINE", "Park Facility Name": "Unspecified", "Park Borough": "BROOKLYN", "Vehicle Type": null, "Taxi Company Borough": null, "Taxi Pick Up Location": null, "Bridge Highway Name": null, "Bridge Highway Direction": null, "Road Ramp": null, "Bridge Highway Segment": null, "Latitude": 40.672995845212846, "Longitude": -73.963795066416026, "Location": "(40.672995845212846, -73.96379506641603)", "Zip Codes": 13829, "Community Districts": 16, "Borough Boundaries": 2, "City Council Districts": 48, "Police Precincts": 49, "Police Precinct": 49 }, "geometry": { "type": "Point", "coordinates": [ -73.963795066416026, 40.672995845212846 ] } },
{ "type": "Feature", "properties": { "Unique Key": 66098962, "Created Date": "09/09/2025 02:55:03 PM", "Closed Date": "09/09/2025 02:55:03 PM", "Agency": "DOHMH", "Agency Name": "Department of Health and Mental Hygiene", "Complaint Type": "Rodent", "Descriptor": "Condition Attracting Rodents", "Location Type": "1-2 Family Dwelling", "Incident Zip": 11435, "Incident Address": "104-15 PINEGROVE STREET", "Street Name": "PINEGROVE STREET", "Cross Street 1": "LIBERTY AVENUE", "Cross Street 2": "105 AVENUE", "Intersection Street 1": "LIBERTY AVENUE", "Intersection Street 2": "105 AVENUE", "Address Type": "ADDRESS", "City": "JAMAICA", "Landmark": "PINEGROVE STREET", "Facility Type": "N/A", "Status": "Closed", "Due Date": null, "Resolution Description": "The Department of Health and Mental Hygiene inspected the property you reported and did not find any violations at the time of the inspection. The property passed inspection.", "Resolution Action Updated Date": "09/23/2025 10:31:11 AM", "Community Board": "12 QUEENS", "BBL": 4100430036, "Borough": "QUEENS", "X Coordinate (State Plane)": 1037393, "Y Coordinate (State Plane)": 191527, "Open Data Channel Type": "PHONE", "Park Facility Name": "Unspecified", "Park Borough": "QUEENS", "Vehicle Type": null, "Taxi Company Borough": null, "Taxi Pick Up Location": null, "Bridge Highway Name": null, "Bridge Highway Direction": null, "Road Ramp": null, "Bridge Highway Segment": null, "Latitude": 40.692214590698754, "Longitude": -73.80836454691962, "Location": "(40.692214590698754, -73.80836454691962)", "Zip Codes": 24670, "Community Districts": 41, "Borough Boundaries": 3, "City Council Districts": 46, "Police Precincts": 61, "Police Precinct": 61 }, "geometry": { "type": "Point", "coordinates": [ -73.80836454691962, 40.692214590698754 ] } },
{ "type": "Feature", "properties": { "Unique Key": 66101823, "Created Date": "09/09/2025 02:22:55 PM", "Closed Date": "09/09/2025 02:22:55 PM", "Agency": "DOHMH", "Agency Name": "Department of Health and Mental Hygiene", "Complaint Type": "Rodent", "Descriptor": "Condition Attracting Rodents", "Location Type": "3+ Family Apt. Building", "Incident Zip": 11231, "Incident Address": "346 CLINTON STREET", "Street Name": "CLINTON STREET", "Cross Street 1": "KANE STREET", "Cross Street 2": "DEGRAW STREET", "Intersection Street 1": "KANE STREET", "Intersection Street 2": "DEGRAW STREET", "Address Type": "ADDRESS", "City": "BROOKLYN", "Landmark": "CLINTON STREET", "Facility Type": "N/A", "Status": "Closed", "Due Date": null, "Resolution Description": "The Department of Health and Mental Hygiene found violations on the property you reported. Follow-up inspections will be scheduled.", "Resolution Action Updated Date": "09/16/2025 11:30:00 AM", "Community Board": "06 BROOKLYN", "BBL": 3003240047, "Borough": "BROOKLYN", "X Coordinate (State Plane)": 985127, "Y Coordinate (State Plane)": 188888, "Open Data Channel Type": "ONLINE", "Park Facility Name": "Unspecified", "Park Borough": "BROOKLYN", "Vehicle Type": null, "Taxi Company Borough": null, "Taxi Pick Up Location": null, "Bridge Highway Name": null, "Bridge Highway Direction": null, "Road Ramp": null, "Bridge Highway Segment": null, "Latitude": 40.685130652541275, "Longitude": -73.996837846860771, "Location": "(40.685130652541275, -73.99683784686077)", "Zip Codes": 13514, "Community Districts": 14, "Borough Boundaries": 2, "City Council Districts": 27, "Police Precincts": 48, "Police Precinct": 48 }, "geometry": { "type": "Point", "coordinates": [ -73.996837846860771, 40.685130652541275 ] } },
{ "type": "Feature", "properties": { "Unique Key": 66103331, "Created Date": "09/09/2025 09:46:11 AM", "Closed Date": "09/09/2025 09:46:11 AM", "Agency": "DOHMH", "Agency Name": "Department of Health and Mental Hygiene", "Complaint Type": "Rodent", "Descriptor": "Condition Attracting Rodents", "Location Type": "3+ Family Apt. Building", "Incident Zip": 10452, "Incident Address": "937 SUMMIT AVENUE", "Street Name": "SUMMIT AVENUE", "Cross Street 1": "WEST 161 STREET", "Cross Street 2": "WEST 162 STREET", "Intersection Street 1": "WEST  161 STREET", "Intersection Street 2": "WEST  162 STREET", "Address Type": "ADDRESS", "City": "BRONX", "Landmark": "SUMMIT AVENUE", "Facility Type": "N/A", "Status": "Closed", "Due Date": null, "Resolution Description": "The Department of Health and Mental Hygiene found violations on the property you reported. Follow-up inspections will be scheduled.", "Resolution Action Updated Date": "09/12/2025 01:14:35 PM", "Community Board": "04 BRONX", "BBL": 2025230066, "Borough": "BRONX", "X Coordinate (State Plane)": 1003329, "Y Coordinate (State Plane)": 242302, "Open Data Channel Type": "PHONE", "Park Facility Name": "Unspecified", "Park Borough": "BRONX", "Vehicle Type": null, "Taxi Company Borough": null, "Taxi Pick Up Location": null, "Bridge Highway Name": null, "Bridge Highway Direction": null, "Road Ramp": null, "Bridge Highway Segment": null, "Latitude": 40.831717822062522, "Longitude": -73.931056279097135, "Location": "(40.83171782206252, -73.93105627909713)", "Zip Codes": 10930, "Community Districts": 50, "Borough Boundaries": 5, "City Council Districts": 35, "Police Precincts": 27, "Police Precinct": 27 }, "geometry": { "type": "Point", "coordinates": [ -73.931056279097135, 40.831717822062522 ] } },
{ "type": "Feature", "properties": { "Unique Key": 66103330, "Created Date": "09/09/2025 07:33:48 PM", "Closed Date": "09/09/2025 07:33:48 PM", "Agency": "DOHMH", "Agency Name": "Department of Health and Mental Hygiene", "Complaint Type": "Rodent", "Descriptor": "Condition Attracting Rodents", "Location Type": "3+ Family Apt. Building", "Incident Zip": 10468, "Incident Address": "67 WEST  192 STREET", "Street Name": "WEST  192 STREET", "Cross Street 1": "AQUEDUCT AVENUE WEST", "Cross Street 2": "UNIVERSITY AVENUE", "Intersection Street 1": "AQUEDUCT AVENUE WEST", "Intersection Street 2": "UNIVERSITY AVENUE", "Address Type": "ADDRESS", "City": "BRONX", "Landmark": "WEST  192 STREET", "Facility Type": "N/A", "Status": "Closed", "Due Date": null, "Resolution Description": "The Department of Health and Mental Hygiene found violations on the property you reported. Follow-up inspections will be scheduled.", "Resolution Action Updated Date": "09/17/2025 11:35:00 AM", "Community Board": "07 BRONX", "BBL": 2032150064, "Borough": "BRONX", "X Coordinate (State Plane)": 1011523, "Y Coordinate (State Plane)": 255058, "Open Data Channel Type": "MOBILE", "Park Facility Name": "Unspecified", "Park Borough": "BRONX", "Vehicle Type": null, "Taxi Company Borough": null, "Taxi Pick Up Location": null, "Bridge Highway Name": null, "Bridge Highway Direction": null, "Road Ramp": null, "Bridge Highway Segment": null, "Latitude": 40.8667077479694, "Longitude": -73.901394640264641, "Location": "(40.8667077479694, -73.90139464026464)", "Zip Codes": 11606, "Community Districts": 24, "Borough Boundaries": 5, "City Council Districts": 29, "Police Precincts": 34, "Police Precinct": 34 }, "geometry": { "type": "Point", "coordinates": [ -73.901394640264641, 40.8667077479694 ] } },
{ "type": "Feature", "properties": { "Unique Key": 66103332, "Created Date": "09/09/2025 09:57:37 AM", "Closed Date": "09/09/2025 09:57:37 AM", "Agency": "DOHMH", "Agency Name": "Department of Health and Mental Hygiene", "Complaint Type": "Rodent", "Descriptor": "Condition Attracting Rodents", "Location Type": "Vacant Building", "Incident Zip": 10035, "Incident Address": "418 EAST  119 STREET", "Street Name": "EAST  119 STREET", "Cross Street 1": "1 AVENUE", "Cross Street 2": "PLEASANT AVENUE", "Intersection Street 1": "1 AVENUE", "Intersection Street 2": "PLEASANT AVENUE", "Address Type": "ADDRESS", "City": "NEW YORK", "Landmark": "EAST  119 STREET", "Facility Type": "N/A", "Status": "Closed", "Due Date": null, "Resolution Description": "The Department of Health and Mental Hygiene found violations on the property you reported. Follow-up inspections will be scheduled.", "Resolution Action Updated Date": "09/19/2025 11:03:00 AM", "Community Board": "11 MANHATTAN", "BBL": 1018060040, "Borough": "MANHATTAN", "X Coordinate (State Plane)": 1002698, "Y Coordinate (State Plane)": 229894, "Open Data Channel Type": "PHONE", "Park Facility Name": "Unspecified", "Park Borough": "MANHATTAN", "Vehicle Type": null, "Taxi Company Borough": null, "Taxi Pick Up Location": null, "Bridge Highway Name": null, "Bridge Highway Direction": null, "Road Ramp": null, "Bridge Highway Segment": null, "Latitude": 40.797662681554058, "Longitude": -73.933370559611618, "Location": "(40.79766268155406, -73.93337055961162)", "Zip Codes": 13093, "Community Districts": 7, "Borough Boundaries": 4, "City Council Districts": 35, "Police Precincts": 16, "Police Precinct": 16 }, "geometry": { "type": "Point", "coordinates": [ -73.933370559611618, 40.797662681554058 ] } },
{ "type": "Feature", "properties": { "Unique Key": 66106208, "Created Date": "09/09/2025 06:03:06 PM", "Closed Date": "09/09/2025 06:03:06 PM", "Agency": "DOHMH", "Agency Name": "Department of Health and Mental Hygiene", "Complaint Type": "Rodent", "Descriptor": "Condition Attracting Rodents", "Location Type": "3+ Family Mixed Use Building", "Incident Zip": 11239, "Incident Address": "441 VANDALIA AVENUE", "Street Name": "VANDALIA AVENUE", "Cross Street 1": "JEROME STREET", "Cross Street 2": "ASHFORD STREET", "Intersection Street 1": "JEROME STREET", "Intersection Street 2": "ASHFORD STREET", "Address Type": "ADDRESS", "City": "BROOKLYN", "Landmark": "VANDALIA AVENUE", "Facility Type": "N/A", "Status": "Closed", "Due Date": null, "Resolution Description": "The Department of Health and Mental Hygiene inspected the property you reported and did not find any violations at the time of the inspection. The property passed inspection.", "Resolution Action Updated Date": "09/19/2025 03:12:00 PM", "Community Board": "05 BROOKLYN", "BBL": 3044520114, "Borough": "BROOKLYN", "X Coordinate (State Plane)": 1018602, "Y Coordinate (State Plane)": 177780, "Open Data Channel Type": "ONLINE", "Park Facility Name": "Unspecified", "Park Borough": "BROOKLYN", "Vehicle Type": null, "Taxi Company Borough": null, "Taxi Pick Up Location": null, "Bridge Highway Name": null, "Bridge Highway Direction": null, "Road Ramp": null, "Bridge Highway Segment": null, "Latitude": 40.654575087426991, "Longitude": -73.876195474835498, "Location": "(40.65457508742699, -73.8761954748355)", "Zip Codes": 17215, "Community Districts": 45, "Borough Boundaries": 2, "City Council Districts": 25, "Police Precincts": 47, "Police Precinct": 47 }, "geometry": { "type": "Point", "coordinates": [ -73.876195474835498, 40.654575087426991 ] } },
{ "type": "Feature", "properties": { "Unique Key": 66107541, "Created Date": "09/10/2025 08:17:28 PM", "Closed Date": "09/10/2025 08:17:28 PM", "Agency": "DOHMH", "Agency Name": "Department of Health and Mental Hygiene", "Complaint Type": "Rodent", "Descriptor": "Condition Attracting Rodents", "Location Type": "3+ Family Apt. Building", "Incident Zip": 11225, "Incident Address": "494 MIDWOOD STREET", "Street Name": "MIDWOOD STREET", "Cross Street 1": "BROOKLYN AVENUE", "Cross Street 2": "KINGSTON AVENUE", "Intersection Street 1": "BROOKLYN AVENUE", "Intersection Street 2": "KINGSTON AVENUE", "Address Type": "ADDRESS", "City": "BROOKLYN", "Landmark": "MIDWOOD STREET", "Facility Type": "N/A", "Status": "Closed", "Due Date": null, "Resolution Description": "The Department of Health and Mental Hygiene inspected the property you reported and did not find any violations at the time of the inspection. The property passed inspection.", "Resolution Action Updated Date": "09/18/2025 03:00:36 PM", "Community Board": "09 BROOKLYN", "BBL": 3048030022, "Borough": "BROOKLYN", "X Coordinate (State Plane)": 999766, "Y Coordinate (State Plane)": 179924, "Open Data Channel Type": "ONLINE", "Park Facility Name": "Unspecified", "Park Borough": "BROOKLYN", "Vehicle Type": null, "Taxi Company Borough": null, "Taxi Pick Up Location": null, "Bridge Highway Name": null, "Bridge Highway Direction": null, "Road Ramp": null, "Bridge Highway Segment": null, "Latitude": 40.660512933098147, "Longitude": -73.944075410655159, "Location": "(40.66051293309815, -73.94407541065516)", "Zip Codes": 16866, "Community Districts": 17, "Borough Boundaries": 2, "City Council Districts": 11, "Police Precincts": 44, "Police Precinct": 44 }, "geometry": { "type": "Point", "coordinates": [ -73.944075410655159, 40.660512933098147 ] } },
{ "type": "Feature", "properties": { "Unique Key": 66108840, "Created Date": "09/10/2025 03:25:07 PM", "Closed Date": "09/10/2025 03:25:07 PM", "Agency": "DOHMH", "Agency Name": "Department of Health and Mental Hygiene", "Complaint Type": "Rodent", "Descriptor": "Condition Attracting Rodents", "Location Type": "3+ Family Apt. Building", "Incident Zip": 11206, "Incident Address": "45 SCHOLES STREET", "Street Name": "SCHOLES STREET", "Cross Street 1": "LORIMER STREET", "Cross Street 2": "LEONARD STREET", "Intersection Street 1": "LORIMER STREET", "Intersection Street 2": "LEONARD STREET", "Address Type": "ADDRESS", "City": "BROOKLYN", "Landmark": "SCHOLES STREET", "Facility Type": "N/A", "Status": "Closed", "Due Date": null, "Resolution Description": "The Department of Health and Mental Hygiene inspected the property you reported and did not find any violations at the time of the inspection. The property passed inspection.", "Resolution Action Updated Date": "09/22/2025 11:06:00 AM", "Community Board": "01 BROOKLYN", "BBL": 3030310018, "Borough": "BROOKLYN", "X Coordinate (State Plane)": 998461, "Y Coordinate (State Plane)": 197328, "Open Data Channel Type": "MOBILE", "Park Facility Name": "Unspecified", "Park Borough": "BROOKLYN", "Vehicle Type": null, "Taxi Company Borough": null, "Taxi Pick Up Location": null, "Bridge Highway Name": null, "Bridge Highway Direction": null, "Road Ramp": null, "Bridge Highway Segment": null, "Latitude": 40.708285121209705, "Longitude": -73.948742337498487, "Location": "(40.708285121209705, -73.94874233749849)", "Zip Codes": 17213, "Community Districts": 36, "Borough Boundaries": 2, "City Council Districts": 30, "Police Precincts": 56, "Police Precinct": 56 }, "geometry": { "type": "Point", "coordinates": [ -73.948742337498487, 40.708285121209705 ] } },
{ "type": "Feature", "properties": { "Unique Key": 66108841, "Created Date": "09/10/2025 09:04:17 AM", "Closed Date": "09/10/2025 09:04:17 AM", "Agency": "DOHMH", "Agency Name": "Department of Health and Mental Hygiene", "Complaint Type": "Rodent", "Descriptor": "Condition Attracting Rodents", "Location Type": "3+ Family Apt. Building", "Incident Zip": 11226, "Incident Address": "2575 BEDFORD AVENUE", "Street Name": "BEDFORD AVENUE", "Cross Street 1": "CLARENDON ROAD", "Cross Street 2": "AVENUE D", "Intersection Street 1": "CLARENDON ROAD", "Intersection Street 2": "AVENUE D", "Address Type": "ADDRESS", "City": "BROOKLYN", "Landmark": "BEDFORD AVENUE", "Facility Type": "N/A", "Status": "Closed", "Due Date": null, "Resolution Description": "An inspection of the property was conducted and it passed with minor violations found.", "Resolution Action Updated Date": "09/21/2025 08:00:23 AM", "Community Board": "17 BROOKLYN", "BBL": 3051900046, "Borough": "BROOKLYN", "X Coordinate (State Plane)": 996931, "Y Coordinate (State Plane)": 172790, "Open Data Channel Type": "MOBILE", "Park Facility Name": "Unspecified", "Park Borough": "BROOKLYN", "Vehicle Type": null, "Taxi Company Borough": null, "Taxi Pick Up Location": null, "Bridge Highway Name": null, "Bridge Highway Direction": null, "Road Ramp": null, "Bridge Highway Segment": null, "Latitude": 40.640936170354969, "Longitude": -73.954307061183215, "Location": "(40.64093617035497, -73.95430706118321)", "Zip Codes": 13510, "Community Districts": 61, "Borough Boundaries": 2, "City Council Districts": 26, "Police Precincts": 40, "Police Precinct": 40 }, "geometry": { "type": "Point", "coordinates": [ -73.954307061183215, 40.640936170354969 ] } },
{ "type": "Feature", "properties": { "Unique Key": 66108842, "Created Date": "09/10/2025 03:29:33 PM", "Closed Date": "09/10/2025 03:29:33 PM", "Agency": "DOHMH", "Agency Name": "Department of Health and Mental Hygiene", "Complaint Type": "Rodent", "Descriptor": "Condition Attracting Rodents", "Location Type": "3+ Family Apt. Building", "Incident Zip": 11206, "Incident Address": "143 LEONARD STREET", "Street Name": "LEONARD STREET", "Cross Street 1": "SCHOLES STREET", "Cross Street 2": "STAGG STREET", "Intersection Street 1": "SCHOLES STREET", "Intersection Street 2": "STAGG STREET", "Address Type": "ADDRESS", "City": "BROOKLYN", "Landmark": "LEONARD STREET", "Facility Type": "N/A", "Status": "Closed", "Due Date": null, "Resolution Description": "The Department of Health and Mental Hygiene found violations on the property you reported. Follow-up inspections will be scheduled.", "Resolution Action Updated Date": "09/22/2025 10:37:00 AM", "Community Board": "01 BROOKLYN", "BBL": 3030320026, "Borough": "BROOKLYN", "X Coordinate (State Plane)": 999005, "Y Coordinate (State Plane)": 197432, "Open Data Channel Type": "MOBILE", "Park Facility Name": "Unspecified", "Park Borough": "BROOKLYN", "Vehicle Type": null, "Taxi Company Borough": null, "Taxi Pick Up Location": null, "Bridge Highway Name": null, "Bridge Highway Direction": null, "Road Ramp": null, "Bridge Highway Segment": null, "Latitude": 40.708569686100553, "Longitude": -73.946779956215536, "Location": "(40.70856968610055, -73.94677995621554)", "Zip Codes": 17213, "Community Districts": 36, "Borough Boundaries": 2, "City Council Districts": 30, "Police Precincts": 56, "Police Precinct": 56 }, "geometry": { "type": "Point", "coordinates": [ -73.946779956215536, 40.708569686100553 ] } },
{ "type": "Feature", "properties": { "Unique Key": 66108843, "Created Date": "09/10/2025 06:02:18 PM", "Closed Date": "09/10/2025 06:02:18 PM", "Agency": "DOHMH", "Agency Name": "Department of Health and Mental Hygiene", "Complaint Type": "Rodent", "Descriptor": "Condition Attracting Rodents", "Location Type": "3+ Family Mixed Use Building", "Incident Zip": 11216, "Incident Address": "273 MONROE STREET", "Street Name": "MONROE STREET", "Cross Street 1": "NOSTRAND AVENUE", "Cross Street 2": "MARCY AVENUE", "Intersection Street 1": "NOSTRAND AVENUE", "Intersection Street 2": "MARCY AVENUE", "Address Type": "ADDRESS", "City": "BROOKLYN", "Landmark": "MONROE STREET", "Facility Type": "N/A", "Status": "Closed", "Due Date": null, "Resolution Description": "The Department of Health and Mental Hygiene found violations on the property you reported. Follow-up inspections will be scheduled.", "Resolution Action Updated Date": "09/18/2025 01:32:35 PM", "Community Board": "03 BROOKLYN", "BBL": 3018130053, "Borough": "BROOKLYN", "X Coordinate (State Plane)": 998691, "Y Coordinate (State Plane)": 189130, "Open Data Channel Type": "PHONE", "Park Facility Name": "Unspecified", "Park Borough": "BROOKLYN", "Vehicle Type": null, "Taxi Company Borough": null, "Taxi Pick Up Location": null, "Bridge Highway Name": null, "Bridge Highway Direction": null, "Road Ramp": null, "Bridge Highway Segment": null, "Latitude": 40.685783150044415, "Longitude": -73.947930327251342, "Location": "(40.685783150044415, -73.94793032725134)", "Zip Codes": 17618, "Community Districts": 69, "Borough Boundaries": 2, "City Council Districts": 49, "Police Precincts": 51, "Police Precinct": 51 }, "geometry": { "type": "Point", "coordinates": [ -73.947930327251342, 40.685783150044415 ] } },
{ "type": "Feature", "properties": { "Unique Key": 66110133, "Created Date": "09/10/2025 04:02:14 PM", "Closed Date": "09/10/2025 04:02:14 PM", "Agency": "DOHMH", "Agency Name": "Department of Health and Mental Hygiene", "Complaint Type": "Rodent", "Descriptor": "Condition Attracting Rodents", "Location Type": "1-2 Family Dwelling", "Incident Zip": 10472, "Incident Address": "1234 BOYNTON AVENUE", "Street Name": "BOYNTON AVENUE", "Cross Street 1": "WESTCHESTER AVENUE", "Cross Street 2": "EAST 172 STREET", "Intersection Street 1": "WESTCHESTER AVENUE", "Intersection Street 2": "EAST  172 STREET", "Address Type": "ADDRESS", "City": "BRONX", "Landmark": "BOYNTON AVENUE", "Facility Type": "N/A", "Status": "Closed", "Due Date": null, "Resolution Description": "The Department of Health and Mental Hygiene found violations on the property you reported. Follow-up inspections will be scheduled.", "Resolution Action Updated Date": "09/12/2025 11:10:48 AM", "Community Board": "09 BRONX", "BBL": 2037740023, "Borough": "BRONX", "X Coordinate (State Plane)": 1017884, "Y Coordinate (State Plane)": 241577, "Open Data Channel Type": "MOBILE", "Park Facility Name": "Unspecified", "Park Borough": "BRONX", "Vehicle Type": null, "Taxi Company Borough": null, "Taxi Pick Up Location": null, "Bridge Highway Name": null, "Bridge Highway Direction": null, "Road Ramp": null, "Bridge Highway Segment": null, "Latitude": 40.829684471357837, "Longitude": -73.878464135978632, "Location": "(40.82968447135784, -73.87846413597863)", "Zip Codes": 11610, "Community Districts": 58, "Borough Boundaries": 5, "City Council Districts": 31, "Police Precincts": 26, "Police Precinct": 26 }, "geometry": { "type": "Point", "coordinates": [ -73.878464135978632, 40.829684471357837 ] } },
{ "type": "Feature", "properties": { "Unique Key": 66111451, "Created Date": "09/10/2025 09:24:56 AM", "Closed Date": null, "Agency": "DOHMH", "Agency Name": "Department of Health and Mental Hygiene", "Complaint Type": "Rodent", "Descriptor": "Condition Attracting Rodents", "Location Type": "3+ Family Apt. Building", "Incident Zip": 10027, "Incident Address": "348 LENOX AVENUE", "Street Name": "LENOX AVENUE", "Cross Street 1": "WEST  127 STREET", "Cross Street 2": "WEST  128 STREET", "Intersection Street 1": "WEST  127 STREET", "Intersection Street 2": "WEST  128 STREET", "Address Type": "ADDRESS", "City": "NEW YORK", "Landmark": "LENOX AVENUE", "Facility Type": null, "Status": "In Progress", "Due Date": null, "Resolution Description": null, "Resolution Action Updated Date": null, "Community Board": "10 MANHATTAN", "BBL": 1017250072, "Borough": "MANHATTAN", "X Coordinate (State Plane)": 999669, "Y Coordinate (State Plane)": 234160, "Open Data Channel Type": "PHONE", "Park Facility Name": "Unspecified", "Park Borough": "MANHATTAN", "Vehicle Type": null, "Taxi Company Borough": null, "Taxi Pick Up Location": null, "Bridge Highway Name": null, "Bridge Highway Direction": null, "Road Ramp": null, "Bridge Highway Segment": null, "Latitude": 40.809377482343507, "Longitude": -73.94430072974454, "Location": "(40.80937748234351, -73.94430072974454)", "Zip Codes": 12424, "Community Districts": 18, "Borough Boundaries": 4, "City Council Districts": 36, "Police Precincts": 20, "Police Precinct": 20 }, "geometry": { "type": "Point", "coordinates": [ -73.94430072974454, 40.809377482343507 ] } },
{ "type": "Feature", "properties": { "Unique Key": 66112691, "Created Date": "09/10/2025 08:20:44 PM", "Closed Date": null, "Agency": "DOHMH", "Agency Name": "Department of Health and Mental Hygiene", "Complaint Type": "Rodent", "Descriptor": "Condition Attracting Rodents", "Location Type": "1-2 Family Dwelling", "Incident Zip": 11413, "Incident Address": "187-05 NASHVILLE BOULEVARD", "Street Name": "NASHVILLE BOULEVARD", "Cross Street 1": "MILBURN STREET", "Cross Street 2": "GRAYSON STREET", "Intersection Street 1": "MILBURN STREET", "Intersection Street 2": "GRAYSON STREET", "Address Type": "ADDRESS", "City": "SPRINGFIELD GARDENS", "Landmark": "NASHVILLE BOULEVARD", "Facility Type": null, "Status": "In Progress", "Due Date": null, "Resolution Description": null, "Resolution Action Updated Date": null, "Community Board": "12 QUEENS", "BBL": 4127030073, "Borough": "QUEENS", "X Coordinate (State Plane)": 1051592, "Y Coordinate (State Plane)": 187881, "Open Data Channel Type": "PHONE", "Park Facility Name": "Unspecified", "Park Borough": "QUEENS", "Vehicle Type": null, "Taxi Company Borough": null, "Taxi Pick Up Location": null, "Bridge Highway Name": null, "Bridge Highway Direction": null, "Road Ramp": null, "Bridge Highway Segment": null, "Latitude": 40.682110544066489, "Longitude": -73.757199150188143, "Location": "(40.68211054406649, -73.75719915018814)", "Zip Codes": 15313, "Community Districts": 41, "Borough Boundaries": 3, "City Council Districts": 6, "Police Precincts": 71, "Police Precinct": 71 }, "geometry": { "type": "Point", "coordinates": [ -73.757199150188143, 40.682110544066489 ] } },
{ "type": "Feature", "properties": { "Unique Key": 66112690, "Created Date": "09/10/2025 09:02:32 AM", "Closed Date": "09/10/2025 09:02:32 AM", "Agency": "DOHMH", "Agency Name": "Department of Health and Mental Hygiene", "Complaint Type": "Rodent", "Descriptor": "Condition Attracting Rodents", "Location Type": "3+ Family Apt. Building", "Incident Zip": 11226, "Incident Address": "2522 BEDFORD AVENUE", "Street Name": "BEDFORD AVENUE", "Cross Street 1": "CLARENDON ROAD", "Cross Street 2": "AVENUE D", "Intersection Street 1": "CLARENDON ROAD", "Intersection Street 2": "AVENUE D", "Address Type": "ADDRESS", "City": "BROOKLYN", "Landmark": "BEDFORD AVENUE", "Facility Type": "N/A", "Status": "Closed", "Due Date": null, "Resolution Description": "The Department of Health and Mental Hygiene found violations on the property you reported. Follow-up inspections will be scheduled.", "Resolution Action Updated Date": "09/20/2025 12:10:49 PM", "Community Board": "14 BROOKLYN", "BBL": 3051890022, "Borough": "BROOKLYN", "X Coordinate (State Plane)": 996896, "Y Coordinate (State Plane)": 173143, "Open Data Channel Type": "MOBILE", "Park Facility Name": "Unspecified", "Park Borough": "BROOKLYN", "Vehicle Type": null, "Taxi Company Borough": null, "Taxi Pick Up Location": null, "Bridge Highway Name": null, "Bridge Highway Direction": null, "Road Ramp": null, "Bridge Highway Segment": null, "Latitude": 40.641905129556761, "Longitude": -73.954432513596885, "Location": "(40.64190512955676, -73.95443251359688)", "Zip Codes": 13510, "Community Districts": 60, "Borough Boundaries": 2, "City Council Districts": 26, "Police Precincts": 43, "Police Precinct": 43 }, "geometry": { "type": "Point", "coordinates": [ -73.954432513596885, 40.641905129556761 ] } },
{ "type": "Feature", "properties": { "Unique Key": 66115293, "Created Date": "09/10/2025 03:49:44 PM", "Closed Date": null, "Agency": "DOHMH", "Agency Name": "Department of Health and Mental Hygiene", "Complaint Type": "Rodent", "Descriptor": "Condition Attracting Rodents", "Location Type": "3+ Family Apt. Building", "Incident Zip": 11372, "Incident Address": "33-17 82 STREET", "Street Name": "82 STREET", "Cross Street 1": "NORTHERN BOULEVARD", "Cross Street 2": "34 AVENUE", "Intersection Street 1": "NORTHERN BOULEVARD", "Intersection Street 2": "34 AVENUE", "Address Type": "ADDRESS", "City": "JACKSON HEIGHTS", "Landmark": "82 STREET", "Facility Type": null, "Status": "In Progress", "Due Date": null, "Resolution Description": null, "Resolution Action Updated Date": null, "Community Board": "03 QUEENS", "BBL": 4014300057, "Borough": "QUEENS", "X Coordinate (State Plane)": 1016036, "Y Coordinate (State Plane)": 214395, "Open Data Channel Type": "PHONE", "Park Facility Name": "Unspecified", "Park Borough": "QUEENS", "Vehicle Type": null, "Taxi Company Borough": null, "Taxi Pick Up Location": null, "Bridge Highway Name": null, "Bridge Highway Direction": null, "Road Ramp": null, "Bridge Highway Segment": null, "Latitude": 40.755084127455916, "Longitude": -73.885270488110223, "Location": "(40.755084127455916, -73.88527048811022)", "Zip Codes": 14783, "Community Districts": 65, "Borough Boundaries": 3, "City Council Districts": 5, "Police Precincts": 73, "Police Precinct": 73 }, "geometry": { "type": "Point", "coordinates": [ -73.885270488110223, 40.755084127455916 ] } },
{ "type": "Feature", "properties": { "Unique Key": 66115295, "Created Date": "09/10/2025 01:25:38 PM", "Closed Date": "09/10/2025 01:25:38 PM", "Agency": "DOHMH", "Agency Name": "Department of Health and Mental Hygiene", "Complaint Type": "Rodent", "Descriptor": "Condition Attracting Rodents", "Location Type": "Other (Explain Below)", "Incident Zip": 11208, "Incident Address": "426 PINE STREET", "Street Name": "PINE STREET", "Cross Street 1": "PITKIN AVENUE", "Cross Street 2": "BELMONT AVENUE", "Intersection Street 1": "PITKIN AVENUE", "Intersection Street 2": "BELMONT AVENUE", "Address Type": "ADDRESS", "City": "BROOKLYN", "Landmark": "PINE STREET", "Facility Type": "N/A", "Status": "Closed", "Due Date": null, "Resolution Description": "The Department of Health and Mental Hygiene found violations on the property you reported. Follow-up inspections will be scheduled.", "Resolution Action Updated Date": "09/24/2025 10:53:28 AM", "Community Board": "05 BROOKLYN", "BBL": 3042330015, "Borough": "BROOKLYN", "X Coordinate (State Plane)": 1020060, "Y Coordinate (State Plane)": 185265, "Open Data Channel Type": "PHONE", "Park Facility Name": "Unspecified", "Park Borough": "BROOKLYN", "Vehicle Type": null, "Taxi Company Borough": null, "Taxi Pick Up Location": null, "Bridge Highway Name": null, "Bridge Highway Direction": null, "Road Ramp": null, "Bridge Highway Segment": null, "Latitude": 40.675113953739121, "Longitude": -73.870901097301498, "Location": "(40.67511395373912, -73.8709010973015)", "Zip Codes": 17215, "Community Districts": 45, "Borough Boundaries": 2, "City Council Districts": 25, "Police Precincts": 47, "Police Precinct": 47 }, "geometry": { "type": "Point", "coordinates": [ -73.870901097301498, 40.675113953739121 ] } },
{ "type": "Feature", "properties": { "Unique Key": 66116636, "Created Date": "09/10/2025 01:34:28 PM", "Closed Date": null, "Agency": "DOHMH", "Agency Name": "Department of Health and Mental Hygiene", "Complaint Type": "Rodent", "Descriptor": "Condition Attracting Rodents", "Location Type": "1-2 Family Dwelling", "Incident Zip": 11429, "Incident Address": "223-36 HEMPSTEAD AVENUE", "Street Name": "HEMPSTEAD AVENUE", "Cross Street 1": "224 STREET", "Cross Street 2": "CROSS ISL PY SB EN HEMPSTEAD AV", "Intersection Street 1": "224 STREET", "Intersection Street 2": "CROSS ISL PY SB EN HEMPSTEAD AV", "Address Type": "ADDRESS", "City": "QUEENS VILLAGE", "Landmark": "HEMPSTEAD AVENUE", "Facility Type": null, "Status": "In Progress", "Due Date": null, "Resolution Description": null, "Resolution Action Updated Date": null, "Community Board": "13 QUEENS", "BBL": 4111590043, "Borough": "QUEENS", "X Coordinate (State Plane)": 1059187, "Y Coordinate (State Plane)": 198691, "Open Data Channel Type": "PHONE", "Park Facility Name": "Unspecified", "Park Borough": "QUEENS", "Vehicle Type": null, "Taxi Company Borough": null, "Taxi Pick Up Location": null, "Bridge Highway Name": null, "Bridge Highway Direction": null, "Road Ramp": null, "Bridge Highway Segment": null, "Latitude": 40.711720297872176, "Longitude": -73.729695356671996, "Location": "(40.711720297872176, -73.729695356672)", "Zip Codes": 24338, "Community Districts": 63, "Borough Boundaries": 3, "City Council Districts": 6, "Police Precincts": 63, "Police Precinct": 63 }, "geometry": { "type": "Point", "coordinates": [ -73.729695356671996, 40.711720297872176 ] } },
{ "type": "Feature", "properties": { "Unique Key": 66123549, "Created Date": "09/11/2025 09:11:12 AM", "Closed Date": null, "Agency": "DOHMH", "Agency Name": "Department of Health and Mental Hygiene", "Complaint Type": "Rodent", "Descriptor": "Condition Attracting Rodents", "Location Type": "1-2 Family Dwelling", "Incident Zip": 11236, "Incident Address": "DITMAS AVENUE", "Street Name": "DITMAS AVENUE", "Cross Street 1": "DITMAS AVENUE", "Cross Street 2": "EAST   91 STREET", "Intersection Street 1": "DITMAS AVENUE", "Intersection Street 2": "EAST   91 STREET", "Address Type": "INTERSECTION", "City": null, "Landmark": null, "Facility Type": null, "Status": "In Progress", "Due Date": null, "Resolution Description": null, "Resolution Action Updated Date": null, "Community Board": "17 BROOKLYN", "BBL": null, "Borough": "BROOKLYN", "X Coordinate (State Plane)": 1008125, "Y Coordinate (State Plane)": 175591, "Open Data Channel Type": "PHONE", "Park Facility Name": "Unspecified", "Park Borough": "BROOKLYN", "Vehicle Type": null, "Taxi Company Borough": null, "Taxi Pick Up Location": null, "Bridge Highway Name": null, "Bridge Highway Direction": null, "Road Ramp": null, "Bridge Highway Segment": null, "Latitude": 40.648601207225511, "Longitude": -73.913962276652654, "Location": "(40.64860120722551, -73.91396227665265)", "Zip Codes": 13827, "Community Districts": 61, "Borough Boundaries": 2, "City Council Districts": 25, "Police Precincts": 40, "Police Precinct": 40 }, "geometry": { "type": "Point", "coordinates": [ -73.913962276652654, 40.648601207225511 ] } },
{ "type": "Feature", "properties": { "Unique Key": 66138600, "Created Date": "09/12/2025 09:48:09 AM", "Closed Date": "09/12/2025 09:48:09 AM", "Agency": "DOHMH", "Agency Name": "Department of Health and Mental Hygiene", "Complaint Type": "Rodent", "Descriptor": "Condition Attracting Rodents", "Location Type": "3+ Family Apt. Building", "Incident Zip": 11225, "Incident Address": "10 MAPLE STREET", "Street Name": "MAPLE STREET", "Cross Street 1": "FLATBUSH AVENUE", "Cross Street 2": "BEDFORD AVENUE", "Intersection Street 1": "FLATBUSH AVENUE", "Intersection Street 2": "BEDFORD AVENUE", "Address Type": "ADDRESS", "City": "BROOKLYN", "Landmark": "MAPLE STREET", "Facility Type": "N/A", "Status": "Closed", "Due Date": null, "Resolution Description": "The Department of Health and Mental Hygiene tried to inspect the property you reported but could not access the site. If you have information that will help the inspector access the site, please go online to nyc.gov/311 or call 311 and refile your complaint with contact information.", "Resolution Action Updated Date": "09/23/2025 02:48:46 PM", "Community Board": "09 BROOKLYN", "BBL": 3050310006, "Borough": "BROOKLYN", "X Coordinate (State Plane)": 995379, "Y Coordinate (State Plane)": 179823, "Open Data Channel Type": "PHONE", "Park Facility Name": "Unspecified", "Park Borough": "BROOKLYN", "Vehicle Type": null, "Taxi Company Borough": null, "Taxi Pick Up Location": null, "Bridge Highway Name": null, "Bridge Highway Direction": null, "Road Ramp": null, "Bridge Highway Segment": null, "Latitude": 40.660242311138134, "Longitude": -73.959887715301392, "Location": "(40.660242311138134, -73.95988771530139)", "Zip Codes": 13509, "Community Districts": 17, "Borough Boundaries": 2, "City Council Districts": 11, "Police Precincts": 44, "Police Precinct": 44 }, "geometry": { "type": "Point", "coordinates": [ -73.959887715301392, 40.660242311138134 ] } },
{ "type": "Feature", "properties": { "Unique Key": 66138605, "Created Date": "09/12/2025 03:41:22 PM", "Closed Date": null, "Agency": "DOHMH", "Agency Name": "Department of Health and Mental Hygiene", "Complaint Type": "Rodent", "Descriptor": "Condition Attracting Rodents", "Location Type": "3+ Family Mixed Use Building", "Incident Zip": 11201, "Incident Address": "57 JAY STREET", "Street Name": "JAY STREET", "Cross Street 1": "WATER STREET", "Cross Street 2": "FRONT STREET", "Intersection Street 1": "WATER STREET", "Intersection Street 2": "FRONT STREET", "Address Type": "ADDRESS", "City": "BROOKLYN", "Landmark": "JAY STREET", "Facility Type": null, "Status": "In Progress", "Due Date": null, "Resolution Description": null, "Resolution Action Updated Date": null, "Community Board": "02 BROOKLYN", "BBL": 3000410007, "Borough": "BROOKLYN", "X Coordinate (State Plane)": 987952, "Y Coordinate (State Plane)": 195379, "Open Data Channel Type": "ONLINE", "Park Facility Name": "Unspecified", "Park Borough": "BROOKLYN", "Vehicle Type": null, "Taxi Company Borough": null, "Taxi Pick Up Location": null, "Bridge Highway Name": null, "Bridge Highway Direction": null, "Road Ramp": null, "Bridge Highway Segment": null, "Latitude": 40.702946213299796, "Longitude": -73.986648324557876, "Location": "(40.702946213299796, -73.98664832455788)", "Zip Codes": 16865, "Community Districts": 68, "Borough Boundaries": 2, "City Council Districts": 38, "Police Precincts": 54, "Police Precinct": 54 }, "geometry": { "type": "Point", "coordinates": [ -73.986648324557876, 40.702946213299796 ] } },
{ "type": "Feature", "properties": { "Unique Key": 66138602, "Created Date": "09/12/2025 09:10:04 PM", "Closed Date": "09/17/2025 12:50:44 PM", "Agency": "DOHMH", "Agency Name": "Department of Health and Mental Hygiene", "Complaint Type": "Rodent", "Descriptor": "Condition Attracting Rodents", "Location Type": "Parking Lot/Garage", "Incident Zip": 11218, "Incident Address": "385 MCDONALD AVENUE", "Street Name": "MCDONALD AVENUE", "Cross Street 1": "ALBEMARLE ROAD", "Cross Street 2": "CHURCH AVENUE", "Intersection Street 1": "ALBEMARLE ROAD", "Intersection Street 2": "CHURCH AVENUE", "Address Type": "ADDRESS", "City": "BROOKLYN", "Landmark": "MCDONALD AVENUE", "Facility Type": "N/A", "Status": "Closed", "Due Date": null, "Resolution Description": "This service request was closed because the Department of Health and Mental Hygiene received an earlier complaint about the same location.  You can find inspection results for this address by going to the online Rat Portal at www.nyc.gov/rats.", "Resolution Action Updated Date": "09/12/2025 09:10:04 PM", "Community Board": "12 BROOKLYN", "BBL": 3053340085, "Borough": "BROOKLYN", "X Coordinate (State Plane)": 989868, "Y Coordinate (State Plane)": 174084, "Open Data Channel Type": "MOBILE", "Park Facility Name": "Unspecified", "Park Borough": "BROOKLYN", "Vehicle Type": null, "Taxi Company Borough": null, "Taxi Pick Up Location": null, "Bridge Highway Name": null, "Bridge Highway Direction": null, "Road Ramp": null, "Bridge Highway Segment": null, "Latitude": 40.644495218478717, "Longitude": -73.979755806838796, "Location": "(40.64449521847872, -73.9797558068388)", "Zip Codes": 17620, "Community Districts": 2, "Borough Boundaries": 2, "City Council Districts": 27, "Police Precincts": 39, "Police Precinct": 39 }, "geometry": { "type": "Point", "coordinates": [ -73.979755806838796, 40.644495218478717 ] } },
{ "type": "Feature", "properties": { "Unique Key": 66138603, "Created Date": "09/12/2025 03:41:02 PM", "Closed Date": "09/12/2025 03:41:02 PM", "Agency": "DOHMH", "Agency Name": "Department of Health and Mental Hygiene", "Complaint Type": "Rodent", "Descriptor": "Condition Attracting Rodents", "Location Type": "Vacant Lot", "Incident Zip": 10460, "Incident Address": "1827 WATERLOO PLACE", "Street Name": "WATERLOO PLACE", "Cross Street 1": "CROTONA PARK NORTH", "Cross Street 2": "EAST 176 STREET", "Intersection Street 1": "CROTONA PARK NORTH", "Intersection Street 2": "EAST  176 STREET", "Address Type": "ADDRESS", "City": "BRONX", "Landmark": "WATERLOO PLACE", "Facility Type": "N/A", "Status": "Closed", "Due Date": null, "Resolution Description": "The Department of Health and Mental Hygiene found violations on the property you reported. Follow-up inspections will be scheduled.", "Resolution Action Updated Date": "09/23/2025 09:45:00 AM", "Community Board": "06 BRONX", "BBL": 2029580054, "Borough": "BRONX", "X Coordinate (State Plane)": 1015354, "Y Coordinate (State Plane)": 245483, "Open Data Channel Type": "PHONE", "Park Facility Name": "Unspecified", "Park Borough": "BRONX", "Vehicle Type": null, "Taxi Company Borough": null, "Taxi Pick Up Location": null, "Bridge Highway Name": null, "Bridge Highway Direction": null, "Road Ramp": null, "Bridge Highway Segment": null, "Latitude": 40.840414576517603, "Longitude": -73.887588123223352, "Location": "(40.8404145765176, -73.88758812322335)", "Zip Codes": 11269, "Community Districts": 35, "Borough Boundaries": 5, "City Council Districts": 43, "Police Precincts": 31, "Police Precinct": 31 }, "geometry": { "type": "Point", "coordinates": [ -73.887588123223352, 40.840414576517603 ] } },
{ "type": "Feature", "properties": { "Unique Key": 66138604, "Created Date": "09/12/2025 12:15:00 PM", "Closed Date": "09/12/2025 12:15:00 PM", "Agency": "DOHMH", "Agency Name": "Department of Health and Mental Hygiene", "Complaint Type": "Rodent", "Descriptor": "Condition Attracting Rodents", "Location Type": "1-2 Family Dwelling", "Incident Zip": 10469, "Incident Address": "1323 EAST  222 STREET", "Street Name": "EAST  222 STREET", "Cross Street 1": "NEEDHAM AVENUE", "Cross Street 2": "BOSTON ROAD", "Intersection Street 1": "NEEDHAM AVENUE", "Intersection Street 2": "BOSTON ROAD", "Address Type": "ADDRESS", "City": "BRONX", "Landmark": "EAST  222 STREET", "Facility Type": "N/A", "Status": "Closed", "Due Date": null, "Resolution Description": "The Department of Health and Mental Hygiene found violations on the property you reported. Follow-up inspections will be scheduled.", "Resolution Action Updated Date": "09/19/2025 11:50:21 AM", "Community Board": "12 BRONX", "BBL": 2048880005, "Borough": "BRONX", "X Coordinate (State Plane)": 1027426, "Y Coordinate (State Plane)": 259699, "Open Data Channel Type": "PHONE", "Park Facility Name": "Unspecified", "Park Borough": "BRONX", "Vehicle Type": null, "Taxi Company Borough": null, "Taxi Pick Up Location": null, "Bridge Highway Name": null, "Bridge Highway Direction": null, "Road Ramp": null, "Bridge Highway Segment": null, "Latitude": 40.879382388282004, "Longitude": -73.843867635670676, "Location": "(40.879382388282, -73.84386763567068)", "Zip Codes": 11607, "Community Districts": 29, "Borough Boundaries": 5, "City Council Districts": 2, "Police Precincts": 30, "Police Precinct": 30 }, "geometry": { "type": "Point", "coordinates": [ -73.843867635670676, 40.879382388282004 ] } },
{ "type": "Feature", "properties": { "Unique Key": 66164252, "Created Date": "09/15/2025 04:16:48 PM", "Closed Date": null, "Agency": "DOHMH", "Agency Name": "Department of Health and Mental Hygiene", "Complaint Type": "Rodent", "Descriptor": "Condition Attracting Rodents", "Location Type": "1-2 Family Dwelling", "Incident Zip": 11435, "Incident Address": "145-15 ARLINGTON TERRACE", "Street Name": "ARLINGTON TERRACE", "Cross Street 1": "INWOOD STREET", "Cross Street 2": "LIVERPOOL STREET", "Intersection Street 1": "INWOOD STREET", "Intersection Street 2": "LIVERPOOL STREET", "Address Type": "ADDRESS", "City": "JAMAICA", "Landmark": "ARLINGTON TERRACE", "Facility Type": null, "Status": "In Progress", "Due Date": null, "Resolution Description": null, "Resolution Action Updated Date": null, "Community Board": "12 QUEENS", "BBL": 4119380057, "Borough": "QUEENS", "X Coordinate (State Plane)": 1039053, "Y Coordinate (State Plane)": 190671, "Open Data Channel Type": "PHONE", "Park Facility Name": "Unspecified", "Park Borough": "QUEENS", "Vehicle Type": null, "Taxi Company Borough": null, "Taxi Pick Up Location": null, "Bridge Highway Name": null, "Bridge Highway Direction": null, "Road Ramp": null, "Bridge Highway Segment": null, "Latitude": 40.689854950553375, "Longitude": -73.802385514408797, "Location": "(40.689854950553375, -73.8023855144088)", "Zip Codes": 24670, "Community Districts": 41, "Borough Boundaries": 3, "City Council Districts": 46, "Police Precincts": 61, "Police Precinct": 61 }, "geometry": { "type": "Point", "coordinates": [ -73.802385514408797, 40.689854950553375 ] } },
{ "type": "Feature", "properties": { "Unique Key": 66169785, "Created Date": "09/15/2025 09:17:31 AM", "Closed Date": "09/15/2025 09:17:31 AM", "Agency": "DOHMH", "Agency Name": "Department of Health and Mental Hygiene", "Complaint Type": "Rodent", "Descriptor": "Condition Attracting Rodents", "Location Type": "1-2 Family Dwelling", "Incident Zip": 11215, "Incident Address": "227 16 STREET", "Street Name": "16 STREET", "Cross Street 1": "5 AVENUE", "Cross Street 2": "6 AVENUE", "Intersection Street 1": "5 AVENUE", "Intersection Street 2": "6 AVENUE", "Address Type": "ADDRESS", "City": "BROOKLYN", "Landmark": "16 STREET", "Facility Type": "N/A", "Status": "Closed", "Due Date": null, "Resolution Description": "The Department of Health and Mental Hygiene found violations on the property you reported. Follow-up inspections will be scheduled.", "Resolution Action Updated Date": "09/22/2025 02:20:00 PM", "Community Board": "07 BROOKLYN", "BBL": 3010480060, "Borough": "BROOKLYN", "X Coordinate (State Plane)": 987258, "Y Coordinate (State Plane)": 181428, "Open Data Channel Type": "PHONE", "Park Facility Name": "Unspecified", "Park Borough": "BROOKLYN", "Vehicle Type": null, "Taxi Company Borough": null, "Taxi Pick Up Location": null, "Bridge Highway Name": null, "Bridge Highway Direction": null, "Road Ramp": null, "Bridge Highway Segment": null, "Latitude": 40.664654164325896, "Longitude": -73.989157540755258, "Location": "(40.664654164325896, -73.98915754075526)", "Zip Codes": 17617, "Community Districts": 9, "Borough Boundaries": 2, "City Council Districts": 27, "Police Precincts": 45, "Police Precinct": 45 }, "geometry": { "type": "Point", "coordinates": [ -73.989157540755258, 40.664654164325896 ] } },
{ "type": "Feature", "properties": { "Unique Key": 66071187, "Created Date": "09/06/2025 11:48:30 PM", "Closed Date": "09/08/2025 05:33:10 PM", "Agency": "DOHMH", "Agency Name": "Department of Health and Mental Hygiene", "Complaint Type": "Rodent", "Descriptor": "Condition Attracting Rodents", "Location Type": "3+ Family Mixed Use Building", "Incident Zip": 11433, "Incident Address": "92-32 UNION HALL STREET", "Street Name": "UNION HALL STREET", "Cross Street 1": "JAMAICA AVENUE", "Cross Street 2": "ARCHER AVENUE", "Intersection Street 1": "JAMAICA AVENUE", "Intersection Street 2": "ARCHER AVENUE", "Address Type": "ADDRESS", "City": "JAMAICA", "Landmark": "UNION HALL STREET", "Facility Type": "N/A", "Status": "Closed", "Due Date": null, "Resolution Description": "This service request was closed because the Department of Health and Mental Hygiene received an earlier complaint about the same location.  You can find inspection results for this address by going to the online Rat Portal at www.nyc.gov/rats.", "Resolution Action Updated Date": "09/06/2025 11:48:30 PM", "Community Board": "12 QUEENS", "BBL": 4101010027, "Borough": "QUEENS", "X Coordinate (State Plane)": 1040354, "Y Coordinate (State Plane)": 195744, "Open Data Channel Type": "ONLINE", "Park Facility Name": "Unspecified", "Park Borough": "QUEENS", "Vehicle Type": null, "Taxi Company Borough": null, "Taxi Pick Up Location": null, "Bridge Highway Name": null, "Bridge Highway Direction": null, "Road Ramp": null, "Bridge Highway Segment": null, "Latitude": 40.703770967171742, "Longitude": -73.797651990866996, "Location": "(40.70377096717174, -73.797651990867)", "Zip Codes": 24340, "Community Districts": 41, "Borough Boundaries": 3, "City Council Districts": 6, "Police Precincts": 61, "Police Precinct": 61 }, "geometry": { "type": "Point", "coordinates": [ -73.797651990866996, 40.703770967171742 ] } },
{ "type": "Feature", "properties": { "Unique Key": 66086045, "Created Date": "09/08/2025 01:49:17 PM", "Closed Date": "09/08/2025 05:19:37 PM", "Agency": "DOHMH", "Agency Name": "Department of Health and Mental Hygiene", "Complaint Type": "Rodent", "Descriptor": "Condition Attracting Rodents", "Location Type": "3+ Family Apt. Building", "Incident Zip": 11377, "Incident Address": "64-05 WOODSIDE AVENUE", "Street Name": "WOODSIDE AVENUE", "Cross Street 1": "64 STREET", "Cross Street 2": "65 STREET", "Intersection Street 1": "64 STREET", "Intersection Street 2": "65 STREET", "Address Type": "ADDRESS", "City": "WOODSIDE", "Landmark": "WOODSIDE AVENUE", "Facility Type": "N/A", "Status": "Closed", "Due Date": null, "Resolution Description": "This service request was closed because the Department of Health and Mental Hygiene received an earlier complaint about the same location.  You can find inspection results for this address by going to the online Rat Portal at www.nyc.gov/rats.", "Resolution Action Updated Date": "09/08/2025 01:49:17 PM", "Community Board": "02 QUEENS", "BBL": 4012967501, "Borough": "QUEENS", "X Coordinate (State Plane)": 1011770, "Y Coordinate (State Plane)": 210352, "Open Data Channel Type": "PHONE", "Park Facility Name": "Unspecified", "Park Borough": "QUEENS", "Vehicle Type": null, "Taxi Company Borough": null, "Taxi Pick Up Location": null, "Bridge Highway Name": null, "Bridge Highway Direction": null, "Road Ramp": null, "Bridge Highway Segment": null, "Latitude": 40.744001425751954, "Longitude": -73.900684870115029, "Location": "(40.744001425751954, -73.90068487011503)", "Zip Codes": 14787, "Community Districts": 53, "Borough Boundaries": 3, "City Council Districts": 33, "Police Precincts": 66, "Police Precinct": 66 }, "geometry": { "type": "Point", "coordinates": [ -73.900684870115029, 40.744001425751954 ] } },
{ "type": "Feature", "properties": { "Unique Key": 66118006, "Created Date": "09/11/2025 11:44:29 AM", "Closed Date": null, "Agency": "DOHMH", "Agency Name": "Department of Health and Mental Hygiene", "Complaint Type": "Rodent", "Descriptor": "Condition Attracting Rodents", "Location Type": "1-2 Family Dwelling", "Incident Zip": 10314, "Incident Address": "232 MERRILL AVENUE", "Street Name": "MERRILL AVENUE", "Cross Street 1": "FIRTH ROAD", "Cross Street 2": "GRAHAM AVENUE", "Intersection Street 1": "FIRTH ROAD", "Intersection Street 2": "GRAHAM AVENUE", "Address Type": "ADDRESS", "City": "STATEN ISLAND", "Landmark": "MERRILL AVENUE", "Facility Type": null, "Status": "In Progress", "Due Date": null, "Resolution Description": null, "Resolution Action Updated Date": null, "Community Board": "02 STATEN ISLAND", "BBL": 5022310151, "Borough": "STATEN ISLAND", "X Coordinate (State Plane)": 937513, "Y Coordinate (State Plane)": 161941, "Open Data Channel Type": "ONLINE", "Park Facility Name": "Unspecified", "Park Borough": "STATEN ISLAND", "Vehicle Type": null, "Taxi Company Borough": null, "Taxi Pick Up Location": null, "Bridge Highway Name": null, "Bridge Highway Direction": null, "Road Ramp": null, "Bridge Highway Segment": null, "Latitude": 40.611043763753855, "Longitude": -74.168330245755172, "Location": "(40.611043763753855, -74.16833024575517)", "Zip Codes": 10700, "Community Districts": 30, "Borough Boundaries": 1, "City Council Districts": 14, "Police Precincts": 75, "Police Precinct": 75 }, "geometry": { "type": "Point", "coordinates": [ -74.168330245755172, 40.611043763753855 ] } },
{ "type": "Feature", "properties": { "Unique Key": 66119396, "Created Date": "09/11/2025 12:28:38 PM", "Closed Date": null, "Agency": "DOHMH", "Agency Name": "Department of Health and Mental Hygiene", "Complaint Type": "Rodent", "Descriptor": "Condition Attracting Rodents", "Location Type": "1-2 Family Dwelling", "Incident Zip": 11417, "Incident Address": "132-07 RICO PLACE", "Street Name": "RICO PLACE", "Cross Street 1": "CHICOT ROAD", "Cross Street 2": "SILVER ROAD", "Intersection Street 1": "CHICOT ROAD", "Intersection Street 2": "SILVER ROAD", "Address Type": "ADDRESS", "City": "OZONE PARK", "Landmark": "RICO PLACE", "Facility Type": null, "Status": "In Progress", "Due Date": null, "Resolution Description": null, "Resolution Action Updated Date": null, "Community Board": "10 QUEENS", "BBL": 4113530027, "Borough": "QUEENS", "X Coordinate (State Plane)": 1027041, "Y Coordinate (State Plane)": 185604, "Open Data Channel Type": "ONLINE", "Park Facility Name": "Unspecified", "Park Borough": "QUEENS", "Vehicle Type": null, "Taxi Company Borough": null, "Taxi Pick Up Location": null, "Bridge Highway Name": null, "Bridge Highway Direction": null, "Road Ramp": null, "Bridge Highway Segment": null, "Latitude": 40.676013438885136, "Longitude": -73.845731736722826, "Location": "(40.676013438885136, -73.84573173672283)", "Zip Codes": 24013, "Community Districts": 62, "Borough Boundaries": 3, "City Council Districts": 41, "Police Precincts": 64, "Police Precinct": 64 }, "geometry": { "type": "Point", "coordinates": [ -73.845731736722826, 40.676013438885136 ] } },
{ "type": "Feature", "properties": { "Unique Key": 66119395, "Created Date": "09/11/2025 05:45:39 PM", "Closed Date": "09/11/2025 05:45:39 PM", "Agency": "DOHMH", "Agency Name": "Department of Health and Mental Hygiene", "Complaint Type": "Rodent", "Descriptor": "Condition Attracting Rodents", "Location Type": "3+ Family Apt. Building", "Incident Zip": 10451, "Incident Address": "2455 3 AVENUE", "Street Name": "3 AVENUE", "Cross Street 1": "EAST 134 STREET", "Cross Street 2": "EAST 135 STREET", "Intersection Street 1": "EAST  134 STREET", "Intersection Street 2": "EAST  135 STREET", "Address Type": "ADDRESS", "City": "BRONX", "Landmark": "3 AVENUE", "Facility Type": "N/A", "Status": "Closed", "Due Date": null, "Resolution Description": "The Department of Health and Mental Hygiene inspected the property you reported and did not find any violations at the time of the inspection. The property passed inspection.", "Resolution Action Updated Date": "09/22/2025 11:54:19 AM", "Community Board": "01 BRONX", "BBL": 2023190038, "Borough": "BRONX", "X Coordinate (State Plane)": 1003673, "Y Coordinate (State Plane)": 234059, "Open Data Channel Type": "ONLINE", "Park Facility Name": "Unspecified", "Park Borough": "BRONX", "Vehicle Type": null, "Taxi Company Borough": null, "Taxi Pick Up Location": null, "Bridge Highway Name": null, "Bridge Highway Direction": null, "Road Ramp": null, "Bridge Highway Segment": null, "Latitude": 40.809092370122819, "Longitude": -73.929837062413398, "Location": "(40.80909237012282, -73.9298370624134)", "Zip Codes": 10932, "Community Districts": 49, "Borough Boundaries": 5, "City Council Districts": 35, "Police Precincts": 23, "Police Precinct": 23 }, "geometry": { "type": "Point", "coordinates": [ -73.929837062413398, 40.809092370122819 ] } },
{ "type": "Feature", "properties": { "Unique Key": 66120767, "Created Date": "09/11/2025 03:09:43 PM", "Closed Date": null, "Agency": "DOHMH", "Agency Name": "Department of Health and Mental Hygiene", "Complaint Type": "Rodent", "Descriptor": "Condition Attracting Rodents", "Location Type": "3+ Family Apt. Building", "Incident Zip": 11211, "Incident Address": "108 DIVISION AVENUE", "Street Name": "DIVISION AVENUE", "Cross Street 1": "BEDFORD AVENUE", "Cross Street 2": "DRIGGS AVENUE", "Intersection Street 1": "BEDFORD AVENUE", "Intersection Street 2": "DRIGGS AVENUE", "Address Type": "ADDRESS", "City": "BROOKLYN", "Landmark": "DIVISION AVENUE", "Facility Type": null, "Status": "In Progress", "Due Date": null, "Resolution Description": null, "Resolution Action Updated Date": null, "Community Board": "01 BROOKLYN", "BBL": 3021690021, "Borough": "BROOKLYN", "X Coordinate (State Plane)": 994316, "Y Coordinate (State Plane)": 197094, "Open Data Channel Type": "PHONE", "Park Facility Name": "Unspecified", "Park Borough": "BROOKLYN", "Vehicle Type": null, "Taxi Company Borough": null, "Taxi Pick Up Location": null, "Bridge Highway Name": null, "Bridge Highway Direction": null, "Road Ramp": null, "Bridge Highway Segment": null, "Latitude": 40.707648533017924, "Longitude": -73.963693287680741, "Location": "(40.707648533017924, -73.96369328768074)", "Zip Codes": 17613, "Community Districts": 36, "Borough Boundaries": 2, "City Council Districts": 38, "Police Precincts": 56, "Police Precinct": 56 }, "geometry": { "type": "Point", "coordinates": [ -73.963693287680741, 40.707648533017924 ] } },
{ "type": "Feature", "properties": { "Unique Key": 66120768, "Created Date": "09/11/2025 01:44:49 PM", "Closed Date": null, "Agency": "DOHMH", "Agency Name": "Department of Health and Mental Hygiene", "Complaint Type": "Rodent", "Descriptor": "Condition Attracting Rodents", "Location Type": "Construction Site", "Incident Zip": 11235, "Incident Address": "2702 KNAPP STREET", "Street Name": "KNAPP STREET", "Cross Street 1": "VOORHIES AVENUE", "Cross Street 2": "HARKNESS AVENUE", "Intersection Street 1": "VOORHIES AVENUE", "Intersection Street 2": "HARKNESS AVENUE", "Address Type": "ADDRESS", "City": "BROOKLYN", "Landmark": "KNAPP STREET", "Facility Type": null, "Status": "In Progress", "Due Date": null, "Resolution Description": null, "Resolution Action Updated Date": null, "Community Board": "15 BROOKLYN", "BBL": 3088060006, "Borough": "BROOKLYN", "X Coordinate (State Plane)": 1003212, "Y Coordinate (State Plane)": 153429, "Open Data Channel Type": "ONLINE", "Park Facility Name": "Unspecified", "Park Borough": "BROOKLYN", "Vehicle Type": null, "Taxi Company Borough": null, "Taxi Pick Up Location": null, "Bridge Highway Name": null, "Bridge Highway Direction": null, "Road Ramp": null, "Bridge Highway Segment": null, "Latitude": 40.5877830228535, "Longitude": -73.931729364334032, "Location": "(40.5877830228535, -73.93172936433403)", "Zip Codes": 13826, "Community Districts": 32, "Borough Boundaries": 2, "City Council Districts": 15, "Police Precincts": 36, "Police Precinct": 36 }, "geometry": { "type": "Point", "coordinates": [ -73.931729364334032, 40.5877830228535 ] } },
{ "type": "Feature", "properties": { "Unique Key": 66120770, "Created Date": "09/12/2025 01:45:24 AM", "Closed Date": "09/12/2025 01:45:24 AM", "Agency": "DOHMH", "Agency Name": "Department of Health and Mental Hygiene", "Complaint Type": "Rodent", "Descriptor": "Condition Attracting Rodents", "Location Type": "1-2 Family Dwelling", "Incident Zip": 10466, "Incident Address": "4038 MONTICELLO AVENUE", "Street Name": "MONTICELLO AVENUE", "Cross Street 1": "STRANG AVENUE", "Cross Street 2": "EDENWALD AVENUE", "Intersection Street 1": "STRANG AVENUE", "Intersection Street 2": "EDENWALD AVENUE", "Address Type": "ADDRESS", "City": "BRONX", "Landmark": "MONTICELLO AVENUE", "Facility Type": "N/A", "Status": "Closed", "Due Date": null, "Resolution Description": "The Department of Health and Mental Hygiene found violations on the property you reported. Follow-up inspections will be scheduled.", "Resolution Action Updated Date": "09/19/2025 11:28:21 AM", "Community Board": "12 BRONX", "BBL": 2049870012, "Borough": "BRONX", "X Coordinate (State Plane)": 1028857, "Y Coordinate (State Plane)": 264403, "Open Data Channel Type": "PHONE", "Park Facility Name": "Unspecified", "Park Borough": "BRONX", "Vehicle Type": null, "Taxi Company Borough": null, "Taxi Pick Up Location": null, "Bridge Highway Name": null, "Bridge Highway Direction": null, "Road Ramp": null, "Bridge Highway Segment": null, "Latitude": 40.892286254985102, "Longitude": -73.838661557428239, "Location": "(40.8922862549851, -73.83866155742824)", "Zip Codes": 11275, "Community Districts": 29, "Borough Boundaries": 5, "City Council Districts": 2, "Police Precincts": 30, "Police Precinct": 30 }, "geometry": { "type": "Point", "coordinates": [ -73.838661557428239, 40.892286254985102 ] } },
{ "type": "Feature", "properties": { "Unique Key": 66120771, "Created Date": "09/11/2025 10:01:21 AM", "Closed Date": "09/11/2025 10:01:21 AM", "Agency": "DOHMH", "Agency Name": "Department of Health and Mental Hygiene", "Complaint Type": "Rodent", "Descriptor": "Condition Attracting Rodents", "Location Type": "3+ Family Apt. Building", "Incident Zip": 11219, "Incident Address": "1142 42 STREET", "Street Name": "42 STREET", "Cross Street 1": "FORT HAMILTON PARKWAY", "Cross Street 2": "12 AVENUE", "Intersection Street 1": "FORT HAMILTON PARKWAY", "Intersection Street 2": "12 AVENUE", "Address Type": "ADDRESS", "City": "BROOKLYN", "Landmark": "42 STREET", "Facility Type": "N/A", "Status": "Closed", "Due Date": null, "Resolution Description": "The Department of Health and Mental Hygiene tried to inspect the property you reported but could not access the site. If you have information that will help the inspector access the site, please go online to nyc.gov/311 or call 311 and refile your complaint with contact information.", "Resolution Action Updated Date": "09/22/2025 01:23:17 PM", "Community Board": "12 BROOKLYN", "BBL": 3055970024, "Borough": "BROOKLYN", "X Coordinate (State Plane)": 986589, "Y Coordinate (State Plane)": 172835, "Open Data Channel Type": "PHONE", "Park Facility Name": "Unspecified", "Park Borough": "BROOKLYN", "Vehicle Type": null, "Taxi Company Borough": null, "Taxi Pick Up Location": null, "Bridge Highway Name": null, "Bridge Highway Direction": null, "Road Ramp": null, "Bridge Highway Segment": null, "Latitude": 40.641068454871508, "Longitude": -73.9915719587502, "Location": "(40.64106845487151, -73.9915719587502)", "Zip Codes": 17621, "Community Districts": 2, "Borough Boundaries": 2, "City Council Districts": 27, "Police Precincts": 39, "Police Precinct": 39 }, "geometry": { "type": "Point", "coordinates": [ -73.9915719587502, 40.641068454871508 ] } },
{ "type": "Feature", "properties": { "Unique Key": 66122160, "Created Date": "09/11/2025 09:07:54 AM", "Closed Date": null, "Agency": "DOHMH", "Agency Name": "Department of Health and Mental Hygiene", "Complaint Type": "Rodent", "Descriptor": "Condition Attracting Rodents", "Location Type": "Other (Explain Below)", "Incident Zip": 11236, "Incident Address": "FOSTER AVENUE", "Street Name": "FOSTER AVENUE", "Cross Street 1": "FOSTER AVENUE", "Cross Street 2": "RALPH AVENUE", "Intersection Street 1": "FOSTER AVENUE", "Intersection Street 2": "RALPH AVENUE", "Address Type": "INTERSECTION", "City": null, "Landmark": null, "Facility Type": null, "Status": "In Progress", "Due Date": null, "Resolution Description": null, "Resolution Action Updated Date": null, "Community Board": "18 BROOKLYN", "BBL": null, "Borough": "BROOKLYN", "X Coordinate (State Plane)": 1006602, "Y Coordinate (State Plane)": 172543, "Open Data Channel Type": "PHONE", "Park Facility Name": "Unspecified", "Park Borough": "BROOKLYN", "Vehicle Type": null, "Taxi Company Borough": null, "Taxi Pick Up Location": null, "Bridge Highway Name": null, "Bridge Highway Direction": null, "Road Ramp": null, "Bridge Highway Segment": null, "Latitude": 40.640239082195109, "Longitude": -73.919460768355862, "Location": "(40.64023908219511, -73.91946076835586)", "Zip Codes": 13827, "Community Districts": 5, "Borough Boundaries": 2, "City Council Districts": 8, "Police Precincts": 42, "Police Precinct": 42 }, "geometry": { "type": "Point", "coordinates": [ -73.919460768355862, 40.640239082195109 ] } },
{ "type": "Feature", "properties": { "Unique Key": 66122157, "Created Date": "09/11/2025 05:04:22 PM", "Closed Date": "09/18/2025 04:37:58 AM", "Agency": "DOHMH", "Agency Name": "Department of Health and Mental Hygiene", "Complaint Type": "Rodent", "Descriptor": "Condition Attracting Rodents", "Location Type": "3+ Family Apt. Building", "Incident Zip": 11238, "Incident Address": "560 PROSPECT PLACE", "Street Name": "PROSPECT PLACE", "Cross Street 1": "CLASSON AVENUE", "Cross Street 2": "FRANKLIN AVENUE SHUTTLE LINE", "Intersection Street 1": "CLASSON AVENUE", "Intersection Street 2": "FRANKLIN AVENUE SHUTTLE LINE", "Address Type": "ADDRESS", "City": "BROOKLYN", "Landmark": "PROSPECT PLACE", "Facility Type": "N/A", "Status": "Closed", "Due Date": null, "Resolution Description": "This service request was closed because the Department of Health and Mental Hygiene received an earlier complaint about the same location.  You can find inspection results for this address by going to the online Rat Portal at www.nyc.gov/rats.", "Resolution Action Updated Date": "09/11/2025 05:04:22 PM", "Community Board": "08 BROOKLYN", "BBL": 3011630031, "Borough": "BROOKLYN", "X Coordinate (State Plane)": 995841, "Y Coordinate (State Plane)": 185354, "Open Data Channel Type": "ONLINE", "Park Facility Name": "Unspecified", "Park Borough": "BROOKLYN", "Vehicle Type": null, "Taxi Company Borough": null, "Taxi Pick Up Location": null, "Bridge Highway Name": null, "Bridge Highway Direction": null, "Road Ramp": null, "Bridge Highway Segment": null, "Latitude": 40.675423079463307, "Longitude": -73.958213017813094, "Location": "(40.67542307946331, -73.9582130178131)", "Zip Codes": 13829, "Community Districts": 16, "Borough Boundaries": 2, "City Council Districts": 48, "Police Precincts": 49, "Police Precinct": 49 }, "geometry": { "type": "Point", "coordinates": [ -73.958213017813094, 40.675423079463307 ] } },
{ "type": "Feature", "properties": { "Unique Key": 66122158, "Created Date": "09/11/2025 11:32:24 PM", "Closed Date": "09/11/2025 11:32:24 PM", "Agency": "DOHMH", "Agency Name": "Department of Health and Mental Hygiene", "Complaint Type": "Rodent", "Descriptor": "Condition Attracting Rodents", "Location Type": "3+ Family Apt. Building", "Incident Zip": 10459, "Incident Address": "1118 INTERVALE AVENUE", "Street Name": "INTERVALE AVENUE", "Cross Street 1": "EAST 167 STREET", "Cross Street 2": "KELLY STREET", "Intersection Street 1": "EAST  167 STREET", "Intersection Street 2": "KELLY STREET", "Address Type": "ADDRESS", "City": "BRONX", "Landmark": "INTERVALE AVENUE", "Facility Type": "N/A", "Status": "Closed", "Due Date": null, "Resolution Description": "The Department of Health and Mental Hygiene tried to inspect the property you reported but could not access the site. If you have information that will help the inspector access the site, please go online to nyc.gov/311 or call 311 and refile your complaint with contact information.", "Resolution Action Updated Date": "09/16/2025 12:35:07 PM", "Community Board": "02 BRONX", "BBL": 2027060001, "Borough": "BRONX", "X Coordinate (State Plane)": 1012917, "Y Coordinate (State Plane)": 240572, "Open Data Channel Type": "PHONE", "Park Facility Name": "Unspecified", "Park Borough": "BRONX", "Vehicle Type": null, "Taxi Company Borough": null, "Taxi Pick Up Location": null, "Bridge Highway Name": null, "Bridge Highway Direction": null, "Road Ramp": null, "Bridge Highway Segment": null, "Latitude": 40.826943553729606, "Longitude": -73.896416578724896, "Location": "(40.826943553729606, -73.8964165787249)", "Zip Codes": 10937, "Community Districts": 8, "Borough Boundaries": 5, "City Council Districts": 43, "Police Precincts": 24, "Police Precinct": 24 }, "geometry": { "type": "Point", "coordinates": [ -73.896416578724896, 40.826943553729606 ] } },
{ "type": "Feature", "properties": { "Unique Key": 66122159, "Created Date": "09/11/2025 12:27:13 PM", "Closed Date": "09/11/2025 12:27:13 PM", "Agency": "DOHMH", "Agency Name": "Department of Health and Mental Hygiene", "Complaint Type": "Rodent", "Descriptor": "Condition Attracting Rodents", "Location Type": "3+ Family Apt. Building", "Incident Zip": 11218, "Incident Address": "201 OCEAN PARKWAY", "Street Name": "OCEAN PARKWAY", "Cross Street 1": "CATON AVENUE", "Cross Street 2": "CHURCH AVENUE", "Intersection Street 1": "CATON AVENUE", "Intersection Street 2": "CHURCH AVENUE", "Address Type": "ADDRESS", "City": "BROOKLYN", "Landmark": "OCEAN PARKWAY", "Facility Type": "N/A", "Status": "Closed", "Due Date": null, "Resolution Description": "The Department of Health and Mental Hygiene found violations on the property you reported. Follow-up inspections will be scheduled.", "Resolution Action Updated Date": "09/23/2025 10:58:58 AM", "Community Board": "12 BROOKLYN", "BBL": 3053290052, "Borough": "BROOKLYN", "X Coordinate (State Plane)": 991415, "Y Coordinate (State Plane)": 174378, "Open Data Channel Type": "MOBILE", "Park Facility Name": "Unspecified", "Park Borough": "BROOKLYN", "Vehicle Type": null, "Taxi Company Borough": null, "Taxi Pick Up Location": null, "Bridge Highway Name": null, "Bridge Highway Direction": null, "Road Ramp": null, "Bridge Highway Segment": null, "Latitude": 40.645301068651392, "Longitude": -73.974180954671283, "Location": "(40.64530106865139, -73.97418095467128)", "Zip Codes": 17620, "Community Districts": 2, "Borough Boundaries": 2, "City Council Districts": 27, "Police Precincts": 39, "Police Precinct": 39 }, "geometry": { "type": "Point", "coordinates": [ -73.974180954671283, 40.645301068651392 ] } },
{ "type": "Feature", "properties": { "Unique Key": 66123550, "Created Date": "09/11/2025 09:19:21 AM", "Closed Date": "09/11/2025 09:19:21 AM", "Agency": "DOHMH", "Agency Name": "Department of Health and Mental Hygiene", "Complaint Type": "Rodent", "Descriptor": "Condition Attracting Rodents", "Location Type": "1-2 Family Mixed Use Building", "Incident Zip": 11230, "Incident Address": "1703 FOSTER AVENUE", "Street Name": "FOSTER AVENUE", "Cross Street 1": "EAST 17 STREET", "Cross Street 2": "EAST 18 STREET", "Intersection Street 1": "EAST   17 STREET", "Intersection Street 2": "EAST   18 STREET", "Address Type": "ADDRESS", "City": "BROOKLYN", "Landmark": "FOSTER AVENUE", "Facility Type": "N/A", "Status": "Closed", "Due Date": null, "Resolution Description": "The Department of Health and Mental Hygiene found violations on the property you reported. Follow-up inspections will be scheduled.", "Resolution Action Updated Date": "09/21/2025 08:17:23 AM", "Community Board": "14 BROOKLYN", "BBL": 3052170036, "Borough": "BROOKLYN", "X Coordinate (State Plane)": 995028, "Y Coordinate (State Plane)": 170623, "Open Data Channel Type": "PHONE", "Park Facility Name": "Unspecified", "Park Borough": "BROOKLYN", "Vehicle Type": null, "Taxi Company Borough": null, "Taxi Pick Up Location": null, "Bridge Highway Name": null, "Bridge Highway Direction": null, "Road Ramp": null, "Bridge Highway Segment": null, "Latitude": 40.634990738627835, "Longitude": -73.961167525257679, "Location": "(40.634990738627835, -73.96116752525768)", "Zip Codes": 13513, "Community Districts": 60, "Borough Boundaries": 2, "City Council Districts": 11, "Police Precincts": 43, "Police Precinct": 43 }, "geometry": { "type": "Point", "coordinates": [ -73.961167525257679, 40.634990738627835 ] } },
{ "type": "Feature", "properties": { "Unique Key": 66124864, "Created Date": "09/11/2025 03:23:45 PM", "Closed Date": "09/11/2025 03:23:45 PM", "Agency": "DOHMH", "Agency Name": "Department of Health and Mental Hygiene", "Complaint Type": "Rodent", "Descriptor": "Condition Attracting Rodents", "Location Type": "1-2 Family Dwelling", "Incident Zip": 11210, "Incident Address": "1110 EAST   36 STREET", "Street Name": "EAST   36 STREET", "Cross Street 1": "AVENUE K", "Cross Street 2": "AVENUE L", "Intersection Street 1": "AVENUE K", "Intersection Street 2": "AVENUE L", "Address Type": "ADDRESS", "City": "BROOKLYN", "Landmark": "EAST   36 STREET", "Facility Type": "N/A", "Status": "Closed", "Due Date": null, "Resolution Description": "The Department of Health and Mental Hygiene found violations on the property you reported. Follow-up inspections will be scheduled.", "Resolution Action Updated Date": "09/17/2025 10:15:52 AM", "Community Board": "18 BROOKLYN", "BBL": 3076350067, "Borough": "BROOKLYN", "X Coordinate (State Plane)": 1000755, "Y Coordinate (State Plane)": 166634, "Open Data Channel Type": "ONLINE", "Park Facility Name": "Unspecified", "Park Borough": "BROOKLYN", "Vehicle Type": null, "Taxi Company Borough": null, "Taxi Pick Up Location": null, "Bridge Highway Name": null, "Bridge Highway Direction": null, "Road Ramp": null, "Bridge Highway Segment": null, "Latitude": 40.624032957606431, "Longitude": -73.940543254897278, "Location": "(40.62403295760643, -73.94054325489728)", "Zip Codes": 17217, "Community Districts": 5, "Borough Boundaries": 2, "City Council Districts": 26, "Police Precincts": 38, "Police Precinct": 38 }, "geometry": { "type": "Point", "coordinates": [ -73.940543254897278, 40.624032957606431 ] } },
{ "type": "Feature", "properties": { "Unique Key": 66126203, "Created Date": "09/11/2025 07:22:21 PM", "Closed Date": null, "Agency": "DOHMH", "Agency Name": "Department of Health and Mental Hygiene", "Complaint Type": "Rodent", "Descriptor": "Condition Attracting Rodents", "Location Type": "Construction Site", "Incident Zip": 11426, "Incident Address": "88-04 GETTYSBURG STREET", "Street Name": "GETTYSBURG STREET", "Cross Street 1": "88 AVENUE", "Cross Street 2": "89 AVENUE", "Intersection Street 1": "88 AVENUE", "Intersection Street 2": "89 AVENUE", "Address Type": "ADDRESS", "City": "BELLEROSE", "Landmark": "GETTYSBURG STREET", "Facility Type": null, "Status": "In Progress", "Due Date": null, "Resolution Description": null, "Resolution Action Updated Date": null, "Community Board": "13 QUEENS", "BBL": 4079720070, "Borough": "QUEENS", "X Coordinate (State Plane)": 1058852, "Y Coordinate (State Plane)": 205362, "Open Data Channel Type": "MOBILE", "Park Facility Name": "Unspecified", "Park Borough": "QUEENS", "Vehicle Type": null, "Taxi Company Borough": null, "Taxi Pick Up Location": null, "Bridge Highway Name": null, "Bridge Highway Direction": null, "Road Ramp": null, "Bridge Highway Segment": null, "Latitude": 40.730033328296408, "Longitude": -73.730829784152192, "Location": "(40.73003332829641, -73.73082978415219)", "Zip Codes": 24335, "Community Districts": 63, "Borough Boundaries": 3, "City Council Districts": 16, "Police Precincts": 63, "Police Precinct": 63 }, "geometry": { "type": "Point", "coordinates": [ -73.730829784152192, 40.730033328296408 ] } },
{ "type": "Feature", "properties": { "Unique Key": 66127524, "Created Date": "09/11/2025 05:53:27 AM", "Closed Date": null, "Agency": "DOHMH", "Agency Name": "Department of Health and Mental Hygiene", "Complaint Type": "Rodent", "Descriptor": "Condition Attracting Rodents", "Location Type": "Commercial Building", "Incident Zip": 11237, "Incident Address": "448 JEFFERSON STREET", "Street Name": "JEFFERSON STREET", "Cross Street 1": "WYCKOFF AVENUE", "Cross Street 2": "ST NICHOLAS AVENUE", "Intersection Street 1": "WYCKOFF AVENUE", "Intersection Street 2": "ST NICHOLAS AVENUE", "Address Type": "ADDRESS", "City": "BROOKLYN", "Landmark": "JEFFERSON STREET", "Facility Type": null, "Status": "In Progress", "Due Date": null, "Resolution Description": null, "Resolution Action Updated Date": null, "Community Board": "04 BROOKLYN", "BBL": 3031770020, "Borough": "BROOKLYN", "X Coordinate (State Plane)": 1005642, "Y Coordinate (State Plane)": 197137, "Open Data Channel Type": "MOBILE", "Park Facility Name": "Unspecified", "Park Borough": "BROOKLYN", "Vehicle Type": null, "Taxi Company Borough": null, "Taxi Pick Up Location": null, "Bridge Highway Name": null, "Bridge Highway Direction": null, "Road Ramp": null, "Bridge Highway Segment": null, "Latitude": 40.707746424173052, "Longitude": -73.922841803230156, "Location": "(40.70774642417305, -73.92284180323016)", "Zip Codes": 13828, "Community Districts": 42, "Borough Boundaries": 2, "City Council Districts": 30, "Police Precincts": 53, "Police Precinct": 53 }, "geometry": { "type": "Point", "coordinates": [ -73.922841803230156, 40.707746424173052 ] } },
{ "type": "Feature", "properties": { "Unique Key": 66132961, "Created Date": "09/12/2025 11:16:05 AM", "Closed Date": "09/12/2025 11:16:05 AM", "Agency": "DOHMH", "Agency Name": "Department of Health and Mental Hygiene", "Complaint Type": "Rodent", "Descriptor": "Condition Attracting Rodents", "Location Type": "3+ Family Apt. Building", "Incident Zip": 11208, "Incident Address": "902 DREW STREET", "Street Name": "DREW STREET", "Cross Street 1": "LORING AVENUE", "Cross Street 2": "BEND", "Intersection Street 1": "LORING AVENUE", "Intersection Street 2": "BEND", "Address Type": "ADDRESS", "City": "BROOKLYN", "Landmark": "DREW STREET", "Facility Type": "N/A", "Status": "Closed", "Due Date": null, "Resolution Description": "The Department of Health and Mental Hygiene found violations on the property you reported. Follow-up inspections will be scheduled.", "Resolution Action Updated Date": "09/24/2025 12:32:28 PM", "Community Board": "05 BROOKLYN", "BBL": 3045157501, "Borough": "BROOKLYN", "X Coordinate (State Plane)": 1022952, "Y Coordinate (State Plane)": 182613, "Open Data Channel Type": "PHONE", "Park Facility Name": "Unspecified", "Park Borough": "BROOKLYN", "Vehicle Type": null, "Taxi Company Borough": null, "Taxi Pick Up Location": null, "Bridge Highway Name": null, "Bridge Highway Direction": null, "Road Ramp": null, "Bridge Highway Segment": null, "Latitude": 40.667822645849625, "Longitude": -73.860490369811544, "Location": "(40.667822645849625, -73.86049036981154)", "Zip Codes": 17215, "Community Districts": 45, "Borough Boundaries": 2, "City Council Districts": 25, "Police Precincts": 47, "Police Precinct": 47 }, "geometry": { "type": "Point", "coordinates": [ -73.860490369811544, 40.667822645849625 ] } },
{ "type": "Feature", "properties": { "Unique Key": 66151651, "Created Date": "09/14/2025 07:32:52 PM", "Closed Date": "09/16/2025 07:20:13 AM", "Agency": "DOHMH", "Agency Name": "Department of Health and Mental Hygiene", "Complaint Type": "Rodent", "Descriptor": "Condition Attracting Rodents", "Location Type": "1-2 Family Dwelling", "Incident Zip": 10075, "Incident Address": "334 EAST   79 STREET", "Street Name": "EAST   79 STREET", "Cross Street 1": "2 AVENUE", "Cross Street 2": "1 AVENUE", "Intersection Street 1": "2 AVENUE", "Intersection Street 2": "1 AVENUE", "Address Type": "ADDRESS", "City": "NEW YORK", "Landmark": "EAST   79 STREET", "Facility Type": "N/A", "Status": "Closed", "Due Date": null, "Resolution Description": "This service request was closed because the Department of Health and Mental Hygiene received an earlier complaint about the same location.  You can find inspection results for this address by going to the online Rat Portal at www.nyc.gov/rats.", "Resolution Action Updated Date": "09/14/2025 07:32:52 PM", "Community Board": "08 MANHATTAN", "BBL": 1014537502, "Borough": "MANHATTAN", "X Coordinate (State Plane)": 996955, "Y Coordinate (State Plane)": 220883, "Open Data Channel Type": "MOBILE", "Park Facility Name": "Unspecified", "Park Borough": "MANHATTAN", "Vehicle Type": null, "Taxi Company Borough": null, "Taxi Pick Up Location": null, "Bridge Highway Name": null, "Bridge Highway Direction": null, "Road Ramp": null, "Bridge Highway Segment": null, "Latitude": 40.772940017362096, "Longitude": -73.95412983908912, "Location": "(40.772940017362096, -73.95412983908912)", "Zip Codes": 10092, "Community Districts": 23, "Borough Boundaries": 4, "City Council Districts": 1, "Police Precincts": 11, "Police Precinct": 11 }, "geometry": { "type": "Point", "coordinates": [ -73.95412983908912, 40.772940017362096 ] } },
{ "type": "Feature", "properties": { "Unique Key": 66151652, "Created Date": "09/14/2025 11:48:26 AM", "Closed Date": "09/14/2025 11:48:26 AM", "Agency": "DOHMH", "Agency Name": "Department of Health and Mental Hygiene", "Complaint Type": "Rodent", "Descriptor": "Condition Attracting Rodents", "Location Type": "1-2 Family Dwelling", "Incident Zip": 10030, "Incident Address": "47 BRADHURST AVENUE", "Street Name": "BRADHURST AVENUE", "Cross Street 1": "WEST 144 STREET", "Cross Street 2": "WEST 145 STREET", "Intersection Street 1": "WEST  144 STREET", "Intersection Street 2": "WEST  145 STREET", "Address Type": "ADDRESS", "City": "NEW YORK", "Landmark": "BRADHURST AVENUE", "Facility Type": "N/A", "Status": "Closed", "Due Date": null, "Resolution Description": "The Department of Health and Mental Hygiene found violations on the property you reported. Follow-up inspections will be scheduled.", "Resolution Action Updated Date": "09/24/2025 11:18:00 AM", "Community Board": "09 MANHATTAN", "BBL": 1020510137, "Borough": "MANHATTAN", "X Coordinate (State Plane)": 999930, "Y Coordinate (State Plane)": 239056, "Open Data Channel Type": "PHONE", "Park Facility Name": "Unspecified", "Park Borough": "MANHATTAN", "Vehicle Type": null, "Taxi Company Borough": null, "Taxi Pick Up Location": null, "Bridge Highway Name": null, "Bridge Highway Direction": null, "Road Ramp": null, "Bridge Highway Segment": null, "Latitude": 40.822815168411431, "Longitude": -73.943346460553315, "Location": "(40.82281516841143, -73.94334646055331)", "Zip Codes": 12427, "Community Districts": 37, "Borough Boundaries": 4, "City Council Districts": 36, "Police Precincts": 19, "Police Precinct": 19 }, "geometry": { "type": "Point", "coordinates": [ -73.943346460553315, 40.822815168411431 ] } },
{ "type": "Feature", "properties": { "Unique Key": 66157602, "Created Date": "09/14/2025 09:29:31 PM", "Closed Date": "09/14/2025 09:29:31 PM", "Agency": "DOHMH", "Agency Name": "Department of Health and Mental Hygiene", "Complaint Type": "Rodent", "Descriptor": "Condition Attracting Rodents", "Location Type": "1-2 Family Dwelling", "Incident Zip": 11221, "Incident Address": "32 CEDAR STREET", "Street Name": "CEDAR STREET", "Cross Street 1": "BUSHWICK AVENUE", "Cross Street 2": "EVERGREEN AVENUE", "Intersection Street 1": "BUSHWICK AVENUE", "Intersection Street 2": "EVERGREEN AVENUE", "Address Type": "ADDRESS", "City": "BROOKLYN", "Landmark": "CEDAR STREET", "Facility Type": "N/A", "Status": "Closed", "Due Date": null, "Resolution Description": "The Department of Health and Mental Hygiene found violations on the property you reported. Follow-up inspections will be scheduled.", "Resolution Action Updated Date": "09/15/2025 01:10:00 PM", "Community Board": "04 BROOKLYN", "BBL": 3032310017, "Borough": "BROOKLYN", "X Coordinate (State Plane)": 1004080, "Y Coordinate (State Plane)": 193038, "Open Data Channel Type": "MOBILE", "Park Facility Name": "Unspecified", "Park Borough": "BROOKLYN", "Vehicle Type": null, "Taxi Company Borough": null, "Taxi Pick Up Location": null, "Bridge Highway Name": null, "Bridge Highway Direction": null, "Road Ramp": null, "Bridge Highway Segment": null, "Latitude": 40.696499272359254, "Longitude": -73.928487803779902, "Location": "(40.696499272359254, -73.9284878037799)", "Zip Codes": 18181, "Community Districts": 42, "Borough Boundaries": 2, "City Council Districts": 30, "Police Precincts": 53, "Police Precinct": 53 }, "geometry": { "type": "Point", "coordinates": [ -73.928487803779902, 40.696499272359254 ] } },
{ "type": "Feature", "properties": { "Unique Key": 66157603, "Created Date": "09/14/2025 04:37:03 PM", "Closed Date": "09/14/2025 04:37:03 PM", "Agency": "DOHMH", "Agency Name": "Department of Health and Mental Hygiene", "Complaint Type": "Rodent", "Descriptor": "Condition Attracting Rodents", "Location Type": "3+ Family Apt. Building", "Incident Zip": 10033, "Incident Address": "815 WEST  181 STREET", "Street Name": "WEST  181 STREET", "Cross Street 1": "FORT WASHINGTON AVENUE", "Cross Street 2": "PINEHURST AVENUE", "Intersection Street 1": "FORT WASHINGTON AVENUE", "Intersection Street 2": "PINEHURST AVENUE", "Address Type": "ADDRESS", "City": "NEW YORK", "Landmark": "WEST  181 STREET", "Facility Type": "N/A", "Status": "Closed", "Due Date": null, "Resolution Description": "The Department of Health and Mental Hygiene found violations on the property you reported. Follow-up inspections will be scheduled.", "Resolution Action Updated Date": "09/25/2025 11:15:54 AM", "Community Board": "12 MANHATTAN", "BBL": 1021790093, "Borough": "MANHATTAN", "X Coordinate (State Plane)": 1001142, "Y Coordinate (State Plane)": 249363, "Open Data Channel Type": "ONLINE", "Park Facility Name": "Unspecified", "Park Borough": "MANHATTAN", "Vehicle Type": null, "Taxi Company Borough": null, "Taxi Pick Up Location": null, "Bridge Highway Name": null, "Bridge Highway Direction": null, "Road Ramp": null, "Bridge Highway Segment": null, "Latitude": 40.851102655473682, "Longitude": -73.938941416660597, "Location": "(40.85110265547368, -73.9389414166606)", "Zip Codes": 13091, "Community Districts": 47, "Borough Boundaries": 4, "City Council Districts": 39, "Police Precincts": 22, "Police Precinct": 22 }, "geometry": { "type": "Point", "coordinates": [ -73.938941416660597, 40.851102655473682 ] } },
{ "type": "Feature", "properties": { "Unique Key": 66159988, "Created Date": "09/15/2025 02:44:41 PM", "Closed Date": "09/15/2025 02:44:41 PM", "Agency": "DOHMH", "Agency Name": "Department of Health and Mental Hygiene", "Complaint Type": "Rodent", "Descriptor": "Condition Attracting Rodents", "Location Type": "3+ Family Apt. Building", "Incident Zip": 10459, "Incident Address": "951 HOE AVENUE", "Street Name": "HOE AVENUE", "Cross Street 1": "EAST 163 STREET", "Cross Street 2": "ALDUS STREET", "Intersection Street 1": "EAST  163 STREET", "Intersection Street 2": "ALDUS STREET", "Address Type": "ADDRESS", "City": "BRONX", "Landmark": "HOE AVENUE", "Facility Type": "N/A", "Status": "Closed", "Due Date": null, "Resolution Description": "The Department of Health and Mental Hygiene tried to inspect the property you reported but could not access the site. If you have information that will help the inspector access the site, please go online to nyc.gov/311 or call 311 and refile your complaint with contact information.", "Resolution Action Updated Date": "09/20/2025 10:45:00 AM", "Community Board": "02 BRONX", "BBL": 2027427501, "Borough": "BRONX", "X Coordinate (State Plane)": 1014601, "Y Coordinate (State Plane)": 238805, "Open Data Channel Type": "PHONE", "Park Facility Name": "Unspecified", "Park Borough": "BRONX", "Vehicle Type": null, "Taxi Company Borough": null, "Taxi Pick Up Location": null, "Bridge Highway Name": null, "Bridge Highway Direction": null, "Road Ramp": null, "Bridge Highway Segment": null, "Latitude": 40.822088018176373, "Longitude": -73.890339724769589, "Location": "(40.82208801817637, -73.89033972476959)", "Zip Codes": 10937, "Community Districts": 8, "Borough Boundaries": 5, "City Council Districts": 43, "Police Precincts": 24, "Police Precinct": 24 }, "geometry": { "type": "Point", "coordinates": [ -73.890339724769589, 40.822088018176373 ] } },
{ "type": "Feature", "properties": { "Unique Key": 66175954, "Created Date": "09/16/2025 03:32:27 PM", "Closed Date": "09/26/2025 09:39:08 AM", "Agency": "DOHMH", "Agency Name": "Department of Health and Mental Hygiene", "Complaint Type": "Rodent", "Descriptor": "Condition Attracting Rodents", "Location Type": "3+ Family Apt. Building", "Incident Zip": 11216, "Incident Address": "662 PARK PLACE", "Street Name": "PARK PLACE", "Cross Street 1": "FRANKLIN AVENUE", "Cross Street 2": "BEDFORD AVENUE", "Intersection Street 1": "FRANKLIN AVENUE", "Intersection Street 2": "BEDFORD AVENUE", "Address Type": "ADDRESS", "City": "BROOKLYN", "Landmark": "PARK PLACE", "Facility Type": "N/A", "Status": "Closed", "Due Date": null, "Resolution Description": "This service request was closed because the Department of Health and Mental Hygiene received an earlier complaint about the same location.  You can find inspection results for this address by going to the online Rat Portal at www.nyc.gov/rats.", "Resolution Action Updated Date": "09/16/2025 03:32:27 PM", "Community Board": "08 BROOKLYN", "BBL": 3012380018, "Borough": "BROOKLYN", "X Coordinate (State Plane)": 996503, "Y Coordinate (State Plane)": 184831, "Open Data Channel Type": "ONLINE", "Park Facility Name": "Unspecified", "Park Borough": "BROOKLYN", "Vehicle Type": null, "Taxi Company Borough": null, "Taxi Pick Up Location": null, "Bridge Highway Name": null, "Bridge Highway Direction": null, "Road Ramp": null, "Bridge Highway Segment": null, "Latitude": 40.673986670791479, "Longitude": -73.955827377485363, "Location": "(40.67398667079148, -73.95582737748536)", "Zip Codes": 17618, "Community Districts": 16, "Borough Boundaries": 2, "City Council Districts": 48, "Police Precincts": 49, "Police Precinct": 49 }, "geometry": { "type": "Point", "coordinates": [ -73.955827377485363, 40.673986670791479 ] } },
{ "type": "Feature", "properties": { "Unique Key": 66024165, "Created Date": "09/02/2025 07:19:01 AM", "Closed Date": "09/08/2025 12:55:20 PM", "Agency": "DOHMH", "Agency Name": "Department of Health and Mental Hygiene", "Complaint Type": "Rodent", "Descriptor": "Condition Attracting Rodents", "Location Type": "3+ Family Apt. Building", "Incident Zip": 11226, "Incident Address": "530 PARKSIDE AVENUE", "Street Name": "PARKSIDE AVENUE", "Cross Street 1": "BEDFORD AVENUE", "Cross Street 2": "ROGERS AVENUE", "Intersection Street 1": "BEDFORD AVENUE", "Intersection Street 2": "ROGERS AVENUE", "Address Type": "ADDRESS", "City": "BROOKLYN", "Landmark": "PARKSIDE AVENUE", "Facility Type": "N/A", "Status": "Closed", "Due Date": null, "Resolution Description": "This service request was closed because the Department of Health and Mental Hygiene received an earlier complaint about the same location.  You can find inspection results for this address by going to the online Rat Portal at www.nyc.gov/rats.", "Resolution Action Updated Date": "09/02/2025 07:19:01 AM", "Community Board": "09 BROOKLYN", "BBL": 3050560014, "Borough": "BROOKLYN", "X Coordinate (State Plane)": 996619, "Y Coordinate (State Plane)": 178251, "Open Data Channel Type": "MOBILE", "Park Facility Name": "Unspecified", "Park Borough": "BROOKLYN", "Vehicle Type": null, "Taxi Company Borough": null, "Taxi Pick Up Location": null, "Bridge Highway Name": null, "Bridge Highway Direction": null, "Road Ramp": null, "Bridge Highway Segment": null, "Latitude": 40.655925871617399, "Longitude": -73.955421264133406, "Location": "(40.6559258716174, -73.9554212641334)", "Zip Codes": 13510, "Community Districts": 17, "Borough Boundaries": 2, "City Council Districts": 11, "Police Precincts": 44, "Police Precinct": 44 }, "geometry": { "type": "Point", "coordinates": [ -73.955421264133406, 40.655925871617399 ] } },
{ "type": "Feature", "properties": { "Unique Key": 66028159, "Created Date": "09/02/2025 08:54:56 PM", "Closed Date": "09/02/2025 08:54:56 PM", "Agency": "DOHMH", "Agency Name": "Department of Health and Mental Hygiene", "Complaint Type": "Rodent", "Descriptor": "Condition Attracting Rodents", "Location Type": "3+ Family Apt. Building", "Incident Zip": 10030, "Incident Address": "229 EDGECOMB AVENUE", "Street Name": "EDGECOMB AVENUE", "Cross Street 1": "WEST 142 STREET", "Cross Street 2": "WEST 145 STREET", "Intersection Street 1": "WEST  142 STREET", "Intersection Street 2": "WEST  145 STREET", "Address Type": "ADDRESS", "City": "NEW YORK", "Landmark": "EDGECOMBE AVENUE", "Facility Type": "N/A", "Status": "Closed", "Due Date": null, "Resolution Description": "The Department of Health and Mental Hygiene found violations on the property you reported. Follow-up inspections will be scheduled.", "Resolution Action Updated Date": "09/05/2025 11:04:55 AM", "Community Board": "09 MANHATTAN", "BBL": 1020510061, "Borough": "MANHATTAN", "X Coordinate (State Plane)": 999748, "Y Coordinate (State Plane)": 239247, "Open Data Channel Type": "PHONE", "Park Facility Name": "Unspecified", "Park Borough": "MANHATTAN", "Vehicle Type": null, "Taxi Company Borough": null, "Taxi Pick Up Location": null, "Bridge Highway Name": null, "Bridge Highway Direction": null, "Road Ramp": null, "Bridge Highway Segment": null, "Latitude": 40.823339730390366, "Longitude": -73.944003604951163, "Location": "(40.823339730390366, -73.94400360495116)", "Zip Codes": 12427, "Community Districts": 37, "Borough Boundaries": 4, "City Council Districts": 36, "Police Precincts": 19, "Police Precinct": 19 }, "geometry": { "type": "Point", "coordinates": [ -73.944003604951163, 40.823339730390366 ] } },
{ "type": "Feature", "properties": { "Unique Key": 66040432, "Created Date": "09/03/2025 06:19:50 PM", "Closed Date": "09/03/2025 06:19:50 PM", "Agency": "DOHMH", "Agency Name": "Department of Health and Mental Hygiene", "Complaint Type": "Rodent", "Descriptor": "Condition Attracting Rodents", "Location Type": "1-2 Family Dwelling", "Incident Zip": 10473, "Incident Address": "918 BOYNTON AVENUE", "Street Name": "BOYNTON AVENUE", "Cross Street 1": "STORY AVENUE", "Cross Street 2": "BRUCKNER BOULEVARD", "Intersection Street 1": "STORY AVENUE", "Intersection Street 2": "BRUCKNER BOULEVARD", "Address Type": "ADDRESS", "City": "BRONX", "Landmark": "BOYNTON AVENUE", "Facility Type": "N/A", "Status": "Closed", "Due Date": null, "Resolution Description": "An inspection of the property was conducted and it passed with minor violations found.", "Resolution Action Updated Date": "09/06/2025 08:45:43 AM", "Community Board": "09 BRONX", "BBL": 2036530011, "Borough": "BRONX", "X Coordinate (State Plane)": 1018365, "Y Coordinate (State Plane)": 238890, "Open Data Channel Type": "ONLINE", "Park Facility Name": "Unspecified", "Park Borough": "BRONX", "Vehicle Type": null, "Taxi Company Borough": null, "Taxi Pick Up Location": null, "Bridge Highway Name": null, "Bridge Highway Direction": null, "Road Ramp": null, "Bridge Highway Segment": null, "Latitude": 40.822307583736595, "Longitude": -73.876739715637697, "Location": "(40.822307583736595, -73.8767397156377)", "Zip Codes": 11611, "Community Districts": 58, "Borough Boundaries": 5, "City Council Districts": 31, "Police Precincts": 26, "Police Precinct": 26 }, "geometry": { "type": "Point", "coordinates": [ -73.876739715637697, 40.822307583736595 ] } },
{ "type": "Feature", "properties": { "Unique Key": 66045909, "Created Date": "09/04/2025 05:08:52 PM", "Closed Date": "09/04/2025 05:08:52 PM", "Agency": "DOHMH", "Agency Name": "Department of Health and Mental Hygiene", "Complaint Type": "Rodent", "Descriptor": "Condition Attracting Rodents", "Location Type": "Other (Explain Below)", "Incident Zip": 10473, "Incident Address": "2010 BRUCKNER BOULEVARD", "Street Name": "BRUCKNER BOULEVARD", "Cross Street 1": "PUGSLEY AVENUE", "Cross Street 2": "OLMSTEAD AVENUE", "Intersection Street 1": "PUGSLEY AVENUE", "Intersection Street 2": "OLMSTEAD AVENUE", "Address Type": "ADDRESS", "City": "BRONX", "Landmark": "BRUCKNER BOULEVARD", "Facility Type": "N/A", "Status": "Closed", "Due Date": null, "Resolution Description": "The Department of Health and Mental Hygiene inspected the property you reported and did not find any violations at the time of the inspection. The property passed inspection.", "Resolution Action Updated Date": "09/06/2025 07:45:43 AM", "Community Board": "09 BRONX", "BBL": 2036820001, "Borough": "BRONX", "X Coordinate (State Plane)": 1024246, "Y Coordinate (State Plane)": 240289, "Open Data Channel Type": "PHONE", "Park Facility Name": "Unspecified", "Park Borough": "BRONX", "Vehicle Type": null, "Taxi Company Borough": null, "Taxi Pick Up Location": null, "Bridge Highway Name": null, "Bridge Highway Direction": null, "Road Ramp": null, "Bridge Highway Segment": null, "Latitude": 40.826122765312029, "Longitude": -73.855482878312799, "Location": "(40.82612276531203, -73.8554828783128)", "Zip Codes": 11611, "Community Districts": 58, "Borough Boundaries": 5, "City Council Districts": 31, "Police Precincts": 26, "Police Precinct": 26 }, "geometry": { "type": "Point", "coordinates": [ -73.855482878312799, 40.826122765312029 ] } },
{ "type": "Feature", "properties": { "Unique Key": 66045910, "Created Date": "09/04/2025 12:40:28 PM", "Closed Date": "09/04/2025 12:40:28 PM", "Agency": "DOHMH", "Agency Name": "Department of Health and Mental Hygiene", "Complaint Type": "Rodent", "Descriptor": "Condition Attracting Rodents", "Location Type": "1-2 Family Dwelling", "Incident Zip": 10455, "Incident Address": "586 BECK STREET", "Street Name": "BECK STREET", "Cross Street 1": "EAST 151 STREET", "Cross Street 2": "AVENUE ST JOHN", "Intersection Street 1": "EAST  151 STREET", "Intersection Street 2": "AVENUE ST JOHN", "Address Type": "ADDRESS", "City": "BRONX", "Landmark": "BECK STREET", "Facility Type": "N/A", "Status": "Closed", "Due Date": null, "Resolution Description": "The Department of Health and Mental Hygiene tried to inspect the property you reported but could not access the site. If you have information that will help the inspector access the site, please go online to nyc.gov/311 or call 311 and refile your complaint with contact information.", "Resolution Action Updated Date": "09/06/2025 09:25:00 AM", "Community Board": "02 BRONX", "BBL": 2026840116, "Borough": "BRONX", "X Coordinate (State Plane)": 1011189, "Y Coordinate (State Plane)": 235984, "Open Data Channel Type": "PHONE", "Park Facility Name": "Unspecified", "Park Borough": "BRONX", "Vehicle Type": null, "Taxi Company Borough": null, "Taxi Pick Up Location": null, "Bridge Highway Name": null, "Bridge Highway Direction": null, "Road Ramp": null, "Bridge Highway Segment": null, "Latitude": 40.814356235776593, "Longitude": -73.902678831338193, "Location": "(40.81435623577659, -73.90267883133819)", "Zip Codes": 10933, "Community Districts": 8, "Borough Boundaries": 5, "City Council Districts": 43, "Police Precincts": 24, "Police Precinct": 24 }, "geometry": { "type": "Point", "coordinates": [ -73.902678831338193, 40.814356235776593 ] } },
{ "type": "Feature", "properties": { "Unique Key": 66056656, "Created Date": "09/05/2025 09:53:09 AM", "Closed Date": "09/05/2025 09:53:09 AM", "Agency": "DOHMH", "Agency Name": "Department of Health and Mental Hygiene", "Complaint Type": "Rodent", "Descriptor": "Condition Attracting Rodents", "Location Type": "3+ Family Apt. Building", "Incident Zip": 10463, "Incident Address": "2762 KINGSBRIDGE TERRACE", "Street Name": "KINGSBRIDGE TERRACE", "Cross Street 1": "WEST KINGSBRIDGE ROAD", "Cross Street 2": "WEST 229 STREET", "Intersection Street 1": "WEST KINGSBRIDGE ROAD", "Intersection Street 2": "WEST  229 STREET", "Address Type": "ADDRESS", "City": "BRONX", "Landmark": "KINGSBRIDGE TERRACE", "Facility Type": "N/A", "Status": "Closed", "Due Date": null, "Resolution Description": "The Department of Health and Mental Hygiene found violations on the property you reported. Follow-up inspections will be scheduled.", "Resolution Action Updated Date": "09/06/2025 11:03:59 AM", "Community Board": "08 BRONX", "BBL": 2032530090, "Borough": "BRONX", "X Coordinate (State Plane)": 1010986, "Y Coordinate (State Plane)": 257066, "Open Data Channel Type": "PHONE", "Park Facility Name": "Unspecified", "Park Borough": "BRONX", "Vehicle Type": null, "Taxi Company Borough": null, "Taxi Pick Up Location": null, "Bridge Highway Name": null, "Bridge Highway Direction": null, "Road Ramp": null, "Bridge Highway Segment": null, "Latitude": 40.872220734310865, "Longitude": -73.903328146792916, "Location": "(40.872220734310865, -73.90332814679292)", "Zip Codes": 11272, "Community Districts": 48, "Borough Boundaries": 5, "City Council Districts": 29, "Police Precincts": 33, "Police Precinct": 33 }, "geometry": { "type": "Point", "coordinates": [ -73.903328146792916, 40.872220734310865 ] } },
{ "type": "Feature", "properties": { "Unique Key": 66056657, "Created Date": "09/05/2025 09:56:07 AM", "Closed Date": "09/08/2025 07:04:00 AM", "Agency": "DOHMH", "Agency Name": "Department of Health and Mental Hygiene", "Complaint Type": "Rodent", "Descriptor": "Condition Attracting Rodents", "Location Type": "Other (Explain Below)", "Incident Zip": 10024, "Incident Address": "589 AMSTERDAM AVENUE", "Street Name": "AMSTERDAM AVENUE", "Cross Street 1": "WEST 88 STREET", "Cross Street 2": "WEST 89 STREET", "Intersection Street 1": "WEST   88 STREET", "Intersection Street 2": "WEST   89 STREET", "Address Type": "ADDRESS", "City": "NEW YORK", "Landmark": "AMSTERDAM AVENUE", "Facility Type": "N/A", "Status": "Closed", "Due Date": null, "Resolution Description": "This service request was closed because the Department of Health and Mental Hygiene received an earlier complaint about the same location.  You can find inspection results for this address by going to the online Rat Portal at www.nyc.gov/rats.", "Resolution Action Updated Date": "09/05/2025 09:56:07 AM", "Community Board": "07 MANHATTAN", "BBL": 1012190001, "Borough": "MANHATTAN", "X Coordinate (State Plane)": 991491, "Y Coordinate (State Plane)": 226827, "Open Data Channel Type": "ONLINE", "Park Facility Name": "Unspecified", "Park Borough": "MANHATTAN", "Vehicle Type": null, "Taxi Company Borough": null, "Taxi Pick Up Location": null, "Bridge Highway Name": null, "Bridge Highway Direction": null, "Road Ramp": null, "Bridge Highway Segment": null, "Latitude": 40.789260886149705, "Longitude": -73.973850669248591, "Location": "(40.789260886149705, -73.97385066924859)", "Zip Codes": 12421, "Community Districts": 20, "Borough Boundaries": 4, "City Council Districts": 19, "Police Precincts": 15, "Police Precinct": 15 }, "geometry": { "type": "Point", "coordinates": [ -73.973850669248591, 40.789260886149705 ] } },
{ "type": "Feature", "properties": { "Unique Key": 66067369, "Created Date": "09/06/2025 01:15:52 PM", "Closed Date": "09/08/2025 09:27:52 AM", "Agency": "DOHMH", "Agency Name": "Department of Health and Mental Hygiene", "Complaint Type": "Rodent", "Descriptor": "Condition Attracting Rodents", "Location Type": "3+ Family Apt. Building", "Incident Zip": 10075, "Incident Address": "400 EAST   78 STREET", "Street Name": "EAST   78 STREET", "Cross Street 1": "1 AVENUE", "Cross Street 2": "YORK AVENUE", "Intersection Street 1": "1 AVENUE", "Intersection Street 2": "YORK AVENUE", "Address Type": "ADDRESS", "City": "NEW YORK", "Landmark": "EAST   78 STREET", "Facility Type": "N/A", "Status": "Closed", "Due Date": null, "Resolution Description": "This service request was closed because the Department of Health and Mental Hygiene received an earlier complaint about the same location.  You can find inspection results for this address by going to the online Rat Portal at www.nyc.gov/rats.", "Resolution Action Updated Date": "09/06/2025 01:15:52 PM", "Community Board": "08 MANHATTAN", "BBL": 1014720047, "Borough": "MANHATTAN", "X Coordinate (State Plane)": 997308, "Y Coordinate (State Plane)": 220362, "Open Data Channel Type": "PHONE", "Park Facility Name": "Unspecified", "Park Borough": "MANHATTAN", "Vehicle Type": null, "Taxi Company Borough": null, "Taxi Pick Up Location": null, "Bridge Highway Name": null, "Bridge Highway Direction": null, "Road Ramp": null, "Bridge Highway Segment": null, "Latitude": 40.771509494287926, "Longitude": -73.95285637966731, "Location": "(40.771509494287926, -73.95285637966731)", "Zip Codes": 10092, "Community Districts": 23, "Borough Boundaries": 4, "City Council Districts": 1, "Police Precincts": 11, "Police Precinct": 11 }, "geometry": { "type": "Point", "coordinates": [ -73.95285637966731, 40.771509494287926 ] } },
{ "type": "Feature", "properties": { "Unique Key": 66072455, "Created Date": "09/06/2025 06:06:37 PM", "Closed Date": "09/08/2025 08:42:00 AM", "Agency": "DOHMH", "Agency Name": "Department of Health and Mental Hygiene", "Complaint Type": "Rodent", "Descriptor": "Condition Attracting Rodents", "Location Type": "1-2 Family Dwelling", "Incident Zip": 10457, "Incident Address": "2003 CROTONA AVENUE", "Street Name": "CROTONA AVENUE", "Cross Street 1": "EAST 179 STREET", "Cross Street 2": "OAKLAND PLACE", "Intersection Street 1": "EAST  179 STREET", "Intersection Street 2": "OAKLAND PLACE", "Address Type": "ADDRESS", "City": "BRONX", "Landmark": "CROTONA AVENUE", "Facility Type": "N/A", "Status": "Closed", "Due Date": null, "Resolution Description": "This service request was closed because the Department of Health and Mental Hygiene received an earlier complaint about the same location.  You can find inspection results for this address by going to the online Rat Portal at www.nyc.gov/rats.", "Resolution Action Updated Date": "09/06/2025 06:06:37 PM", "Community Board": "06 BRONX", "BBL": 2030800071, "Borough": "BRONX", "X Coordinate (State Plane)": 1014714, "Y Coordinate (State Plane)": 247845, "Open Data Channel Type": "PHONE", "Park Facility Name": "Unspecified", "Park Borough": "BRONX", "Vehicle Type": null, "Taxi Company Borough": null, "Taxi Pick Up Location": null, "Bridge Highway Name": null, "Bridge Highway Direction": null, "Road Ramp": null, "Bridge Highway Segment": null, "Latitude": 40.846899800683218, "Longitude": -73.889890392075984, "Location": "(40.84689980068322, -73.88989039207598)", "Zip Codes": 10935, "Community Districts": 35, "Borough Boundaries": 5, "City Council Districts": 22, "Police Precincts": 31, "Police Precinct": 31 }, "geometry": { "type": "Point", "coordinates": [ -73.889890392075984, 40.846899800683218 ] } },
{ "type": "Feature", "properties": { "Unique Key": 66074953, "Created Date": "09/06/2025 08:40:10 AM", "Closed Date": "09/08/2025 07:04:00 AM", "Agency": "DOHMH", "Agency Name": "Department of Health and Mental Hygiene", "Complaint Type": "Rodent", "Descriptor": "Condition Attracting Rodents", "Location Type": "Other (Explain Below)", "Incident Zip": 10024, "Incident Address": "589 AMSTERDAM AVENUE", "Street Name": "AMSTERDAM AVENUE", "Cross Street 1": "WEST 88 STREET", "Cross Street 2": "WEST 89 STREET", "Intersection Street 1": "WEST   88 STREET", "Intersection Street 2": "WEST   89 STREET", "Address Type": "ADDRESS", "City": "NEW YORK", "Landmark": "AMSTERDAM AVENUE", "Facility Type": "N/A", "Status": "Closed", "Due Date": null, "Resolution Description": "This service request was closed because the Department of Health and Mental Hygiene received an earlier complaint about the same location.  You can find inspection results for this address by going to the online Rat Portal at www.nyc.gov/rats.", "Resolution Action Updated Date": "09/06/2025 08:40:10 AM", "Community Board": "07 MANHATTAN", "BBL": 1012190001, "Borough": "MANHATTAN", "X Coordinate (State Plane)": 991491, "Y Coordinate (State Plane)": 226827, "Open Data Channel Type": "ONLINE", "Park Facility Name": "Unspecified", "Park Borough": "MANHATTAN", "Vehicle Type": null, "Taxi Company Borough": null, "Taxi Pick Up Location": null, "Bridge Highway Name": null, "Bridge Highway Direction": null, "Road Ramp": null, "Bridge Highway Segment": null, "Latitude": 40.789260886149705, "Longitude": -73.973850669248591, "Location": "(40.789260886149705, -73.97385066924859)", "Zip Codes": 12421, "Community Districts": 20, "Borough Boundaries": 4, "City Council Districts": 19, "Police Precincts": 15, "Police Precinct": 15 }, "geometry": { "type": "Point", "coordinates": [ -73.973850669248591, 40.789260886149705 ] } },
{ "type": "Feature", "properties": { "Unique Key": 66077161, "Created Date": "09/07/2025 09:18:40 AM", "Closed Date": "09/08/2025 07:39:42 AM", "Agency": "DOHMH", "Agency Name": "Department of Health and Mental Hygiene", "Complaint Type": "Rodent", "Descriptor": "Condition Attracting Rodents", "Location Type": "3+ Family Apt. Building", "Incident Zip": 10026, "Incident Address": "320 MANHATTAN AVENUE", "Street Name": "MANHATTAN AVENUE", "Cross Street 1": "MORNINGSIDE AVENUE", "Cross Street 2": "WEST 114 STREET", "Intersection Street 1": "MORNINGSIDE AVENUE", "Intersection Street 2": "WEST  114 STREET", "Address Type": "ADDRESS", "City": "NEW YORK", "Landmark": "MANHATTAN AVENUE", "Facility Type": "N/A", "Status": "Closed", "Due Date": null, "Resolution Description": "This service request was closed because the Department of Health and Mental Hygiene received an earlier complaint about the same location.  You can find inspection results for this address by going to the online Rat Portal at www.nyc.gov/rats.", "Resolution Action Updated Date": "09/07/2025 09:18:40 AM", "Community Board": "10 MANHATTAN", "BBL": 1018470068, "Borough": "MANHATTAN", "X Coordinate (State Plane)": 995876, "Y Coordinate (State Plane)": 231985, "Open Data Channel Type": "ONLINE", "Park Facility Name": "Unspecified", "Park Borough": "MANHATTAN", "Vehicle Type": null, "Taxi Company Borough": null, "Taxi Pick Up Location": null, "Bridge Highway Name": null, "Bridge Highway Direction": null, "Road Ramp": null, "Bridge Highway Segment": null, "Latitude": 40.803413513544889, "Longitude": -73.958006247046299, "Location": "(40.80341351354489, -73.9580062470463)", "Zip Codes": 12423, "Community Districts": 18, "Borough Boundaries": 4, "City Council Districts": 36, "Police Precincts": 18, "Police Precinct": 18 }, "geometry": { "type": "Point", "coordinates": [ -73.958006247046299, 40.803413513544889 ] } },
{ "type": "Feature", "properties": { "Unique Key": 66078155, "Created Date": "09/07/2025 10:13:51 AM", "Closed Date": "09/07/2025 10:13:51 AM", "Agency": "DOHMH", "Agency Name": "Department of Health and Mental Hygiene", "Complaint Type": "Rodent", "Descriptor": "Condition Attracting Rodents", "Location Type": "3+ Family Apt. Building", "Incident Zip": 10035, "Incident Address": "57 EAST  128 STREET", "Street Name": "EAST  128 STREET", "Cross Street 1": "MADISON AVENUE", "Cross Street 2": "PARK AVENUE", "Intersection Street 1": "MADISON AVENUE", "Intersection Street 2": "PARK AVENUE", "Address Type": "ADDRESS", "City": "NEW YORK", "Landmark": "EAST  128 STREET", "Facility Type": "N/A", "Status": "Closed", "Due Date": null, "Resolution Description": "This service request was closed because the Department of Health and Mental Hygiene received an earlier complaint about the same location.  You can find inspection results for this address by going to the online Rat Portal at www.nyc.gov/rats.", "Resolution Action Updated Date": "09/08/2025 07:55:34 AM", "Community Board": "11 MANHATTAN", "BBL": 1017530027, "Borough": "MANHATTAN", "X Coordinate (State Plane)": 1001229, "Y Coordinate (State Plane)": 233448, "Open Data Channel Type": "PHONE", "Park Facility Name": "Unspecified", "Park Borough": "MANHATTAN", "Vehicle Type": null, "Taxi Company Borough": null, "Taxi Pick Up Location": null, "Bridge Highway Name": null, "Bridge Highway Direction": null, "Road Ramp": null, "Bridge Highway Segment": null, "Latitude": 40.807420379545128, "Longitude": -73.938667221259593, "Location": "(40.80742037954513, -73.93866722125959)", "Zip Codes": 13093, "Community Districts": 7, "Borough Boundaries": 4, "City Council Districts": 36, "Police Precincts": 16, "Police Precinct": 16 }, "geometry": { "type": "Point", "coordinates": [ -73.938667221259593, 40.807420379545128 ] } },
{ "type": "Feature", "properties": { "Unique Key": 66083337, "Created Date": "09/07/2025 08:40:51 PM", "Closed Date": "09/08/2025 12:51:20 PM", "Agency": "DOHMH", "Agency Name": "Department of Health and Mental Hygiene", "Complaint Type": "Rodent", "Descriptor": "Condition Attracting Rodents", "Location Type": "3+ Family Apt. Building", "Incident Zip": 11206, "Incident Address": "120 GERRY STREET", "Street Name": "GERRY STREET", "Cross Street 1": "THROOP AVENUE", "Cross Street 2": "BROADWAY", "Intersection Street 1": "THROOP AVENUE", "Intersection Street 2": "BROADWAY", "Address Type": "ADDRESS", "City": "BROOKLYN", "Landmark": "GERRY STREET", "Facility Type": "N/A", "Status": "Closed", "Due Date": null, "Resolution Description": "This service request was closed because the Department of Health and Mental Hygiene received an earlier complaint about the same location.  You can find inspection results for this address by going to the online Rat Portal at www.nyc.gov/rats.", "Resolution Action Updated Date": "09/07/2025 08:40:51 PM", "Community Board": "01 BROOKLYN", "BBL": 3022700010, "Borough": "BROOKLYN", "X Coordinate (State Plane)": 999302, "Y Coordinate (State Plane)": 195250, "Open Data Channel Type": "MOBILE", "Park Facility Name": "Unspecified", "Park Borough": "BROOKLYN", "Vehicle Type": null, "Taxi Company Borough": null, "Taxi Pick Up Location": null, "Bridge Highway Name": null, "Bridge Highway Direction": null, "Road Ramp": null, "Bridge Highway Segment": null, "Latitude": 40.702580111176893, "Longitude": -73.945713579906766, "Location": "(40.70258011117689, -73.94571357990677)", "Zip Codes": 17213, "Community Districts": 36, "Borough Boundaries": 2, "City Council Districts": 38, "Police Precincts": 56, "Police Precinct": 56 }, "geometry": { "type": "Point", "coordinates": [ -73.945713579906766, 40.702580111176893 ] } },
{ "type": "Feature", "properties": { "Unique Key": 66086046, "Created Date": "09/08/2025 12:00:44 PM", "Closed Date": "09/08/2025 05:24:02 PM", "Agency": "DOHMH", "Agency Name": "Department of Health and Mental Hygiene", "Complaint Type": "Rodent", "Descriptor": "Condition Attracting Rodents", "Location Type": "1-2 Family Dwelling", "Incident Zip": 11413, "Incident Address": "229-03 148 AVENUE", "Street Name": "148 AVENUE", "Cross Street 1": "229 STREET", "Cross Street 2": "230 STREET", "Intersection Street 1": "229 STREET", "Intersection Street 2": "230 STREET", "Address Type": "ADDRESS", "City": "SPRINGFIELD GARDENS", "Landmark": "148 AVENUE", "Facility Type": "N/A", "Status": "Closed", "Due Date": null, "Resolution Description": "This service request was closed because the Department of Health and Mental Hygiene received an earlier complaint about the same location.  You can find inspection results for this address by going to the online Rat Portal at www.nyc.gov/rats.", "Resolution Action Updated Date": "09/08/2025 12:00:44 PM", "Community Board": "13 QUEENS", "BBL": 4137090037, "Borough": "QUEENS", "X Coordinate (State Plane)": 1052572, "Y Coordinate (State Plane)": 178607, "Open Data Channel Type": "PHONE", "Park Facility Name": "Unspecified", "Park Borough": "QUEENS", "Vehicle Type": null, "Taxi Company Borough": null, "Taxi Pick Up Location": null, "Bridge Highway Name": null, "Bridge Highway Direction": null, "Road Ramp": null, "Bridge Highway Segment": null, "Latitude": 40.656648075565187, "Longitude": -73.753759783017202, "Location": "(40.65664807556519, -73.7537597830172)", "Zip Codes": 15313, "Community Districts": 63, "Borough Boundaries": 3, "City Council Districts": 47, "Police Precincts": 63, "Police Precinct": 63 }, "geometry": { "type": "Point", "coordinates": [ -73.753759783017202, 40.656648075565187 ] } },
{ "type": "Feature", "properties": { "Unique Key": 66093241, "Created Date": "09/08/2025 10:35:52 AM", "Closed Date": "09/08/2025 05:25:19 PM", "Agency": "DOHMH", "Agency Name": "Department of Health and Mental Hygiene", "Complaint Type": "Rodent", "Descriptor": "Condition Attracting Rodents", "Location Type": "Vacant Lot", "Incident Zip": 11385, "Incident Address": "1818 GROVE STREET", "Street Name": "GROVE STREET", "Cross Street 1": "SENECA AVENUE", "Cross Street 2": "ONDERDONK AVENUE", "Intersection Street 1": "SENECA AVENUE", "Intersection Street 2": "ONDERDONK AVENUE", "Address Type": "ADDRESS", "City": "RIDGEWOOD", "Landmark": "GROVE STREET", "Facility Type": "N/A", "Status": "Closed", "Due Date": null, "Resolution Description": "This service request was closed because the Department of Health and Mental Hygiene received an earlier complaint about the same location.  You can find inspection results for this address by going to the online Rat Portal at www.nyc.gov/rats.", "Resolution Action Updated Date": "09/08/2025 10:35:52 AM", "Community Board": "05 QUEENS", "BBL": 4034390021, "Borough": "QUEENS", "X Coordinate (State Plane)": 1009332, "Y Coordinate (State Plane)": 195952, "Open Data Channel Type": "PHONE", "Park Facility Name": "Unspecified", "Park Borough": "QUEENS", "Vehicle Type": null, "Taxi Company Borough": null, "Taxi Pick Up Location": null, "Bridge Highway Name": null, "Bridge Highway Direction": null, "Road Ramp": null, "Bridge Highway Segment": null, "Latitude": 40.704484189756485, "Longitude": -73.909536869856737, "Location": "(40.704484189756485, -73.90953686985674)", "Zip Codes": 15310, "Community Districts": 54, "Borough Boundaries": 3, "City Council Districts": 30, "Police Precincts": 62, "Police Precinct": 62 }, "geometry": { "type": "Point", "coordinates": [ -73.909536869856737, 40.704484189756485 ] } },
{ "type": "Feature", "properties": { "Unique Key": 66094679, "Created Date": "09/08/2025 10:41:33 AM", "Closed Date": "09/10/2025 11:55:55 AM", "Agency": "DOHMH", "Agency Name": "Department of Health and Mental Hygiene", "Complaint Type": "Rodent", "Descriptor": "Condition Attracting Rodents", "Location Type": "Other (Explain Below)", "Incident Zip": 10024, "Incident Address": "589 AMSTERDAM AVENUE", "Street Name": "AMSTERDAM AVENUE", "Cross Street 1": "WEST 88 STREET", "Cross Street 2": "WEST 89 STREET", "Intersection Street 1": "WEST   88 STREET", "Intersection Street 2": "WEST   89 STREET", "Address Type": "ADDRESS", "City": "NEW YORK", "Landmark": "AMSTERDAM AVENUE", "Facility Type": "N/A", "Status": "Closed", "Due Date": null, "Resolution Description": "This service request was closed because the Department of Health and Mental Hygiene received an earlier complaint about the same location.  You can find inspection results for this address by going to the online Rat Portal at www.nyc.gov/rats.", "Resolution Action Updated Date": "09/08/2025 10:41:33 AM", "Community Board": "07 MANHATTAN", "BBL": 1012190001, "Borough": "MANHATTAN", "X Coordinate (State Plane)": 991491, "Y Coordinate (State Plane)": 226827, "Open Data Channel Type": "ONLINE", "Park Facility Name": "Unspecified", "Park Borough": "MANHATTAN", "Vehicle Type": null, "Taxi Company Borough": null, "Taxi Pick Up Location": null, "Bridge Highway Name": null, "Bridge Highway Direction": null, "Road Ramp": null, "Bridge Highway Segment": null, "Latitude": 40.789260886149705, "Longitude": -73.973850669248591, "Location": "(40.789260886149705, -73.97385066924859)", "Zip Codes": 12421, "Community Districts": 20, "Borough Boundaries": 4, "City Council Districts": 19, "Police Precincts": 15, "Police Precinct": 15 }, "geometry": { "type": "Point", "coordinates": [ -73.973850669248591, 40.789260886149705 ] } },
{ "type": "Feature", "properties": { "Unique Key": 66128875, "Created Date": "09/12/2025 08:29:39 AM", "Closed Date": null, "Agency": "DOHMH", "Agency Name": "Department of Health and Mental Hygiene", "Complaint Type": "Rodent", "Descriptor": "Condition Attracting Rodents", "Location Type": "1-2 Family Dwelling", "Incident Zip": 11220, "Incident Address": "319 46 STREET", "Street Name": "46 STREET", "Cross Street 1": "3 AVENUE", "Cross Street 2": "4 AVENUE", "Intersection Street 1": "3 AVENUE", "Intersection Street 2": "4 AVENUE", "Address Type": "ADDRESS", "City": "BROOKLYN", "Landmark": "46 STREET", "Facility Type": null, "Status": "In Progress", "Due Date": null, "Resolution Description": null, "Resolution Action Updated Date": null, "Community Board": "07 BROOKLYN", "BBL": null, "Borough": "BROOKLYN", "X Coordinate (State Plane)": 981038, "Y Coordinate (State Plane)": 175914, "Open Data Channel Type": "PHONE", "Park Facility Name": "Unspecified", "Park Borough": "BROOKLYN", "Vehicle Type": null, "Taxi Company Borough": null, "Taxi Pick Up Location": null, "Bridge Highway Name": null, "Bridge Highway Direction": null, "Road Ramp": null, "Bridge Highway Segment": null, "Latitude": 40.649519372218329, "Longitude": -74.011575159240451, "Location": "(40.64951937221833, -74.01157515924045)", "Zip Codes": 18180, "Community Districts": 9, "Borough Boundaries": 2, "City Council Districts": 7, "Police Precincts": 45, "Police Precinct": 45 }, "geometry": { "type": "Point", "coordinates": [ -74.011575159240451, 40.649519372218329 ] } },
{ "type": "Feature", "properties": { "Unique Key": 66128876, "Created Date": "09/12/2025 08:54:39 PM", "Closed Date": null, "Agency": "DOHMH", "Agency Name": "Department of Health and Mental Hygiene", "Complaint Type": "Rodent", "Descriptor": "Condition Attracting Rodents", "Location Type": "3+ Family Apt. Building", "Incident Zip": 11355, "Incident Address": "43-55 KISSENA BOULEVARD", "Street Name": "KISSENA BOULEVARD", "Cross Street 1": "KISSENA BOULEVARD", "Cross Street 2": "BOWNE STREET", "Intersection Street 1": "KISSENA BOULEVARD", "Intersection Street 2": "BOWNE STREET", "Address Type": "ADDRESS", "City": "FLUSHING", "Landmark": "KISSENA BOULEVARD", "Facility Type": null, "Status": "In Progress", "Due Date": null, "Resolution Description": null, "Resolution Action Updated Date": null, "Community Board": "07 QUEENS", "BBL": 4051867501, "Borough": "QUEENS", "X Coordinate (State Plane)": 1033308, "Y Coordinate (State Plane)": 214197, "Open Data Channel Type": "PHONE", "Park Facility Name": "Unspecified", "Park Borough": "QUEENS", "Vehicle Type": null, "Taxi Company Borough": null, "Taxi Pick Up Location": null, "Bridge Highway Name": null, "Bridge Highway Direction": null, "Road Ramp": null, "Bridge Highway Segment": null, "Latitude": 40.754461708185865, "Longitude": -73.822929905391248, "Location": "(40.754461708185865, -73.82292990539125)", "Zip Codes": 14190, "Community Districts": 22, "Borough Boundaries": 3, "City Council Districts": 3, "Police Precincts": 67, "Police Precinct": 67 }, "geometry": { "type": "Point", "coordinates": [ -73.822929905391248, 40.754461708185865 ] } },
{ "type": "Feature", "properties": { "Unique Key": 66130223, "Created Date": "09/12/2025 04:18:21 PM", "Closed Date": "09/12/2025 04:18:21 PM", "Agency": "DOHMH", "Agency Name": "Department of Health and Mental Hygiene", "Complaint Type": "Rodent", "Descriptor": "Condition Attracting Rodents", "Location Type": "3+ Family Apt. Building", "Incident Zip": 10019, "Incident Address": "424 WEST   57 STREET", "Street Name": "WEST   57 STREET", "Cross Street 1": "9 AVENUE", "Cross Street 2": "10 AVENUE", "Intersection Street 1": "9 AVENUE", "Intersection Street 2": "10 AVENUE", "Address Type": "ADDRESS", "City": "NEW YORK", "Landmark": "WEST   57 STREET", "Facility Type": "N/A", "Status": "Closed", "Due Date": null, "Resolution Description": "The Department of Health and Mental Hygiene found violations on the property you reported. Follow-up inspections will be scheduled.", "Resolution Action Updated Date": "09/19/2025 10:42:00 AM", "Community Board": "04 MANHATTAN", "BBL": 1010660045, "Borough": "MANHATTAN", "X Coordinate (State Plane)": 987953, "Y Coordinate (State Plane)": 219188, "Open Data Channel Type": "PHONE", "Park Facility Name": "Unspecified", "Park Borough": "MANHATTAN", "Vehicle Type": null, "Taxi Company Borough": null, "Taxi Pick Up Location": null, "Bridge Highway Name": null, "Bridge Highway Direction": null, "Road Ramp": null, "Bridge Highway Segment": null, "Latitude": 40.76829603886663, "Longitude": -73.986631613184656, "Location": "(40.76829603886663, -73.98663161318466)", "Zip Codes": 12081, "Community Districts": 12, "Borough Boundaries": 4, "City Council Districts": 10, "Police Precincts": 10, "Police Precinct": 10 }, "geometry": { "type": "Point", "coordinates": [ -73.986631613184656, 40.76829603886663 ] } },
{ "type": "Feature", "properties": { "Unique Key": 66131585, "Created Date": "09/12/2025 06:34:24 AM", "Closed Date": null, "Agency": "DOHMH", "Agency Name": "Department of Health and Mental Hygiene", "Complaint Type": "Rodent", "Descriptor": "Condition Attracting Rodents", "Location Type": "1-2 Family Dwelling", "Incident Zip": 10314, "Incident Address": "340 KELL AVENUE", "Street Name": "KELL AVENUE", "Cross Street 1": "WESTWOOD AVENUE", "Cross Street 2": "PRESIDENT STREET", "Intersection Street 1": "WESTWOOD AVENUE", "Intersection Street 2": "PRESIDENT STREET", "Address Type": "ADDRESS", "City": "STATEN ISLAND", "Landmark": "KELL AVENUE", "Facility Type": null, "Status": "In Progress", "Due Date": null, "Resolution Description": null, "Resolution Action Updated Date": null, "Community Board": "02 STATEN ISLAND", "BBL": 5007800017, "Borough": "STATEN ISLAND", "X Coordinate (State Plane)": 946773, "Y Coordinate (State Plane)": 159594, "Open Data Channel Type": "PHONE", "Park Facility Name": "Unspecified", "Park Borough": "STATEN ISLAND", "Vehicle Type": null, "Taxi Company Borough": null, "Taxi Pick Up Location": null, "Bridge Highway Name": null, "Bridge Highway Direction": null, "Road Ramp": null, "Bridge Highway Segment": null, "Latitude": 40.604645740355849, "Longitude": -74.134966015879527, "Location": "(40.60464574035585, -74.13496601587953)", "Zip Codes": 10700, "Community Districts": 30, "Borough Boundaries": 1, "City Council Districts": 14, "Police Precincts": 75, "Police Precinct": 75 }, "geometry": { "type": "Point", "coordinates": [ -74.134966015879527, 40.604645740355849 ] } },
{ "type": "Feature", "properties": { "Unique Key": 66132962, "Created Date": "09/12/2025 09:10:48 PM", "Closed Date": null, "Agency": "DOHMH", "Agency Name": "Department of Health and Mental Hygiene", "Complaint Type": "Rodent", "Descriptor": "Condition Attracting Rodents", "Location Type": "3+ Family Apt. Building", "Incident Zip": 11372, "Incident Address": "37-36 76 STREET", "Street Name": "76 STREET", "Cross Street 1": "37 AVENUE", "Cross Street 2": "37 ROAD", "Intersection Street 1": "37 AVENUE", "Intersection Street 2": "37 ROAD", "Address Type": "ADDRESS", "City": "JACKSON HEIGHTS", "Landmark": "76 STREET", "Facility Type": null, "Status": "In Progress", "Due Date": null, "Resolution Description": null, "Resolution Action Updated Date": null, "Community Board": "03 QUEENS", "BBL": 4012860054, "Borough": "QUEENS", "X Coordinate (State Plane)": 1014785, "Y Coordinate (State Plane)": 211876, "Open Data Channel Type": "ONLINE", "Park Facility Name": "Unspecified", "Park Borough": "QUEENS", "Vehicle Type": null, "Taxi Company Borough": null, "Taxi Pick Up Location": null, "Bridge Highway Name": null, "Bridge Highway Direction": null, "Road Ramp": null, "Bridge Highway Segment": null, "Latitude": 40.748174523869068, "Longitude": -73.889797325361954, "Location": "(40.74817452386907, -73.88979732536195)", "Zip Codes": 14783, "Community Districts": 65, "Borough Boundaries": 3, "City Council Districts": 5, "Police Precincts": 73, "Police Precinct": 73 }, "geometry": { "type": "Point", "coordinates": [ -73.889797325361954, 40.748174523869068 ] } },
{ "type": "Feature", "properties": { "Unique Key": 66132963, "Created Date": "09/12/2025 09:25:10 AM", "Closed Date": "09/12/2025 09:25:10 AM", "Agency": "DOHMH", "Agency Name": "Department of Health and Mental Hygiene", "Complaint Type": "Rodent", "Descriptor": "Condition Attracting Rodents", "Location Type": "Other (Explain Below)", "Incident Zip": 11230, "Incident Address": "1404 OCEAN PARKWAY", "Street Name": "OCEAN PARKWAY", "Cross Street 1": "AVENUE N", "Cross Street 2": "RYDER AVENUE", "Intersection Street 1": "AVENUE N", "Intersection Street 2": "RYDER AVENUE", "Address Type": "ADDRESS", "City": "BROOKLYN", "Landmark": "OCEAN PARKWAY", "Facility Type": "N/A", "Status": "Closed", "Due Date": null, "Resolution Description": "An inspection of the property was conducted and it passed with minor violations found.", "Resolution Action Updated Date": "09/24/2025 11:31:02 AM", "Community Board": "12 BROOKLYN", "BBL": 3065877501, "Borough": "BROOKLYN", "X Coordinate (State Plane)": 992955, "Y Coordinate (State Plane)": 163159, "Open Data Channel Type": "PHONE", "Park Facility Name": "Unspecified", "Park Borough": "BROOKLYN", "Vehicle Type": null, "Taxi Company Borough": null, "Taxi Pick Up Location": null, "Bridge Highway Name": null, "Bridge Highway Direction": null, "Road Ramp": null, "Bridge Highway Segment": null, "Latitude": 40.61450590381957, "Longitude": -73.968646042403918, "Location": "(40.61450590381957, -73.96864604240392)", "Zip Codes": 13513, "Community Districts": 2, "Borough Boundaries": 2, "City Council Districts": 18, "Police Precincts": 39, "Police Precinct": 39 }, "geometry": { "type": "Point", "coordinates": [ -73.968646042403918, 40.61450590381957 ] } },
{ "type": "Feature", "properties": { "Unique Key": 66132964, "Created Date": "09/12/2025 05:41:55 PM", "Closed Date": "09/12/2025 05:41:55 PM", "Agency": "DOHMH", "Agency Name": "Department of Health and Mental Hygiene", "Complaint Type": "Rodent", "Descriptor": "Condition Attracting Rodents", "Location Type": "1-2 Family Dwelling", "Incident Zip": 10469, "Incident Address": "1319 EAST  222 STREET", "Street Name": "EAST  222 STREET", "Cross Street 1": "NEEDHAM AVENUE", "Cross Street 2": "BOSTON ROAD", "Intersection Street 1": "NEEDHAM AVENUE", "Intersection Street 2": "BOSTON ROAD", "Address Type": "ADDRESS", "City": "BRONX", "Landmark": "EAST  222 STREET", "Facility Type": "N/A", "Status": "Closed", "Due Date": null, "Resolution Description": "The Department of Health and Mental Hygiene found violations on the property you reported. Follow-up inspections will be scheduled.", "Resolution Action Updated Date": "09/22/2025 12:10:41 PM", "Community Board": "12 BRONX", "BBL": 2048880007, "Borough": "BRONX", "X Coordinate (State Plane)": 1027394, "Y Coordinate (State Plane)": 259717, "Open Data Channel Type": "PHONE", "Park Facility Name": "Unspecified", "Park Borough": "BRONX", "Vehicle Type": null, "Taxi Company Borough": null, "Taxi Pick Up Location": null, "Bridge Highway Name": null, "Bridge Highway Direction": null, "Road Ramp": null, "Bridge Highway Segment": null, "Latitude": 40.879431949108032, "Longitude": -73.843983237384776, "Location": "(40.87943194910803, -73.84398323738478)", "Zip Codes": 11607, "Community Districts": 29, "Borough Boundaries": 5, "City Council Districts": 2, "Police Precincts": 30, "Police Precinct": 30 }, "geometry": { "type": "Point", "coordinates": [ -73.843983237384776, 40.879431949108032 ] } },
{ "type": "Feature", "properties": { "Unique Key": 66134391, "Created Date": "09/12/2025 08:03:26 AM", "Closed Date": "09/12/2025 08:03:26 AM", "Agency": "DOHMH", "Agency Name": "Department of Health and Mental Hygiene", "Complaint Type": "Rodent", "Descriptor": "Condition Attracting Rodents", "Location Type": "3+ Family Apt. Building", "Incident Zip": 11215, "Incident Address": "512 2 STREET", "Street Name": "2 STREET", "Cross Street 1": "7 AVENUE", "Cross Street 2": "8 AVENUE", "Intersection Street 1": "7 AVENUE", "Intersection Street 2": "8 AVENUE", "Address Type": "ADDRESS", "City": "BROOKLYN", "Landmark": "2 STREET", "Facility Type": "N/A", "Status": "Closed", "Due Date": null, "Resolution Description": "The Department of Health and Mental Hygiene inspected the property you reported and did not find any violations at the time of the inspection. The property passed inspection.", "Resolution Action Updated Date": "09/19/2025 10:09:01 AM", "Community Board": "06 BROOKLYN", "BBL": 3010780008, "Borough": "BROOKLYN", "X Coordinate (State Plane)": 990460, "Y Coordinate (State Plane)": 183700, "Open Data Channel Type": "PHONE", "Park Facility Name": "Unspecified", "Park Borough": "BROOKLYN", "Vehicle Type": null, "Taxi Company Borough": null, "Taxi Pick Up Location": null, "Bridge Highway Name": null, "Bridge Highway Direction": null, "Road Ramp": null, "Bridge Highway Segment": null, "Latitude": 40.670888631175266, "Longitude": -73.977613708027079, "Location": "(40.670888631175266, -73.97761370802708)", "Zip Codes": 17617, "Community Districts": 14, "Borough Boundaries": 2, "City Council Districts": 27, "Police Precincts": 50, "Police Precinct": 50 }, "geometry": { "type": "Point", "coordinates": [ -73.977613708027079, 40.670888631175266 ] } },
{ "type": "Feature", "properties": { "Unique Key": 66137197, "Created Date": "09/12/2025 07:57:46 AM", "Closed Date": "09/12/2025 07:57:46 AM", "Agency": "DOHMH", "Agency Name": "Department of Health and Mental Hygiene", "Complaint Type": "Rodent", "Descriptor": "Condition Attracting Rodents", "Location Type": "3+ Family Apt. Building", "Incident Zip": 10467, "Incident Address": "3063 HULL AVENUE", "Street Name": "HULL AVENUE", "Cross Street 1": "EAST MOSHOLU PARKWAY NORTH", "Cross Street 2": "EAST 204 STREET", "Intersection Street 1": "EAST MOSHOLU PARKWAY NORTH", "Intersection Street 2": "EAST  204 STREET", "Address Type": "ADDRESS", "City": "BRONX", "Landmark": "HULL AVENUE", "Facility Type": "N/A", "Status": "Closed", "Due Date": null, "Resolution Description": "The Department of Health and Mental Hygiene found violations on the property you reported. Follow-up inspections will be scheduled.", "Resolution Action Updated Date": "09/22/2025 12:15:00 PM", "Community Board": "07 BRONX", "BBL": 2033330052, "Borough": "BRONX", "X Coordinate (State Plane)": 1017621, "Y Coordinate (State Plane)": 256913, "Open Data Channel Type": "PHONE", "Park Facility Name": "Unspecified", "Park Borough": "BRONX", "Vehicle Type": null, "Taxi Company Borough": null, "Taxi Pick Up Location": null, "Bridge Highway Name": null, "Bridge Highway Direction": null, "Road Ramp": null, "Bridge Highway Segment": null, "Latitude": 40.87177820522826, "Longitude": -73.879338146733474, "Location": "(40.87177820522826, -73.87933814673347)", "Zip Codes": 11605, "Community Districts": 24, "Borough Boundaries": 5, "City Council Districts": 40, "Police Precincts": 34, "Police Precinct": 34 }, "geometry": { "type": "Point", "coordinates": [ -73.879338146733474, 40.87177820522826 ] } },
{ "type": "Feature", "properties": { "Unique Key": 66137198, "Created Date": "09/12/2025 07:46:45 PM", "Closed Date": "09/12/2025 07:46:45 PM", "Agency": "DOHMH", "Agency Name": "Department of Health and Mental Hygiene", "Complaint Type": "Rodent", "Descriptor": "Condition Attracting Rodents", "Location Type": "Commercial Building", "Incident Zip": 11233, "Incident Address": "275 MALCOLM X BOULEVARD", "Street Name": "MALCOLM X BOULEVARD", "Cross Street 1": "MACON STREET", "Cross Street 2": "MAC DONOUGH STREET", "Intersection Street 1": "MACON STREET", "Intersection Street 2": "MAC DONOUGH STREET", "Address Type": "ADDRESS", "City": "BROOKLYN", "Landmark": "MALCOLM X BOULEVARD", "Facility Type": "N/A", "Status": "Closed", "Due Date": null, "Resolution Description": "The Department of Health and Mental Hygiene found violations on the property you reported. Follow-up inspections will be scheduled.", "Resolution Action Updated Date": "09/18/2025 01:40:00 PM", "Community Board": "03 BROOKLYN", "BBL": 3016720004, "Borough": "BROOKLYN", "X Coordinate (State Plane)": 1003928, "Y Coordinate (State Plane)": 188106, "Open Data Channel Type": "MOBILE", "Park Facility Name": "Unspecified", "Park Borough": "BROOKLYN", "Vehicle Type": null, "Taxi Company Borough": null, "Taxi Pick Up Location": null, "Bridge Highway Name": null, "Bridge Highway Direction": null, "Road Ramp": null, "Bridge Highway Segment": null, "Latitude": 40.682962410972401, "Longitude": -73.92905036141542, "Location": "(40.6829624109724, -73.92905036141542)", "Zip Codes": 13516, "Community Districts": 69, "Borough Boundaries": 2, "City Council Districts": 49, "Police Precincts": 52, "Police Precinct": 52 }, "geometry": { "type": "Point", "coordinates": [ -73.92905036141542, 40.682962410972401 ] } },
{ "type": "Feature", "properties": { "Unique Key": 66152791, "Created Date": "09/14/2025 04:04:12 PM", "Closed Date": "09/14/2025 04:04:12 PM", "Agency": "DOHMH", "Agency Name": "Department of Health and Mental Hygiene", "Complaint Type": "Rodent", "Descriptor": "Condition Attracting Rodents", "Location Type": "1-2 Family Dwelling", "Incident Zip": 10465, "Incident Address": "3232 RADIO DRIVE", "Street Name": "RADIO DRIVE", "Cross Street 1": "GRISWOLD AVENUE", "Cross Street 2": "BEND", "Intersection Street 1": "GRISWOLD AVENUE", "Intersection Street 2": "BEND", "Address Type": "ADDRESS", "City": "BRONX", "Landmark": "RADIO DRIVE", "Facility Type": "N/A", "Status": "Closed", "Due Date": null, "Resolution Description": "The Department of Health and Mental Hygiene inspected the property you reported and did not find any violations at the time of the inspection. The property passed inspection.", "Resolution Action Updated Date": "09/17/2025 12:14:33 PM", "Community Board": "10 BRONX", "BBL": 2054140093, "Borough": "BRONX", "X Coordinate (State Plane)": 1034192, "Y Coordinate (State Plane)": 246803, "Open Data Channel Type": "MOBILE", "Park Facility Name": "Unspecified", "Park Borough": "BRONX", "Vehicle Type": null, "Taxi Company Borough": null, "Taxi Pick Up Location": null, "Bridge Highway Name": null, "Bridge Highway Direction": null, "Road Ramp": null, "Bridge Highway Segment": null, "Latitude": 40.843951138599131, "Longitude": -73.819496693475827, "Location": "(40.84395113859913, -73.81949669347583)", "Zip Codes": 11274, "Community Districts": 43, "Borough Boundaries": 5, "City Council Districts": 12, "Police Precincts": 28, "Police Precinct": 28 }, "geometry": { "type": "Point", "coordinates": [ -73.819496693475827, 40.843951138599131 ] } },
{ "type": "Feature", "properties": { "Unique Key": 66171389, "Created Date": "09/16/2025 07:17:35 PM", "Closed Date": null, "Agency": "DOHMH", "Agency Name": "Department of Health and Mental Hygiene", "Complaint Type": "Rodent", "Descriptor": "Condition Attracting Rodents", "Location Type": "1-2 Family Dwelling", "Incident Zip": 11379, "Incident Address": "57-64 81 STREET", "Street Name": "81 STREET", "Cross Street 1": "QUEENS MIDTOWN EXPRESSWAY", "Cross Street 2": "58 AVENUE", "Intersection Street 1": "QUEENS MIDTOWN EXPRESSWAY", "Intersection Street 2": "58 AVENUE", "Address Type": "ADDRESS", "City": "MIDDLE VILLAGE", "Landmark": "81 STREET", "Facility Type": null, "Status": "In Progress", "Due Date": null, "Resolution Description": null, "Resolution Action Updated Date": null, "Community Board": "05 QUEENS", "BBL": 4029180041, "Borough": "QUEENS", "X Coordinate (State Plane)": 1017418, "Y Coordinate (State Plane)": 204469, "Open Data Channel Type": "ONLINE", "Park Facility Name": "Unspecified", "Park Borough": "QUEENS", "Vehicle Type": null, "Taxi Company Borough": null, "Taxi Pick Up Location": null, "Bridge Highway Name": null, "Bridge Highway Direction": null, "Road Ramp": null, "Bridge Highway Segment": null, "Latitude": 40.727834678427918, "Longitude": -73.880331199035268, "Location": "(40.72783467842792, -73.88033119903527)", "Zip Codes": 15309, "Community Districts": 54, "Borough Boundaries": 3, "City Council Districts": 34, "Police Precincts": 62, "Police Precinct": 62 }, "geometry": { "type": "Point", "coordinates": [ -73.880331199035268, 40.727834678427918 ] } },
{ "type": "Feature", "properties": { "Unique Key": 66171391, "Created Date": "09/16/2025 06:41:38 AM", "Closed Date": null, "Agency": "DOHMH", "Agency Name": "Department of Health and Mental Hygiene", "Complaint Type": "Rodent", "Descriptor": "Condition Attracting Rodents", "Location Type": "3+ Family Apt. Building", "Incident Zip": 10457, "Incident Address": "2260 CROTONA AVENUE", "Street Name": "CROTONA AVENUE", "Cross Street 1": "GROTE STREET", "Cross Street 2": "EAST  183 STREET", "Intersection Street 1": "GROTE STREET", "Intersection Street 2": "EAST  183 STREET", "Address Type": "ADDRESS", "City": "BRONX", "Landmark": "CROTONA AVENUE", "Facility Type": null, "Status": "In Progress", "Due Date": null, "Resolution Description": null, "Resolution Action Updated Date": null, "Community Board": "06 BRONX", "BBL": 2031010023, "Borough": "BRONX", "X Coordinate (State Plane)": 1015998, "Y Coordinate (State Plane)": 249425, "Open Data Channel Type": "MOBILE", "Park Facility Name": "Unspecified", "Park Borough": "BRONX", "Vehicle Type": null, "Taxi Company Borough": null, "Taxi Pick Up Location": null, "Bridge Highway Name": null, "Bridge Highway Direction": null, "Road Ramp": null, "Bridge Highway Segment": null, "Latitude": 40.851231906911963, "Longitude": -73.885242004011474, "Location": "(40.85123190691196, -73.88524200401147)", "Zip Codes": 10935, "Community Districts": 35, "Borough Boundaries": 5, "City Council Districts": 22, "Police Precincts": 31, "Police Precinct": 31 }, "geometry": { "type": "Point", "coordinates": [ -73.885242004011474, 40.851231906911963 ] } },
{ "type": "Feature", "properties": { "Unique Key": 66171390, "Created Date": "09/16/2025 12:07:00 PM", "Closed Date": "09/17/2025 08:36:03 AM", "Agency": "DOHMH", "Agency Name": "Department of Health and Mental Hygiene", "Complaint Type": "Rodent", "Descriptor": "Condition Attracting Rodents", "Location Type": "3+ Family Apt. Building", "Incident Zip": 10458, "Incident Address": "2356 RYER AVENUE", "Street Name": "RYER AVENUE", "Cross Street 1": "FIELD PLACE", "Cross Street 2": "EAST 184 STREET", "Intersection Street 1": "FIELD PLACE", "Intersection Street 2": "EAST  184 STREET", "Address Type": "ADDRESS", "City": "BRONX", "Landmark": "RYER AVENUE", "Facility Type": "N/A", "Status": "Closed", "Due Date": null, "Resolution Description": "This service request was closed because the Department of Health and Mental Hygiene received an earlier complaint about the same location.  You can find inspection results for this address by going to the online Rat Portal at www.nyc.gov/rats.", "Resolution Action Updated Date": "09/16/2025 12:07:00 PM", "Community Board": "05 BRONX", "BBL": 2031510024, "Borough": "BRONX", "X Coordinate (State Plane)": 1012353, "Y Coordinate (State Plane)": 252131, "Open Data Channel Type": "MOBILE", "Park Facility Name": "Unspecified", "Park Borough": "BRONX", "Vehicle Type": null, "Taxi Company Borough": null, "Taxi Pick Up Location": null, "Bridge Highway Name": null, "Bridge Highway Direction": null, "Road Ramp": null, "Bridge Highway Segment": null, "Latitude": 40.858671418926946, "Longitude": -73.898406056619621, "Location": "(40.858671418926946, -73.89840605661962)", "Zip Codes": 10936, "Community Districts": 6, "Borough Boundaries": 5, "City Council Districts": 22, "Police Precincts": 29, "Police Precinct": 29 }, "geometry": { "type": "Point", "coordinates": [ -73.898406056619621, 40.858671418926946 ] } },
{ "type": "Feature", "properties": { "Unique Key": 66172140, "Created Date": "09/16/2025 01:44:35 PM", "Closed Date": null, "Agency": "DOHMH", "Agency Name": "Department of Health and Mental Hygiene", "Complaint Type": "Rodent", "Descriptor": "Condition Attracting Rodents", "Location Type": "1-2 Family Dwelling", "Incident Zip": 11203, "Incident Address": "3320 TILDEN AVENUE", "Street Name": "TILDEN AVENUE", "Cross Street 1": "NEW YORK AVENUE", "Cross Street 2": "EAST   34 STREET", "Intersection Street 1": "NEW YORK AVENUE", "Intersection Street 2": "EAST   34 STREET", "Address Type": "ADDRESS", "City": "BROOKLYN", "Landmark": "TILDEN AVENUE", "Facility Type": null, "Status": "In Progress", "Due Date": null, "Resolution Description": null, "Resolution Action Updated Date": null, "Community Board": "17 BROOKLYN", "BBL": null, "Borough": "BROOKLYN", "X Coordinate (State Plane)": 999242, "Y Coordinate (State Plane)": 175003, "Open Data Channel Type": "ONLINE", "Park Facility Name": "Unspecified", "Park Borough": "BROOKLYN", "Vehicle Type": null, "Taxi Company Borough": null, "Taxi Pick Up Location": null, "Bridge Highway Name": null, "Bridge Highway Direction": null, "Road Ramp": null, "Bridge Highway Segment": null, "Latitude": 40.647006767578702, "Longitude": -73.945975011580757, "Location": "(40.6470067675787, -73.94597501158076)", "Zip Codes": 16866, "Community Districts": 61, "Borough Boundaries": 2, "City Council Districts": 26, "Police Precincts": 40, "Police Precinct": 40 }, "geometry": { "type": "Point", "coordinates": [ -73.945975011580757, 40.647006767578702 ] } },
{ "type": "Feature", "properties": { "Unique Key": 66047279, "Created Date": "09/04/2025 10:02:15 AM", "Closed Date": "09/04/2025 10:02:15 AM", "Agency": "DOHMH", "Agency Name": "Department of Health and Mental Hygiene", "Complaint Type": "Rodent", "Descriptor": "Condition Attracting Rodents", "Location Type": "1-2 Family Mixed Use Building", "Incident Zip": 10457, "Incident Address": "1963 BELMONT AVENUE", "Street Name": "BELMONT AVENUE", "Cross Street 1": "EAST TREMONT AVENUE", "Cross Street 2": "EAST 179 STREET", "Intersection Street 1": "EAST TREMONT AVENUE", "Intersection Street 2": "EAST  179 STREET", "Address Type": "ADDRESS", "City": "BRONX", "Landmark": "BELMONT AVENUE", "Facility Type": "N/A", "Status": "Closed", "Due Date": null, "Resolution Description": "The Department of Health and Mental Hygiene found violations on the property you reported. Follow-up inspections will be scheduled.", "Resolution Action Updated Date": "09/08/2025 09:17:26 AM", "Community Board": "06 BRONX", "BBL": 2030790001, "Borough": "BRONX", "X Coordinate (State Plane)": 1014236, "Y Coordinate (State Plane)": 247524, "Open Data Channel Type": "ONLINE", "Park Facility Name": "Unspecified", "Park Borough": "BRONX", "Vehicle Type": null, "Taxi Company Borough": null, "Taxi Pick Up Location": null, "Bridge Highway Name": null, "Bridge Highway Direction": null, "Road Ramp": null, "Bridge Highway Segment": null, "Latitude": 40.846020386998092, "Longitude": -73.891619517259102, "Location": "(40.84602038699809, -73.8916195172591)", "Zip Codes": 10935, "Community Districts": 35, "Borough Boundaries": 5, "City Council Districts": 43, "Police Precincts": 31, "Police Precinct": 31 }, "geometry": { "type": "Point", "coordinates": [ -73.891619517259102, 40.846020386998092 ] } },
{ "type": "Feature", "properties": { "Unique Key": 66055305, "Created Date": "09/05/2025 12:34:27 PM", "Closed Date": "09/09/2025 06:18:48 AM", "Agency": "DOHMH", "Agency Name": "Department of Health and Mental Hygiene", "Complaint Type": "Rodent", "Descriptor": "Condition Attracting Rodents", "Location Type": "Other (Explain Below)", "Incident Zip": 10033, "Incident Address": "8 WASHINGTON TERRACE", "Street Name": "WASHINGTON TERRACE", "Cross Street 1": "WEST 186 STREET", "Cross Street 2": "DEAD END", "Intersection Street 1": "WEST  186 STREET", "Intersection Street 2": "DEAD END", "Address Type": "ADDRESS", "City": "NEW YORK", "Landmark": "WASHINGTON TERRACE", "Facility Type": "N/A", "Status": "Closed", "Due Date": null, "Resolution Description": "This service request was closed because the Department of Health and Mental Hygiene received an earlier complaint about the same location.  You can find inspection results for this address by going to the online Rat Portal at www.nyc.gov/rats.", "Resolution Action Updated Date": "09/05/2025 12:34:27 PM", "Community Board": "12 MANHATTAN", "BBL": 1021560042, "Borough": "MANHATTAN", "X Coordinate (State Plane)": 1003752, "Y Coordinate (State Plane)": 249451, "Open Data Channel Type": "PHONE", "Park Facility Name": "Unspecified", "Park Borough": "MANHATTAN", "Vehicle Type": null, "Taxi Company Borough": null, "Taxi Pick Up Location": null, "Bridge Highway Name": null, "Bridge Highway Direction": null, "Road Ramp": null, "Bridge Highway Segment": null, "Latitude": 40.851338810190398, "Longitude": -73.929506941032301, "Location": "(40.8513388101904, -73.9295069410323)", "Zip Codes": 13091, "Community Districts": 47, "Borough Boundaries": 4, "City Council Districts": 39, "Police Precincts": 22, "Police Precinct": 22 }, "geometry": { "type": "Point", "coordinates": [ -73.929506941032301, 40.851338810190398 ] } },
{ "type": "Feature", "properties": { "Unique Key": 66083339, "Created Date": "09/07/2025 07:05:32 AM", "Closed Date": "09/09/2025 09:17:46 AM", "Agency": "DOHMH", "Agency Name": "Department of Health and Mental Hygiene", "Complaint Type": "Rodent", "Descriptor": "Condition Attracting Rodents", "Location Type": "Other (Explain Below)", "Incident Zip": 11237, "Incident Address": "354 MELROSE STREET", "Street Name": "MELROSE STREET", "Cross Street 1": "WILSON AVENUE", "Cross Street 2": "KNICKERBOCKER AVENUE", "Intersection Street 1": "WILSON AVENUE", "Intersection Street 2": "KNICKERBOCKER AVENUE", "Address Type": "ADDRESS", "City": "BROOKLYN", "Landmark": "MELROSE STREET", "Facility Type": "N/A", "Status": "Closed", "Due Date": null, "Resolution Description": "This service request was closed because the Department of Health and Mental Hygiene received an earlier complaint about the same location.  You can find inspection results for this address by going to the online Rat Portal at www.nyc.gov/rats.", "Resolution Action Updated Date": "09/07/2025 07:05:32 AM", "Community Board": "04 BROOKLYN", "BBL": 3031650027, "Borough": "BROOKLYN", "X Coordinate (State Plane)": 1004206, "Y Coordinate (State Plane)": 195658, "Open Data Channel Type": "MOBILE", "Park Facility Name": "Unspecified", "Park Borough": "BROOKLYN", "Vehicle Type": null, "Taxi Company Borough": null, "Taxi Pick Up Location": null, "Bridge Highway Name": null, "Bridge Highway Direction": null, "Road Ramp": null, "Bridge Highway Segment": null, "Latitude": 40.703690274387981, "Longitude": -73.928025651547074, "Location": "(40.70369027438798, -73.92802565154707)", "Zip Codes": 13828, "Community Districts": 42, "Borough Boundaries": 2, "City Council Districts": 30, "Police Precincts": 53, "Police Precinct": 53 }, "geometry": { "type": "Point", "coordinates": [ -73.928025651547074, 40.703690274387981 ] } },
{ "type": "Feature", "properties": { "Unique Key": 66091797, "Created Date": "09/08/2025 05:50:48 PM", "Closed Date": "09/09/2025 08:17:50 AM", "Agency": "DOHMH", "Agency Name": "Department of Health and Mental Hygiene", "Complaint Type": "Rodent", "Descriptor": "Condition Attracting Rodents", "Location Type": "3+ Family Apt. Building", "Incident Zip": 10026, "Incident Address": "35 MORNINGSIDE AVENUE", "Street Name": "MORNINGSIDE AVENUE", "Cross Street 1": "WEST 117 STREET", "Cross Street 2": "WEST 118 STREET", "Intersection Street 1": "WEST  117 STREET", "Intersection Street 2": "WEST  118 STREET", "Address Type": "ADDRESS", "City": "NEW YORK", "Landmark": "MORNINGSIDE AVENUE", "Facility Type": "N/A", "Status": "Closed", "Due Date": null, "Resolution Description": "This service request was closed because the Department of Health and Mental Hygiene received an earlier complaint about the same location.  You can find inspection results for this address by going to the online Rat Portal at www.nyc.gov/rats.", "Resolution Action Updated Date": "09/08/2025 05:50:48 PM", "Community Board": "10 MANHATTAN", "BBL": 1019440064, "Borough": "MANHATTAN", "X Coordinate (State Plane)": 996021, "Y Coordinate (State Plane)": 233147, "Open Data Channel Type": "PHONE", "Park Facility Name": "Unspecified", "Park Borough": "MANHATTAN", "Vehicle Type": null, "Taxi Company Borough": null, "Taxi Pick Up Location": null, "Bridge Highway Name": null, "Bridge Highway Direction": null, "Road Ramp": null, "Bridge Highway Segment": null, "Latitude": 40.806602691350903, "Longitude": -73.957480461816942, "Location": "(40.8066026913509, -73.95748046181694)", "Zip Codes": 12422, "Community Districts": 18, "Borough Boundaries": 4, "City Council Districts": 36, "Police Precincts": 18, "Police Precinct": 18 }, "geometry": { "type": "Point", "coordinates": [ -73.957480461816942, 40.806602691350903 ] } },
{ "type": "Feature", "properties": { "Unique Key": 66104750, "Created Date": "09/09/2025 10:13:43 AM", "Closed Date": "09/09/2025 01:42:45 PM", "Agency": "DOHMH", "Agency Name": "Department of Health and Mental Hygiene", "Complaint Type": "Rodent", "Descriptor": "Condition Attracting Rodents", "Location Type": "Vacant Building", "Incident Zip": 11207, "Incident Address": "21 ELDERT STREET", "Street Name": "ELDERT STREET", "Cross Street 1": "BROADWAY", "Cross Street 2": "BUSHWICK AVENUE", "Intersection Street 1": "BROADWAY", "Intersection Street 2": "BUSHWICK AVENUE", "Address Type": "ADDRESS", "City": "BROOKLYN", "Landmark": "ELDERT STREET", "Facility Type": "N/A", "Status": "Closed", "Due Date": null, "Resolution Description": "This service request was closed because the Department of Health and Mental Hygiene received an earlier complaint about the same location.  You can find inspection results for this address by going to the online Rat Portal at www.nyc.gov/rats.", "Resolution Action Updated Date": "09/09/2025 10:13:43 AM", "Community Board": "04 BROOKLYN", "BBL": 3034080056, "Borough": "BROOKLYN", "X Coordinate (State Plane)": 1008108, "Y Coordinate (State Plane)": 189149, "Open Data Channel Type": "ONLINE", "Park Facility Name": "Unspecified", "Park Borough": "BROOKLYN", "Vehicle Type": null, "Taxi Company Borough": null, "Taxi Pick Up Location": null, "Bridge Highway Name": null, "Bridge Highway Direction": null, "Road Ramp": null, "Bridge Highway Segment": null, "Latitude": 40.68581492681475, "Longitude": -73.913975557720647, "Location": "(40.68581492681475, -73.91397555772065)", "Zip Codes": 17214, "Community Districts": 42, "Borough Boundaries": 2, "City Council Districts": 37, "Police Precincts": 53, "Police Precinct": 53 }, "geometry": { "type": "Point", "coordinates": [ -73.913975557720647, 40.68581492681475 ] } },
{ "type": "Feature", "properties": { "Unique Key": 66141318, "Created Date": "09/13/2025 07:01:56 PM", "Closed Date": null, "Agency": "DOHMH", "Agency Name": "Department of Health and Mental Hygiene", "Complaint Type": "Rodent", "Descriptor": "Condition Attracting Rodents", "Location Type": "3+ Family Apt. Building", "Incident Zip": 11366, "Incident Address": "158-12 75 AVENUE", "Street Name": "75 AVENUE", "Cross Street 1": "PARSONS BOULEVARD", "Cross Street 2": "160 STREET", "Intersection Street 1": "PARSONS BOULEVARD", "Intersection Street 2": "160 STREET", "Address Type": "ADDRESS", "City": "FRESH MEADOWS", "Landmark": "75 AVENUE", "Facility Type": null, "Status": "In Progress", "Due Date": null, "Resolution Description": null, "Resolution Action Updated Date": null, "Community Board": "08 QUEENS", "BBL": 4068230009, "Borough": "QUEENS", "X Coordinate (State Plane)": 1036851, "Y Coordinate (State Plane)": 204030, "Open Data Channel Type": "MOBILE", "Park Facility Name": "Unspecified", "Park Borough": "QUEENS", "Vehicle Type": null, "Taxi Company Borough": null, "Taxi Pick Up Location": null, "Bridge Highway Name": null, "Bridge Highway Direction": null, "Road Ramp": null, "Bridge Highway Segment": null, "Latitude": 40.726535519302949, "Longitude": -73.810221332272917, "Location": "(40.72653551930295, -73.81022133227292)", "Zip Codes": 14508, "Community Districts": 25, "Borough Boundaries": 3, "City Council Districts": 24, "Police Precincts": 65, "Police Precinct": 65 }, "geometry": { "type": "Point", "coordinates": [ -73.810221332272917, 40.726535519302949 ] } },
{ "type": "Feature", "properties": { "Unique Key": 66142743, "Created Date": "09/13/2025 10:16:19 AM", "Closed Date": null, "Agency": "DOHMH", "Agency Name": "Department of Health and Mental Hygiene", "Complaint Type": "Rodent", "Descriptor": "Condition Attracting Rodents", "Location Type": "3+ Family Apt. Building", "Incident Zip": 11426, "Incident Address": "241-15 HILLSIDE AVENUE", "Street Name": "HILLSIDE AVENUE", "Cross Street 1": "241 STREET", "Cross Street 2": "242 STREET", "Intersection Street 1": "241 STREET", "Intersection Street 2": "242 STREET", "Address Type": "ADDRESS", "City": "BELLEROSE", "Landmark": "HILLSIDE AVENUE", "Facility Type": null, "Status": "In Progress", "Due Date": null, "Resolution Description": null, "Resolution Action Updated Date": null, "Community Board": "13 QUEENS", "BBL": 4079090001, "Borough": "QUEENS", "X Coordinate (State Plane)": 1060423, "Y Coordinate (State Plane)": 206712, "Open Data Channel Type": "PHONE", "Park Facility Name": "Unspecified", "Park Borough": "QUEENS", "Vehicle Type": null, "Taxi Company Borough": null, "Taxi Pick Up Location": null, "Bridge Highway Name": null, "Bridge Highway Direction": null, "Road Ramp": null, "Bridge Highway Segment": null, "Latitude": 40.733725339369421, "Longitude": -73.725146239003749, "Location": "(40.73372533936942, -73.72514623900375)", "Zip Codes": 24335, "Community Districts": 63, "Borough Boundaries": 3, "City Council Districts": 16, "Police Precincts": 63, "Police Precinct": 63 }, "geometry": { "type": "Point", "coordinates": [ -73.725146239003749, 40.733725339369421 ] } },
{ "type": "Feature", "properties": { "Unique Key": 66142744, "Created Date": "09/13/2025 07:03:37 PM", "Closed Date": null, "Agency": "DOHMH", "Agency Name": "Department of Health and Mental Hygiene", "Complaint Type": "Rodent", "Descriptor": "Condition Attracting Rodents", "Location Type": "Commercial Building", "Incident Zip": 11366, "Incident Address": "75-05 PARSONS BOULEVARD", "Street Name": "PARSONS BOULEVARD", "Cross Street 1": "75 AVENUE", "Cross Street 2": "KISSENA BOULEVARD", "Intersection Street 1": "75 AVENUE", "Intersection Street 2": "KISSENA BOULEVARD", "Address Type": "ADDRESS", "City": "FRESH MEADOWS", "Landmark": "PARSONS BOULEVARD", "Facility Type": null, "Status": "In Progress", "Due Date": null, "Resolution Description": null, "Resolution Action Updated Date": null, "Community Board": "08 QUEENS", "BBL": 4068230003, "Borough": "QUEENS", "X Coordinate (State Plane)": 1036723, "Y Coordinate (State Plane)": 203954, "Open Data Channel Type": "MOBILE", "Park Facility Name": "Unspecified", "Park Borough": "QUEENS", "Vehicle Type": null, "Taxi Company Borough": null, "Taxi Pick Up Location": null, "Bridge Highway Name": null, "Bridge Highway Direction": null, "Road Ramp": null, "Bridge Highway Segment": null, "Latitude": 40.726327678502997, "Longitude": -73.810683733467727, "Location": "(40.726327678503, -73.81068373346773)", "Zip Codes": 14508, "Community Districts": 25, "Borough Boundaries": 3, "City Council Districts": 24, "Police Precincts": 65, "Police Precinct": 65 }, "geometry": { "type": "Point", "coordinates": [ -73.810683733467727, 40.726327678502997 ] } },
{ "type": "Feature", "properties": { "Unique Key": 66143972, "Created Date": "09/13/2025 07:11:40 PM", "Closed Date": null, "Agency": "DOHMH", "Agency Name": "Department of Health and Mental Hygiene", "Complaint Type": "Rodent", "Descriptor": "Condition Attracting Rodents", "Location Type": "1-2 Family Dwelling", "Incident Zip": 10303, "Incident Address": "361 PULASKI AVENUE", "Street Name": "PULASKI AVENUE", "Cross Street 1": "DAVID PLACE", "Cross Street 2": "DIXON AVENUE", "Intersection Street 1": "DAVID PLACE", "Intersection Street 2": "DIXON AVENUE", "Address Type": "ADDRESS", "City": "STATEN ISLAND", "Landmark": "PULASKI AVENUE", "Facility Type": null, "Status": "In Progress", "Due Date": null, "Resolution Description": null, "Resolution Action Updated Date": null, "Community Board": "01 STATEN ISLAND", "BBL": 5011670028, "Borough": "STATEN ISLAND", "X Coordinate (State Plane)": 943044, "Y Coordinate (State Plane)": 168584, "Open Data Channel Type": "PHONE", "Park Facility Name": "Unspecified", "Park Borough": "STATEN ISLAND", "Vehicle Type": null, "Taxi Company Borough": null, "Taxi Pick Up Location": null, "Bridge Highway Name": null, "Bridge Highway Direction": null, "Road Ramp": null, "Bridge Highway Segment": null, "Latitude": 40.629304836329652, "Longitude": -74.148450115296484, "Location": "(40.62930483632965, -74.14845011529648)", "Zip Codes": 10371, "Community Districts": 4, "Borough Boundaries": 1, "City Council Districts": 13, "Police Precincts": 75, "Police Precinct": 75 }, "geometry": { "type": "Point", "coordinates": [ -74.148450115296484, 40.629304836329652 ] } },
{ "type": "Feature", "properties": { "Unique Key": 66143973, "Created Date": "09/13/2025 10:36:51 AM", "Closed Date": "09/15/2025 07:02:13 AM", "Agency": "DOHMH", "Agency Name": "Department of Health and Mental Hygiene", "Complaint Type": "Rodent", "Descriptor": "Condition Attracting Rodents", "Location Type": "Other (Explain Below)", "Incident Zip": 10024, "Incident Address": "589 AMSTERDAM AVENUE", "Street Name": "AMSTERDAM AVENUE", "Cross Street 1": "WEST 88 STREET", "Cross Street 2": "WEST 89 STREET", "Intersection Street 1": "WEST   88 STREET", "Intersection Street 2": "WEST   89 STREET", "Address Type": "ADDRESS", "City": "NEW YORK", "Landmark": "AMSTERDAM AVENUE", "Facility Type": "N/A", "Status": "Closed", "Due Date": null, "Resolution Description": "This service request was closed because the Department of Health and Mental Hygiene received an earlier complaint about the same location.  You can find inspection results for this address by going to the online Rat Portal at www.nyc.gov/rats.", "Resolution Action Updated Date": "09/13/2025 10:36:51 AM", "Community Board": "07 MANHATTAN", "BBL": 1012190001, "Borough": "MANHATTAN", "X Coordinate (State Plane)": 991491, "Y Coordinate (State Plane)": 226827, "Open Data Channel Type": "ONLINE", "Park Facility Name": "Unspecified", "Park Borough": "MANHATTAN", "Vehicle Type": null, "Taxi Company Borough": null, "Taxi Pick Up Location": null, "Bridge Highway Name": null, "Bridge Highway Direction": null, "Road Ramp": null, "Bridge Highway Segment": null, "Latitude": 40.789260886149705, "Longitude": -73.973850669248591, "Location": "(40.789260886149705, -73.97385066924859)", "Zip Codes": 12421, "Community Districts": 20, "Borough Boundaries": 4, "City Council Districts": 19, "Police Precincts": 15, "Police Precinct": 15 }, "geometry": { "type": "Point", "coordinates": [ -73.973850669248591, 40.789260886149705 ] } },
{ "type": "Feature", "properties": { "Unique Key": 66169782, "Created Date": "09/15/2025 01:32:03 PM", "Closed Date": null, "Agency": "DOHMH", "Agency Name": "Department of Health and Mental Hygiene", "Complaint Type": "Rodent", "Descriptor": "Condition Attracting Rodents", "Location Type": "Other (Explain Below)", "Incident Zip": 11357, "Incident Address": "151-60 11 AVENUE", "Street Name": "11 AVENUE", "Cross Street 1": "CLINTONVILLE STREET", "Cross Street 2": "152 STREET", "Intersection Street 1": "CLINTONVILLE STREET", "Intersection Street 2": "152 STREET", "Address Type": "ADDRESS", "City": "WHITESTONE", "Landmark": "11 AVENUE", "Facility Type": null, "Status": "In Progress", "Due Date": null, "Resolution Description": null, "Resolution Action Updated Date": null, "Community Board": "07 QUEENS", "BBL": 4045280036, "Borough": "QUEENS", "X Coordinate (State Plane)": 1036524, "Y Coordinate (State Plane)": 227989, "Open Data Channel Type": "PHONE", "Park Facility Name": "Unspecified", "Park Borough": "QUEENS", "Vehicle Type": null, "Taxi Company Borough": null, "Taxi Pick Up Location": null, "Bridge Highway Name": null, "Bridge Highway Direction": null, "Road Ramp": null, "Bridge Highway Segment": null, "Latitude": 40.792298621498865, "Longitude": -73.811214814893944, "Location": "(40.792298621498865, -73.81121481489394)", "Zip Codes": 14192, "Community Districts": 22, "Borough Boundaries": 3, "City Council Districts": 20, "Police Precincts": 67, "Police Precinct": 67 }, "geometry": { "type": "Point", "coordinates": [ -73.811214814893944, 40.792298621498865 ] } },
{ "type": "Feature", "properties": { "Unique Key": 66169783, "Created Date": "09/15/2025 10:47:23 AM", "Closed Date": null, "Agency": "DOHMH", "Agency Name": "Department of Health and Mental Hygiene", "Complaint Type": "Rodent", "Descriptor": "Condition Attracting Rodents", "Location Type": "Other (Explain Below)", "Incident Zip": 11372, "Incident Address": "34 AVENUE", "Street Name": "34 AVENUE", "Cross Street 1": "34 AVENUE", "Cross Street 2": "78 STREET", "Intersection Street 1": "34 AVENUE", "Intersection Street 2": "78 STREET", "Address Type": "INTERSECTION", "City": null, "Landmark": null, "Facility Type": null, "Status": "In Progress", "Due Date": null, "Resolution Description": null, "Resolution Action Updated Date": null, "Community Board": "03 QUEENS", "BBL": null, "Borough": "QUEENS", "X Coordinate (State Plane)": 1015071, "Y Coordinate (State Plane)": 213758, "Open Data Channel Type": "PHONE", "Park Facility Name": "Unspecified", "Park Borough": "QUEENS", "Vehicle Type": null, "Taxi Company Borough": null, "Taxi Pick Up Location": null, "Bridge Highway Name": null, "Bridge Highway Direction": null, "Road Ramp": null, "Bridge Highway Segment": null, "Latitude": 40.753339142074324, "Longitude": -73.888756509279418, "Location": "(40.753339142074324, -73.88875650927942)", "Zip Codes": 14783, "Community Districts": 65, "Borough Boundaries": 3, "City Council Districts": 5, "Police Precincts": 73, "Police Precinct": 73 }, "geometry": { "type": "Point", "coordinates": [ -73.888756509279418, 40.753339142074324 ] } },
{ "type": "Feature", "properties": { "Unique Key": 66169784, "Created Date": "09/15/2025 05:09:06 AM", "Closed Date": null, "Agency": "DOHMH", "Agency Name": "Department of Health and Mental Hygiene", "Complaint Type": "Rodent", "Descriptor": "Condition Attracting Rodents", "Location Type": "1-2 Family Dwelling", "Incident Zip": 11234, "Incident Address": "2156 EAST   74 STREET", "Street Name": "EAST   74 STREET", "Cross Street 1": "AVENUE U", "Cross Street 2": "AVENUE V", "Intersection Street 1": "AVENUE U", "Intersection Street 2": "AVENUE V", "Address Type": "ADDRESS", "City": "BROOKLYN", "Landmark": "EAST   74 STREET", "Facility Type": null, "Status": "In Progress", "Due Date": null, "Resolution Description": null, "Resolution Action Updated Date": null, "Community Board": "18 BROOKLYN", "BBL": 3084330063, "Borough": "BROOKLYN", "X Coordinate (State Plane)": 1010815, "Y Coordinate (State Plane)": 165289, "Open Data Channel Type": "ONLINE", "Park Facility Name": "Unspecified", "Park Borough": "BROOKLYN", "Vehicle Type": null, "Taxi Company Borough": null, "Taxi Pick Up Location": null, "Bridge Highway Name": null, "Bridge Highway Direction": null, "Road Ramp": null, "Bridge Highway Segment": null, "Latitude": 40.620316761780344, "Longitude": -73.904308955493136, "Location": "(40.620316761780344, -73.90430895549314)", "Zip Codes": 13825, "Community Districts": 5, "Borough Boundaries": 2, "City Council Districts": 8, "Police Precincts": 38, "Police Precinct": 38 }, "geometry": { "type": "Point", "coordinates": [ -73.904308955493136, 40.620316761780344 ] } },
{ "type": "Feature", "properties": { "Unique Key": 66169781, "Created Date": "09/15/2025 10:29:51 PM", "Closed Date": null, "Agency": "DOHMH", "Agency Name": "Department of Health and Mental Hygiene", "Complaint Type": "Rodent", "Descriptor": "Condition Attracting Rodents", "Location Type": "Commercial Building", "Incident Zip": 11416, "Incident Address": "100-05 101 AVENUE", "Street Name": "101 AVENUE", "Cross Street 1": "100 STREET", "Cross Street 2": "101 STREET", "Intersection Street 1": "100 STREET", "Intersection Street 2": "101 STREET", "Address Type": "ADDRESS", "City": "OZONE PARK", "Landmark": "101 AVENUE", "Facility Type": null, "Status": "In Progress", "Due Date": null, "Resolution Description": null, "Resolution Action Updated Date": null, "Community Board": "09 QUEENS", "BBL": 4094020026, "Borough": "QUEENS", "X Coordinate (State Plane)": 1028049, "Y Coordinate (State Plane)": 189022, "Open Data Channel Type": "MOBILE", "Park Facility Name": "Unspecified", "Park Borough": "QUEENS", "Vehicle Type": null, "Taxi Company Borough": null, "Taxi Pick Up Location": null, "Bridge Highway Name": null, "Bridge Highway Direction": null, "Road Ramp": null, "Bridge Highway Segment": null, "Latitude": 40.685390127736291, "Longitude": -73.842075531049275, "Location": "(40.68539012773629, -73.84207553104928)", "Zip Codes": 24012, "Community Districts": 46, "Borough Boundaries": 3, "City Council Districts": 46, "Police Precincts": 60, "Police Precinct": 60 }, "geometry": { "type": "Point", "coordinates": [ -73.842075531049275, 40.685390127736291 ] } },
{ "type": "Feature", "properties": { "Unique Key": 66172514, "Created Date": "09/16/2025 12:58:34 PM", "Closed Date": null, "Agency": "DOHMH", "Agency Name": "Department of Health and Mental Hygiene", "Complaint Type": "Rodent", "Descriptor": "Condition Attracting Rodents", "Location Type": "Other (Explain Below)", "Incident Zip": 11207, "Incident Address": "SHEFFIELD AVENUE", "Street Name": "SHEFFIELD AVENUE", "Cross Street 1": "LIBERTY AVENUE", "Cross Street 2": "GLENMORE AVENUE", "Intersection Street 1": "LIBERTY AVENUE", "Intersection Street 2": "GLENMORE AVENUE", "Address Type": "BLOCKFACE", "City": null, "Landmark": null, "Facility Type": null, "Status": "In Progress", "Due Date": null, "Resolution Description": null, "Resolution Action Updated Date": null, "Community Board": "Unspecified BROOKLYN", "BBL": null, "Borough": "BROOKLYN", "X Coordinate (State Plane)": null, "Y Coordinate (State Plane)": null, "Open Data Channel Type": "PHONE", "Park Facility Name": "Unspecified", "Park Borough": "BROOKLYN", "Vehicle Type": null, "Taxi Company Borough": null, "Taxi Pick Up Location": null, "Bridge Highway Name": null, "Bridge Highway Direction": null, "Road Ramp": null, "Bridge Highway Segment": null, "Latitude": null, "Longitude": null, "Location": null, "Zip Codes": null, "Community Districts": null, "Borough Boundaries": null, "City Council Districts": null, "Police Precincts": null, "Police Precinct": null }, "geometry": null },
{ "type": "Feature", "properties": { "Unique Key": 66179555, "Created Date": "09/16/2025 10:20:27 AM", "Closed Date": "09/16/2025 10:20:27 AM", "Agency": "DOHMH", "Agency Name": "Department of Health and Mental Hygiene", "Complaint Type": "Rodent", "Descriptor": "Condition Attracting Rodents", "Location Type": "3+ Family Apt. Building", "Incident Zip": 11222, "Incident Address": "76 FRANKLIN STREET", "Street Name": "FRANKLIN STREET", "Cross Street 1": "BANKER STREET", "Cross Street 2": null, "Intersection Street 1": "BANKER STREET", "Intersection Street 2": null, "Address Type": "ADDRESS", "City": "BROOKLYN", "Landmark": "FRANKLIN STREET", "Facility Type": "N/A", "Status": "Closed", "Due Date": null, "Resolution Description": "The Department of Health and Mental Hygiene found violations on the property you reported. Follow-up inspections will be scheduled.", "Resolution Action Updated Date": "09/24/2025 09:30:07 AM", "Community Board": "01 BROOKLYN", "BBL": 3025720001, "Borough": "BROOKLYN", "X Coordinate (State Plane)": 996155, "Y Coordinate (State Plane)": 204215, "Open Data Channel Type": "ONLINE", "Park Facility Name": "Unspecified", "Park Borough": "BROOKLYN", "Vehicle Type": null, "Taxi Company Borough": null, "Taxi Pick Up Location": null, "Bridge Highway Name": null, "Bridge Highway Direction": null, "Road Ramp": null, "Bridge Highway Segment": null, "Latitude": 40.727191683809217, "Longitude": -73.957047668135061, "Location": "(40.72719168380922, -73.95704766813506)", "Zip Codes": 18182, "Community Districts": 36, "Borough Boundaries": 2, "City Council Districts": 38, "Police Precincts": 57, "Police Precinct": 57 }, "geometry": { "type": "Point", "coordinates": [ -73.957047668135061, 40.727191683809217 ] } },
{ "type": "Feature", "properties": { "Unique Key": 66182439, "Created Date": "09/17/2025 10:13:41 AM", "Closed Date": null, "Agency": "DOHMH", "Agency Name": "Department of Health and Mental Hygiene", "Complaint Type": "Rodent", "Descriptor": "Condition Attracting Rodents", "Location Type": "Street", "Incident Zip": 10012, "Incident Address": "181 THOMPSON STREET", "Street Name": "THOMPSON STREET", "Cross Street 1": "WEST HOUSTON STREET", "Cross Street 2": "BLEECKER STREET", "Intersection Street 1": "WEST HOUSTON STREET", "Intersection Street 2": "BLEECKER STREET", "Address Type": "ADDRESS", "City": "NEW YORK", "Landmark": "THOMPSON STREET", "Facility Type": null, "Status": "In Progress", "Due Date": null, "Resolution Description": null, "Resolution Action Updated Date": null, "Community Board": "02 MANHATTAN", "BBL": 1005257503, "Borough": "MANHATTAN", "X Coordinate (State Plane)": 984210, "Y Coordinate (State Plane)": 204464, "Open Data Channel Type": "PHONE", "Park Facility Name": "Unspecified", "Park Borough": "MANHATTAN", "Vehicle Type": null, "Taxi Company Borough": null, "Taxi Pick Up Location": null, "Bridge Highway Name": null, "Bridge Highway Direction": null, "Road Ramp": null, "Bridge Highway Segment": null, "Latitude": 40.727883139278333, "Longitude": -74.000144318440391, "Location": "(40.72788313927833, -74.00014431844039)", "Zip Codes": 12075, "Community Districts": 57, "Borough Boundaries": 4, "City Council Districts": 10, "Police Precincts": 3, "Police Precinct": 3 }, "geometry": { "type": "Point", "coordinates": [ -74.000144318440391, 40.727883139278333 ] } },
{ "type": "Feature", "properties": { "Unique Key": 66182440, "Created Date": "09/17/2025 11:37:39 AM", "Closed Date": "09/17/2025 03:56:07 PM", "Agency": "DOHMH", "Agency Name": "Department of Health and Mental Hygiene", "Complaint Type": "Rodent", "Descriptor": "Condition Attracting Rodents", "Location Type": "3+ Family Apt. Building", "Incident Zip": 10453, "Incident Address": "80 CLINTON PLACE", "Street Name": "CLINTON PLACE", "Cross Street 1": "GRAND AVENUE", "Cross Street 2": "AQUEDUCT AVENUE EAST", "Intersection Street 1": "GRAND AVENUE", "Intersection Street 2": "AQUEDUCT AVENUE EAST", "Address Type": "ADDRESS", "City": "BRONX", "Landmark": "CLINTON PLACE", "Facility Type": "N/A", "Status": "Closed", "Due Date": null, "Resolution Description": "This service request was closed because the Department of Health and Mental Hygiene received an earlier complaint about the same location.  You can find inspection results for this address by going to the online Rat Portal at www.nyc.gov/rats.", "Resolution Action Updated Date": "09/17/2025 11:37:39 AM", "Community Board": "05 BRONX", "BBL": 2032070007, "Borough": "BRONX", "X Coordinate (State Plane)": 1009751, "Y Coordinate (State Plane)": 251654, "Open Data Channel Type": "PHONE", "Park Facility Name": "Unspecified", "Park Borough": "BRONX", "Vehicle Type": null, "Taxi Company Borough": null, "Taxi Pick Up Location": null, "Bridge Highway Name": null, "Bridge Highway Direction": null, "Road Ramp": null, "Bridge Highway Segment": null, "Latitude": 40.857370097023193, "Longitude": -73.907814242019114, "Location": "(40.85737009702319, -73.90781424201911)", "Zip Codes": 10931, "Community Districts": 6, "Borough Boundaries": 5, "City Council Districts": 29, "Police Precincts": 29, "Police Precinct": 29 }, "geometry": { "type": "Point", "coordinates": [ -73.907814242019114, 40.857370097023193 ] } },
{ "type": "Feature", "properties": { "Unique Key": 66182441, "Created Date": "09/17/2025 05:30:28 PM", "Closed Date": "09/22/2025 02:44:52 PM", "Agency": "DOHMH", "Agency Name": "Department of Health and Mental Hygiene", "Complaint Type": "Rodent", "Descriptor": "Condition Attracting Rodents", "Location Type": "3+ Family Mixed Use Building", "Incident Zip": 11373, "Incident Address": "40-40 79 STREET", "Street Name": "79 STREET", "Cross Street 1": "ROOSEVELT AVENUE", "Cross Street 2": "41 AVENUE", "Intersection Street 1": "ROOSEVELT AVENUE", "Intersection Street 2": "41 AVENUE", "Address Type": "ADDRESS", "City": "ELMHURST", "Landmark": "79 STREET", "Facility Type": "N/A", "Status": "Closed", "Due Date": null, "Resolution Description": "This service request was closed because the Department of Health and Mental Hygiene received an earlier complaint about the same location.  You can find inspection results for this address by going to the online Rat Portal at www.nyc.gov/rats.", "Resolution Action Updated Date": "09/17/2025 05:30:28 PM", "Community Board": "04 QUEENS", "BBL": 4014890018, "Borough": "QUEENS", "X Coordinate (State Plane)": 1015673, "Y Coordinate (State Plane)": 211313, "Open Data Channel Type": "ONLINE", "Park Facility Name": "Unspecified", "Park Borough": "QUEENS", "Vehicle Type": null, "Taxi Company Borough": null, "Taxi Pick Up Location": null, "Bridge Highway Name": null, "Bridge Highway Direction": null, "Road Ramp": null, "Bridge Highway Segment": null, "Latitude": 40.746626120741219, "Longitude": -73.886595113344569, "Location": "(40.74662612074122, -73.88659511334457)", "Zip Codes": 14784, "Community Districts": 66, "Borough Boundaries": 3, "City Council Districts": 5, "Police Precincts": 68, "Police Precinct": 68 }, "geometry": { "type": "Point", "coordinates": [ -73.886595113344569, 40.746626120741219 ] } },
{ "type": "Feature", "properties": { "Unique Key": 66189861, "Created Date": "09/17/2025 09:32:48 AM", "Closed Date": "09/17/2025 09:32:48 AM", "Agency": "DOHMH", "Agency Name": "Department of Health and Mental Hygiene", "Complaint Type": "Rodent", "Descriptor": "Condition Attracting Rodents", "Location Type": "3+ Family Mixed Use Building", "Incident Zip": 11374, "Incident Address": "75-10 YELLOWSTONE BOULEVARD", "Street Name": "YELLOWSTONE BOULEVARD", "Cross Street 1": "ALDERTON STREET", "Cross Street 2": "WOODHAVEN BOULEVARD", "Intersection Street 1": "ALDERTON STREET", "Intersection Street 2": "WOODHAVEN BOULEVARD", "Address Type": "ADDRESS", "City": "REGO PARK", "Landmark": "YELLOWSTONE BOULEVARD", "Facility Type": "N/A", "Status": "Closed", "Due Date": null, "Resolution Description": "The Department of Health and Mental Hygiene found violations on the property you reported. Follow-up inspections will be scheduled.", "Resolution Action Updated Date": "09/24/2025 11:49:08 AM", "Community Board": "06 QUEENS", "BBL": 4031490019, "Borough": "QUEENS", "X Coordinate (State Plane)": 1023399, "Y Coordinate (State Plane)": 199756, "Open Data Channel Type": "PHONE", "Park Facility Name": "Unspecified", "Park Borough": "QUEENS", "Vehicle Type": null, "Taxi Company Borough": null, "Taxi Pick Up Location": null, "Bridge Highway Name": null, "Bridge Highway Direction": null, "Road Ramp": null, "Bridge Highway Segment": null, "Latitude": 40.714874198992703, "Longitude": -73.858779441370643, "Location": "(40.7148741989927, -73.85877944137064)", "Zip Codes": 14785, "Community Districts": 40, "Borough Boundaries": 3, "City Council Districts": 28, "Police Precincts": 70, "Police Precinct": 70 }, "geometry": { "type": "Point", "coordinates": [ -73.858779441370643, 40.714874198992703 ] } },
{ "type": "Feature", "properties": { "Unique Key": 66196812, "Created Date": "09/18/2025 10:19:00 AM", "Closed Date": "09/18/2025 10:19:00 AM", "Agency": "DOHMH", "Agency Name": "Department of Health and Mental Hygiene", "Complaint Type": "Rodent", "Descriptor": "Condition Attracting Rodents", "Location Type": "3+ Family Mixed Use Building", "Incident Zip": 10009, "Incident Address": "89 AVENUE C", "Street Name": "AVENUE C", "Cross Street 1": "EAST 6 STREET", "Cross Street 2": "EAST 7 STREET", "Intersection Street 1": "EAST    6 STREET", "Intersection Street 2": "EAST    7 STREET", "Address Type": "ADDRESS", "City": "NEW YORK", "Landmark": "AVENUE C", "Facility Type": "N/A", "Status": "Closed", "Due Date": null, "Resolution Description": "The Department of Health and Mental Hygiene found violations on the property you reported. Follow-up inspections will be scheduled.", "Resolution Action Updated Date": "09/19/2025 10:31:46 AM", "Community Board": "03 MANHATTAN", "BBL": 1003890036, "Borough": "MANHATTAN", "X Coordinate (State Plane)": 989999, "Y Coordinate (State Plane)": 202887, "Open Data Channel Type": "ONLINE", "Park Facility Name": "Unspecified", "Park Borough": "MANHATTAN", "Vehicle Type": null, "Taxi Company Borough": null, "Taxi Pick Up Location": null, "Bridge Highway Name": null, "Bridge Highway Direction": null, "Road Ramp": null, "Bridge Highway Segment": null, "Latitude": 40.723552789478902, "Longitude": -73.979259179734214, "Location": "(40.7235527894789, -73.97925917973421)", "Zip Codes": 11729, "Community Districts": 70, "Borough Boundaries": 4, "City Council Districts": 50, "Police Precincts": 5, "Police Precinct": 5 }, "geometry": { "type": "Point", "coordinates": [ -73.979259179734214, 40.723552789478902 ] } },
{ "type": "Feature", "properties": { "Unique Key": 66059306, "Created Date": "09/05/2025 12:49:47 PM", "Closed Date": "09/05/2025 12:49:47 PM", "Agency": "DOHMH", "Agency Name": "Department of Health and Mental Hygiene", "Complaint Type": "Rodent", "Descriptor": "Condition Attracting Rodents", "Location Type": "3+ Family Apt. Building", "Incident Zip": 11239, "Incident Address": "502 SCHROEDERS AVENUE", "Street Name": "SCHROEDERS AVENUE", "Cross Street 1": "ASHFORD STREET", "Cross Street 2": "ELTON STREET", "Intersection Street 1": "ASHFORD STREET", "Intersection Street 2": "ELTON STREET", "Address Type": "ADDRESS", "City": "BROOKLYN", "Landmark": "SCHROEDERS AVENUE", "Facility Type": "N/A", "Status": "Closed", "Due Date": null, "Resolution Description": "The Department of Health and Mental Hygiene tried to inspect the property you reported but could not access the site. If you have information that will help the inspector access the site, please go online to nyc.gov/311 or call 311 and refile your complaint with contact information.", "Resolution Action Updated Date": "09/09/2025 11:40:09 AM", "Community Board": "05 BROOKLYN", "BBL": 3044520419, "Borough": "BROOKLYN", "X Coordinate (State Plane)": 1019322, "Y Coordinate (State Plane)": 177790, "Open Data Channel Type": "PHONE", "Park Facility Name": "Unspecified", "Park Borough": "BROOKLYN", "Vehicle Type": null, "Taxi Company Borough": null, "Taxi Pick Up Location": null, "Bridge Highway Name": null, "Bridge Highway Direction": null, "Road Ramp": null, "Bridge Highway Segment": null, "Latitude": 40.654599712843499, "Longitude": -73.873600548132373, "Location": "(40.6545997128435, -73.87360054813237)", "Zip Codes": 17215, "Community Districts": 45, "Borough Boundaries": 2, "City Council Districts": 25, "Police Precincts": 47, "Police Precinct": 47 }, "geometry": { "type": "Point", "coordinates": [ -73.873600548132373, 40.654599712843499 ] } },
{ "type": "Feature", "properties": { "Unique Key": 66060654, "Created Date": "09/05/2025 12:30:01 PM", "Closed Date": "09/10/2025 01:35:03 PM", "Agency": "DOHMH", "Agency Name": "Department of Health and Mental Hygiene", "Complaint Type": "Rodent", "Descriptor": "Condition Attracting Rodents", "Location Type": "3+ Family Apt. Building", "Incident Zip": 10458, "Incident Address": "361 EAST  194 STREET", "Street Name": "EAST  194 STREET", "Cross Street 1": "MARION AVENUE", "Cross Street 2": "DECATUR AVENUE", "Intersection Street 1": "MARION AVENUE", "Intersection Street 2": "DECATUR AVENUE", "Address Type": "ADDRESS", "City": "BRONX", "Landmark": "EAST  194 STREET", "Facility Type": "N/A", "Status": "Closed", "Due Date": null, "Resolution Description": "This service request was closed because the Department of Health and Mental Hygiene received an earlier complaint about the same location.  You can find inspection results for this address by going to the online Rat Portal at www.nyc.gov/rats.", "Resolution Action Updated Date": "09/05/2025 12:30:01 PM", "Community Board": "07 BRONX", "BBL": 2032820063, "Borough": "BRONX", "X Coordinate (State Plane)": 1014491, "Y Coordinate (State Plane)": 253993, "Open Data Channel Type": "PHONE", "Park Facility Name": "Unspecified", "Park Borough": "BRONX", "Vehicle Type": null, "Taxi Company Borough": null, "Taxi Pick Up Location": null, "Bridge Highway Name": null, "Bridge Highway Direction": null, "Road Ramp": null, "Bridge Highway Segment": null, "Latitude": 40.863774979261976, "Longitude": -73.890668671416236, "Location": "(40.863774979261976, -73.89066867141624)", "Zip Codes": 10936, "Community Districts": 24, "Borough Boundaries": 5, "City Council Districts": 22, "Police Precincts": 34, "Police Precinct": 34 }, "geometry": { "type": "Point", "coordinates": [ -73.890668671416236, 40.863774979261976 ] } },
{ "type": "Feature", "properties": { "Unique Key": 66072454, "Created Date": "09/06/2025 01:25:05 PM", "Closed Date": "09/06/2025 01:25:05 PM", "Agency": "DOHMH", "Agency Name": "Department of Health and Mental Hygiene", "Complaint Type": "Rodent", "Descriptor": "Condition Attracting Rodents", "Location Type": "3+ Family Mixed Use Building", "Incident Zip": 10458, "Incident Address": "2319 BELMONT AVENUE", "Street Name": "BELMONT AVENUE", "Cross Street 1": "EAST 183 STREET", "Cross Street 2": "CRESCENT AVENUE", "Intersection Street 1": "EAST  183 STREET", "Intersection Street 2": "CRESCENT AVENUE", "Address Type": "ADDRESS", "City": "BRONX", "Landmark": "BELMONT AVENUE", "Facility Type": "N/A", "Status": "Closed", "Due Date": null, "Resolution Description": "The Department of Health and Mental Hygiene tried to inspect the property you reported but could not access the site. If you have information that will help the inspector access the site, please go online to nyc.gov/311 or call 311 and refile your complaint with contact information.", "Resolution Action Updated Date": "09/08/2025 12:51:35 PM", "Community Board": "06 BRONX", "BBL": 2030870023, "Borough": "BRONX", "X Coordinate (State Plane)": 1015551, "Y Coordinate (State Plane)": 250165, "Open Data Channel Type": "PHONE", "Park Facility Name": "Unspecified", "Park Borough": "BRONX", "Vehicle Type": null, "Taxi Company Borough": null, "Taxi Pick Up Location": null, "Bridge Highway Name": null, "Bridge Highway Direction": null, "Road Ramp": null, "Bridge Highway Segment": null, "Latitude": 40.853264581453658, "Longitude": -73.886854297005868, "Location": "(40.85326458145366, -73.88685429700587)", "Zip Codes": 10936, "Community Districts": 35, "Borough Boundaries": 5, "City Council Districts": 22, "Police Precincts": 31, "Police Precinct": 31 }, "geometry": { "type": "Point", "coordinates": [ -73.886854297005868, 40.853264581453658 ] } },
{ "type": "Feature", "properties": { "Unique Key": 66097559, "Created Date": "09/09/2025 01:50:45 PM", "Closed Date": "09/10/2025 01:37:01 PM", "Agency": "DOHMH", "Agency Name": "Department of Health and Mental Hygiene", "Complaint Type": "Rodent", "Descriptor": "Condition Attracting Rodents", "Location Type": "1-2 Family Dwelling", "Incident Zip": 11416, "Incident Address": "94-28 75 STREET", "Street Name": "75 STREET", "Cross Street 1": "ATLANTIC AVENUE", "Cross Street 2": "95 AVENUE", "Intersection Street 1": "ATLANTIC AVENUE", "Intersection Street 2": "95 AVENUE", "Address Type": "ADDRESS", "City": "OZONE PARK", "Landmark": "75 STREET", "Facility Type": "N/A", "Status": "Closed", "Due Date": null, "Resolution Description": "This service request was closed because the Department of Health and Mental Hygiene received an earlier complaint about the same location.  You can find inspection results for this address by going to the online Rat Portal at www.nyc.gov/rats.", "Resolution Action Updated Date": "09/09/2025 01:50:45 PM", "Community Board": "09 QUEENS", "BBL": 4089960233, "Borough": "QUEENS", "X Coordinate (State Plane)": 1021941, "Y Coordinate (State Plane)": 188237, "Open Data Channel Type": "PHONE", "Park Facility Name": "Unspecified", "Park Borough": "QUEENS", "Vehicle Type": null, "Taxi Company Borough": null, "Taxi Pick Up Location": null, "Bridge Highway Name": null, "Bridge Highway Direction": null, "Road Ramp": null, "Bridge Highway Segment": null, "Latitude": 40.683263601853639, "Longitude": -73.864103278460647, "Location": "(40.68326360185364, -73.86410327846065)", "Zip Codes": 24012, "Community Districts": 46, "Borough Boundaries": 3, "City Council Districts": 41, "Police Precincts": 60, "Police Precinct": 60 }, "geometry": { "type": "Point", "coordinates": [ -73.864103278460647, 40.683263601853639 ] } },
{ "type": "Feature", "properties": { "Unique Key": 66097562, "Created Date": "09/09/2025 01:51:15 PM", "Closed Date": "09/10/2025 08:40:04 AM", "Agency": "DOHMH", "Agency Name": "Department of Health and Mental Hygiene", "Complaint Type": "Rodent", "Descriptor": "Condition Attracting Rodents", "Location Type": "3+ Family Apt. Building", "Incident Zip": 11206, "Incident Address": "79 JEFFERSON STREET", "Street Name": "JEFFERSON STREET", "Cross Street 1": "STANWIX STREET", "Cross Street 2": "EVERGREEN AVENUE", "Intersection Street 1": "STANWIX STREET", "Intersection Street 2": "EVERGREEN AVENUE", "Address Type": "ADDRESS", "City": "BROOKLYN", "Landmark": "JEFFERSON STREET", "Facility Type": "N/A", "Status": "Closed", "Due Date": null, "Resolution Description": "This service request was closed because the Department of Health and Mental Hygiene received an earlier complaint about the same location.  You can find inspection results for this address by going to the online Rat Portal at www.nyc.gov/rats.", "Resolution Action Updated Date": "09/09/2025 01:51:15 PM", "Community Board": "04 BROOKLYN", "BBL": 3031620043, "Borough": "BROOKLYN", "X Coordinate (State Plane)": 1002934, "Y Coordinate (State Plane)": 193919, "Open Data Channel Type": "PHONE", "Park Facility Name": "Unspecified", "Park Borough": "BROOKLYN", "Vehicle Type": null, "Taxi Company Borough": null, "Taxi Pick Up Location": null, "Bridge Highway Name": null, "Bridge Highway Direction": null, "Road Ramp": null, "Bridge Highway Segment": null, "Latitude": 40.698919905196512, "Longitude": -73.932618135637725, "Location": "(40.69891990519651, -73.93261813563772)", "Zip Codes": 17213, "Community Districts": 42, "Borough Boundaries": 2, "City Council Districts": 30, "Police Precincts": 53, "Police Precinct": 53 }, "geometry": { "type": "Point", "coordinates": [ -73.932618135637725, 40.698919905196512 ] } },
{ "type": "Feature", "properties": { "Unique Key": 66098960, "Created Date": "09/09/2025 06:20:45 PM", "Closed Date": "09/10/2025 12:23:19 PM", "Agency": "DOHMH", "Agency Name": "Department of Health and Mental Hygiene", "Complaint Type": "Rodent", "Descriptor": "Condition Attracting Rodents", "Location Type": "3+ Family Apt. Building", "Incident Zip": 11206, "Incident Address": "120 GERRY STREET", "Street Name": "GERRY STREET", "Cross Street 1": "THROOP AVENUE", "Cross Street 2": "BROADWAY", "Intersection Street 1": "THROOP AVENUE", "Intersection Street 2": "BROADWAY", "Address Type": "ADDRESS", "City": "BROOKLYN", "Landmark": "GERRY STREET", "Facility Type": "N/A", "Status": "Closed", "Due Date": null, "Resolution Description": "This service request was closed because the Department of Health and Mental Hygiene received an earlier complaint about the same location.  You can find inspection results for this address by going to the online Rat Portal at www.nyc.gov/rats.", "Resolution Action Updated Date": "09/09/2025 06:20:45 PM", "Community Board": "01 BROOKLYN", "BBL": 3022700010, "Borough": "BROOKLYN", "X Coordinate (State Plane)": 999302, "Y Coordinate (State Plane)": 195250, "Open Data Channel Type": "MOBILE", "Park Facility Name": "Unspecified", "Park Borough": "BROOKLYN", "Vehicle Type": null, "Taxi Company Borough": null, "Taxi Pick Up Location": null, "Bridge Highway Name": null, "Bridge Highway Direction": null, "Road Ramp": null, "Bridge Highway Segment": null, "Latitude": 40.702580111176893, "Longitude": -73.945713579906766, "Location": "(40.70258011117689, -73.94571357990677)", "Zip Codes": 17213, "Community Districts": 36, "Borough Boundaries": 2, "City Council Districts": 38, "Police Precincts": 56, "Police Precinct": 56 }, "geometry": { "type": "Point", "coordinates": [ -73.945713579906766, 40.702580111176893 ] } },
{ "type": "Feature", "properties": { "Unique Key": 66098961, "Created Date": "09/09/2025 10:51:25 AM", "Closed Date": "09/11/2025 03:06:04 PM", "Agency": "DOHMH", "Agency Name": "Department of Health and Mental Hygiene", "Complaint Type": "Rodent", "Descriptor": "Condition Attracting Rodents", "Location Type": "Commercial Building", "Incident Zip": 11219, "Incident Address": "4218 FORT HAMILTON PARKWAY", "Street Name": "FORT HAMILTON PARKWAY", "Cross Street 1": "42 STREET", "Cross Street 2": "43 STREET", "Intersection Street 1": "42 STREET", "Intersection Street 2": "43 STREET", "Address Type": "ADDRESS", "City": "BROOKLYN", "Landmark": "FORT HAMILTON PARKWAY", "Facility Type": "N/A", "Status": "Closed", "Due Date": null, "Resolution Description": "This service request was closed because the Department of Health and Mental Hygiene received an earlier complaint about the same location.  You can find inspection results for this address by going to the online Rat Portal at www.nyc.gov/rats.", "Resolution Action Updated Date": "09/09/2025 10:51:25 AM", "Community Board": "12 BROOKLYN", "BBL": 3055960049, "Borough": "BROOKLYN", "X Coordinate (State Plane)": 986234, "Y Coordinate (State Plane)": 173029, "Open Data Channel Type": "MOBILE", "Park Facility Name": "Unspecified", "Park Borough": "BROOKLYN", "Vehicle Type": null, "Taxi Company Borough": null, "Taxi Pick Up Location": null, "Bridge Highway Name": null, "Bridge Highway Direction": null, "Road Ramp": null, "Bridge Highway Segment": null, "Latitude": 40.641601029902837, "Longitude": -73.992851061439893, "Location": "(40.64160102990284, -73.9928510614399)", "Zip Codes": 17621, "Community Districts": 2, "Borough Boundaries": 2, "City Council Districts": 27, "Police Precincts": 39, "Police Precinct": 39 }, "geometry": { "type": "Point", "coordinates": [ -73.992851061439893, 40.641601029902837 ] } },
{ "type": "Feature", "properties": { "Unique Key": 66100420, "Created Date": "09/09/2025 04:12:17 PM", "Closed Date": "09/10/2025 12:24:28 PM", "Agency": "DOHMH", "Agency Name": "Department of Health and Mental Hygiene", "Complaint Type": "Rodent", "Descriptor": "Condition Attracting Rodents", "Location Type": "3+ Family Apt. Building", "Incident Zip": 11233, "Incident Address": "194 RALPH AVENUE", "Street Name": "RALPH AVENUE", "Cross Street 1": "MAC DONOUGH STREET", "Cross Street 2": "DECATUR STREET", "Intersection Street 1": "MAC DONOUGH STREET", "Intersection Street 2": "DECATUR STREET", "Address Type": "ADDRESS", "City": "BROOKLYN", "Landmark": "RALPH AVENUE", "Facility Type": "N/A", "Status": "Closed", "Due Date": null, "Resolution Description": "This service request was closed because the Department of Health and Mental Hygiene received an earlier complaint about the same location.  You can find inspection results for this address by going to the online Rat Portal at www.nyc.gov/rats.", "Resolution Action Updated Date": "09/09/2025 04:12:17 PM", "Community Board": "03 BROOKLYN", "BBL": 3016780054, "Borough": "BROOKLYN", "X Coordinate (State Plane)": 1005670, "Y Coordinate (State Plane)": 188169, "Open Data Channel Type": "ONLINE", "Park Facility Name": "Unspecified", "Park Borough": "BROOKLYN", "Vehicle Type": null, "Taxi Company Borough": null, "Taxi Pick Up Location": null, "Bridge Highway Name": null, "Bridge Highway Direction": null, "Road Ramp": null, "Bridge Highway Segment": null, "Latitude": 40.683131287433284, "Longitude": -73.922769329307386, "Location": "(40.683131287433284, -73.92276932930739)", "Zip Codes": 13516, "Community Districts": 69, "Borough Boundaries": 2, "City Council Districts": 17, "Police Precincts": 52, "Police Precinct": 52 }, "geometry": { "type": "Point", "coordinates": [ -73.922769329307386, 40.683131287433284 ] } },
{ "type": "Feature", "properties": { "Unique Key": 66106207, "Created Date": "09/09/2025 09:16:45 AM", "Closed Date": "09/10/2025 07:13:22 AM", "Agency": "DOHMH", "Agency Name": "Department of Health and Mental Hygiene", "Complaint Type": "Rodent", "Descriptor": "Condition Attracting Rodents", "Location Type": "3+ Family Apt. Building", "Incident Zip": 10026, "Incident Address": "320 MANHATTAN AVENUE", "Street Name": "MANHATTAN AVENUE", "Cross Street 1": "MORNINGSIDE AVENUE", "Cross Street 2": "WEST 114 STREET", "Intersection Street 1": "MORNINGSIDE AVENUE", "Intersection Street 2": "WEST  114 STREET", "Address Type": "ADDRESS", "City": "NEW YORK", "Landmark": "MANHATTAN AVENUE", "Facility Type": "N/A", "Status": "Closed", "Due Date": null, "Resolution Description": "This service request was closed because the Department of Health and Mental Hygiene received an earlier complaint about the same location.  You can find inspection results for this address by going to the online Rat Portal at www.nyc.gov/rats.", "Resolution Action Updated Date": "09/09/2025 09:16:45 AM", "Community Board": "10 MANHATTAN", "BBL": 1018470068, "Borough": "MANHATTAN", "X Coordinate (State Plane)": 995876, "Y Coordinate (State Plane)": 231985, "Open Data Channel Type": "ONLINE", "Park Facility Name": "Unspecified", "Park Borough": "MANHATTAN", "Vehicle Type": null, "Taxi Company Borough": null, "Taxi Pick Up Location": null, "Bridge Highway Name": null, "Bridge Highway Direction": null, "Road Ramp": null, "Bridge Highway Segment": null, "Latitude": 40.803413513544889, "Longitude": -73.958006247046299, "Location": "(40.80341351354489, -73.9580062470463)", "Zip Codes": 12423, "Community Districts": 18, "Borough Boundaries": 4, "City Council Districts": 36, "Police Precincts": 18, "Police Precinct": 18 }, "geometry": { "type": "Point", "coordinates": [ -73.958006247046299, 40.803413513544889 ] } },
{ "type": "Feature", "properties": { "Unique Key": 66107540, "Created Date": "09/10/2025 01:36:48 PM", "Closed Date": "09/11/2025 07:43:25 AM", "Agency": "DOHMH", "Agency Name": "Department of Health and Mental Hygiene", "Complaint Type": "Rodent", "Descriptor": "Condition Attracting Rodents", "Location Type": "3+ Family Mixed Use Building", "Incident Zip": 10458, "Incident Address": "2381 VALENTINE AVENUE", "Street Name": "VALENTINE AVENUE", "Cross Street 1": "EAST 184 STREET", "Cross Street 2": "EAST 187 STREET", "Intersection Street 1": "EAST  184 STREET", "Intersection Street 2": "EAST  187 STREET", "Address Type": "ADDRESS", "City": "BRONX", "Landmark": "VALENTINE AVENUE", "Facility Type": "N/A", "Status": "Closed", "Due Date": null, "Resolution Description": "This service request was closed because the Department of Health and Mental Hygiene received an earlier complaint about the same location.  You can find inspection results for this address by going to the online Rat Portal at www.nyc.gov/rats.", "Resolution Action Updated Date": "09/10/2025 01:36:48 PM", "Community Board": "05 BRONX", "BBL": 2031520032, "Borough": "BRONX", "X Coordinate (State Plane)": 1012684, "Y Coordinate (State Plane)": 252305, "Open Data Channel Type": "PHONE", "Park Facility Name": "Unspecified", "Park Borough": "BRONX", "Vehicle Type": null, "Taxi Company Borough": null, "Taxi Pick Up Location": null, "Bridge Highway Name": null, "Bridge Highway Direction": null, "Road Ramp": null, "Bridge Highway Segment": null, "Latitude": 40.859147936505892, "Longitude": -73.897208735760614, "Location": "(40.85914793650589, -73.89720873576061)", "Zip Codes": 10936, "Community Districts": 6, "Borough Boundaries": 5, "City Council Districts": 22, "Police Precincts": 29, "Police Precinct": 29 }, "geometry": { "type": "Point", "coordinates": [ -73.897208735760614, 40.859147936505892 ] } },
{ "type": "Feature", "properties": { "Unique Key": 66108839, "Created Date": "09/10/2025 07:49:15 PM", "Closed Date": "09/11/2025 11:03:02 AM", "Agency": "DOHMH", "Agency Name": "Department of Health and Mental Hygiene", "Complaint Type": "Rodent", "Descriptor": "Condition Attracting Rodents", "Location Type": "1-2 Family Dwelling", "Incident Zip": 11375, "Incident Address": "98-27 74 AVENUE", "Street Name": "74 AVENUE", "Cross Street 1": "UNION TURNPIKE", "Cross Street 2": "METROPOLITAN AVENUE", "Intersection Street 1": "UNION TURNPIKE", "Intersection Street 2": "METROPOLITAN AVENUE", "Address Type": "ADDRESS", "City": "FOREST HILLS", "Landmark": "74 AVENUE", "Facility Type": "N/A", "Status": "Closed", "Due Date": null, "Resolution Description": "This service request was closed because the Department of Health and Mental Hygiene received an earlier complaint about the same location.  You can find inspection results for this address by going to the online Rat Portal at www.nyc.gov/rats.", "Resolution Action Updated Date": "09/10/2025 07:49:15 PM", "Community Board": "06 QUEENS", "BBL": 4039050021, "Borough": "QUEENS", "X Coordinate (State Plane)": 1027068, "Y Coordinate (State Plane)": 197592, "Open Data Channel Type": "PHONE", "Park Facility Name": "Unspecified", "Park Borough": "QUEENS", "Vehicle Type": null, "Taxi Company Borough": null, "Taxi Pick Up Location": null, "Bridge Highway Name": null, "Bridge Highway Direction": null, "Road Ramp": null, "Bridge Highway Segment": null, "Latitude": 40.708917547031696, "Longitude": -73.845558199454999, "Location": "(40.708917547031696, -73.845558199455)", "Zip Codes": 14786, "Community Districts": 40, "Borough Boundaries": 3, "City Council Districts": 28, "Police Precincts": 70, "Police Precinct": 70 }, "geometry": { "type": "Point", "coordinates": [ -73.845558199454999, 40.708917547031696 ] } },
{ "type": "Feature", "properties": { "Unique Key": 66108844, "Created Date": "09/10/2025 02:49:15 PM", "Closed Date": "09/11/2025 07:41:22 AM", "Agency": "DOHMH", "Agency Name": "Department of Health and Mental Hygiene", "Complaint Type": "Rodent", "Descriptor": "Condition Attracting Rodents", "Location Type": "Other (Explain Below)", "Incident Zip": 10458, "Incident Address": "4726 PARK AVENUE", "Street Name": "PARK AVENUE", "Cross Street 1": "EAST 188 STREET", "Cross Street 2": "METRO NORTH HARLEM LINE", "Intersection Street 1": "EAST  188 STREET", "Intersection Street 2": "METRO NORTH HARLEM LINE", "Address Type": "ADDRESS", "City": "BRONX", "Landmark": "PARK AVENUE", "Facility Type": "N/A", "Status": "Closed", "Due Date": null, "Resolution Description": "This service request was closed because the Department of Health and Mental Hygiene received an earlier complaint about the same location.  You can find inspection results for this address by going to the online Rat Portal at www.nyc.gov/rats.", "Resolution Action Updated Date": "09/10/2025 02:49:15 PM", "Community Board": "06 BRONX", "BBL": 2030410043, "Borough": "BRONX", "X Coordinate (State Plane)": 1014134, "Y Coordinate (State Plane)": 252418, "Open Data Channel Type": "ONLINE", "Park Facility Name": "Unspecified", "Park Borough": "BRONX", "Vehicle Type": null, "Taxi Company Borough": null, "Taxi Pick Up Location": null, "Bridge Highway Name": null, "Bridge Highway Direction": null, "Road Ramp": null, "Bridge Highway Segment": null, "Latitude": 40.859453298127811, "Longitude": -73.891966367083839, "Location": "(40.85945329812781, -73.89196636708384)", "Zip Codes": 10936, "Community Districts": 35, "Borough Boundaries": 5, "City Council Districts": 22, "Police Precincts": 31, "Police Precinct": 31 }, "geometry": { "type": "Point", "coordinates": [ -73.891966367083839, 40.859453298127811 ] } },
{ "type": "Feature", "properties": { "Unique Key": 66110134, "Created Date": "09/10/2025 08:11:23 PM", "Closed Date": "09/11/2025 07:52:41 AM", "Agency": "DOHMH", "Agency Name": "Department of Health and Mental Hygiene", "Complaint Type": "Rodent", "Descriptor": "Condition Attracting Rodents", "Location Type": "3+ Family Apt. Building", "Incident Zip": 10029, "Incident Address": "1309 5 AVENUE", "Street Name": "5 AVENUE", "Cross Street 1": "FRAWLEY CIRCLE", "Cross Street 2": "EAST 111 STREET", "Intersection Street 1": "FRAWLEY CIRCLE", "Intersection Street 2": "EAST  111 STREET", "Address Type": "ADDRESS", "City": "NEW YORK", "Landmark": "5 AVENUE", "Facility Type": "N/A", "Status": "Closed", "Due Date": null, "Resolution Description": "This service request was closed because the Department of Health and Mental Hygiene received an earlier complaint about the same location.  You can find inspection results for this address by going to the online Rat Portal at www.nyc.gov/rats.", "Resolution Action Updated Date": "09/10/2025 08:11:23 PM", "Community Board": "11 MANHATTAN", "BBL": 1016160001, "Borough": "MANHATTAN", "X Coordinate (State Plane)": 998398, "Y Coordinate (State Plane)": 229762, "Open Data Channel Type": "PHONE", "Park Facility Name": "Unspecified", "Park Borough": "MANHATTAN", "Vehicle Type": null, "Taxi Company Borough": null, "Taxi Pick Up Location": null, "Bridge Highway Name": null, "Bridge Highway Direction": null, "Road Ramp": null, "Bridge Highway Segment": null, "Latitude": 40.797308308526034, "Longitude": -73.948901329846464, "Location": "(40.797308308526034, -73.94890132984646)", "Zip Codes": 12426, "Community Districts": 7, "Borough Boundaries": 4, "City Council Districts": 36, "Police Precincts": 14, "Police Precinct": 14 }, "geometry": { "type": "Point", "coordinates": [ -73.948901329846464, 40.797308308526034 ] } },
{ "type": "Feature", "properties": { "Unique Key": 66112692, "Created Date": "09/10/2025 10:01:19 AM", "Closed Date": "09/10/2025 11:55:55 AM", "Agency": "DOHMH", "Agency Name": "Department of Health and Mental Hygiene", "Complaint Type": "Rodent", "Descriptor": "Condition Attracting Rodents", "Location Type": "Other (Explain Below)", "Incident Zip": 10024, "Incident Address": "589 AMSTERDAM AVENUE", "Street Name": "AMSTERDAM AVENUE", "Cross Street 1": "WEST 88 STREET", "Cross Street 2": "WEST 89 STREET", "Intersection Street 1": "WEST   88 STREET", "Intersection Street 2": "WEST   89 STREET", "Address Type": "ADDRESS", "City": "NEW YORK", "Landmark": "AMSTERDAM AVENUE", "Facility Type": "N/A", "Status": "Closed", "Due Date": null, "Resolution Description": "This service request was closed because the Department of Health and Mental Hygiene received an earlier complaint about the same location.  You can find inspection results for this address by going to the online Rat Portal at www.nyc.gov/rats.", "Resolution Action Updated Date": "09/10/2025 10:01:19 AM", "Community Board": "07 MANHATTAN", "BBL": 1012190001, "Borough": "MANHATTAN", "X Coordinate (State Plane)": 991491, "Y Coordinate (State Plane)": 226827, "Open Data Channel Type": "ONLINE", "Park Facility Name": "Unspecified", "Park Borough": "MANHATTAN", "Vehicle Type": null, "Taxi Company Borough": null, "Taxi Pick Up Location": null, "Bridge Highway Name": null, "Bridge Highway Direction": null, "Road Ramp": null, "Bridge Highway Segment": null, "Latitude": 40.789260886149705, "Longitude": -73.973850669248591, "Location": "(40.789260886149705, -73.97385066924859)", "Zip Codes": 12421, "Community Districts": 20, "Borough Boundaries": 4, "City Council Districts": 19, "Police Precincts": 15, "Police Precinct": 15 }, "geometry": { "type": "Point", "coordinates": [ -73.973850669248591, 40.789260886149705 ] } },
{ "type": "Feature", "properties": { "Unique Key": 66114011, "Created Date": "09/10/2025 01:30:24 PM", "Closed Date": "09/11/2025 07:46:46 AM", "Agency": "DOHMH", "Agency Name": "Department of Health and Mental Hygiene", "Complaint Type": "Rodent", "Descriptor": "Condition Attracting Rodents", "Location Type": "3+ Family Apt. Building", "Incident Zip": 10457, "Incident Address": "620 EAST  178 STREET", "Street Name": "EAST  178 STREET", "Cross Street 1": "ARTHUR AVENUE", "Cross Street 2": "HUGHES AVENUE", "Intersection Street 1": "ARTHUR AVENUE", "Intersection Street 2": "HUGHES AVENUE", "Address Type": "ADDRESS", "City": "BRONX", "Landmark": "EAST  178 STREET", "Facility Type": "N/A", "Status": "Closed", "Due Date": null, "Resolution Description": "This service request was closed because the Department of Health and Mental Hygiene received an earlier complaint about the same location.  You can find inspection results for this address by going to the online Rat Portal at www.nyc.gov/rats.", "Resolution Action Updated Date": "09/10/2025 01:30:24 PM", "Community Board": "06 BRONX", "BBL": 2030680093, "Borough": "BRONX", "X Coordinate (State Plane)": 1014009, "Y Coordinate (State Plane)": 247793, "Open Data Channel Type": "PHONE", "Park Facility Name": "Unspecified", "Park Borough": "BRONX", "Vehicle Type": null, "Taxi Company Borough": null, "Taxi Pick Up Location": null, "Bridge Highway Name": null, "Bridge Highway Direction": null, "Road Ramp": null, "Bridge Highway Segment": null, "Latitude": 40.846759480267366, "Longitude": -73.89243878444907, "Location": "(40.846759480267366, -73.89243878444907)", "Zip Codes": 10935, "Community Districts": 35, "Borough Boundaries": 5, "City Council Districts": 43, "Police Precincts": 31, "Police Precinct": 31 }, "geometry": { "type": "Point", "coordinates": [ -73.89243878444907, 40.846759480267366 ] } },
{ "type": "Feature", "properties": { "Unique Key": 66114013, "Created Date": "09/10/2025 05:23:55 AM", "Closed Date": "09/10/2025 07:15:43 AM", "Agency": "DOHMH", "Agency Name": "Department of Health and Mental Hygiene", "Complaint Type": "Rodent", "Descriptor": "Condition Attracting Rodents", "Location Type": "3+ Family Apt. Building", "Incident Zip": 10026, "Incident Address": "278 WEST  118 STREET", "Street Name": "WEST  118 STREET", "Cross Street 1": "ST NICHOLAS AVENUE", "Cross Street 2": "FREDERICK DOUGLASS BOULEVARD", "Intersection Street 1": "ST NICHOLAS AVENUE", "Intersection Street 2": "FREDERICK DOUGLASS BOULEVARD", "Address Type": "ADDRESS", "City": "NEW YORK", "Landmark": "WEST  118 STREET", "Facility Type": "N/A", "Status": "Closed", "Due Date": null, "Resolution Description": "This service request was closed because the Department of Health and Mental Hygiene received an earlier complaint about the same location.  You can find inspection results for this address by going to the online Rat Portal at www.nyc.gov/rats.", "Resolution Action Updated Date": "09/10/2025 05:23:55 AM", "Community Board": "10 MANHATTAN", "BBL": 1019230060, "Borough": "MANHATTAN", "X Coordinate (State Plane)": 997070, "Y Coordinate (State Plane)": 232714, "Open Data Channel Type": "MOBILE", "Park Facility Name": "Unspecified", "Park Borough": "MANHATTAN", "Vehicle Type": null, "Taxi Company Borough": null, "Taxi Pick Up Location": null, "Bridge Highway Name": null, "Bridge Highway Direction": null, "Road Ramp": null, "Bridge Highway Segment": null, "Latitude": 40.805412766049173, "Longitude": -73.953692061961235, "Location": "(40.80541276604917, -73.95369206196123)", "Zip Codes": 12423, "Community Districts": 18, "Borough Boundaries": 4, "City Council Districts": 36, "Police Precincts": 18, "Police Precinct": 18 }, "geometry": { "type": "Point", "coordinates": [ -73.953692061961235, 40.805412766049173 ] } },
{ "type": "Feature", "properties": { "Unique Key": 66114014, "Created Date": "09/10/2025 10:31:46 PM", "Closed Date": "09/11/2025 07:50:31 AM", "Agency": "DOHMH", "Agency Name": "Department of Health and Mental Hygiene", "Complaint Type": "Rodent", "Descriptor": "Condition Attracting Rodents", "Location Type": "3+ Family Apt. Building", "Incident Zip": 10027, "Incident Address": "23 WEST  123 STREET", "Street Name": "WEST  123 STREET", "Cross Street 1": "MOUNT MORRIS PARK WEST", "Cross Street 2": "LENOX AVENUE", "Intersection Street 1": "MOUNT MORRIS PARK WEST", "Intersection Street 2": "LENOX AVENUE", "Address Type": "ADDRESS", "City": "NEW YORK", "Landmark": "WEST  123 STREET", "Facility Type": "N/A", "Status": "Closed", "Due Date": null, "Resolution Description": "This service request was closed because the Department of Health and Mental Hygiene received an earlier complaint about the same location.  You can find inspection results for this address by going to the online Rat Portal at www.nyc.gov/rats.", "Resolution Action Updated Date": "09/10/2025 10:31:46 PM", "Community Board": "10 MANHATTAN", "BBL": 1017210041, "Borough": "MANHATTAN", "X Coordinate (State Plane)": 999400, "Y Coordinate (State Plane)": 232927, "Open Data Channel Type": "PHONE", "Park Facility Name": "Unspecified", "Park Borough": "MANHATTAN", "Vehicle Type": null, "Taxi Company Borough": null, "Taxi Pick Up Location": null, "Bridge Highway Name": null, "Bridge Highway Direction": null, "Road Ramp": null, "Bridge Highway Segment": null, "Latitude": 40.805993704215048, "Longitude": -73.945275242007156, "Location": "(40.80599370421505, -73.94527524200716)", "Zip Codes": 12424, "Community Districts": 18, "Borough Boundaries": 4, "City Council Districts": 36, "Police Precincts": 18, "Police Precinct": 18 }, "geometry": { "type": "Point", "coordinates": [ -73.945275242007156, 40.805993704215048 ] } },
{ "type": "Feature", "properties": { "Unique Key": 66115294, "Created Date": "09/11/2025 12:15:11 AM", "Closed Date": "09/11/2025 12:03:52 PM", "Agency": "DOHMH", "Agency Name": "Department of Health and Mental Hygiene", "Complaint Type": "Rodent", "Descriptor": "Condition Attracting Rodents", "Location Type": "3+ Family Apt. Building", "Incident Zip": 10002, "Incident Address": "219 MADISON STREET", "Street Name": "MADISON STREET", "Cross Street 1": "RUTGERS STREET", "Cross Street 2": "JEFFERSON STREET", "Intersection Street 1": "RUTGERS STREET", "Intersection Street 2": "JEFFERSON STREET", "Address Type": "ADDRESS", "City": "NEW YORK", "Landmark": "MADISON STREET", "Facility Type": "N/A", "Status": "Closed", "Due Date": null, "Resolution Description": "This service request was closed because the Department of Health and Mental Hygiene received an earlier complaint about the same location.  You can find inspection results for this address by going to the online Rat Portal at www.nyc.gov/rats.", "Resolution Action Updated Date": "09/11/2025 12:15:11 AM", "Community Board": "03 MANHATTAN", "BBL": 1002710043, "Borough": "MANHATTAN", "X Coordinate (State Plane)": 987257, "Y Coordinate (State Plane)": 198940, "Open Data Channel Type": "MOBILE", "Park Facility Name": "Unspecified", "Park Borough": "MANHATTAN", "Vehicle Type": null, "Taxi Company Borough": null, "Taxi Pick Up Location": null, "Bridge Highway Name": null, "Bridge Highway Direction": null, "Road Ramp": null, "Bridge Highway Segment": null, "Latitude": 40.712720579662324, "Longitude": -73.989153329165717, "Location": "(40.712720579662324, -73.98915332916572)", "Zip Codes": 11723, "Community Districts": 70, "Borough Boundaries": 4, "City Council Districts": 32, "Police Precincts": 4, "Police Precinct": 4 }, "geometry": { "type": "Point", "coordinates": [ -73.989153329165717, 40.712720579662324 ] } },
{ "type": "Feature", "properties": { "Unique Key": 66115297, "Created Date": "09/10/2025 02:34:00 PM", "Closed Date": "09/11/2025 10:49:02 AM", "Agency": "DOHMH", "Agency Name": "Department of Health and Mental Hygiene", "Complaint Type": "Rodent", "Descriptor": "Condition Attracting Rodents", "Location Type": "Vacant Lot", "Incident Zip": 11233, "Incident Address": "175 SUMPTER STREET", "Street Name": "SUMPTER STREET", "Cross Street 1": "HOWARD AVENUE", "Cross Street 2": "SARATOGA AVENUE", "Intersection Street 1": "HOWARD AVENUE", "Intersection Street 2": "SARATOGA AVENUE", "Address Type": "ADDRESS", "City": "BROOKLYN", "Landmark": "SUMPTER STREET", "Facility Type": "N/A", "Status": "Closed", "Due Date": null, "Resolution Description": "This service request was closed because the Department of Health and Mental Hygiene received an earlier complaint about the same location.  You can find inspection results for this address by going to the online Rat Portal at www.nyc.gov/rats.", "Resolution Action Updated Date": "09/10/2025 02:34:00 PM", "Community Board": "03 BROOKLYN", "BBL": 3015190063, "Borough": "BROOKLYN", "X Coordinate (State Plane)": 1006844, "Y Coordinate (State Plane)": 187090, "Open Data Channel Type": "PHONE", "Park Facility Name": "Unspecified", "Park Borough": "BROOKLYN", "Vehicle Type": null, "Taxi Company Borough": null, "Taxi Pick Up Location": null, "Bridge Highway Name": null, "Bridge Highway Direction": null, "Road Ramp": null, "Bridge Highway Segment": null, "Latitude": 40.68016676015165, "Longitude": -73.918540045318551, "Location": "(40.68016676015165, -73.91854004531855)", "Zip Codes": 13516, "Community Districts": 69, "Borough Boundaries": 2, "City Council Districts": 17, "Police Precincts": 52, "Police Precinct": 52 }, "geometry": { "type": "Point", "coordinates": [ -73.918540045318551, 40.68016676015165 ] } },
{ "type": "Feature", "properties": { "Unique Key": 66151653, "Created Date": "09/14/2025 05:22:12 PM", "Closed Date": null, "Agency": "DOHMH", "Agency Name": "Department of Health and Mental Hygiene", "Complaint Type": "Rodent", "Descriptor": "Condition Attracting Rodents", "Location Type": "3+ Family Apt. Building", "Incident Zip": 11385, "Incident Address": "1716 MADISON STREET", "Street Name": "MADISON STREET", "Cross Street 1": "CYPRESS AVENUE", "Cross Street 2": "SENECA AVENUE", "Intersection Street 1": "CYPRESS AVENUE", "Intersection Street 2": "SENECA AVENUE", "Address Type": "ADDRESS", "City": "RIDGEWOOD", "Landmark": "MADISON STREET", "Facility Type": null, "Status": "In Progress", "Due Date": null, "Resolution Description": null, "Resolution Action Updated Date": null, "Community Board": "05 QUEENS", "BBL": 4034600017, "Borough": "QUEENS", "X Coordinate (State Plane)": 1010024, "Y Coordinate (State Plane)": 194719, "Open Data Channel Type": "PHONE", "Park Facility Name": "Unspecified", "Park Borough": "QUEENS", "Vehicle Type": null, "Taxi Company Borough": null, "Taxi Pick Up Location": null, "Bridge Highway Name": null, "Bridge Highway Direction": null, "Road Ramp": null, "Bridge Highway Segment": null, "Latitude": 40.701097907417875, "Longitude": -73.907045757608842, "Location": "(40.701097907417875, -73.90704575760884)", "Zip Codes": 15310, "Community Districts": 54, "Borough Boundaries": 3, "City Council Districts": 30, "Police Precincts": 62, "Police Precinct": 62 }, "geometry": { "type": "Point", "coordinates": [ -73.907045757608842, 40.701097907417875 ] } },
{ "type": "Feature", "properties": { "Unique Key": 66152790, "Created Date": "09/14/2025 11:54:12 AM", "Closed Date": null, "Agency": "DOHMH", "Agency Name": "Department of Health and Mental Hygiene", "Complaint Type": "Rodent", "Descriptor": "Condition Attracting Rodents", "Location Type": "1-2 Family Dwelling", "Incident Zip": 11429, "Incident Address": "111-35 FRANCIS LEWIS BOULEVARD", "Street Name": "FRANCIS LEWIS BOULEVARD", "Cross Street 1": "111 ROAD", "Cross Street 2": "112 AVENUE", "Intersection Street 1": "111 ROAD", "Intersection Street 2": "112 AVENUE", "Address Type": "ADDRESS", "City": "QUEENS VILLAGE", "Landmark": "FRANCIS LEWIS BOULEVARD", "Facility Type": null, "Status": "In Progress", "Due Date": null, "Resolution Description": null, "Resolution Action Updated Date": null, "Community Board": "13 QUEENS", "BBL": 4109650267, "Borough": "QUEENS", "X Coordinate (State Plane)": 1053545, "Y Coordinate (State Plane)": 196148, "Open Data Channel Type": "ONLINE", "Park Facility Name": "Unspecified", "Park Borough": "QUEENS", "Vehicle Type": null, "Taxi Company Borough": null, "Taxi Pick Up Location": null, "Bridge Highway Name": null, "Bridge Highway Direction": null, "Road Ramp": null, "Bridge Highway Segment": null, "Latitude": 40.704786380067119, "Longitude": -73.750072625372127, "Location": "(40.70478638006712, -73.75007262537213)", "Zip Codes": 24338, "Community Districts": 63, "Borough Boundaries": 3, "City Council Districts": 6, "Police Precincts": 63, "Police Precinct": 63 }, "geometry": { "type": "Point", "coordinates": [ -73.750072625372127, 40.704786380067119 ] } },
{ "type": "Feature", "properties": { "Unique Key": 66153954, "Created Date": "09/14/2025 11:29:33 AM", "Closed Date": "09/14/2025 11:29:33 AM", "Agency": "DOHMH", "Agency Name": "Department of Health and Mental Hygiene", "Complaint Type": "Rodent", "Descriptor": "Condition Attracting Rodents", "Location Type": "Other (Explain Below)", "Incident Zip": 10454, "Incident Address": "403 EAST  139 STREET", "Street Name": "EAST  139 STREET", "Cross Street 1": "WILLIS AVENUE", "Cross Street 2": "BROOK AVENUE", "Intersection Street 1": "WILLIS AVENUE", "Intersection Street 2": "BROOK AVENUE", "Address Type": "ADDRESS", "City": "BRONX", "Landmark": "EAST  139 STREET", "Facility Type": "N/A", "Status": "Closed", "Due Date": null, "Resolution Description": "The Department of Health and Mental Hygiene found violations on the property you reported. Follow-up inspections will be scheduled.", "Resolution Action Updated Date": "09/24/2025 10:56:19 AM", "Community Board": "01 BRONX", "BBL": 2022840120, "Borough": "BRONX", "X Coordinate (State Plane)": 1005896, "Y Coordinate (State Plane)": 234224, "Open Data Channel Type": "MOBILE", "Park Facility Name": "Unspecified", "Park Borough": "BRONX", "Vehicle Type": null, "Taxi Company Borough": null, "Taxi Pick Up Location": null, "Bridge Highway Name": null, "Bridge Highway Direction": null, "Road Ramp": null, "Bridge Highway Segment": null, "Latitude": 40.809540082395607, "Longitude": -73.921806250192347, "Location": "(40.80954008239561, -73.92180625019235)", "Zip Codes": 10932, "Community Districts": 49, "Borough Boundaries": 5, "City Council Districts": 35, "Police Precincts": 23, "Police Precinct": 23 }, "geometry": { "type": "Point", "coordinates": [ -73.921806250192347, 40.809540082395607 ] } },
{ "type": "Feature", "properties": { "Unique Key": 66155158, "Created Date": "09/14/2025 10:01:06 AM", "Closed Date": "09/14/2025 10:01:06 AM", "Agency": "DOHMH", "Agency Name": "Department of Health and Mental Hygiene", "Complaint Type": "Rodent", "Descriptor": "Condition Attracting Rodents", "Location Type": "1-2 Family Dwelling", "Incident Zip": 11216, "Incident Address": "531 GATES AVENUE", "Street Name": "GATES AVENUE", "Cross Street 1": "MARCY AVENUE", "Cross Street 2": "TOMPKINS AVENUE", "Intersection Street 1": "MARCY AVENUE", "Intersection Street 2": "TOMPKINS AVENUE", "Address Type": "ADDRESS", "City": "BROOKLYN", "Landmark": "GATES AVENUE", "Facility Type": "N/A", "Status": "Closed", "Due Date": null, "Resolution Description": "The Department of Health and Mental Hygiene found violations on the property you reported. Follow-up inspections will be scheduled.", "Resolution Action Updated Date": "09/18/2025 12:40:17 PM", "Community Board": "03 BROOKLYN", "BBL": 3018090054, "Borough": "BROOKLYN", "X Coordinate (State Plane)": 999366, "Y Coordinate (State Plane)": 189505, "Open Data Channel Type": "PHONE", "Park Facility Name": "Unspecified", "Park Borough": "BROOKLYN", "Vehicle Type": null, "Taxi Company Borough": null, "Taxi Pick Up Location": null, "Bridge Highway Name": null, "Bridge Highway Direction": null, "Road Ramp": null, "Bridge Highway Segment": null, "Latitude": 40.686811311963353, "Longitude": -73.945495650311173, "Location": "(40.68681131196335, -73.94549565031117)", "Zip Codes": 17618, "Community Districts": 69, "Borough Boundaries": 2, "City Council Districts": 49, "Police Precincts": 51, "Police Precinct": 51 }, "geometry": { "type": "Point", "coordinates": [ -73.945495650311173, 40.686811311963353 ] } },
{ "type": "Feature", "properties": { "Unique Key": 66157604, "Created Date": "09/14/2025 12:07:00 PM", "Closed Date": null, "Agency": "DOHMH", "Agency Name": "Department of Health and Mental Hygiene", "Complaint Type": "Rodent", "Descriptor": "Condition Attracting Rodents", "Location Type": "3+ Family Apt. Building", "Incident Zip": 10014, "Incident Address": "45 CARMINE STREET", "Street Name": "CARMINE STREET", "Cross Street 1": "BLEECKER STREET", "Cross Street 2": "BEDFORD STREET", "Intersection Street 1": "BLEECKER STREET", "Intersection Street 2": "BEDFORD STREET", "Address Type": "ADDRESS", "City": "NEW YORK", "Landmark": "CARMINE STREET", "Facility Type": null, "Status": "In Progress", "Due Date": null, "Resolution Description": null, "Resolution Action Updated Date": null, "Community Board": "02 MANHATTAN", "BBL": 1005860040, "Borough": "MANHATTAN", "X Coordinate (State Plane)": 983250, "Y Coordinate (State Plane)": 205226, "Open Data Channel Type": "PHONE", "Park Facility Name": "Unspecified", "Park Borough": "MANHATTAN", "Vehicle Type": null, "Taxi Company Borough": null, "Taxi Pick Up Location": null, "Bridge Highway Name": null, "Bridge Highway Direction": null, "Road Ramp": null, "Bridge Highway Segment": null, "Latitude": 40.729974586755489, "Longitude": -74.003608074248092, "Location": "(40.72997458675549, -74.00360807424809)", "Zip Codes": 12077, "Community Districts": 57, "Borough Boundaries": 4, "City Council Districts": 10, "Police Precincts": 3, "Police Precinct": 3 }, "geometry": { "type": "Point", "coordinates": [ -74.003608074248092, 40.729974586755489 ] } },
{ "type": "Feature", "properties": { "Unique Key": 66158770, "Created Date": "09/14/2025 05:19:09 PM", "Closed Date": null, "Agency": "DOHMH", "Agency Name": "Department of Health and Mental Hygiene", "Complaint Type": "Rodent", "Descriptor": "Condition Attracting Rodents", "Location Type": "3+ Family Apt. Building", "Incident Zip": 10027, "Incident Address": "315 WEST  121 STREET", "Street Name": "WEST  121 STREET", "Cross Street 1": "FREDERICK DOUGLASS BOULEVARD", "Cross Street 2": "MANHATTAN AVENUE", "Intersection Street 1": "FREDERICK DOUGLASS BOULEVARD", "Intersection Street 2": "MANHATTAN AVENUE", "Address Type": "ADDRESS", "City": "NEW YORK", "Landmark": "WEST  121 STREET", "Facility Type": null, "Status": "In Progress", "Due Date": null, "Resolution Description": null, "Resolution Action Updated Date": null, "Community Board": "10 MANHATTAN", "BBL": 1019480022, "Borough": "MANHATTAN", "X Coordinate (State Plane)": 997027, "Y Coordinate (State Plane)": 233642, "Open Data Channel Type": "ONLINE", "Park Facility Name": "Unspecified", "Park Borough": "MANHATTAN", "Vehicle Type": null, "Taxi Company Borough": null, "Taxi Pick Up Location": null, "Bridge Highway Name": null, "Bridge Highway Direction": null, "Road Ramp": null, "Bridge Highway Segment": null, "Latitude": 40.807959931869185, "Longitude": -73.953845618777549, "Location": "(40.807959931869185, -73.95384561877755)", "Zip Codes": 12424, "Community Districts": 18, "Borough Boundaries": 4, "City Council Districts": 36, "Police Precincts": 18, "Police Precinct": 18 }, "geometry": { "type": "Point", "coordinates": [ -73.953845618777549, 40.807959931869185 ] } },
{ "type": "Feature", "properties": { "Unique Key": 66158771, "Created Date": "09/14/2025 08:44:48 PM", "Closed Date": null, "Agency": "DOHMH", "Agency Name": "Department of Health and Mental Hygiene", "Complaint Type": "Rodent", "Descriptor": "Condition Attracting Rodents", "Location Type": "1-2 Family Dwelling", "Incident Zip": 11419, "Incident Address": "107-37 108 STREET", "Street Name": "108 STREET", "Cross Street 1": "107 AVENUE", "Cross Street 2": "109 AVENUE", "Intersection Street 1": "107 AVENUE", "Intersection Street 2": "109 AVENUE", "Address Type": "ADDRESS", "City": "SOUTH RICHMOND HILL", "Landmark": "108 STREET", "Facility Type": null, "Status": "In Progress", "Due Date": null, "Resolution Description": null, "Resolution Action Updated Date": null, "Community Board": "10 QUEENS", "BBL": 4095460067, "Borough": "QUEENS", "X Coordinate (State Plane)": 1030763, "Y Coordinate (State Plane)": 187316, "Open Data Channel Type": "ONLINE", "Park Facility Name": "Unspecified", "Park Borough": "QUEENS", "Vehicle Type": null, "Taxi Company Borough": null, "Taxi Pick Up Location": null, "Bridge Highway Name": null, "Bridge Highway Direction": null, "Road Ramp": null, "Bridge Highway Segment": null, "Latitude": 40.680693708920543, "Longitude": -73.832301558823616, "Location": "(40.68069370892054, -73.83230155882362)", "Zip Codes": 24015, "Community Districts": 62, "Borough Boundaries": 3, "City Council Districts": 46, "Police Precincts": 64, "Police Precinct": 64 }, "geometry": { "type": "Point", "coordinates": [ -73.832301558823616, 40.680693708920543 ] } },
{ "type": "Feature", "properties": { "Unique Key": 66161425, "Created Date": "09/15/2025 09:42:32 AM", "Closed Date": null, "Agency": "DOHMH", "Agency Name": "Department of Health and Mental Hygiene", "Complaint Type": "Rodent", "Descriptor": "Condition Attracting Rodents", "Location Type": "3+ Family Apt. Building", "Incident Zip": 10463, "Incident Address": "3631 TIBBETT AVENUE", "Street Name": "TIBBETT AVENUE", "Cross Street 1": "WEST  236 STREET", "Cross Street 2": "WEST  238 STREET", "Intersection Street 1": "WEST  236 STREET", "Intersection Street 2": "WEST  238 STREET", "Address Type": "ADDRESS", "City": "BRONX", "Landmark": "TIBBETT AVENUE", "Facility Type": null, "Status": "In Progress", "Due Date": null, "Resolution Description": null, "Resolution Action Updated Date": null, "Community Board": "08 BRONX", "BBL": 2057680858, "Borough": "BRONX", "X Coordinate (State Plane)": 1011051, "Y Coordinate (State Plane)": 261940, "Open Data Channel Type": "ONLINE", "Park Facility Name": "Unspecified", "Park Borough": "BRONX", "Vehicle Type": null, "Taxi Company Borough": null, "Taxi Pick Up Location": null, "Bridge Highway Name": null, "Bridge Highway Direction": null, "Road Ramp": null, "Bridge Highway Segment": null, "Latitude": 40.885598147919168, "Longitude": -73.903073620143502, "Location": "(40.88559814791917, -73.9030736201435)", "Zip Codes": 11272, "Community Districts": 48, "Borough Boundaries": 5, "City Council Districts": 40, "Police Precincts": 33, "Police Precinct": 33 }, "geometry": { "type": "Point", "coordinates": [ -73.903073620143502, 40.885598147919168 ] } },
{ "type": "Feature", "properties": { "Unique Key": 66161426, "Created Date": "09/15/2025 07:44:08 PM", "Closed Date": null, "Agency": "DOHMH", "Agency Name": "Department of Health and Mental Hygiene", "Complaint Type": "Rodent", "Descriptor": "Condition Attracting Rodents", "Location Type": "3+ Family Apt. Building", "Incident Zip": 11420, "Incident Address": "133-38 132 STREET", "Street Name": "132 STREET", "Cross Street 1": "133 AVENUE", "Cross Street 2": "135 AVENUE", "Intersection Street 1": "133 AVENUE", "Intersection Street 2": "135 AVENUE", "Address Type": "ADDRESS", "City": "SOUTH OZONE PARK", "Landmark": "132 STREET", "Facility Type": null, "Status": "In Progress", "Due Date": null, "Resolution Description": null, "Resolution Action Updated Date": null, "Community Board": "10 QUEENS", "BBL": 4117910095, "Borough": "QUEENS", "X Coordinate (State Plane)": 1037829, "Y Coordinate (State Plane)": 183060, "Open Data Channel Type": "MOBILE", "Park Facility Name": "Unspecified", "Park Borough": "QUEENS", "Vehicle Type": null, "Taxi Company Borough": null, "Taxi Pick Up Location": null, "Bridge Highway Name": null, "Bridge Highway Direction": null, "Road Ramp": null, "Bridge Highway Segment": null, "Latitude": 40.668972025541592, "Longitude": -73.806859640834759, "Location": "(40.66897202554159, -73.80685964083476)", "Zip Codes": 24016, "Community Districts": 62, "Borough Boundaries": 3, "City Council Districts": 46, "Police Precincts": 64, "Police Precinct": 64 }, "geometry": { "type": "Point", "coordinates": [ -73.806859640834759, 40.668972025541592 ] } },
{ "type": "Feature", "properties": { "Unique Key": 66161428, "Created Date": "09/15/2025 01:44:52 PM", "Closed Date": null, "Agency": "DOHMH", "Agency Name": "Department of Health and Mental Hygiene", "Complaint Type": "Rodent", "Descriptor": "Condition Attracting Rodents", "Location Type": "1-2 Family Dwelling", "Incident Zip": 11105, "Incident Address": "20-07A 26 STREET", "Street Name": "26 STREET", "Cross Street 1": "20 AVENUE", "Cross Street 2": "21 AVENUE", "Intersection Street 1": "20 AVENUE", "Intersection Street 2": "21 AVENUE", "Address Type": "ADDRESS", "City": "ASTORIA", "Landmark": "26 STREET", "Facility Type": null, "Status": "In Progress", "Due Date": null, "Resolution Description": null, "Resolution Action Updated Date": null, "Community Board": "01 QUEENS", "BBL": 4008600135, "Borough": "QUEENS", "X Coordinate (State Plane)": 1009239, "Y Coordinate (State Plane)": 224025, "Open Data Channel Type": "PHONE", "Park Facility Name": "Unspecified", "Park Borough": "QUEENS", "Vehicle Type": null, "Taxi Company Borough": null, "Taxi Pick Up Location": null, "Bridge Highway Name": null, "Bridge Highway Direction": null, "Road Ramp": null, "Bridge Highway Segment": null, "Latitude": 40.781537784568016, "Longitude": -73.909767996110133, "Location": "(40.781537784568016, -73.90976799611013)", "Zip Codes": 16862, "Community Districts": 39, "Borough Boundaries": 3, "City Council Districts": 4, "Police Precincts": 72, "Police Precinct": 72 }, "geometry": { "type": "Point", "coordinates": [ -73.909767996110133, 40.781537784568016 ] } },
{ "type": "Feature", "properties": { "Unique Key": 66161424, "Created Date": "09/15/2025 11:40:24 AM", "Closed Date": "09/15/2025 11:40:24 AM", "Agency": "DOHMH", "Agency Name": "Department of Health and Mental Hygiene", "Complaint Type": "Rodent", "Descriptor": "Condition Attracting Rodents", "Location Type": "1-2 Family Dwelling", "Incident Zip": 11221, "Incident Address": "673 MONROE STREET", "Street Name": "MONROE STREET", "Cross Street 1": "MALCOLM X BOULEVARD", "Cross Street 2": "PATCHEN AVENUE", "Intersection Street 1": "MALCOLM X BOULEVARD", "Intersection Street 2": "PATCHEN AVENUE", "Address Type": "ADDRESS", "City": "BROOKLYN", "Landmark": "MONROE STREET", "Facility Type": "N/A", "Status": "Closed", "Due Date": null, "Resolution Description": "An inspection of the property was conducted and it passed with minor violations found.", "Resolution Action Updated Date": "09/23/2025 12:40:00 PM", "Community Board": "03 BROOKLYN", "BBL": 3016370072, "Borough": "BROOKLYN", "X Coordinate (State Plane)": 1003808, "Y Coordinate (State Plane)": 189906, "Open Data Channel Type": "ONLINE", "Park Facility Name": "Unspecified", "Park Borough": "BROOKLYN", "Vehicle Type": null, "Taxi Company Borough": null, "Taxi Pick Up Location": null, "Bridge Highway Name": null, "Bridge Highway Direction": null, "Road Ramp": null, "Bridge Highway Segment": null, "Latitude": 40.687903263797999, "Longitude": -73.929477800055665, "Location": "(40.687903263798, -73.92947780005566)", "Zip Codes": 18181, "Community Districts": 69, "Borough Boundaries": 2, "City Council Districts": 49, "Police Precincts": 52, "Police Precinct": 52 }, "geometry": { "type": "Point", "coordinates": [ -73.929477800055665, 40.687903263797999 ] } },
{ "type": "Feature", "properties": { "Unique Key": 66162828, "Created Date": "09/15/2025 10:44:34 AM", "Closed Date": null, "Agency": "DOHMH", "Agency Name": "Department of Health and Mental Hygiene", "Complaint Type": "Rodent", "Descriptor": "Condition Attracting Rodents", "Location Type": "3+ Family Apt. Building", "Incident Zip": 11226, "Incident Address": "2101 BEDFORD AVENUE", "Street Name": "BEDFORD AVENUE", "Cross Street 1": "LENOX ROAD", "Cross Street 2": "CATON AVENUE", "Intersection Street 1": "LENOX ROAD", "Intersection Street 2": "CATON AVENUE", "Address Type": "ADDRESS", "City": "BROOKLYN", "Landmark": "BEDFORD AVENUE", "Facility Type": null, "Status": "In Progress", "Due Date": null, "Resolution Description": null, "Resolution Action Updated Date": null, "Community Board": "17 BROOKLYN", "BBL": 3050840010, "Borough": "BROOKLYN", "X Coordinate (State Plane)": 996437, "Y Coordinate (State Plane)": 177229, "Open Data Channel Type": "PHONE", "Park Facility Name": "Unspecified", "Park Borough": "BROOKLYN", "Vehicle Type": null, "Taxi Company Borough": null, "Taxi Pick Up Location": null, "Bridge Highway Name": null, "Bridge Highway Direction": null, "Road Ramp": null, "Bridge Highway Segment": null, "Latitude": 40.653120957650863, "Longitude": -73.95607905149825, "Location": "(40.65312095765086, -73.95607905149825)", "Zip Codes": 13510, "Community Districts": 61, "Borough Boundaries": 2, "City Council Districts": 11, "Police Precincts": 40, "Police Precinct": 40 }, "geometry": { "type": "Point", "coordinates": [ -73.95607905149825, 40.653120957650863 ] } },
{ "type": "Feature", "properties": { "Unique Key": 66162829, "Created Date": "09/15/2025 04:09:08 PM", "Closed Date": "09/24/2025 09:19:58 AM", "Agency": "DOHMH", "Agency Name": "Department of Health and Mental Hygiene", "Complaint Type": "Rodent", "Descriptor": "Condition Attracting Rodents", "Location Type": "3+ Family Apt. Building", "Incident Zip": 11238, "Incident Address": "631 GRAND AVENUE", "Street Name": "GRAND AVENUE", "Cross Street 1": "PROSPECT PLACE", "Cross Street 2": "PARK PLACE", "Intersection Street 1": "PROSPECT PLACE", "Intersection Street 2": "PARK PLACE", "Address Type": "ADDRESS", "City": "BROOKLYN", "Landmark": "GRAND AVENUE", "Facility Type": "N/A", "Status": "Closed", "Due Date": null, "Resolution Description": "This service request was closed because the Department of Health and Mental Hygiene received an earlier complaint about the same location.  You can find inspection results for this address by going to the online Rat Portal at www.nyc.gov/rats.", "Resolution Action Updated Date": "09/15/2025 04:09:08 PM", "Community Board": "08 BROOKLYN", "BBL": 3011620013, "Borough": "BROOKLYN", "X Coordinate (State Plane)": 994536, "Y Coordinate (State Plane)": 185644, "Open Data Channel Type": "ONLINE", "Park Facility Name": "Unspecified", "Park Borough": "BROOKLYN", "Vehicle Type": null, "Taxi Company Borough": null, "Taxi Pick Up Location": null, "Bridge Highway Name": null, "Bridge Highway Direction": null, "Road Ramp": null, "Bridge Highway Segment": null, "Latitude": 40.676220676544055, "Longitude": -73.962917260310675, "Location": "(40.676220676544055, -73.96291726031068)", "Zip Codes": 13829, "Community Districts": 16, "Borough Boundaries": 2, "City Council Districts": 48, "Police Precincts": 49, "Police Precinct": 49 }, "geometry": { "type": "Point", "coordinates": [ -73.962917260310675, 40.676220676544055 ] } },
{ "type": "Feature", "properties": { "Unique Key": 66162831, "Created Date": "09/15/2025 06:56:10 AM", "Closed Date": "09/15/2025 06:56:10 AM", "Agency": "DOHMH", "Agency Name": "Department of Health and Mental Hygiene", "Complaint Type": "Rodent", "Descriptor": "Condition Attracting Rodents", "Location Type": "3+ Family Apt. Building", "Incident Zip": 11215, "Incident Address": "477 3 STREET", "Street Name": "3 STREET", "Cross Street 1": "6 AVENUE", "Cross Street 2": "7 AVENUE", "Intersection Street 1": "6 AVENUE", "Intersection Street 2": "7 AVENUE", "Address Type": "ADDRESS", "City": "BROOKLYN", "Landmark": "3 STREET", "Facility Type": "N/A", "Status": "Closed", "Due Date": null, "Resolution Description": "The Department of Health and Mental Hygiene found violations on the property you reported. Follow-up inspections will be scheduled.", "Resolution Action Updated Date": "09/19/2025 09:58:01 AM", "Community Board": "06 BROOKLYN", "BBL": 3009760054, "Borough": "BROOKLYN", "X Coordinate (State Plane)": 989948, "Y Coordinate (State Plane)": 183725, "Open Data Channel Type": "MOBILE", "Park Facility Name": "Unspecified", "Park Borough": "BROOKLYN", "Vehicle Type": null, "Taxi Company Borough": null, "Taxi Pick Up Location": null, "Bridge Highway Name": null, "Bridge Highway Direction": null, "Road Ramp": null, "Bridge Highway Segment": null, "Latitude": 40.670957594917539, "Longitude": -73.979459384326177, "Location": "(40.67095759491754, -73.97945938432618)", "Zip Codes": 17617, "Community Districts": 14, "Borough Boundaries": 2, "City Council Districts": 27, "Police Precincts": 50, "Police Precinct": 50 }, "geometry": { "type": "Point", "coordinates": [ -73.979459384326177, 40.670957594917539 ] } },
{ "type": "Feature", "properties": { "Unique Key": 66164253, "Created Date": "09/15/2025 09:27:56 AM", "Closed Date": null, "Agency": "DOHMH", "Agency Name": "Department of Health and Mental Hygiene", "Complaint Type": "Rodent", "Descriptor": "Condition Attracting Rodents", "Location Type": "3+ Family Apt. Building", "Incident Zip": 10314, "Incident Address": "941 WILLOWBROOK ROAD", "Street Name": "WILLOWBROOK ROAD", "Cross Street 1": "CRAFTON AVENUE", "Cross Street 2": "FOREST HILL ROAD", "Intersection Street 1": "CRAFTON AVENUE", "Intersection Street 2": "FOREST HILL ROAD", "Address Type": "ADDRESS", "City": "STATEN ISLAND", "Landmark": "WILLOWBROOK ROAD", "Facility Type": null, "Status": "In Progress", "Due Date": null, "Resolution Description": null, "Resolution Action Updated Date": null, "Community Board": "02 STATEN ISLAND", "BBL": 5007900065, "Borough": "STATEN ISLAND", "X Coordinate (State Plane)": 944943, "Y Coordinate (State Plane)": 159102, "Open Data Channel Type": "PHONE", "Park Facility Name": "Unspecified", "Park Borough": "STATEN ISLAND", "Vehicle Type": null, "Taxi Company Borough": null, "Taxi Pick Up Location": null, "Bridge Highway Name": null, "Bridge Highway Direction": null, "Road Ramp": null, "Bridge Highway Segment": null, "Latitude": 40.603287374204001, "Longitude": -74.141553525130675, "Location": "(40.603287374204, -74.14155352513067)", "Zip Codes": 10700, "Community Districts": 30, "Borough Boundaries": 1, "City Council Districts": 14, "Police Precincts": 75, "Police Precinct": 75 }, "geometry": { "type": "Point", "coordinates": [ -74.141553525130675, 40.603287374204001 ] } },
{ "type": "Feature", "properties": { "Unique Key": 66164255, "Created Date": "09/15/2025 04:28:28 PM", "Closed Date": null, "Agency": "DOHMH", "Agency Name": "Department of Health and Mental Hygiene", "Complaint Type": "Rodent", "Descriptor": "Condition Attracting Rodents", "Location Type": "3+ Family Mixed Use Building", "Incident Zip": 10312, "Incident Address": "91 ROLLING HILL GREEN", "Street Name": "ROLLING HILL GREEN", "Cross Street 1": "TULIP CIRCLE", "Cross Street 2": "SUTTON PLACE", "Intersection Street 1": "TULIP CIRCLE", "Intersection Street 2": "SUTTON PLACE", "Address Type": "ADDRESS", "City": "STATEN ISLAND", "Landmark": "ROLLING HILL GREEN", "Facility Type": null, "Status": "In Progress", "Due Date": null, "Resolution Description": null, "Resolution Action Updated Date": null, "Community Board": "03 STATEN ISLAND", "BBL": 5060177501, "Borough": "STATEN ISLAND", "X Coordinate (State Plane)": 930906, "Y Coordinate (State Plane)": 139930, "Open Data Channel Type": "ONLINE", "Park Facility Name": "Unspecified", "Park Borough": "STATEN ISLAND", "Vehicle Type": null, "Taxi Company Borough": null, "Taxi Pick Up Location": null, "Bridge Highway Name": null, "Bridge Highway Direction": null, "Road Ramp": null, "Bridge Highway Segment": null, "Latitude": 40.550590754626818, "Longitude": -74.191952548207993, "Location": "(40.55059075462682, -74.191952548208)", "Zip Codes": 10699, "Community Districts": 15, "Borough Boundaries": 1, "City Council Districts": 9, "Police Precincts": 77, "Police Precinct": 77 }, "geometry": { "type": "Point", "coordinates": [ -74.191952548207993, 40.550590754626818 ] } },
{ "type": "Feature", "properties": { "Unique Key": 66164254, "Created Date": "09/15/2025 11:17:41 AM", "Closed Date": "09/23/2025 11:41:16 AM", "Agency": "DOHMH", "Agency Name": "Department of Health and Mental Hygiene", "Complaint Type": "Rodent", "Descriptor": "Condition Attracting Rodents", "Location Type": "3+ Family Apt. Building", "Incident Zip": 10036, "Incident Address": "453 WEST   46 STREET", "Street Name": "WEST   46 STREET", "Cross Street 1": "9 AVENUE", "Cross Street 2": "10 AVENUE", "Intersection Street 1": "9 AVENUE", "Intersection Street 2": "10 AVENUE", "Address Type": "ADDRESS", "City": "NEW YORK", "Landmark": "WEST   46 STREET", "Facility Type": "N/A", "Status": "Closed", "Due Date": null, "Resolution Description": "This service request was closed because the Department of Health and Mental Hygiene received an earlier complaint about the same location.  You can find inspection results for this address by going to the online Rat Portal at www.nyc.gov/rats.", "Resolution Action Updated Date": "09/15/2025 11:17:41 AM", "Community Board": "04 MANHATTAN", "BBL": 1010560010, "Borough": "MANHATTAN", "X Coordinate (State Plane)": 986261, "Y Coordinate (State Plane)": 216832, "Open Data Channel Type": "ONLINE", "Park Facility Name": "Unspecified", "Park Borough": "MANHATTAN", "Vehicle Type": null, "Taxi Company Borough": null, "Taxi Pick Up Location": null, "Bridge Highway Name": null, "Bridge Highway Direction": null, "Road Ramp": null, "Bridge Highway Segment": null, "Latitude": 40.761829974380987, "Longitude": -73.992740692432903, "Location": "(40.76182997438099, -73.9927406924329)", "Zip Codes": 13094, "Community Districts": 12, "Borough Boundaries": 4, "City Council Districts": 10, "Police Precincts": 10, "Police Precinct": 10 }, "geometry": { "type": "Point", "coordinates": [ -73.992740692432903, 40.761829974380987 ] } },
{ "type": "Feature", "properties": { "Unique Key": 66165664, "Created Date": "09/15/2025 05:14:15 PM", "Closed Date": "09/15/2025 05:14:15 PM", "Agency": "DOHMH", "Agency Name": "Department of Health and Mental Hygiene", "Complaint Type": "Rodent", "Descriptor": "Condition Attracting Rodents", "Location Type": "1-2 Family Dwelling", "Incident Zip": 11208, "Incident Address": "316 ETNA STREET", "Street Name": "ETNA STREET", "Cross Street 1": "CRESCENT STREET", "Cross Street 2": "HEMLOCK STREET", "Intersection Street 1": "CRESCENT STREET", "Intersection Street 2": "HEMLOCK STREET", "Address Type": "ADDRESS", "City": "BROOKLYN", "Landmark": "ETNA STREET", "Facility Type": "N/A", "Status": "Closed", "Due Date": null, "Resolution Description": "The Department of Health and Mental Hygiene tried to inspect the property you reported but could not access the site. If you have information that will help the inspector access the site, please go online to nyc.gov/311 or call 311 and refile your complaint with contact information.", "Resolution Action Updated Date": "09/25/2025 09:37:42 AM", "Community Board": "05 BROOKLYN", "BBL": 3041190061, "Borough": "BROOKLYN", "X Coordinate (State Plane)": 1019649, "Y Coordinate (State Plane)": 189647, "Open Data Channel Type": "PHONE", "Park Facility Name": "Unspecified", "Park Borough": "BROOKLYN", "Vehicle Type": null, "Taxi Company Borough": null, "Taxi Pick Up Location": null, "Bridge Highway Name": null, "Bridge Highway Direction": null, "Road Ramp": null, "Bridge Highway Segment": null, "Latitude": 40.687143188501572, "Longitude": -73.87235977535623, "Location": "(40.68714318850157, -73.87235977535623)", "Zip Codes": 17215, "Community Districts": 45, "Borough Boundaries": 2, "City Council Districts": 37, "Police Precincts": 47, "Police Precinct": 47 }, "geometry": { "type": "Point", "coordinates": [ -73.87235977535623, 40.687143188501572 ] } },
{ "type": "Feature", "properties": { "Unique Key": 66165665, "Created Date": "09/15/2025 04:53:52 PM", "Closed Date": "09/22/2025 02:18:34 PM", "Agency": "DOHMH", "Agency Name": "Department of Health and Mental Hygiene", "Complaint Type": "Rodent", "Descriptor": "Condition Attracting Rodents", "Location Type": "3+ Family Mixed Use Building", "Incident Zip": 10312, "Incident Address": "92 ROLLING HILL GREEN", "Street Name": "ROLLING HILL GREEN", "Cross Street 1": "TULIP CIRCLE", "Cross Street 2": "SUTTON PLACE", "Intersection Street 1": "TULIP CIRCLE", "Intersection Street 2": "SUTTON PLACE", "Address Type": "ADDRESS", "City": "STATEN ISLAND", "Landmark": "ROLLING HILL GREEN", "Facility Type": "N/A", "Status": "Closed", "Due Date": null, "Resolution Description": "This service request was closed because the Department of Health and Mental Hygiene received an earlier complaint about the same location.  You can find inspection results for this address by going to the online Rat Portal at www.nyc.gov/rats.", "Resolution Action Updated Date": "09/15/2025 04:53:52 PM", "Community Board": "03 STATEN ISLAND", "BBL": 5060177501, "Borough": "STATEN ISLAND", "X Coordinate (State Plane)": 930931, "Y Coordinate (State Plane)": 139956, "Open Data Channel Type": "PHONE", "Park Facility Name": "Unspecified", "Park Borough": "STATEN ISLAND", "Vehicle Type": null, "Taxi Company Borough": null, "Taxi Pick Up Location": null, "Bridge Highway Name": null, "Bridge Highway Direction": null, "Road Ramp": null, "Bridge Highway Segment": null, "Latitude": 40.550662269838895, "Longitude": -74.191862793649349, "Location": "(40.550662269838895, -74.19186279364935)", "Zip Codes": 10699, "Community Districts": 15, "Borough Boundaries": 1, "City Council Districts": 9, "Police Precincts": 77, "Police Precinct": 77 }, "geometry": { "type": "Point", "coordinates": [ -74.191862793649349, 40.550662269838895 ] } },
{ "type": "Feature", "properties": { "Unique Key": 66168398, "Created Date": "09/15/2025 02:38:52 PM", "Closed Date": null, "Agency": "DOHMH", "Agency Name": "Department of Health and Mental Hygiene", "Complaint Type": "Rodent", "Descriptor": "Condition Attracting Rodents", "Location Type": "3+ Family Apt. Building", "Incident Zip": 11432, "Incident Address": "85-38 HOMELAWN STREET", "Street Name": "HOMELAWN STREET", "Cross Street 1": "GOTHIC DRIVE", "Cross Street 2": "HENLEY ROAD", "Intersection Street 1": "GOTHIC DRIVE", "Intersection Street 2": "HENLEY ROAD", "Address Type": "ADDRESS", "City": "JAMAICA", "Landmark": "HOMELAWN STREET", "Facility Type": null, "Status": "In Progress", "Due Date": null, "Resolution Description": null, "Resolution Action Updated Date": null, "Community Board": "08 QUEENS", "BBL": 4098530119, "Borough": "QUEENS", "X Coordinate (State Plane)": 1041470, "Y Coordinate (State Plane)": 199266, "Open Data Channel Type": "ONLINE", "Park Facility Name": "Unspecified", "Park Borough": "QUEENS", "Vehicle Type": null, "Taxi Company Borough": null, "Taxi Pick Up Location": null, "Bridge Highway Name": null, "Bridge Highway Direction": null, "Road Ramp": null, "Bridge Highway Segment": null, "Latitude": 40.713430850359401, "Longitude": -73.793597043062803, "Location": "(40.7134308503594, -73.7935970430628)", "Zip Codes": 24340, "Community Districts": 25, "Borough Boundaries": 3, "City Council Districts": 24, "Police Precincts": 65, "Police Precinct": 65 }, "geometry": { "type": "Point", "coordinates": [ -73.793597043062803, 40.713430850359401 ] } },
{ "type": "Feature", "properties": { "Unique Key": 66168397, "Created Date": "09/15/2025 07:21:11 AM", "Closed Date": "09/15/2025 07:21:11 AM", "Agency": "DOHMH", "Agency Name": "Department of Health and Mental Hygiene", "Complaint Type": "Rodent", "Descriptor": "Condition Attracting Rodents", "Location Type": "3+ Family Apt. Building", "Incident Zip": 11230, "Incident Address": "850 EAST   17 STREET", "Street Name": "EAST   17 STREET", "Cross Street 1": "AVENUE H", "Cross Street 2": "DEAD END", "Intersection Street 1": "AVENUE H", "Intersection Street 2": "DEAD END", "Address Type": "ADDRESS", "City": "BROOKLYN", "Landmark": "EAST   17 STREET", "Facility Type": "N/A", "Status": "Closed", "Due Date": null, "Resolution Description": "The Department of Health and Mental Hygiene closed this complaint and referred it to another agency because it was not within its jurisdiction.", "Resolution Action Updated Date": "09/23/2025 10:42:39 AM", "Community Board": "14 BROOKLYN", "BBL": 3067000012, "Borough": "BROOKLYN", "X Coordinate (State Plane)": 995253, "Y Coordinate (State Plane)": 168757, "Open Data Channel Type": "ONLINE", "Park Facility Name": "Unspecified", "Park Borough": "BROOKLYN", "Vehicle Type": null, "Taxi Company Borough": null, "Taxi Pick Up Location": null, "Bridge Highway Name": null, "Bridge Highway Direction": null, "Road Ramp": null, "Bridge Highway Segment": null, "Latitude": 40.629868687701659, "Longitude": -73.960359906505161, "Location": "(40.62986868770166, -73.96035990650516)", "Zip Codes": 13513, "Community Districts": 60, "Borough Boundaries": 2, "City Council Districts": 26, "Police Precincts": 43, "Police Precinct": 43 }, "geometry": { "type": "Point", "coordinates": [ -73.960359906505161, 40.629868687701659 ] } },
{ "type": "Feature", "properties": { "Unique Key": 66120769, "Created Date": "09/11/2025 11:48:28 PM", "Closed Date": "09/11/2025 11:48:28 PM", "Agency": "DOHMH", "Agency Name": "Department of Health and Mental Hygiene", "Complaint Type": "Rodent", "Descriptor": "Condition Attracting Rodents", "Location Type": "Other (Explain Below)", "Incident Zip": 10456, "Incident Address": "CLINTON AVENUE", "Street Name": "CLINTON AVENUE", "Cross Street 1": "CLINTON AVENUE", "Cross Street 2": "JEFFERSON PLACE", "Intersection Street 1": "CLINTON AVENUE", "Intersection Street 2": "JEFFERSON PLACE", "Address Type": "INTERSECTION", "City": "BRONX", "Landmark": null, "Facility Type": "N/A", "Status": "Closed", "Due Date": null, "Resolution Description": "The Department of Health and Mental Hygiene could not locate the address provided. Please go online to nyc.gov/311 or call 311 and file another request and provide the complete street address of the builiding. If your complaint was about a vacant lot, abandoned building ,street, or in a sewer, provide the nearest street address or intersection.", "Resolution Action Updated Date": "09/12/2025 01:05:18 PM", "Community Board": "03 BRONX", "BBL": null, "Borough": "BRONX", "X Coordinate (State Plane)": 1012075, "Y Coordinate (State Plane)": 242857, "Open Data Channel Type": "PHONE", "Park Facility Name": "Unspecified", "Park Borough": "BRONX", "Vehicle Type": null, "Taxi Company Borough": null, "Taxi Pick Up Location": null, "Bridge Highway Name": null, "Bridge Highway Direction": null, "Road Ramp": null, "Bridge Highway Segment": null, "Latitude": 40.833217912539531, "Longitude": -73.899449525151979, "Location": "(40.83321791253953, -73.89944952515198)", "Zip Codes": 10934, "Community Districts": 34, "Borough Boundaries": 5, "City Council Districts": 42, "Police Precincts": 25, "Police Precinct": 25 }, "geometry": { "type": "Point", "coordinates": [ -73.899449525151979, 40.833217912539531 ] } },
{ "type": "Feature", "properties": { "Unique Key": 66122162, "Created Date": "09/11/2025 02:10:47 PM", "Closed Date": "09/11/2025 02:10:47 PM", "Agency": "DOHMH", "Agency Name": "Department of Health and Mental Hygiene", "Complaint Type": "Rodent", "Descriptor": "Condition Attracting Rodents", "Location Type": "3+ Family Mixed Use Building", "Incident Zip": 10468, "Incident Address": "36 BEDFORD PARK BOULEVARD", "Street Name": "BEDFORD PARK BOULEVARD", "Cross Street 1": "VILLA AVENUE", "Cross Street 2": "GRAND CONCOURSE", "Intersection Street 1": "VILLA AVENUE", "Intersection Street 2": "GRAND CONCOURSE", "Address Type": "ADDRESS", "City": "BRONX", "Landmark": "BEDFORD PARK BOULEVARD", "Facility Type": "N/A", "Status": "Closed", "Due Date": null, "Resolution Description": "This service request was closed because the Department of Health and Mental Hygiene received an earlier complaint about the same location.  You can find inspection results for this address by going to the online Rat Portal at www.nyc.gov/rats.", "Resolution Action Updated Date": "09/12/2025 07:55:12 AM", "Community Board": "07 BRONX", "BBL": 2033200019, "Borough": "BRONX", "X Coordinate (State Plane)": 1015093, "Y Coordinate (State Plane)": 257218, "Open Data Channel Type": "ONLINE", "Park Facility Name": "Unspecified", "Park Borough": "BRONX", "Vehicle Type": null, "Taxi Company Borough": null, "Taxi Pick Up Location": null, "Bridge Highway Name": null, "Bridge Highway Direction": null, "Road Ramp": null, "Bridge Highway Segment": null, "Latitude": 40.872624531631075, "Longitude": -73.888477398432116, "Location": "(40.872624531631075, -73.88847739843212)", "Zip Codes": 11606, "Community Districts": 24, "Borough Boundaries": 5, "City Council Districts": 40, "Police Precincts": 34, "Police Precinct": 34 }, "geometry": { "type": "Point", "coordinates": [ -73.888477398432116, 40.872624531631075 ] } },
{ "type": "Feature", "properties": { "Unique Key": 66162832, "Created Date": "09/16/2025 12:04:04 AM", "Closed Date": null, "Agency": "DOHMH", "Agency Name": "Department of Health and Mental Hygiene", "Complaint Type": "Rodent", "Descriptor": "Condition Attracting Rodents", "Location Type": "3+ Family Mixed Use Building", "Incident Zip": 11203, "Incident Address": "3325 SNYDER AVENUE", "Street Name": "SNYDER AVENUE", "Cross Street 1": "NEW YORK AVENUE", "Cross Street 2": "EAST   34 STREET", "Intersection Street 1": "NEW YORK AVENUE", "Intersection Street 2": "EAST   34 STREET", "Address Type": "ADDRESS", "City": "BROOKLYN", "Landmark": "SNYDER AVENUE", "Facility Type": null, "Status": "In Progress", "Due Date": null, "Resolution Description": null, "Resolution Action Updated Date": null, "Community Board": "17 BROOKLYN", "BBL": 3048870033, "Borough": "BROOKLYN", "X Coordinate (State Plane)": 999188, "Y Coordinate (State Plane)": 175776, "Open Data Channel Type": "ONLINE", "Park Facility Name": "Unspecified", "Park Borough": "BROOKLYN", "Vehicle Type": null, "Taxi Company Borough": null, "Taxi Pick Up Location": null, "Bridge Highway Name": null, "Bridge Highway Direction": null, "Road Ramp": null, "Bridge Highway Segment": null, "Latitude": 40.649128576065067, "Longitude": -73.946167893423947, "Location": "(40.64912857606507, -73.94616789342395)", "Zip Codes": 16866, "Community Districts": 61, "Borough Boundaries": 2, "City Council Districts": 26, "Police Precincts": 40, "Police Precinct": 40 }, "geometry": { "type": "Point", "coordinates": [ -73.946167893423947, 40.649128576065067 ] } },
{ "type": "Feature", "properties": { "Unique Key": 66171008, "Created Date": "09/16/2025 01:18:40 PM", "Closed Date": null, "Agency": "DOHMH", "Agency Name": "Department of Health and Mental Hygiene", "Complaint Type": "Rodent", "Descriptor": "Condition Attracting Rodents", "Location Type": "1-2 Family Dwelling", "Incident Zip": 10306, "Incident Address": "168 ROMA AVENUE", "Street Name": "ROMA AVENUE", "Cross Street 1": "GARIBALDI AVENUE", "Cross Street 2": "EBBITTS STREET", "Intersection Street 1": "GARIBALDI AVENUE", "Intersection Street 2": "EBBITTS STREET", "Address Type": "ADDRESS", "City": "STATEN ISLAND", "Landmark": "ROMA AVENUE", "Facility Type": null, "Status": "In Progress", "Due Date": null, "Resolution Description": null, "Resolution Action Updated Date": null, "Community Board": "02 STATEN ISLAND", "BBL": 5040880012, "Borough": "STATEN ISLAND", "X Coordinate (State Plane)": 955501, "Y Coordinate (State Plane)": 144001, "Open Data Channel Type": "ONLINE", "Park Facility Name": "Unspecified", "Park Borough": "STATEN ISLAND", "Vehicle Type": null, "Taxi Company Borough": null, "Taxi Pick Up Location": null, "Bridge Highway Name": null, "Bridge Highway Direction": null, "Road Ramp": null, "Bridge Highway Segment": null, "Latitude": 40.561878690590284, "Longitude": -74.103467551954566, "Location": "(40.561878690590284, -74.10346755195457)", "Zip Codes": 10693, "Community Districts": 30, "Borough Boundaries": 1, "City Council Districts": 14, "Police Precincts": 76, "Police Precinct": 76 }, "geometry": { "type": "Point", "coordinates": [ -74.103467551954566, 40.561878690590284 ] } },
{ "type": "Feature", "properties": { "Unique Key": 66171009, "Created Date": "09/16/2025 12:19:18 PM", "Closed Date": null, "Agency": "DOHMH", "Agency Name": "Department of Health and Mental Hygiene", "Complaint Type": "Rodent", "Descriptor": "Condition Attracting Rodents", "Location Type": "Vacant Building", "Incident Zip": 11434, "Incident Address": "116-36 166 STREET", "Street Name": "166 STREET", "Cross Street 1": "116 AVENUE", "Cross Street 2": "MARSDEN STREET", "Intersection Street 1": "116 AVENUE", "Intersection Street 2": "MARSDEN STREET", "Address Type": "ADDRESS", "City": "JAMAICA", "Landmark": "166 STREET", "Facility Type": null, "Status": "In Progress", "Due Date": null, "Resolution Description": null, "Resolution Action Updated Date": null, "Community Board": "12 QUEENS", "BBL": 4123470023, "Borough": "QUEENS", "X Coordinate (State Plane)": 1044978, "Y Coordinate (State Plane)": 189332, "Open Data Channel Type": "PHONE", "Park Facility Name": "Unspecified", "Park Borough": "QUEENS", "Vehicle Type": null, "Taxi Company Borough": null, "Taxi Pick Up Location": null, "Bridge Highway Name": null, "Bridge Highway Direction": null, "Road Ramp": null, "Bridge Highway Segment": null, "Latitude": 40.686141043246714, "Longitude": -73.781032673286575, "Location": "(40.686141043246714, -73.78103267328657)", "Zip Codes": 24669, "Community Districts": 41, "Borough Boundaries": 3, "City Council Districts": 46, "Police Precincts": 71, "Police Precinct": 71 }, "geometry": { "type": "Point", "coordinates": [ -73.781032673286575, 40.686141043246714 ] } },
{ "type": "Feature", "properties": { "Unique Key": 66171388, "Created Date": "09/16/2025 07:37:08 AM", "Closed Date": null, "Agency": "DOHMH", "Agency Name": "Department of Health and Mental Hygiene", "Complaint Type": "Rodent", "Descriptor": "Condition Attracting Rodents", "Location Type": "1-2 Family Dwelling", "Incident Zip": 10459, "Incident Address": "1344 PROSPECT AVENUE", "Street Name": "PROSPECT AVENUE", "Cross Street 1": "EAST  169 STREET", "Cross Street 2": "FREEMAN STREET", "Intersection Street 1": "EAST  169 STREET", "Intersection Street 2": "FREEMAN STREET", "Address Type": "ADDRESS", "City": "BRONX", "Landmark": "PROSPECT AVENUE", "Facility Type": null, "Status": "In Progress", "Due Date": null, "Resolution Description": null, "Resolution Action Updated Date": null, "Community Board": "03 BRONX", "BBL": 2029700014, "Borough": "BRONX", "X Coordinate (State Plane)": 1012644, "Y Coordinate (State Plane)": 241614, "Open Data Channel Type": "MOBILE", "Park Facility Name": "Unspecified", "Park Borough": "BRONX", "Vehicle Type": null, "Taxi Company Borough": null, "Taxi Pick Up Location": null, "Bridge Highway Name": null, "Bridge Highway Direction": null, "Road Ramp": null, "Bridge Highway Segment": null, "Latitude": 40.829804425851627, "Longitude": -73.89739860776892, "Location": "(40.82980442585163, -73.89739860776892)", "Zip Codes": 10937, "Community Districts": 34, "Borough Boundaries": 5, "City Council Districts": 43, "Police Precincts": 25, "Police Precinct": 25 }, "geometry": { "type": "Point", "coordinates": [ -73.89739860776892, 40.829804425851627 ] } },
{ "type": "Feature", "properties": { "Unique Key": 66171392, "Created Date": "09/16/2025 07:55:53 AM", "Closed Date": null, "Agency": "DOHMH", "Agency Name": "Department of Health and Mental Hygiene", "Complaint Type": "Rodent", "Descriptor": "Condition Attracting Rodents", "Location Type": "3+ Family Apt. Building", "Incident Zip": 11229, "Incident Address": "2212 EAST   18 STREET", "Street Name": "EAST   18 STREET", "Cross Street 1": "AVENUE V", "Cross Street 2": "GRAVESEND NECK ROAD", "Intersection Street 1": "AVENUE V", "Intersection Street 2": "GRAVESEND NECK ROAD", "Address Type": "ADDRESS", "City": "BROOKLYN", "Landmark": "EAST   18 STREET", "Facility Type": null, "Status": "In Progress", "Due Date": null, "Resolution Description": null, "Resolution Action Updated Date": null, "Community Board": "15 BROOKLYN", "BBL": 3073780012, "Borough": "BROOKLYN", "X Coordinate (State Plane)": 997278, "Y Coordinate (State Plane)": 156653, "Open Data Channel Type": "ONLINE", "Park Facility Name": "Unspecified", "Park Borough": "BROOKLYN", "Vehicle Type": null, "Taxi Company Borough": null, "Taxi Pick Up Location": null, "Bridge Highway Name": null, "Bridge Highway Direction": null, "Road Ramp": null, "Bridge Highway Segment": null, "Latitude": 40.596642962822607, "Longitude": -73.953087869840161, "Location": "(40.59664296282261, -73.95308786984016)", "Zip Codes": 13512, "Community Districts": 32, "Borough Boundaries": 2, "City Council Districts": 15, "Police Precincts": 36, "Police Precinct": 36 }, "geometry": { "type": "Point", "coordinates": [ -73.953087869840161, 40.596642962822607 ] } },
{ "type": "Feature", "properties": { "Unique Key": 66174809, "Created Date": "09/16/2025 12:23:58 PM", "Closed Date": null, "Agency": "DOHMH", "Agency Name": "Department of Health and Mental Hygiene", "Complaint Type": "Rodent", "Descriptor": "Condition Attracting Rodents", "Location Type": "1-2 Family Dwelling", "Incident Zip": 11379, "Incident Address": "57-69 81 STREET", "Street Name": "81 STREET", "Cross Street 1": "QUEENS MIDTOWN EXPRESSWAY", "Cross Street 2": "58 AVENUE", "Intersection Street 1": "QUEENS MIDTOWN EXPRESSWAY", "Intersection Street 2": "58 AVENUE", "Address Type": "ADDRESS", "City": "MIDDLE VILLAGE", "Landmark": "81 STREET", "Facility Type": null, "Status": "In Progress", "Due Date": null, "Resolution Description": null, "Resolution Action Updated Date": null, "Community Board": "05 QUEENS", "BBL": 4029170039, "Borough": "QUEENS", "X Coordinate (State Plane)": 1017432, "Y Coordinate (State Plane)": 204457, "Open Data Channel Type": "ONLINE", "Park Facility Name": "Unspecified", "Park Borough": "QUEENS", "Vehicle Type": null, "Taxi Company Borough": null, "Taxi Pick Up Location": null, "Bridge Highway Name": null, "Bridge Highway Direction": null, "Road Ramp": null, "Bridge Highway Segment": null, "Latitude": 40.727801688877548, "Longitude": -73.88028074683703, "Location": "(40.72780168887755, -73.88028074683703)", "Zip Codes": 15309, "Community Districts": 54, "Borough Boundaries": 3, "City Council Districts": 34, "Police Precincts": 62, "Police Precinct": 62 }, "geometry": { "type": "Point", "coordinates": [ -73.88028074683703, 40.727801688877548 ] } },
{ "type": "Feature", "properties": { "Unique Key": 66174810, "Created Date": "09/16/2025 09:06:37 AM", "Closed Date": null, "Agency": "DOHMH", "Agency Name": "Department of Health and Mental Hygiene", "Complaint Type": "Rodent", "Descriptor": "Condition Attracting Rodents", "Location Type": "3+ Family Apt. Building", "Incident Zip": 10039, "Incident Address": "304 WEST  148 STREET", "Street Name": "WEST  148 STREET", "Cross Street 1": "FREDERICK DOUGLASS BOULEVARD", "Cross Street 2": "BRADHURST AVENUE", "Intersection Street 1": "FREDERICK DOUGLASS BOULEVARD", "Intersection Street 2": "BRADHURST AVENUE", "Address Type": "ADDRESS", "City": "NEW YORK", "Landmark": "WEST  148 STREET", "Facility Type": null, "Status": "In Progress", "Due Date": null, "Resolution Description": null, "Resolution Action Updated Date": null, "Community Board": "10 MANHATTAN", "BBL": 1020450058, "Borough": "MANHATTAN", "X Coordinate (State Plane)": 1000663, "Y Coordinate (State Plane)": 239788, "Open Data Channel Type": "MOBILE", "Park Facility Name": "Unspecified", "Park Borough": "MANHATTAN", "Vehicle Type": null, "Taxi Company Borough": null, "Taxi Pick Up Location": null, "Bridge Highway Name": null, "Bridge Highway Direction": null, "Road Ramp": null, "Bridge Highway Segment": null, "Latitude": 40.824822968712446, "Longitude": -73.94069626236103, "Location": "(40.824822968712446, -73.94069626236103)", "Zip Codes": 13097, "Community Districts": 18, "Borough Boundaries": 4, "City Council Districts": 36, "Police Precincts": 20, "Police Precinct": 20 }, "geometry": { "type": "Point", "coordinates": [ -73.94069626236103, 40.824822968712446 ] } },
{ "type": "Feature", "properties": { "Unique Key": 66175955, "Created Date": "09/16/2025 04:59:13 PM", "Closed Date": null, "Agency": "DOHMH", "Agency Name": "Department of Health and Mental Hygiene", "Complaint Type": "Rodent", "Descriptor": "Condition Attracting Rodents", "Location Type": "3+ Family Apt. Building", "Incident Zip": 10462, "Incident Address": "1727 COLDEN AVENUE", "Street Name": "COLDEN AVENUE", "Cross Street 1": "VAN NEST AVENUE", "Cross Street 2": "MORRIS PARK AVENUE", "Intersection Street 1": "VAN NEST AVENUE", "Intersection Street 2": "MORRIS PARK AVENUE", "Address Type": "ADDRESS", "City": "BRONX", "Landmark": "COLDEN AVENUE", "Facility Type": null, "Status": "In Progress", "Due Date": null, "Resolution Description": null, "Resolution Action Updated Date": null, "Community Board": "11 BRONX", "BBL": 2041010013, "Borough": "BRONX", "X Coordinate (State Plane)": 1024198, "Y Coordinate (State Plane)": 247975, "Open Data Channel Type": "PHONE", "Park Facility Name": "Unspecified", "Park Borough": "BRONX", "Vehicle Type": null, "Taxi Company Borough": null, "Taxi Pick Up Location": null, "Bridge Highway Name": null, "Bridge Highway Direction": null, "Road Ramp": null, "Bridge Highway Segment": null, "Latitude": 40.847218797999972, "Longitude": -73.855610538833105, "Location": "(40.84721879799997, -73.8556105388331)", "Zip Codes": 11271, "Community Districts": 59, "Borough Boundaries": 5, "City Council Districts": 12, "Police Precincts": 32, "Police Precinct": 32 }, "geometry": { "type": "Point", "coordinates": [ -73.855610538833105, 40.847218797999972 ] } },
{ "type": "Feature", "properties": { "Unique Key": 66177868, "Created Date": "09/16/2025 12:49:47 PM", "Closed Date": null, "Agency": "DOHMH", "Agency Name": "Department of Health and Mental Hygiene", "Complaint Type": "Rodent", "Descriptor": "Condition Attracting Rodents", "Location Type": "1-2 Family Dwelling", "Incident Zip": 11366, "Incident Address": "78-04 160 STREET", "Street Name": "160 STREET", "Cross Street 1": "78 AVENUE", "Cross Street 2": "78 ROAD", "Intersection Street 1": "78 AVENUE", "Intersection Street 2": "78 ROAD", "Address Type": "ADDRESS", "City": "FRESH MEADOWS", "Landmark": "160 STREET", "Facility Type": null, "Status": "In Progress", "Due Date": null, "Resolution Description": null, "Resolution Action Updated Date": null, "Community Board": "08 QUEENS", "BBL": 4068290024, "Borough": "QUEENS", "X Coordinate (State Plane)": 1037501, "Y Coordinate (State Plane)": 202513, "Open Data Channel Type": "ONLINE", "Park Facility Name": "Unspecified", "Park Borough": "QUEENS", "Vehicle Type": null, "Taxi Company Borough": null, "Taxi Pick Up Location": null, "Bridge Highway Name": null, "Bridge Highway Direction": null, "Road Ramp": null, "Bridge Highway Segment": null, "Latitude": 40.722367843137754, "Longitude": -73.807888214015406, "Location": "(40.722367843137754, -73.8078882140154)", "Zip Codes": 14508, "Community Districts": 25, "Borough Boundaries": 3, "City Council Districts": 24, "Police Precincts": 65, "Police Precinct": 65 }, "geometry": { "type": "Point", "coordinates": [ -73.807888214015406, 40.722367843137754 ] } },
{ "type": "Feature", "properties": { "Unique Key": 66178297, "Created Date": "09/16/2025 05:04:48 PM", "Closed Date": "09/17/2025 07:49:44 AM", "Agency": "DOHMH", "Agency Name": "Department of Health and Mental Hygiene", "Complaint Type": "Rodent", "Descriptor": "Condition Attracting Rodents", "Location Type": "3+ Family Apt. Building", "Incident Zip": 10039, "Incident Address": "244 WEST  149 STREET", "Street Name": "WEST  149 STREET", "Cross Street 1": "ADAM CLAYTON POWELL JR BOULEVARD", "Cross Street 2": "FREDERICK DOUGLASS BOULEVARD", "Intersection Street 1": "ADAM CLAYTON POWELL JR BOULEVARD", "Intersection Street 2": "FREDERICK DOUGLASS BOULEVARD", "Address Type": "ADDRESS", "City": "NEW YORK", "Landmark": "WEST  149 STREET", "Facility Type": "N/A", "Status": "Closed", "Due Date": null, "Resolution Description": "This service request was closed because the Department of Health and Mental Hygiene received an earlier complaint about the same location.  You can find inspection results for this address by going to the online Rat Portal at www.nyc.gov/rats.", "Resolution Action Updated Date": "09/16/2025 05:04:48 PM", "Community Board": "10 MANHATTAN", "BBL": 1020340056, "Borough": "MANHATTAN", "X Coordinate (State Plane)": 1001245, "Y Coordinate (State Plane)": 239763, "Open Data Channel Type": "ONLINE", "Park Facility Name": "Unspecified", "Park Borough": "MANHATTAN", "Vehicle Type": null, "Taxi Company Borough": null, "Taxi Pick Up Location": null, "Bridge Highway Name": null, "Bridge Highway Direction": null, "Road Ramp": null, "Bridge Highway Segment": null, "Latitude": 40.824753250193879, "Longitude": -73.938593433817871, "Location": "(40.82475325019388, -73.93859343381787)", "Zip Codes": 13097, "Community Districts": 18, "Borough Boundaries": 4, "City Council Districts": 36, "Police Precincts": 20, "Police Precinct": 20 }, "geometry": { "type": "Point", "coordinates": [ -73.938593433817871, 40.824753250193879 ] } },
{ "type": "Feature", "properties": { "Unique Key": 66178299, "Created Date": "09/16/2025 11:59:06 AM", "Closed Date": null, "Agency": "DOHMH", "Agency Name": "Department of Health and Mental Hygiene", "Complaint Type": "Rodent", "Descriptor": "Condition Attracting Rodents", "Location Type": "Other (Explain Below)", "Incident Zip": 10459, "Incident Address": "1340 CHISHOLM STREET", "Street Name": "CHISHOLM STREET", "Cross Street 1": "FREEMAN STREET", "Cross Street 2": "JENNINGS STREET", "Intersection Street 1": "FREEMAN STREET", "Intersection Street 2": "JENNINGS STREET", "Address Type": "ADDRESS", "City": "BRONX", "Landmark": "CHISHOLM STREET", "Facility Type": null, "Status": "In Progress", "Due Date": null, "Resolution Description": null, "Resolution Action Updated Date": null, "Community Board": "03 BRONX", "BBL": 2029720029, "Borough": "BRONX", "X Coordinate (State Plane)": 1013113, "Y Coordinate (State Plane)": 242104, "Open Data Channel Type": "PHONE", "Park Facility Name": "Unspecified", "Park Borough": "BRONX", "Vehicle Type": null, "Taxi Company Borough": null, "Taxi Pick Up Location": null, "Bridge Highway Name": null, "Bridge Highway Direction": null, "Road Ramp": null, "Bridge Highway Segment": null, "Latitude": 40.831147814194125, "Longitude": -73.895701775068176, "Location": "(40.831147814194125, -73.89570177506818)", "Zip Codes": 10937, "Community Districts": 34, "Borough Boundaries": 5, "City Council Districts": 42, "Police Precincts": 25, "Police Precinct": 25 }, "geometry": { "type": "Point", "coordinates": [ -73.895701775068176, 40.831147814194125 ] } },
{ "type": "Feature", "properties": { "Unique Key": 66182438, "Created Date": "09/17/2025 09:48:46 AM", "Closed Date": null, "Agency": "DOHMH", "Agency Name": "Department of Health and Mental Hygiene", "Complaint Type": "Rodent", "Descriptor": "Condition Attracting Rodents", "Location Type": "3+ Family Apt. Building", "Incident Zip": 11220, "Incident Address": "250 67 STREET", "Street Name": "67 STREET", "Cross Street 1": "RIDGE BOULEVARD", "Cross Street 2": "3 AVENUE", "Intersection Street 1": "RIDGE BOULEVARD", "Intersection Street 2": "3 AVENUE", "Address Type": "ADDRESS", "City": "BROOKLYN", "Landmark": "67 STREET", "Facility Type": null, "Status": "In Progress", "Due Date": null, "Resolution Description": null, "Resolution Action Updated Date": null, "Community Board": "10 BROOKLYN", "BBL": null, "Borough": "BROOKLYN", "X Coordinate (State Plane)": 976938, "Y Coordinate (State Plane)": 171822, "Open Data Channel Type": "PHONE", "Park Facility Name": "Unspecified", "Park Borough": "BROOKLYN", "Vehicle Type": null, "Taxi Company Borough": null, "Taxi Pick Up Location": null, "Bridge Highway Name": null, "Bridge Highway Direction": null, "Road Ramp": null, "Bridge Highway Segment": null, "Latitude": 40.638285277311098, "Longitude": -74.026345988950922, "Location": "(40.6382852773111, -74.02634598895092)", "Zip Codes": 18180, "Community Districts": 10, "Borough Boundaries": 2, "City Council Districts": 44, "Police Precincts": 41, "Police Precinct": 41 }, "geometry": { "type": "Point", "coordinates": [ -74.026345988950922, 40.638285277311098 ] } },
{ "type": "Feature", "properties": { "Unique Key": 66228212, "Created Date": "09/21/2025 05:50:12 PM", "Closed Date": null, "Agency": "DOHMH", "Agency Name": "Department of Health and Mental Hygiene", "Complaint Type": "Rodent", "Descriptor": "Condition Attracting Rodents", "Location Type": "1-2 Family Dwelling", "Incident Zip": 10306, "Incident Address": "251 JACQUES AVENUE", "Street Name": "JACQUES AVENUE", "Cross Street 1": "HYLAN BOULEVARD", "Cross Street 2": "DEAD END", "Intersection Street 1": "HYLAN BOULEVARD", "Intersection Street 2": "DEAD END", "Address Type": "ADDRESS", "City": "STATEN ISLAND", "Landmark": "JACQUES AVENUE", "Facility Type": null, "Status": "In Progress", "Due Date": null, "Resolution Description": null, "Resolution Action Updated Date": null, "Community Board": "02 STATEN ISLAND", "BBL": 5039010004, "Borough": "STATEN ISLAND", "X Coordinate (State Plane)": 954120, "Y Coordinate (State Plane)": 147204, "Open Data Channel Type": "PHONE", "Park Facility Name": "Unspecified", "Park Borough": "STATEN ISLAND", "Vehicle Type": null, "Taxi Company Borough": null, "Taxi Pick Up Location": null, "Bridge Highway Name": null, "Bridge Highway Direction": null, "Road Ramp": null, "Bridge Highway Segment": null, "Latitude": 40.570665712499618, "Longitude": -74.108452033255702, "Location": "(40.57066571249962, -74.1084520332557)", "Zip Codes": 10693, "Community Districts": 30, "Borough Boundaries": 1, "City Council Districts": 14, "Police Precincts": 76, "Police Precinct": 76 }, "geometry": { "type": "Point", "coordinates": [ -74.108452033255702, 40.570665712499618 ] } },
{ "type": "Feature", "properties": { "Unique Key": 66233065, "Created Date": "09/21/2025 11:32:01 AM", "Closed Date": null, "Agency": "DOHMH", "Agency Name": "Department of Health and Mental Hygiene", "Complaint Type": "Rodent", "Descriptor": "Condition Attracting Rodents", "Location Type": "1-2 Family Dwelling", "Incident Zip": 11377, "Incident Address": "34-35 64 STREET", "Street Name": "64 STREET", "Cross Street 1": "34 AVENUE", "Cross Street 2": "35 AVENUE", "Intersection Street 1": "34 AVENUE", "Intersection Street 2": "35 AVENUE", "Address Type": "ADDRESS", "City": "WOODSIDE", "Landmark": "64 STREET", "Facility Type": null, "Status": "In Progress", "Due Date": null, "Resolution Description": null, "Resolution Action Updated Date": null, "Community Board": "02 QUEENS", "BBL": 4011910046, "Borough": "QUEENS", "X Coordinate (State Plane)": 1012283, "Y Coordinate (State Plane)": 213003, "Open Data Channel Type": "PHONE", "Park Facility Name": "Unspecified", "Park Borough": "QUEENS", "Vehicle Type": null, "Taxi Company Borough": null, "Taxi Pick Up Location": null, "Bridge Highway Name": null, "Bridge Highway Direction": null, "Road Ramp": null, "Bridge Highway Segment": null, "Latitude": 40.751276138161103, "Longitude": -73.89882248936506, "Location": "(40.7512761381611, -73.89882248936506)", "Zip Codes": 14787, "Community Districts": 53, "Borough Boundaries": 3, "City Council Districts": 33, "Police Precincts": 66, "Police Precinct": 66 }, "geometry": { "type": "Point", "coordinates": [ -73.89882248936506, 40.751276138161103 ] } },
{ "type": "Feature", "properties": { "Unique Key": 66180986, "Created Date": "09/17/2025 08:23:42 AM", "Closed Date": "09/17/2025 08:23:42 AM", "Agency": "DOHMH", "Agency Name": "Department of Health and Mental Hygiene", "Complaint Type": "Rodent", "Descriptor": "Condition Attracting Rodents", "Location Type": "Sidewalk", "Incident Zip": 11218, "Incident Address": "471 MCDONALD AVENUE", "Street Name": "MCDONALD AVENUE", "Cross Street 1": "CHURCH AVENUE", "Cross Street 2": "AVENUE C", "Intersection Street 1": "CHURCH AVENUE", "Intersection Street 2": "AVENUE C", "Address Type": "ADDRESS", "City": "BROOKLYN", "Landmark": "MCDONALD AVENUE", "Facility Type": "N/A", "Status": "Closed", "Due Date": null, "Resolution Description": "The Department of Health and Mental Hygiene found violations on the property you reported. Follow-up inspections will be scheduled.", "Resolution Action Updated Date": "09/23/2025 09:59:00 AM", "Community Board": "12 BROOKLYN", "BBL": 3053530094, "Borough": "BROOKLYN", "X Coordinate (State Plane)": 989977, "Y Coordinate (State Plane)": 173341, "Open Data Channel Type": "ONLINE", "Park Facility Name": "Unspecified", "Park Borough": "BROOKLYN", "Vehicle Type": null, "Taxi Company Borough": null, "Taxi Pick Up Location": null, "Bridge Highway Name": null, "Bridge Highway Direction": null, "Road Ramp": null, "Bridge Highway Segment": null, "Latitude": 40.642455773540497, "Longitude": -73.979363661327767, "Location": "(40.6424557735405, -73.97936366132777)", "Zip Codes": 17620, "Community Districts": 2, "Borough Boundaries": 2, "City Council Districts": 27, "Police Precincts": 39, "Police Precinct": 39 }, "geometry": { "type": "Point", "coordinates": [ -73.979363661327767, 40.642455773540497 ] } },
{ "type": "Feature", "properties": { "Unique Key": 66186947, "Created Date": "09/17/2025 05:58:22 PM", "Closed Date": null, "Agency": "DOHMH", "Agency Name": "Department of Health and Mental Hygiene", "Complaint Type": "Rodent", "Descriptor": "Condition Attracting Rodents", "Location Type": "3+ Family Apt. Building", "Incident Zip": 11358, "Incident Address": "45-85 163 STREET", "Street Name": "163 STREET", "Cross Street 1": "45 AVENUE", "Cross Street 2": "46 AVENUE", "Intersection Street 1": "45 AVENUE", "Intersection Street 2": "46 AVENUE", "Address Type": "ADDRESS", "City": "FLUSHING", "Landmark": "163 STREET", "Facility Type": null, "Status": "In Progress", "Due Date": null, "Resolution Description": null, "Resolution Action Updated Date": null, "Community Board": "07 QUEENS", "BBL": 4054420088, "Borough": "QUEENS", "X Coordinate (State Plane)": 1038595, "Y Coordinate (State Plane)": 214169, "Open Data Channel Type": "ONLINE", "Park Facility Name": "Unspecified", "Park Borough": "QUEENS", "Vehicle Type": null, "Taxi Company Borough": null, "Taxi Pick Up Location": null, "Bridge Highway Name": null, "Bridge Highway Direction": null, "Road Ramp": null, "Bridge Highway Segment": null, "Latitude": 40.754353941206773, "Longitude": -73.803847278484, "Location": "(40.75435394120677, -73.803847278484)", "Zip Codes": 14193, "Community Districts": 22, "Borough Boundaries": 3, "City Council Districts": 3, "Police Precincts": 67, "Police Precinct": 67 }, "geometry": { "type": "Point", "coordinates": [ -73.803847278484, 40.754353941206773 ] } },
{ "type": "Feature", "properties": { "Unique Key": 66188447, "Created Date": "09/17/2025 04:52:20 PM", "Closed Date": "09/17/2025 04:52:20 PM", "Agency": "DOHMH", "Agency Name": "Department of Health and Mental Hygiene", "Complaint Type": "Rodent", "Descriptor": "Condition Attracting Rodents", "Location Type": "3+ Family Mixed Use Building", "Incident Zip": 10304, "Incident Address": "45 CHESTER PLACE", "Street Name": "CHESTER PLACE", "Cross Street 1": "CLARK LANE", "Cross Street 2": "CLARK LANE", "Intersection Street 1": "CLARK LANE", "Intersection Street 2": "CLARK LANE", "Address Type": "ADDRESS", "City": "STATEN ISLAND", "Landmark": "CHESTER PLACE", "Facility Type": "N/A", "Status": "Closed", "Due Date": null, "Resolution Description": "The Department of Health and Mental Hygiene closed this complaint and referred it to another agency because it was not within its jurisdiction.", "Resolution Action Updated Date": "09/25/2025 11:53:00 AM", "Community Board": "01 STATEN ISLAND", "BBL": 5005790172, "Borough": "STATEN ISLAND", "X Coordinate (State Plane)": 960440, "Y Coordinate (State Plane)": 169749, "Open Data Channel Type": "PHONE", "Park Facility Name": "Unspecified", "Park Borough": "STATEN ISLAND", "Vehicle Type": null, "Taxi Company Borough": null, "Taxi Pick Up Location": null, "Bridge Highway Name": null, "Bridge Highway Direction": null, "Road Ramp": null, "Bridge Highway Segment": null, "Latitude": 40.632566351438328, "Longitude": -74.08578286806528, "Location": "(40.63256635143833, -74.08578286806528)", "Zip Codes": 10691, "Community Districts": 4, "Borough Boundaries": 1, "City Council Districts": 13, "Police Precincts": 74, "Police Precinct": 74 }, "geometry": { "type": "Point", "coordinates": [ -74.08578286806528, 40.632566351438328 ] } },
{ "type": "Feature", "properties": { "Unique Key": 66189860, "Created Date": "09/17/2025 07:51:44 PM", "Closed Date": null, "Agency": "DOHMH", "Agency Name": "Department of Health and Mental Hygiene", "Complaint Type": "Rodent", "Descriptor": "Condition Attracting Rodents", "Location Type": "1-2 Family Dwelling", "Incident Zip": 10458, "Incident Address": "2386 LORILLARD PLACE", "Street Name": "LORILLARD PLACE", "Cross Street 1": "3 AVENUE", "Cross Street 2": "EAST  187 STREET", "Intersection Street 1": "3 AVENUE", "Intersection Street 2": "EAST  187 STREET", "Address Type": "ADDRESS", "City": "BRONX", "Landmark": "LORILLARD PLACE", "Facility Type": null, "Status": "In Progress", "Due Date": null, "Resolution Description": null, "Resolution Action Updated Date": null, "Community Board": "06 BRONX", "BBL": 2030540018, "Borough": "BRONX", "X Coordinate (State Plane)": 1014812, "Y Coordinate (State Plane)": 251180, "Open Data Channel Type": "PHONE", "Park Facility Name": "Unspecified", "Park Borough": "BRONX", "Vehicle Type": null, "Taxi Company Borough": null, "Taxi Pick Up Location": null, "Bridge Highway Name": null, "Bridge Highway Direction": null, "Road Ramp": null, "Bridge Highway Segment": null, "Latitude": 40.856053040646287, "Longitude": -73.889520976765951, "Location": "(40.85605304064629, -73.88952097676595)", "Zip Codes": 10936, "Community Districts": 35, "Borough Boundaries": 5, "City Council Districts": 22, "Police Precincts": 31, "Police Precinct": 31 }, "geometry": { "type": "Point", "coordinates": [ -73.889520976765951, 40.856053040646287 ] } },
{ "type": "Feature", "properties": { "Unique Key": 66191399, "Created Date": "09/17/2025 06:11:57 PM", "Closed Date": null, "Agency": "DOHMH", "Agency Name": "Department of Health and Mental Hygiene", "Complaint Type": "Rodent", "Descriptor": "Condition Attracting Rodents", "Location Type": "3+ Family Apt. Building", "Incident Zip": 11229, "Incident Address": "2127 HARING STREET", "Street Name": "HARING STREET", "Cross Street 1": "AVENUE U", "Cross Street 2": "AVENUE V", "Intersection Street 1": "AVENUE U", "Intersection Street 2": "AVENUE V", "Address Type": "ADDRESS", "City": "BROOKLYN", "Landmark": "HARING STREET", "Facility Type": null, "Status": "In Progress", "Due Date": null, "Resolution Description": null, "Resolution Action Updated Date": null, "Community Board": "15 BROOKLYN", "BBL": 3073640062, "Borough": "BROOKLYN", "X Coordinate (State Plane)": 1000705, "Y Coordinate (State Plane)": 157814, "Open Data Channel Type": "PHONE", "Park Facility Name": "Unspecified", "Park Borough": "BROOKLYN", "Vehicle Type": null, "Taxi Company Borough": null, "Taxi Pick Up Location": null, "Bridge Highway Name": null, "Bridge Highway Direction": null, "Road Ramp": null, "Bridge Highway Segment": null, "Latitude": 40.599823972287801, "Longitude": -73.940744864854835, "Location": "(40.5998239722878, -73.94074486485484)", "Zip Codes": 13512, "Community Districts": 32, "Borough Boundaries": 2, "City Council Districts": 8, "Police Precincts": 36, "Police Precinct": 36 }, "geometry": { "type": "Point", "coordinates": [ -73.940744864854835, 40.599823972287801 ] } },
{ "type": "Feature", "properties": { "Unique Key": 66207748, "Created Date": "09/19/2025 10:25:42 AM", "Closed Date": null, "Agency": "DOHMH", "Agency Name": "Department of Health and Mental Hygiene", "Complaint Type": "Rodent", "Descriptor": "Condition Attracting Rodents", "Location Type": "Sidewalk", "Incident Zip": 11105, "Incident Address": "33 STREET", "Street Name": "33 STREET", "Cross Street 1": "21 AVENUE", "Cross Street 2": "DITMARS BOULEVARD", "Intersection Street 1": "21 AVENUE", "Intersection Street 2": "DITMARS BOULEVARD", "Address Type": "BLOCKFACE", "City": null, "Landmark": null, "Facility Type": null, "Status": "In Progress", "Due Date": null, "Resolution Description": null, "Resolution Action Updated Date": null, "Community Board": "Unspecified QUEENS", "BBL": null, "Borough": "QUEENS", "X Coordinate (State Plane)": null, "Y Coordinate (State Plane)": null, "Open Data Channel Type": "PHONE", "Park Facility Name": "Unspecified", "Park Borough": "QUEENS", "Vehicle Type": null, "Taxi Company Borough": null, "Taxi Pick Up Location": null, "Bridge Highway Name": null, "Bridge Highway Direction": null, "Road Ramp": null, "Bridge Highway Segment": null, "Latitude": null, "Longitude": null, "Location": null, "Zip Codes": null, "Community Districts": null, "Borough Boundaries": null, "City Council Districts": null, "Police Precincts": null, "Police Precinct": null }, "geometry": null },
{ "type": "Feature", "properties": { "Unique Key": 66238719, "Created Date": "09/22/2025 04:29:00 PM", "Closed Date": null, "Agency": "DOHMH", "Agency Name": "Department of Health and Mental Hygiene", "Complaint Type": "Rodent", "Descriptor": "Condition Attracting Rodents", "Location Type": "1-2 Family Dwelling", "Incident Zip": 10309, "Incident Address": "116 GLADWIN STREET", "Street Name": "GLADWIN STREET", "Cross Street 1": "ENGLEWOOD AVENUE", "Cross Street 2": "HERRICK AVENUE", "Intersection Street 1": "ENGLEWOOD AVENUE", "Intersection Street 2": "HERRICK AVENUE", "Address Type": "ADDRESS", "City": "STATEN ISLAND", "Landmark": "GLADWIN STREET", "Facility Type": null, "Status": "In Progress", "Due Date": null, "Resolution Description": null, "Resolution Action Updated Date": null, "Community Board": "03 STATEN ISLAND", "BBL": 5073590007, "Borough": "STATEN ISLAND", "X Coordinate (State Plane)": 922464, "Y Coordinate (State Plane)": 133054, "Open Data Channel Type": "ONLINE", "Park Facility Name": "Unspecified", "Park Borough": "STATEN ISLAND", "Vehicle Type": null, "Taxi Company Borough": null, "Taxi Pick Up Location": null, "Bridge Highway Name": null, "Bridge Highway Direction": null, "Road Ramp": null, "Bridge Highway Segment": null, "Latitude": 40.53166269571178, "Longitude": -74.222267259127776, "Location": "(40.53166269571178, -74.22226725912778)", "Zip Codes": 10696, "Community Districts": 15, "Borough Boundaries": 1, "City Council Districts": 9, "Police Precincts": 77, "Police Precinct": 77 }, "geometry": { "type": "Point", "coordinates": [ -74.222267259127776, 40.53166269571178 ] } },
{ "type": "Feature", "properties": { "Unique Key": 66235646, "Created Date": "09/22/2025 12:47:08 PM", "Closed Date": null, "Agency": "DOHMH", "Agency Name": "Department of Health and Mental Hygiene", "Complaint Type": "Rodent", "Descriptor": "Condition Attracting Rodents", "Location Type": "3+ Family Mixed Use Building", "Incident Zip": 11230, "Incident Address": "1408 OCEAN AVENUE", "Street Name": "OCEAN AVENUE", "Cross Street 1": "AVENUE I", "Cross Street 2": "AVENUE J", "Intersection Street 1": "AVENUE I", "Intersection Street 2": "AVENUE J", "Address Type": "ADDRESS", "City": "BROOKLYN", "Landmark": "OCEAN AVENUE", "Facility Type": null, "Status": "In Progress", "Due Date": null, "Resolution Description": null, "Resolution Action Updated Date": null, "Community Board": "14 BROOKLYN", "BBL": 3067120062, "Borough": "BROOKLYN", "X Coordinate (State Plane)": 996254, "Y Coordinate (State Plane)": 167924, "Open Data Channel Type": "ONLINE", "Park Facility Name": "Unspecified", "Park Borough": "BROOKLYN", "Vehicle Type": null, "Taxi Company Borough": null, "Taxi Pick Up Location": null, "Bridge Highway Name": null, "Bridge Highway Direction": null, "Road Ramp": null, "Bridge Highway Segment": null, "Latitude": 40.627580978596093, "Longitude": -73.956755123623509, "Location": "(40.62758097859609, -73.95675512362351)", "Zip Codes": 13513, "Community Districts": 60, "Borough Boundaries": 2, "City Council Districts": 26, "Police Precincts": 43, "Police Precinct": 43 }, "geometry": { "type": "Point", "coordinates": [ -73.956755123623509, 40.627580978596093 ] } },
{ "type": "Feature", "properties": { "Unique Key": 66244708, "Created Date": "09/22/2025 03:50:41 PM", "Closed Date": null, "Agency": "DOHMH", "Agency Name": "Department of Health and Mental Hygiene", "Complaint Type": "Rodent", "Descriptor": "Condition Attracting Rodents", "Location Type": "Vacant Lot", "Incident Zip": 10306, "Incident Address": "201 FINLEY AVENUE", "Street Name": "FINLEY AVENUE", "Cross Street 1": "EBBITTS STREET", "Cross Street 2": null, "Intersection Street 1": "EBBITTS STREET", "Intersection Street 2": null, "Address Type": "ADDRESS", "City": "STATEN ISLAND", "Landmark": "FINLEY AVENUE", "Facility Type": null, "Status": "In Progress", "Due Date": null, "Resolution Description": null, "Resolution Action Updated Date": null, "Community Board": "03 STATEN ISLAND", "BBL": null, "Borough": "STATEN ISLAND", "X Coordinate (State Plane)": 954778, "Y Coordinate (State Plane)": 143851, "Open Data Channel Type": "ONLINE", "Park Facility Name": "Unspecified", "Park Borough": "STATEN ISLAND", "Vehicle Type": null, "Taxi Company Borough": null, "Taxi Pick Up Location": null, "Bridge Highway Name": null, "Bridge Highway Direction": null, "Road Ramp": null, "Bridge Highway Segment": null, "Latitude": 40.561464596323617, "Longitude": -74.106068970263522, "Location": "(40.56146459632362, -74.10606897026352)", "Zip Codes": 10693, "Community Districts": 15, "Borough Boundaries": 1, "City Council Districts": 14, "Police Precincts": 76, "Police Precinct": 76 }, "geometry": { "type": "Point", "coordinates": [ -74.106068970263522, 40.561464596323617 ] } },
{ "type": "Feature", "properties": { "Unique Key": 66192746, "Created Date": "09/18/2025 02:50:57 PM", "Closed Date": null, "Agency": "DOHMH", "Agency Name": "Department of Health and Mental Hygiene", "Complaint Type": "Rodent", "Descriptor": "Condition Attracting Rodents", "Location Type": "1-2 Family Dwelling", "Incident Zip": 11433, "Incident Address": "108-03 171 STREET", "Street Name": "171 STREET", "Cross Street 1": "108 AVENUE", "Cross Street 2": "108 DRIVE", "Intersection Street 1": "108 AVENUE", "Intersection Street 2": "108 DRIVE", "Address Type": "ADDRESS", "City": "JAMAICA", "Landmark": "171 STREET", "Facility Type": null, "Status": "In Progress", "Due Date": null, "Resolution Description": null, "Resolution Action Updated Date": null, "Community Board": "12 QUEENS", "BBL": 4102540001, "Borough": "QUEENS", "X Coordinate (State Plane)": 1043802, "Y Coordinate (State Plane)": 193899, "Open Data Channel Type": "PHONE", "Park Facility Name": "Unspecified", "Park Borough": "QUEENS", "Vehicle Type": null, "Taxi Company Borough": null, "Taxi Pick Up Location": null, "Bridge Highway Name": null, "Bridge Highway Direction": null, "Road Ramp": null, "Bridge Highway Segment": null, "Latitude": 40.698684356006481, "Longitude": -73.785232592938897, "Location": "(40.69868435600648, -73.7852325929389)", "Zip Codes": 24668, "Community Districts": 41, "Borough Boundaries": 3, "City Council Districts": 6, "Police Precincts": 61, "Police Precinct": 61 }, "geometry": { "type": "Point", "coordinates": [ -73.785232592938897, 40.698684356006481 ] } },
{ "type": "Feature", "properties": { "Unique Key": 66192745, "Created Date": "09/18/2025 11:51:40 AM", "Closed Date": "09/18/2025 11:51:40 AM", "Agency": "DOHMH", "Agency Name": "Department of Health and Mental Hygiene", "Complaint Type": "Rodent", "Descriptor": "Condition Attracting Rodents", "Location Type": "3+ Family Mixed Use Building", "Incident Zip": 11238, "Incident Address": "636 GRAND AVENUE", "Street Name": "GRAND AVENUE", "Cross Street 1": "ST MARKS AVENUE", "Cross Street 2": "PROSPECT PLACE", "Intersection Street 1": "ST MARKS AVENUE", "Intersection Street 2": "PROSPECT PLACE", "Address Type": "ADDRESS", "City": "BROOKLYN", "Landmark": "GRAND AVENUE", "Facility Type": "N/A", "Status": "Closed", "Due Date": null, "Resolution Description": "The Department of Health and Mental Hygiene found violations on the property you reported. Follow-up inspections will be scheduled.", "Resolution Action Updated Date": "09/24/2025 12:40:00 PM", "Community Board": "08 BROOKLYN", "BBL": 3011540024, "Borough": "BROOKLYN", "X Coordinate (State Plane)": 994583, "Y Coordinate (State Plane)": 185840, "Open Data Channel Type": "ONLINE", "Park Facility Name": "Unspecified", "Park Borough": "BROOKLYN", "Vehicle Type": null, "Taxi Company Borough": null, "Taxi Pick Up Location": null, "Bridge Highway Name": null, "Bridge Highway Direction": null, "Road Ramp": null, "Bridge Highway Segment": null, "Latitude": 40.676758597536768, "Longitude": -73.96274751701776, "Location": "(40.67675859753677, -73.96274751701776)", "Zip Codes": 13829, "Community Districts": 16, "Borough Boundaries": 2, "City Council Districts": 48, "Police Precincts": 49, "Police Precinct": 49 }, "geometry": { "type": "Point", "coordinates": [ -73.96274751701776, 40.676758597536768 ] } },
{ "type": "Feature", "properties": { "Unique Key": 66124863, "Created Date": "09/11/2025 06:01:06 PM", "Closed Date": "09/15/2025 10:05:39 AM", "Agency": "DOHMH", "Agency Name": "Department of Health and Mental Hygiene", "Complaint Type": "Rodent", "Descriptor": "Condition Attracting Rodents", "Location Type": "1-2 Family Dwelling", "Incident Zip": 10310, "Incident Address": "243 EGBERT AVENUE", "Street Name": "EGBERT AVENUE", "Cross Street 1": "KAREN COURT", "Cross Street 2": "JEWETT AVENUE", "Intersection Street 1": "KAREN COURT", "Intersection Street 2": "JEWETT AVENUE", "Address Type": "ADDRESS", "City": "STATEN ISLAND", "Landmark": "EGBERT AVENUE", "Facility Type": "N/A", "Status": "Closed", "Due Date": null, "Resolution Description": "This service request was closed because the Department of Health and Mental Hygiene received an earlier complaint about the same location.  You can find inspection results for this address by going to the online Rat Portal at www.nyc.gov/rats.", "Resolution Action Updated Date": "09/11/2025 06:01:06 PM", "Community Board": "01 STATEN ISLAND", "BBL": 5003540132, "Borough": "STATEN ISLAND", "X Coordinate (State Plane)": 947875, "Y Coordinate (State Plane)": 166832, "Open Data Channel Type": "ONLINE", "Park Facility Name": "Unspecified", "Park Borough": "STATEN ISLAND", "Vehicle Type": null, "Taxi Company Borough": null, "Taxi Pick Up Location": null, "Bridge Highway Name": null, "Bridge Highway Direction": null, "Road Ramp": null, "Bridge Highway Segment": null, "Latitude": 40.624517124330453, "Longitude": -74.131036378818123, "Location": "(40.62451712433045, -74.13103637881812)", "Zip Codes": 10697, "Community Districts": 4, "Borough Boundaries": 1, "City Council Districts": 13, "Police Precincts": 74, "Police Precinct": 74 }, "geometry": { "type": "Point", "coordinates": [ -74.131036378818123, 40.624517124330453 ] } },
{ "type": "Feature", "properties": { "Unique Key": 66185420, "Created Date": "09/17/2025 02:25:47 PM", "Closed Date": "09/17/2025 02:25:47 PM", "Agency": "DOHMH", "Agency Name": "Department of Health and Mental Hygiene", "Complaint Type": "Rodent", "Descriptor": "Condition Attracting Rodents", "Location Type": "Sidewalk", "Incident Zip": 11435, "Incident Address": "149 STREET", "Street Name": "149 STREET", "Cross Street 1": "149 STREET", "Cross Street 2": "JAMAICA AVENUE", "Intersection Street 1": "149 STREET", "Intersection Street 2": "JAMAICA AVENUE", "Address Type": "INTERSECTION", "City": "QUEENS", "Landmark": null, "Facility Type": "N/A", "Status": "Closed", "Due Date": null, "Resolution Description": "The Department of Health and Mental Hygiene could not locate the address provided. Please go online to nyc.gov/311 or call 311 and file another request and provide the complete street address of the builiding. If your complaint was about a vacant lot, abandoned building ,street, or in a sewer, provide the nearest street address or intersection.", "Resolution Action Updated Date": "09/18/2025 01:43:08 PM", "Community Board": "12 QUEENS", "BBL": null, "Borough": "QUEENS", "X Coordinate (State Plane)": 1038175, "Y Coordinate (State Plane)": 195051, "Open Data Channel Type": "PHONE", "Park Facility Name": "Unspecified", "Park Borough": "QUEENS", "Vehicle Type": null, "Taxi Company Borough": null, "Taxi Pick Up Location": null, "Bridge Highway Name": null, "Bridge Highway Direction": null, "Road Ramp": null, "Bridge Highway Segment": null, "Latitude": 40.701882396825937, "Longitude": -73.80551642416637, "Location": "(40.70188239682594, -73.80551642416637)", "Zip Codes": 24670, "Community Districts": 41, "Borough Boundaries": 3, "City Council Districts": 24, "Police Precincts": 61, "Police Precinct": 61 }, "geometry": { "type": "Point", "coordinates": [ -73.80551642416637, 40.701882396825937 ] } },
{ "type": "Feature", "properties": { "Unique Key": 66194061, "Created Date": "09/18/2025 01:57:03 PM", "Closed Date": null, "Agency": "DOHMH", "Agency Name": "Department of Health and Mental Hygiene", "Complaint Type": "Rodent", "Descriptor": "Condition Attracting Rodents", "Location Type": "1-2 Family Dwelling", "Incident Zip": 11234, "Incident Address": "4413 AVENUE M", "Street Name": "AVENUE M", "Cross Street 1": "TROY AVENUE", "Cross Street 2": "EAST   45 STREET", "Intersection Street 1": "TROY AVENUE", "Intersection Street 2": "EAST   45 STREET", "Address Type": "ADDRESS", "City": "BROOKLYN", "Landmark": "AVENUE M", "Facility Type": null, "Status": "In Progress", "Due Date": null, "Resolution Description": null, "Resolution Action Updated Date": null, "Community Board": "18 BROOKLYN", "BBL": 3078420005, "Borough": "BROOKLYN", "X Coordinate (State Plane)": 1002935, "Y Coordinate (State Plane)": 165538, "Open Data Channel Type": "PHONE", "Park Facility Name": "Unspecified", "Park Borough": "BROOKLYN", "Vehicle Type": null, "Taxi Company Borough": null, "Taxi Pick Up Location": null, "Bridge Highway Name": null, "Bridge Highway Direction": null, "Road Ramp": null, "Bridge Highway Segment": null, "Latitude": 40.621020337815068, "Longitude": -73.932693173954192, "Location": "(40.62102033781507, -73.93269317395419)", "Zip Codes": 13825, "Community Districts": 5, "Borough Boundaries": 2, "City Council Districts": 26, "Police Precincts": 38, "Police Precinct": 38 }, "geometry": { "type": "Point", "coordinates": [ -73.932693173954192, 40.621020337815068 ] } },
{ "type": "Feature", "properties": { "Unique Key": 66195404, "Created Date": "09/18/2025 11:16:07 AM", "Closed Date": null, "Agency": "DOHMH", "Agency Name": "Department of Health and Mental Hygiene", "Complaint Type": "Rodent", "Descriptor": "Condition Attracting Rodents", "Location Type": "1-2 Family Dwelling", "Incident Zip": 10305, "Incident Address": "12 WENTWORTH AVENUE", "Street Name": "WENTWORTH AVENUE", "Cross Street 1": "OLYMPIA BOULEVARD", "Cross Street 2": "DEAD END", "Intersection Street 1": "OLYMPIA BOULEVARD", "Intersection Street 2": "DEAD END", "Address Type": "ADDRESS", "City": "STATEN ISLAND", "Landmark": "WENTWORTH AVENUE", "Facility Type": null, "Status": "In Progress", "Due Date": null, "Resolution Description": null, "Resolution Action Updated Date": null, "Community Board": "02 STATEN ISLAND", "BBL": 5034100015, "Borough": "STATEN ISLAND", "X Coordinate (State Plane)": 964263, "Y Coordinate (State Plane)": 155039, "Open Data Channel Type": "PHONE", "Park Facility Name": "Unspecified", "Park Borough": "STATEN ISLAND", "Vehicle Type": null, "Taxi Company Borough": null, "Taxi Pick Up Location": null, "Bridge Highway Name": null, "Bridge Highway Direction": null, "Road Ramp": null, "Bridge Highway Segment": null, "Latitude": 40.5921998974434, "Longitude": -74.071965798227424, "Location": "(40.5921998974434, -74.07196579822742)", "Zip Codes": 10692, "Community Districts": 30, "Borough Boundaries": 1, "City Council Districts": 14, "Police Precincts": 76, "Police Precinct": 76 }, "geometry": { "type": "Point", "coordinates": [ -74.071965798227424, 40.5921998974434 ] } },
{ "type": "Feature", "properties": { "Unique Key": 66196811, "Created Date": "09/18/2025 06:36:44 PM", "Closed Date": null, "Agency": "DOHMH", "Agency Name": "Department of Health and Mental Hygiene", "Complaint Type": "Rodent", "Descriptor": "Condition Attracting Rodents", "Location Type": "1-2 Family Dwelling", "Incident Zip": 11214, "Incident Address": "2135 80 STREET", "Street Name": "80 STREET", "Cross Street 1": "21 AVENUE", "Cross Street 2": "BAY PARKWAY", "Intersection Street 1": "21 AVENUE", "Intersection Street 2": "BAY PARKWAY", "Address Type": "ADDRESS", "City": "BROOKLYN", "Landmark": "80 STREET", "Facility Type": null, "Status": "In Progress", "Due Date": null, "Resolution Description": null, "Resolution Action Updated Date": null, "Community Board": "11 BROOKLYN", "BBL": 3062760061, "Borough": "BROOKLYN", "X Coordinate (State Plane)": 986572, "Y Coordinate (State Plane)": 160114, "Open Data Channel Type": "ONLINE", "Park Facility Name": "Unspecified", "Park Borough": "BROOKLYN", "Vehicle Type": null, "Taxi Company Borough": null, "Taxi Pick Up Location": null, "Bridge Highway Name": null, "Bridge Highway Direction": null, "Road Ramp": null, "Bridge Highway Segment": null, "Latitude": 40.606151976318252, "Longitude": -73.991637590099955, "Location": "(40.60615197631825, -73.99163759009996)", "Zip Codes": 17616, "Community Districts": 1, "Borough Boundaries": 2, "City Council Districts": 18, "Police Precincts": 37, "Police Precinct": 37 }, "geometry": { "type": "Point", "coordinates": [ -73.991637590099955, 40.606151976318252 ] } },
{ "type": "Feature", "properties": { "Unique Key": 66198188, "Created Date": "09/18/2025 08:27:50 AM", "Closed Date": null, "Agency": "DOHMH", "Agency Name": "Department of Health and Mental Hygiene", "Complaint Type": "Rodent", "Descriptor": "Condition Attracting Rodents", "Location Type": "Vacant Lot", "Incident Zip": 11422, "Incident Address": "148-42 HUXLEY STREET", "Street Name": "HUXLEY STREET", "Cross Street 1": "148 ROAD", "Cross Street 2": "148 DRIVE", "Intersection Street 1": "148 ROAD", "Intersection Street 2": "148 DRIVE", "Address Type": "ADDRESS", "City": "ROSEDALE", "Landmark": "HUXLEY STREET", "Facility Type": null, "Status": "In Progress", "Due Date": null, "Resolution Description": null, "Resolution Action Updated Date": null, "Community Board": "13 QUEENS", "BBL": 4137500078, "Borough": "QUEENS", "X Coordinate (State Plane)": 1056506, "Y Coordinate (State Plane)": 177711, "Open Data Channel Type": "PHONE", "Park Facility Name": "Unspecified", "Park Borough": "QUEENS", "Vehicle Type": null, "Taxi Company Borough": null, "Taxi Pick Up Location": null, "Bridge Highway Name": null, "Bridge Highway Direction": null, "Road Ramp": null, "Bridge Highway Segment": null, "Latitude": 40.654157535003058, "Longitude": -73.739590883238733, "Location": "(40.65415753500306, -73.73959088323873)", "Zip Codes": 24018, "Community Districts": 63, "Borough Boundaries": 3, "City Council Districts": 47, "Police Precincts": 63, "Police Precinct": 63 }, "geometry": { "type": "Point", "coordinates": [ -73.739590883238733, 40.654157535003058 ] } },
{ "type": "Feature", "properties": { "Unique Key": 66199572, "Created Date": "09/18/2025 09:17:03 AM", "Closed Date": "09/18/2025 09:17:03 AM", "Agency": "DOHMH", "Agency Name": "Department of Health and Mental Hygiene", "Complaint Type": "Rodent", "Descriptor": "Condition Attracting Rodents", "Location Type": "3+ Family Mixed Use Building", "Incident Zip": 10011, "Incident Address": "408 WEST   20 STREET", "Street Name": "WEST   20 STREET", "Cross Street 1": "9 AVENUE", "Cross Street 2": "10 AVENUE", "Intersection Street 1": "9 AVENUE", "Intersection Street 2": "10 AVENUE", "Address Type": "ADDRESS", "City": "NEW YORK", "Landmark": "WEST   20 STREET", "Facility Type": "N/A", "Status": "Closed", "Due Date": null, "Resolution Description": "The Department of Health and Mental Hygiene found violations on the property you reported. Follow-up inspections will be scheduled.", "Resolution Action Updated Date": "09/24/2025 11:34:16 AM", "Community Board": "04 MANHATTAN", "BBL": 1007170048, "Borough": "MANHATTAN", "X Coordinate (State Plane)": 983339, "Y Coordinate (State Plane)": 210650, "Open Data Channel Type": "ONLINE", "Park Facility Name": "Unspecified", "Park Borough": "MANHATTAN", "Vehicle Type": null, "Taxi Company Borough": null, "Taxi Pick Up Location": null, "Bridge Highway Name": null, "Bridge Highway Direction": null, "Road Ramp": null, "Bridge Highway Segment": null, "Latitude": 40.744862134250006, "Longitude": -74.003287690146834, "Location": "(40.744862134250006, -74.00328769014683)", "Zip Codes": 12074, "Community Districts": 12, "Borough Boundaries": 4, "City Council Districts": 10, "Police Precincts": 6, "Police Precinct": 6 }, "geometry": { "type": "Point", "coordinates": [ -74.003287690146834, 40.744862134250006 ] } },
{ "type": "Feature", "properties": { "Unique Key": 66200861, "Created Date": "09/18/2025 10:14:46 AM", "Closed Date": null, "Agency": "DOHMH", "Agency Name": "Department of Health and Mental Hygiene", "Complaint Type": "Rodent", "Descriptor": "Condition Attracting Rodents", "Location Type": "1-2 Family Dwelling", "Incident Zip": 11375, "Incident Address": "68-48 LOUBET STREET", "Street Name": "LOUBET STREET", "Cross Street 1": "68 AVENUE", "Cross Street 2": "69 AVENUE", "Intersection Street 1": "68 AVENUE", "Intersection Street 2": "69 AVENUE", "Address Type": "ADDRESS", "City": "FOREST HILLS", "Landmark": "LOUBET STREET", "Facility Type": null, "Status": "In Progress", "Due Date": null, "Resolution Description": null, "Resolution Action Updated Date": null, "Community Board": "06 QUEENS", "BBL": 4031950029, "Borough": "QUEENS", "X Coordinate (State Plane)": 1024495, "Y Coordinate (State Plane)": 199650, "Open Data Channel Type": "PHONE", "Park Facility Name": "Unspecified", "Park Borough": "QUEENS", "Vehicle Type": null, "Taxi Company Borough": null, "Taxi Pick Up Location": null, "Bridge Highway Name": null, "Bridge Highway Direction": null, "Road Ramp": null, "Bridge Highway Segment": null, "Latitude": 40.714578337049836, "Longitude": -73.854826527012136, "Location": "(40.714578337049836, -73.85482652701214)", "Zip Codes": 14786, "Community Districts": 40, "Borough Boundaries": 3, "City Council Districts": 28, "Police Precincts": 70, "Police Precinct": 70 }, "geometry": { "type": "Point", "coordinates": [ -73.854826527012136, 40.714578337049836 ] } },
{ "type": "Feature", "properties": { "Unique Key": 66200874, "Created Date": "09/18/2025 10:35:04 AM", "Closed Date": "09/23/2025 02:37:00 PM", "Agency": "DOHMH", "Agency Name": "Department of Health and Mental Hygiene", "Complaint Type": "Rodent", "Descriptor": "Condition Attracting Rodents", "Location Type": "1-2 Family Mixed Use Building", "Incident Zip": 11230, "Incident Address": "214 NEWKIRK AVENUE", "Street Name": "NEWKIRK AVENUE", "Cross Street 1": "LAWRENCE AVENUE", "Cross Street 2": "EAST 8 STREET", "Intersection Street 1": "LAWRENCE AVENUE", "Intersection Street 2": "EAST    8 STREET", "Address Type": "ADDRESS", "City": "BROOKLYN", "Landmark": "NEWKIRK AVENUE", "Facility Type": "N/A", "Status": "Closed", "Due Date": null, "Resolution Description": "This service request was closed because the Department of Health and Mental Hygiene received an earlier complaint about the same location.  You can find inspection results for this address by going to the online Rat Portal at www.nyc.gov/rats.", "Resolution Action Updated Date": "09/18/2025 10:35:04 AM", "Community Board": "14 BROOKLYN", "BBL": 3054240016, "Borough": "BROOKLYN", "X Coordinate (State Plane)": 992248, "Y Coordinate (State Plane)": 169462, "Open Data Channel Type": "ONLINE", "Park Facility Name": "Unspecified", "Park Borough": "BROOKLYN", "Vehicle Type": null, "Taxi Company Borough": null, "Taxi Pick Up Location": null, "Bridge Highway Name": null, "Bridge Highway Direction": null, "Road Ramp": null, "Bridge Highway Segment": null, "Latitude": 40.631806986420735, "Longitude": -73.971185070358501, "Location": "(40.631806986420735, -73.9711850703585)", "Zip Codes": 13513, "Community Districts": 60, "Borough Boundaries": 2, "City Council Districts": 11, "Police Precincts": 43, "Police Precinct": 43 }, "geometry": { "type": "Point", "coordinates": [ -73.971185070358501, 40.631806986420735 ] } },
{ "type": "Feature", "properties": { "Unique Key": 66202139, "Created Date": "09/18/2025 10:28:29 AM", "Closed Date": null, "Agency": "DOHMH", "Agency Name": "Department of Health and Mental Hygiene", "Complaint Type": "Rodent", "Descriptor": "Condition Attracting Rodents", "Location Type": "3+ Family Apt. Building", "Incident Zip": 10026, "Incident Address": "113 WEST  113 STREET", "Street Name": "WEST  113 STREET", "Cross Street 1": "LENOX AVENUE", "Cross Street 2": "ST NICHOLAS AVENUE", "Intersection Street 1": "LENOX AVENUE", "Intersection Street 2": "ST NICHOLAS AVENUE", "Address Type": "ADDRESS", "City": "NEW YORK", "Landmark": "WEST  113 STREET", "Facility Type": null, "Status": "In Progress", "Due Date": null, "Resolution Description": null, "Resolution Action Updated Date": null, "Community Board": "10 MANHATTAN", "BBL": 1018230023, "Borough": "MANHATTAN", "X Coordinate (State Plane)": 997575, "Y Coordinate (State Plane)": 230898, "Open Data Channel Type": "PHONE", "Park Facility Name": "Unspecified", "Park Borough": "MANHATTAN", "Vehicle Type": null, "Taxi Company Borough": null, "Taxi Pick Up Location": null, "Bridge Highway Name": null, "Bridge Highway Direction": null, "Road Ramp": null, "Bridge Highway Segment": null, "Latitude": 40.800427597804287, "Longitude": -73.951871523760786, "Location": "(40.80042759780429, -73.95187152376079)", "Zip Codes": 12423, "Community Districts": 18, "Borough Boundaries": 4, "City Council Districts": 36, "Police Precincts": 18, "Police Precinct": 18 }, "geometry": { "type": "Point", "coordinates": [ -73.951871523760786, 40.800427597804287 ] } },
{ "type": "Feature", "properties": { "Unique Key": 66202140, "Created Date": "09/18/2025 11:44:42 AM", "Closed Date": null, "Agency": "DOHMH", "Agency Name": "Department of Health and Mental Hygiene", "Complaint Type": "Rodent", "Descriptor": "Condition Attracting Rodents", "Location Type": "3+ Family Apt. Building", "Incident Zip": 11373, "Incident Address": "94-25 57 AVENUE", "Street Name": "57 AVENUE", "Cross Street 1": "94 STREET", "Cross Street 2": "JUNCTION BOULEVARD", "Intersection Street 1": "94 STREET", "Intersection Street 2": "JUNCTION BOULEVARD", "Address Type": "ADDRESS", "City": "ELMHURST", "Landmark": "57 AVENUE", "Facility Type": null, "Status": "In Progress", "Due Date": null, "Resolution Description": null, "Resolution Action Updated Date": null, "Community Board": "04 QUEENS", "BBL": 4019020010, "Borough": "QUEENS", "X Coordinate (State Plane)": 1021109, "Y Coordinate (State Plane)": 207565, "Open Data Channel Type": "PHONE", "Park Facility Name": "Unspecified", "Park Borough": "QUEENS", "Vehicle Type": null, "Taxi Company Borough": null, "Taxi Pick Up Location": null, "Bridge Highway Name": null, "Bridge Highway Direction": null, "Road Ramp": null, "Bridge Highway Segment": null, "Latitude": 40.736317818748269, "Longitude": -73.866997279673868, "Location": "(40.73631781874827, -73.86699727967387)", "Zip Codes": 14784, "Community Districts": 66, "Borough Boundaries": 3, "City Council Districts": 5, "Police Precincts": 68, "Police Precinct": 68 }, "geometry": { "type": "Point", "coordinates": [ -73.866997279673868, 40.736317818748269 ] } },
{ "type": "Feature", "properties": { "Unique Key": 66213497, "Created Date": "09/19/2025 10:42:58 AM", "Closed Date": null, "Agency": "DOHMH", "Agency Name": "Department of Health and Mental Hygiene", "Complaint Type": "Rodent", "Descriptor": "Condition Attracting Rodents", "Location Type": "Day Care or Nursery", "Incident Zip": 11434, "Incident Address": "116-33 SUTPHIN BOULEVARD", "Street Name": "SUTPHIN BOULEVARD", "Cross Street 1": "116 ROAD", "Cross Street 2": "116 DRIVE", "Intersection Street 1": "116 ROAD", "Intersection Street 2": "116 DRIVE", "Address Type": "ADDRESS", "City": "JAMAICA", "Landmark": "SUTPHIN BOULEVARD", "Facility Type": null, "Status": "In Progress", "Due Date": null, "Resolution Description": null, "Resolution Action Updated Date": null, "Community Board": "12 QUEENS", "BBL": 4122020003, "Borough": "QUEENS", "X Coordinate (State Plane)": 1041829, "Y Coordinate (State Plane)": 187663, "Open Data Channel Type": "PHONE", "Park Facility Name": "Unspecified", "Park Borough": "QUEENS", "Vehicle Type": null, "Taxi Company Borough": null, "Taxi Pick Up Location": null, "Bridge Highway Name": null, "Bridge Highway Direction": null, "Road Ramp": null, "Bridge Highway Segment": null, "Latitude": 40.68158107729284, "Longitude": -73.792401260453516, "Location": "(40.68158107729284, -73.79240126045352)", "Zip Codes": 24671, "Community Districts": 41, "Borough Boundaries": 3, "City Council Districts": 46, "Police Precincts": 71, "Police Precinct": 71 }, "geometry": { "type": "Point", "coordinates": [ -73.792401260453516, 40.68158107729284 ] } },
{ "type": "Feature", "properties": { "Unique Key": 66223272, "Created Date": "09/20/2025 11:29:19 AM", "Closed Date": "09/23/2025 02:38:55 PM", "Agency": "DOHMH", "Agency Name": "Department of Health and Mental Hygiene", "Complaint Type": "Rodent", "Descriptor": "Condition Attracting Rodents", "Location Type": "3+ Family Apt. Building", "Incident Zip": 11206, "Incident Address": "174 MESEROLE STREET", "Street Name": "MESEROLE STREET", "Cross Street 1": "GRAHAM AVENUE", "Cross Street 2": "HUMBOLDT STREET", "Intersection Street 1": "GRAHAM AVENUE", "Intersection Street 2": "HUMBOLDT STREET", "Address Type": "ADDRESS", "City": "BROOKLYN", "Landmark": "MESEROLE STREET", "Facility Type": "N/A", "Status": "Closed", "Due Date": null, "Resolution Description": "This service request was closed because the Department of Health and Mental Hygiene received an earlier complaint about the same location.  You can find inspection results for this address by going to the online Rat Portal at www.nyc.gov/rats.", "Resolution Action Updated Date": "09/20/2025 11:29:19 AM", "Community Board": "01 BROOKLYN", "BBL": 3030530013, "Borough": "BROOKLYN", "X Coordinate (State Plane)": 1000218, "Y Coordinate (State Plane)": 197280, "Open Data Channel Type": "PHONE", "Park Facility Name": "Unspecified", "Park Borough": "BROOKLYN", "Vehicle Type": null, "Taxi Company Borough": null, "Taxi Pick Up Location": null, "Bridge Highway Name": null, "Bridge Highway Direction": null, "Road Ramp": null, "Bridge Highway Segment": null, "Latitude": 40.708150376225817, "Longitude": -73.942405128941388, "Location": "(40.70815037622582, -73.94240512894139)", "Zip Codes": 17213, "Community Districts": 36, "Borough Boundaries": 2, "City Council Districts": 30, "Police Precincts": 56, "Police Precinct": 56 }, "geometry": { "type": "Point", "coordinates": [ -73.942405128941388, 40.708150376225817 ] } },
{ "type": "Feature", "properties": { "Unique Key": 66231830, "Created Date": "09/21/2025 07:31:41 PM", "Closed Date": "09/23/2025 02:16:46 PM", "Agency": "DOHMH", "Agency Name": "Department of Health and Mental Hygiene", "Complaint Type": "Rodent", "Descriptor": "Condition Attracting Rodents", "Location Type": "Vacant Building", "Incident Zip": 11225, "Incident Address": "176 FENIMORE STREET", "Street Name": "FENIMORE STREET", "Cross Street 1": "BEDFORD AVENUE", "Cross Street 2": "ROGERS AVENUE", "Intersection Street 1": "BEDFORD AVENUE", "Intersection Street 2": "ROGERS AVENUE", "Address Type": "ADDRESS", "City": "BROOKLYN", "Landmark": "FENIMORE STREET", "Facility Type": "N/A", "Status": "Closed", "Due Date": null, "Resolution Description": "This service request was closed because the Department of Health and Mental Hygiene received an earlier complaint about the same location.  You can find inspection results for this address by going to the online Rat Portal at www.nyc.gov/rats.", "Resolution Action Updated Date": "09/21/2025 07:31:41 PM", "Community Board": "09 BROOKLYN", "BBL": 3050430010, "Borough": "BROOKLYN", "X Coordinate (State Plane)": 996430, "Y Coordinate (State Plane)": 179127, "Open Data Channel Type": "PHONE", "Park Facility Name": "Unspecified", "Park Borough": "BROOKLYN", "Vehicle Type": null, "Taxi Company Borough": null, "Taxi Pick Up Location": null, "Bridge Highway Name": null, "Bridge Highway Direction": null, "Road Ramp": null, "Bridge Highway Segment": null, "Latitude": 40.658330561157435, "Longitude": -73.956100850951614, "Location": "(40.658330561157435, -73.95610085095161)", "Zip Codes": 13509, "Community Districts": 17, "Borough Boundaries": 2, "City Council Districts": 11, "Police Precincts": 44, "Police Precinct": 44 }, "geometry": { "type": "Point", "coordinates": [ -73.956100850951614, 40.658330561157435 ] } },
{ "type": "Feature", "properties": { "Unique Key": 66237147, "Created Date": "09/22/2025 11:45:47 AM", "Closed Date": "09/22/2025 11:45:47 AM", "Agency": "DOHMH", "Agency Name": "Department of Health and Mental Hygiene", "Complaint Type": "Rodent", "Descriptor": "Condition Attracting Rodents", "Location Type": "1-2 Family Dwelling", "Incident Zip": 10472, "Incident Address": "1143 WARD AVENUE", "Street Name": "WARD AVENUE", "Cross Street 1": "WATSON AVENUE", "Cross Street 2": "WESTCHESTER AVENUE", "Intersection Street 1": "WATSON AVENUE", "Intersection Street 2": "WESTCHESTER AVENUE", "Address Type": "ADDRESS", "City": "BRONX", "Landmark": "WARD AVENUE", "Facility Type": "N/A", "Status": "Closed", "Due Date": null, "Resolution Description": "The Department of Health and Mental Hygiene found violations on the property you reported. Follow-up inspections will be scheduled.", "Resolution Action Updated Date": "09/24/2025 11:15:42 AM", "Community Board": "09 BRONX", "BBL": 2037410059, "Borough": "BRONX", "X Coordinate (State Plane)": 1018290, "Y Coordinate (State Plane)": 240752, "Open Data Channel Type": "PHONE", "Park Facility Name": "Unspecified", "Park Borough": "BRONX", "Vehicle Type": null, "Taxi Company Borough": null, "Taxi Pick Up Location": null, "Bridge Highway Name": null, "Bridge Highway Direction": null, "Road Ramp": null, "Bridge Highway Segment": null, "Latitude": 40.827418528970036, "Longitude": -73.877001249987899, "Location": "(40.827418528970036, -73.8770012499879)", "Zip Codes": 11610, "Community Districts": 58, "Borough Boundaries": 5, "City Council Districts": 31, "Police Precincts": 26, "Police Precinct": 26 }, "geometry": { "type": "Point", "coordinates": [ -73.877001249987899, 40.827418528970036 ] } },
{ "type": "Feature", "properties": { "Unique Key": 66255736, "Created Date": "09/23/2025 12:09:40 PM", "Closed Date": "09/24/2025 07:41:00 AM", "Agency": "DOHMH", "Agency Name": "Department of Health and Mental Hygiene", "Complaint Type": "Rodent", "Descriptor": "Condition Attracting Rodents", "Location Type": "3+ Family Apt. Building", "Incident Zip": 10027, "Incident Address": "301 ST NICHOLAS AVENUE", "Street Name": "ST NICHOLAS AVENUE", "Cross Street 1": "WEST 125 STREET", "Cross Street 2": "WEST 126 STREET", "Intersection Street 1": "WEST  125 STREET", "Intersection Street 2": "WEST  126 STREET", "Address Type": "ADDRESS", "City": "NEW YORK", "Landmark": "ST NICHOLAS AVENUE", "Facility Type": "N/A", "Status": "Closed", "Due Date": null, "Resolution Description": "This service request was closed because the Department of Health and Mental Hygiene received an earlier complaint about the same location.  You can find inspection results for this address by going to the online Rat Portal at www.nyc.gov/rats.", "Resolution Action Updated Date": "09/23/2025 12:09:40 PM", "Community Board": "09 MANHATTAN", "BBL": 1019520011, "Borough": "MANHATTAN", "X Coordinate (State Plane)": 997392, "Y Coordinate (State Plane)": 234703, "Open Data Channel Type": "ONLINE", "Park Facility Name": "Unspecified", "Park Borough": "MANHATTAN", "Vehicle Type": null, "Taxi Company Borough": null, "Taxi Pick Up Location": null, "Bridge Highway Name": null, "Bridge Highway Direction": null, "Road Ramp": null, "Bridge Highway Segment": null, "Latitude": 40.810871546946721, "Longitude": -73.952525051666029, "Location": "(40.81087154694672, -73.95252505166603)", "Zip Codes": 12424, "Community Districts": 37, "Borough Boundaries": 4, "City Council Districts": 36, "Police Precincts": 17, "Police Precinct": 17 }, "geometry": { "type": "Point", "coordinates": [ -73.952525051666029, 40.810871546946721 ] } },
{ "type": "Feature", "properties": { "Unique Key": 66255735, "Created Date": "09/23/2025 01:40:29 PM", "Closed Date": null, "Agency": "DOHMH", "Agency Name": "Department of Health and Mental Hygiene", "Complaint Type": "Rodent", "Descriptor": "Condition Attracting Rodents", "Location Type": "3+ Family Apt. Building", "Incident Zip": 10308, "Incident Address": "53 EAST STROUD AVENUE", "Street Name": "EAST STROUD AVENUE", "Cross Street 1": "ABINGDON AVENUE", "Cross Street 2": "ARMSTRONG AVENUE", "Intersection Street 1": "ABINGDON AVENUE", "Intersection Street 2": "ARMSTRONG AVENUE", "Address Type": "ADDRESS", "City": "STATEN ISLAND", "Landmark": "EAST STROUD AVENUE", "Facility Type": null, "Status": "In Progress", "Due Date": null, "Resolution Description": null, "Resolution Action Updated Date": null, "Community Board": "03 STATEN ISLAND", "BBL": 5054720067, "Borough": "STATEN ISLAND", "X Coordinate (State Plane)": 939836, "Y Coordinate (State Plane)": 141609, "Open Data Channel Type": "PHONE", "Park Facility Name": "Unspecified", "Park Borough": "STATEN ISLAND", "Vehicle Type": null, "Taxi Company Borough": null, "Taxi Pick Up Location": null, "Bridge Highway Name": null, "Bridge Highway Direction": null, "Road Ramp": null, "Bridge Highway Segment": null, "Latitude": 40.555248497150757, "Longitude": -74.159830022303808, "Location": "(40.55524849715076, -74.15983002230381)", "Zip Codes": 10695, "Community Districts": 15, "Borough Boundaries": 1, "City Council Districts": 9, "Police Precincts": 76, "Police Precinct": 76 }, "geometry": { "type": "Point", "coordinates": [ -74.159830022303808, 40.555248497150757 ] } },
{ "type": "Feature", "properties": { "Unique Key": 66098959, "Created Date": "09/09/2025 04:02:27 PM", "Closed Date": "09/15/2025 07:40:56 AM", "Agency": "DOHMH", "Agency Name": "Department of Health and Mental Hygiene", "Complaint Type": "Rodent", "Descriptor": "Condition Attracting Rodents", "Location Type": "3+ Family Apt. Building", "Incident Zip": 10128, "Incident Address": "238 EAST   89 STREET", "Street Name": "EAST   89 STREET", "Cross Street 1": "3 AVENUE", "Cross Street 2": "2 AVENUE", "Intersection Street 1": "3 AVENUE", "Intersection Street 2": "2 AVENUE", "Address Type": "ADDRESS", "City": "NEW YORK", "Landmark": "EAST   89 STREET", "Facility Type": "N/A", "Status": "Closed", "Due Date": null, "Resolution Description": "This service request was closed because the Department of Health and Mental Hygiene received an earlier complaint about the same location.  You can find inspection results for this address by going to the online Rat Portal at www.nyc.gov/rats.", "Resolution Action Updated Date": "09/09/2025 04:02:27 PM", "Community Board": "08 MANHATTAN", "BBL": 1015340032, "Borough": "MANHATTAN", "X Coordinate (State Plane)": 997644, "Y Coordinate (State Plane)": 223583, "Open Data Channel Type": "ONLINE", "Park Facility Name": "Unspecified", "Park Borough": "MANHATTAN", "Vehicle Type": null, "Taxi Company Borough": null, "Taxi Pick Up Location": null, "Bridge Highway Name": null, "Bridge Highway Direction": null, "Road Ramp": null, "Bridge Highway Segment": null, "Latitude": 40.780349788695567, "Longitude": -73.951636890420374, "Location": "(40.78034978869557, -73.95163689042037)", "Zip Codes": 10099, "Community Districts": 23, "Borough Boundaries": 4, "City Council Districts": 1, "Police Precincts": 11, "Police Precinct": 11 }, "geometry": { "type": "Point", "coordinates": [ -73.951636890420374, 40.780349788695567 ] } },
{ "type": "Feature", "properties": { "Unique Key": 66126204, "Created Date": "09/11/2025 09:51:08 AM", "Closed Date": "09/15/2025 07:02:13 AM", "Agency": "DOHMH", "Agency Name": "Department of Health and Mental Hygiene", "Complaint Type": "Rodent", "Descriptor": "Condition Attracting Rodents", "Location Type": "Other (Explain Below)", "Incident Zip": 10024, "Incident Address": "589 AMSTERDAM AVENUE", "Street Name": "AMSTERDAM AVENUE", "Cross Street 1": "WEST 88 STREET", "Cross Street 2": "WEST 89 STREET", "Intersection Street 1": "WEST   88 STREET", "Intersection Street 2": "WEST   89 STREET", "Address Type": "ADDRESS", "City": "NEW YORK", "Landmark": "AMSTERDAM AVENUE", "Facility Type": "N/A", "Status": "Closed", "Due Date": null, "Resolution Description": "This service request was closed because the Department of Health and Mental Hygiene received an earlier complaint about the same location.  You can find inspection results for this address by going to the online Rat Portal at www.nyc.gov/rats.", "Resolution Action Updated Date": "09/11/2025 09:51:08 AM", "Community Board": "07 MANHATTAN", "BBL": 1012190001, "Borough": "MANHATTAN", "X Coordinate (State Plane)": 991491, "Y Coordinate (State Plane)": 226827, "Open Data Channel Type": "ONLINE", "Park Facility Name": "Unspecified", "Park Borough": "MANHATTAN", "Vehicle Type": null, "Taxi Company Borough": null, "Taxi Pick Up Location": null, "Bridge Highway Name": null, "Bridge Highway Direction": null, "Road Ramp": null, "Bridge Highway Segment": null, "Latitude": 40.789260886149705, "Longitude": -73.973850669248591, "Location": "(40.789260886149705, -73.97385066924859)", "Zip Codes": 12421, "Community Districts": 20, "Borough Boundaries": 4, "City Council Districts": 19, "Police Precincts": 15, "Police Precinct": 15 }, "geometry": { "type": "Point", "coordinates": [ -73.973850669248591, 40.789260886149705 ] } },
{ "type": "Feature", "properties": { "Unique Key": 66131586, "Created Date": "09/12/2025 09:07:53 PM", "Closed Date": "09/15/2025 01:14:08 PM", "Agency": "DOHMH", "Agency Name": "Department of Health and Mental Hygiene", "Complaint Type": "Rodent", "Descriptor": "Condition Attracting Rodents", "Location Type": "3+ Family Apt. Building", "Incident Zip": 11372, "Incident Address": "37-33 76 STREET", "Street Name": "76 STREET", "Cross Street 1": "37 AVENUE", "Cross Street 2": "37 ROAD", "Intersection Street 1": "37 AVENUE", "Intersection Street 2": "37 ROAD", "Address Type": "ADDRESS", "City": "JACKSON HEIGHTS", "Landmark": "76 STREET", "Facility Type": "N/A", "Status": "Closed", "Due Date": null, "Resolution Description": "This service request was closed because the Department of Health and Mental Hygiene received an earlier complaint about the same location.  You can find inspection results for this address by going to the online Rat Portal at www.nyc.gov/rats.", "Resolution Action Updated Date": "09/12/2025 09:07:53 PM", "Community Board": "03 QUEENS", "BBL": 4012870060, "Borough": "QUEENS", "X Coordinate (State Plane)": 1014790, "Y Coordinate (State Plane)": 211881, "Open Data Channel Type": "ONLINE", "Park Facility Name": "Unspecified", "Park Borough": "QUEENS", "Vehicle Type": null, "Taxi Company Borough": null, "Taxi Pick Up Location": null, "Bridge Highway Name": null, "Bridge Highway Direction": null, "Road Ramp": null, "Bridge Highway Segment": null, "Latitude": 40.748188230333454, "Longitude": -73.889779257370677, "Location": "(40.748188230333454, -73.88977925737068)", "Zip Codes": 14783, "Community Districts": 65, "Borough Boundaries": 3, "City Council Districts": 5, "Police Precincts": 73, "Police Precinct": 73 }, "geometry": { "type": "Point", "coordinates": [ -73.889779257370677, 40.748188230333454 ] } },
{ "type": "Feature", "properties": { "Unique Key": 66134390, "Created Date": "09/12/2025 09:07:51 PM", "Closed Date": "09/15/2025 10:54:24 AM", "Agency": "DOHMH", "Agency Name": "Department of Health and Mental Hygiene", "Complaint Type": "Rodent", "Descriptor": "Condition Attracting Rodents", "Location Type": "3+ Family Apt. Building", "Incident Zip": 11206, "Incident Address": "360 STOCKTON STREET", "Street Name": "STOCKTON STREET", "Cross Street 1": "LEWIS AVENUE", "Cross Street 2": "BROADWAY", "Intersection Street 1": "LEWIS AVENUE", "Intersection Street 2": "BROADWAY", "Address Type": "ADDRESS", "City": "BROOKLYN", "Landmark": "STOCKTON STREET", "Facility Type": "N/A", "Status": "Closed", "Due Date": null, "Resolution Description": "This service request was closed because the Department of Health and Mental Hygiene received an earlier complaint about the same location.  You can find inspection results for this address by going to the online Rat Portal at www.nyc.gov/rats.", "Resolution Action Updated Date": "09/12/2025 09:07:51 PM", "Community Board": "03 BROOKLYN", "BBL": 3015840004, "Borough": "BROOKLYN", "X Coordinate (State Plane)": 1001578, "Y Coordinate (State Plane)": 193390, "Open Data Channel Type": "MOBILE", "Park Facility Name": "Unspecified", "Park Borough": "BROOKLYN", "Vehicle Type": null, "Taxi Company Borough": null, "Taxi Pick Up Location": null, "Bridge Highway Name": null, "Bridge Highway Direction": null, "Road Ramp": null, "Bridge Highway Segment": null, "Latitude": 40.697470682928376, "Longitude": -73.937509765071582, "Location": "(40.697470682928376, -73.93750976507158)", "Zip Codes": 17213, "Community Districts": 69, "Borough Boundaries": 2, "City Council Districts": 49, "Police Precincts": 52, "Police Precinct": 52 }, "geometry": { "type": "Point", "coordinates": [ -73.937509765071582, 40.697470682928376 ] } },
{ "type": "Feature", "properties": { "Unique Key": 66138601, "Created Date": "09/12/2025 01:44:56 PM", "Closed Date": "09/15/2025 08:00:35 AM", "Agency": "DOHMH", "Agency Name": "Department of Health and Mental Hygiene", "Complaint Type": "Rodent", "Descriptor": "Condition Attracting Rodents", "Location Type": "3+ Family Apt. Building", "Incident Zip": 10452, "Incident Address": "1419 JESUP AVENUE", "Street Name": "JESUP AVENUE", "Cross Street 1": "EDWARD L GRANT HIGHWAY", "Cross Street 2": "JESUP PLACE", "Intersection Street 1": "EDWARD L GRANT HIGHWAY", "Intersection Street 2": "JESUP PLACE", "Address Type": "ADDRESS", "City": "BRONX", "Landmark": "JESUP AVENUE", "Facility Type": "N/A", "Status": "Closed", "Due Date": null, "Resolution Description": "This service request was closed because the Department of Health and Mental Hygiene received an earlier complaint about the same location.  You can find inspection results for this address by going to the online Rat Portal at www.nyc.gov/rats.", "Resolution Action Updated Date": "09/12/2025 01:44:56 PM", "Community Board": "04 BRONX", "BBL": 2028720029, "Borough": "BRONX", "X Coordinate (State Plane)": 1006262, "Y Coordinate (State Plane)": 245924, "Open Data Channel Type": "MOBILE", "Park Facility Name": "Unspecified", "Park Borough": "BRONX", "Vehicle Type": null, "Taxi Company Borough": null, "Taxi Pick Up Location": null, "Bridge Highway Name": null, "Bridge Highway Direction": null, "Road Ramp": null, "Bridge Highway Segment": null, "Latitude": 40.841652336064243, "Longitude": -73.920445732653633, "Location": "(40.84165233606424, -73.92044573265363)", "Zip Codes": 10930, "Community Districts": 50, "Borough Boundaries": 5, "City Council Districts": 42, "Police Precincts": 27, "Police Precinct": 27 }, "geometry": { "type": "Point", "coordinates": [ -73.920445732653633, 40.841652336064243 ] } },
{ "type": "Feature", "properties": { "Unique Key": 66141317, "Created Date": "09/13/2025 01:31:56 PM", "Closed Date": "09/15/2025 01:09:54 PM", "Agency": "DOHMH", "Agency Name": "Department of Health and Mental Hygiene", "Complaint Type": "Rodent", "Descriptor": "Condition Attracting Rodents", "Location Type": "1-2 Family Dwelling", "Incident Zip": 11433, "Incident Address": "109-20 176 STREET", "Street Name": "176 STREET", "Cross Street 1": "109 AVENUE", "Cross Street 2": "110 AVENUE", "Intersection Street 1": "109 AVENUE", "Intersection Street 2": "110 AVENUE", "Address Type": "ADDRESS", "City": "JAMAICA", "Landmark": "176 STREET", "Facility Type": "N/A", "Status": "Closed", "Due Date": null, "Resolution Description": "This service request was closed because the Department of Health and Mental Hygiene received an earlier complaint about the same location.  You can find inspection results for this address by going to the online Rat Portal at www.nyc.gov/rats.", "Resolution Action Updated Date": "09/13/2025 01:31:56 PM", "Community Board": "12 QUEENS", "BBL": 4102670045, "Borough": "QUEENS", "X Coordinate (State Plane)": 1045503, "Y Coordinate (State Plane)": 194027, "Open Data Channel Type": "PHONE", "Park Facility Name": "Unspecified", "Park Borough": "QUEENS", "Vehicle Type": null, "Taxi Company Borough": null, "Taxi Pick Up Location": null, "Bridge Highway Name": null, "Bridge Highway Direction": null, "Road Ramp": null, "Bridge Highway Segment": null, "Latitude": 40.699024074666731, "Longitude": -73.779096994522348, "Location": "(40.69902407466673, -73.77909699452235)", "Zip Codes": 24668, "Community Districts": 41, "Borough Boundaries": 3, "City Council Districts": 6, "Police Precincts": 61, "Police Precinct": 61 }, "geometry": { "type": "Point", "coordinates": [ -73.779096994522348, 40.699024074666731 ] } },
{ "type": "Feature", "properties": { "Unique Key": 66143971, "Created Date": "09/13/2025 07:00:06 PM", "Closed Date": "09/15/2025 08:12:54 AM", "Agency": "DOHMH", "Agency Name": "Department of Health and Mental Hygiene", "Complaint Type": "Rodent", "Descriptor": "Condition Attracting Rodents", "Location Type": "3+ Family Apt. Building", "Incident Zip": 10034, "Incident Address": "98 VERMILYEA AVENUE", "Street Name": "VERMILYEA AVENUE", "Cross Street 1": "WEST 204 STREET", "Cross Street 2": "WEST 207 STREET", "Intersection Street 1": "WEST  204 STREET", "Intersection Street 2": "WEST  207 STREET", "Address Type": "ADDRESS", "City": "NEW YORK", "Landmark": "VERMILYEA AVENUE", "Facility Type": "N/A", "Status": "Closed", "Due Date": null, "Resolution Description": "This service request was closed because the Department of Health and Mental Hygiene received an earlier complaint about the same location.  You can find inspection results for this address by going to the online Rat Portal at www.nyc.gov/rats.", "Resolution Action Updated Date": "09/13/2025 07:00:06 PM", "Community Board": "12 MANHATTAN", "BBL": 1022350041, "Borough": "MANHATTAN", "X Coordinate (State Plane)": 1005763, "Y Coordinate (State Plane)": 254858, "Open Data Channel Type": "MOBILE", "Park Facility Name": "Unspecified", "Park Borough": "MANHATTAN", "Vehicle Type": null, "Taxi Company Borough": null, "Taxi Pick Up Location": null, "Bridge Highway Name": null, "Bridge Highway Direction": null, "Road Ramp": null, "Bridge Highway Segment": null, "Latitude": 40.866174725877798, "Longitude": -73.922220513631999, "Location": "(40.8661747258778, -73.922220513632)", "Zip Codes": 13092, "Community Districts": 47, "Borough Boundaries": 4, "City Council Districts": 39, "Police Precincts": 22, "Police Precinct": 22 }, "geometry": { "type": "Point", "coordinates": [ -73.922220513631999, 40.866174725877798 ] } },
{ "type": "Feature", "properties": { "Unique Key": 66146590, "Created Date": "09/13/2025 02:51:17 PM", "Closed Date": "09/15/2025 01:47:36 PM", "Agency": "DOHMH", "Agency Name": "Department of Health and Mental Hygiene", "Complaint Type": "Rodent", "Descriptor": "Condition Attracting Rodents", "Location Type": "Vacant Building", "Incident Zip": 11215, "Incident Address": "519 2 STREET", "Street Name": "2 STREET", "Cross Street 1": "7 AVENUE", "Cross Street 2": "8 AVENUE", "Intersection Street 1": "7 AVENUE", "Intersection Street 2": "8 AVENUE", "Address Type": "ADDRESS", "City": "BROOKLYN", "Landmark": "2 STREET", "Facility Type": "N/A", "Status": "Closed", "Due Date": null, "Resolution Description": "This service request was closed because the Department of Health and Mental Hygiene received an earlier complaint about the same location.  You can find inspection results for this address by going to the online Rat Portal at www.nyc.gov/rats.", "Resolution Action Updated Date": "09/13/2025 02:51:17 PM", "Community Board": "06 BROOKLYN", "BBL": 3010760065, "Borough": "BROOKLYN", "X Coordinate (State Plane)": 990598, "Y Coordinate (State Plane)": 183620, "Open Data Channel Type": "ONLINE", "Park Facility Name": "Unspecified", "Park Borough": "BROOKLYN", "Vehicle Type": null, "Taxi Company Borough": null, "Taxi Pick Up Location": null, "Bridge Highway Name": null, "Bridge Highway Direction": null, "Road Ramp": null, "Bridge Highway Segment": null, "Latitude": 40.670668951205663, "Longitude": -73.977116310232887, "Location": "(40.67066895120566, -73.97711631023289)", "Zip Codes": 17617, "Community Districts": 14, "Borough Boundaries": 2, "City Council Districts": 27, "Police Precincts": 50, "Police Precinct": 50 }, "geometry": { "type": "Point", "coordinates": [ -73.977116310232887, 40.670668951205663 ] } },
{ "type": "Feature", "properties": { "Unique Key": 66150496, "Created Date": "09/14/2025 12:28:56 PM", "Closed Date": "09/15/2025 07:54:40 AM", "Agency": "DOHMH", "Agency Name": "Department of Health and Mental Hygiene", "Complaint Type": "Rodent", "Descriptor": "Condition Attracting Rodents", "Location Type": "3+ Family Apt. Building", "Incident Zip": 10025, "Incident Address": "216 WEST  108 STREET", "Street Name": "WEST  108 STREET", "Cross Street 1": "AMSTERDAM AVENUE", "Cross Street 2": "BROADWAY", "Intersection Street 1": "AMSTERDAM AVENUE", "Intersection Street 2": "BROADWAY", "Address Type": "ADDRESS", "City": "NEW YORK", "Landmark": "WEST  108 STREET", "Facility Type": "N/A", "Status": "Closed", "Due Date": null, "Resolution Description": "This service request was closed because the Department of Health and Mental Hygiene received an earlier complaint about the same location.  You can find inspection results for this address by going to the online Rat Portal at www.nyc.gov/rats.", "Resolution Action Updated Date": "09/14/2025 12:28:56 PM", "Community Board": "07 MANHATTAN", "BBL": 1018790043, "Borough": "MANHATTAN", "X Coordinate (State Plane)": 993801, "Y Coordinate (State Plane)": 231485, "Open Data Channel Type": "MOBILE", "Park Facility Name": "Unspecified", "Park Borough": "MANHATTAN", "Vehicle Type": null, "Taxi Company Borough": null, "Taxi Pick Up Location": null, "Bridge Highway Name": null, "Bridge Highway Direction": null, "Road Ramp": null, "Bridge Highway Segment": null, "Latitude": 40.802043637428902, "Longitude": -73.96550197184385, "Location": "(40.8020436374289, -73.96550197184385)", "Zip Codes": 12422, "Community Districts": 20, "Borough Boundaries": 4, "City Council Districts": 23, "Police Precincts": 15, "Police Precinct": 15 }, "geometry": { "type": "Point", "coordinates": [ -73.96550197184385, 40.802043637428902 ] } },
{ "type": "Feature", "properties": { "Unique Key": 66213481, "Created Date": "09/19/2025 08:33:34 PM", "Closed Date": "09/19/2025 08:33:34 PM", "Agency": "DOHMH", "Agency Name": "Department of Health and Mental Hygiene", "Complaint Type": "Rodent", "Descriptor": "Condition Attracting Rodents", "Location Type": "Commercial Building", "Incident Zip": 10065, "Incident Address": "402 EAST   65 STREET", "Street Name": "EAST   65 STREET", "Cross Street 1": "1 AVENUE", "Cross Street 2": "YORK AVENUE", "Intersection Street 1": "1 AVENUE", "Intersection Street 2": "YORK AVENUE", "Address Type": "ADDRESS", "City": "NEW YORK", "Landmark": "EAST   65 STREET", "Facility Type": "N/A", "Status": "Closed", "Due Date": null, "Resolution Description": "The Department of Health and Mental Hygiene found violations on the property you reported. Follow-up inspections will be scheduled.", "Resolution Action Updated Date": "09/25/2025 09:05:23 AM", "Community Board": "08 MANHATTAN", "BBL": 1014590001, "Borough": "MANHATTAN", "X Coordinate (State Plane)": 995653, "Y Coordinate (State Plane)": 217329, "Open Data Channel Type": "ONLINE", "Park Facility Name": "Unspecified", "Park Borough": "MANHATTAN", "Vehicle Type": null, "Taxi Company Borough": null, "Taxi Pick Up Location": null, "Bridge Highway Name": null, "Bridge Highway Direction": null, "Road Ramp": null, "Bridge Highway Segment": null, "Latitude": 40.763186986413956, "Longitude": -73.958836611792776, "Location": "(40.763186986413956, -73.95883661179278)", "Zip Codes": 10090, "Community Districts": 23, "Borough Boundaries": 4, "City Council Districts": 1, "Police Precincts": 11, "Police Precinct": 11 }, "geometry": { "type": "Point", "coordinates": [ -73.958836611792776, 40.763186986413956 ] } },
{ "type": "Feature", "properties": { "Unique Key": 66213482, "Created Date": "09/19/2025 09:20:46 AM", "Closed Date": null, "Agency": "DOHMH", "Agency Name": "Department of Health and Mental Hygiene", "Complaint Type": "Rodent", "Descriptor": "Condition Attracting Rodents", "Location Type": "Sidewalk", "Incident Zip": 10019, "Incident Address": "520 WEST   56 STREET", "Street Name": "WEST   56 STREET", "Cross Street 1": "10 AVENUE", "Cross Street 2": "11 AVENUE", "Intersection Street 1": "10 AVENUE", "Intersection Street 2": "11 AVENUE", "Address Type": "ADDRESS", "City": "NEW YORK", "Landmark": "WEST   56 STREET", "Facility Type": null, "Status": "In Progress", "Due Date": null, "Resolution Description": null, "Resolution Action Updated Date": null, "Community Board": "04 MANHATTAN", "BBL": 1010840009, "Borough": "MANHATTAN", "X Coordinate (State Plane)": 987042, "Y Coordinate (State Plane)": 219370, "Open Data Channel Type": "ONLINE", "Park Facility Name": "Unspecified", "Park Borough": "MANHATTAN", "Vehicle Type": null, "Taxi Company Borough": null, "Taxi Pick Up Location": null, "Bridge Highway Name": null, "Bridge Highway Direction": null, "Road Ramp": null, "Bridge Highway Segment": null, "Latitude": 40.768795916245566, "Longitude": -73.989920384531843, "Location": "(40.768795916245566, -73.98992038453184)", "Zip Codes": 12081, "Community Districts": 12, "Borough Boundaries": 4, "City Council Districts": 19, "Police Precincts": 10, "Police Precinct": 10 }, "geometry": { "type": "Point", "coordinates": [ -73.989920384531843, 40.768795916245566 ] } },
{ "type": "Feature", "properties": { "Unique Key": 66153955, "Created Date": "09/14/2025 06:21:17 PM", "Closed Date": "09/15/2025 08:06:37 AM", "Agency": "DOHMH", "Agency Name": "Department of Health and Mental Hygiene", "Complaint Type": "Rodent", "Descriptor": "Condition Attracting Rodents", "Location Type": "3+ Family Apt. Building", "Incident Zip": 10027, "Incident Address": "301 ST NICHOLAS AVENUE", "Street Name": "ST NICHOLAS AVENUE", "Cross Street 1": "WEST 125 STREET", "Cross Street 2": "WEST 126 STREET", "Intersection Street 1": "WEST  125 STREET", "Intersection Street 2": "WEST  126 STREET", "Address Type": "ADDRESS", "City": "NEW YORK", "Landmark": "ST NICHOLAS AVENUE", "Facility Type": "N/A", "Status": "Closed", "Due Date": null, "Resolution Description": "This service request was closed because the Department of Health and Mental Hygiene received an earlier complaint about the same location.  You can find inspection results for this address by going to the online Rat Portal at www.nyc.gov/rats.", "Resolution Action Updated Date": "09/14/2025 06:21:17 PM", "Community Board": "09 MANHATTAN", "BBL": 1019520011, "Borough": "MANHATTAN", "X Coordinate (State Plane)": 997392, "Y Coordinate (State Plane)": 234703, "Open Data Channel Type": "ONLINE", "Park Facility Name": "Unspecified", "Park Borough": "MANHATTAN", "Vehicle Type": null, "Taxi Company Borough": null, "Taxi Pick Up Location": null, "Bridge Highway Name": null, "Bridge Highway Direction": null, "Road Ramp": null, "Bridge Highway Segment": null, "Latitude": 40.810871546946721, "Longitude": -73.952525051666029, "Location": "(40.81087154694672, -73.95252505166603)", "Zip Codes": 12424, "Community Districts": 37, "Borough Boundaries": 4, "City Council Districts": 36, "Police Precincts": 17, "Police Precinct": 17 }, "geometry": { "type": "Point", "coordinates": [ -73.952525051666029, 40.810871546946721 ] } },
{ "type": "Feature", "properties": { "Unique Key": 66213487, "Created Date": "09/19/2025 04:37:11 PM", "Closed Date": null, "Agency": "DOHMH", "Agency Name": "Department of Health and Mental Hygiene", "Complaint Type": "Rodent", "Descriptor": "Condition Attracting Rodents", "Location Type": "1-2 Family Dwelling", "Incident Zip": 10312, "Incident Address": "80 GROTON STREET", "Street Name": "GROTON STREET", "Cross Street 1": "TENNYSON DRIVE", "Cross Street 2": "HYLAN BOULEVARD", "Intersection Street 1": "TENNYSON DRIVE", "Intersection Street 2": "HYLAN BOULEVARD", "Address Type": "ADDRESS", "City": "STATEN ISLAND", "Landmark": "GROTON STREET", "Facility Type": null, "Status": "In Progress", "Due Date": null, "Resolution Description": null, "Resolution Action Updated Date": null, "Community Board": "03 STATEN ISLAND", "BBL": 5053170017, "Borough": "STATEN ISLAND", "X Coordinate (State Plane)": 942533, "Y Coordinate (State Plane)": 134672, "Open Data Channel Type": "PHONE", "Park Facility Name": "Unspecified", "Park Borough": "STATEN ISLAND", "Vehicle Type": null, "Taxi Company Borough": null, "Taxi Pick Up Location": null, "Bridge Highway Name": null, "Bridge Highway Direction": null, "Road Ramp": null, "Bridge Highway Segment": null, "Latitude": 40.536220870061129, "Longitude": -74.15008173751329, "Location": "(40.53622087006113, -74.15008173751329)", "Zip Codes": 10699, "Community Districts": 15, "Borough Boundaries": 1, "City Council Districts": 9, "Police Precincts": 76, "Police Precinct": 76 }, "geometry": { "type": "Point", "coordinates": [ -74.15008173751329, 40.536220870061129 ] } },
{ "type": "Feature", "properties": { "Unique Key": 66158772, "Created Date": "09/14/2025 02:14:19 PM", "Closed Date": "09/15/2025 10:00:11 AM", "Agency": "DOHMH", "Agency Name": "Department of Health and Mental Hygiene", "Complaint Type": "Rodent", "Descriptor": "Condition Attracting Rodents", "Location Type": "1-2 Family Dwelling", "Incident Zip": 10462, "Incident Address": "2326 GLEASON AVENUE", "Street Name": "GLEASON AVENUE", "Cross Street 1": "HAVEMEYER AVENUE", "Cross Street 2": "ZEREGA AVENUE", "Intersection Street 1": "HAVEMEYER AVENUE", "Intersection Street 2": "ZEREGA AVENUE", "Address Type": "ADDRESS", "City": "BRONX", "Landmark": "GLEASON AVENUE", "Facility Type": "N/A", "Status": "Closed", "Due Date": null, "Resolution Description": "This service request was closed because the Department of Health and Mental Hygiene received an earlier complaint about the same location.  You can find inspection results for this address by going to the online Rat Portal at www.nyc.gov/rats.", "Resolution Action Updated Date": "09/14/2025 02:14:19 PM", "Community Board": "09 BRONX", "BBL": 2038290020, "Borough": "BRONX", "X Coordinate (State Plane)": 1026604, "Y Coordinate (State Plane)": 242605, "Open Data Channel Type": "ONLINE", "Park Facility Name": "Unspecified", "Park Borough": "BRONX", "Vehicle Type": null, "Taxi Company Borough": null, "Taxi Pick Up Location": null, "Bridge Highway Name": null, "Bridge Highway Direction": null, "Road Ramp": null, "Bridge Highway Segment": null, "Latitude": 40.832468520582381, "Longitude": -73.846948137426679, "Location": "(40.83246852058238, -73.84694813742668)", "Zip Codes": 11271, "Community Districts": 58, "Borough Boundaries": 5, "City Council Districts": 31, "Police Precincts": 26, "Police Precinct": 26 }, "geometry": { "type": "Point", "coordinates": [ -73.846948137426679, 40.832468520582381 ] } },
{ "type": "Feature", "properties": { "Unique Key": 66161427, "Created Date": "09/15/2025 02:03:45 AM", "Closed Date": "09/15/2025 11:08:25 AM", "Agency": "DOHMH", "Agency Name": "Department of Health and Mental Hygiene", "Complaint Type": "Rodent", "Descriptor": "Condition Attracting Rodents", "Location Type": "3+ Family Mixed Use Building", "Incident Zip": 11435, "Incident Address": "147-40 ARCHER AVENUE", "Street Name": "ARCHER AVENUE", "Cross Street 1": "147 PLACE", "Cross Street 2": "148 STREET", "Intersection Street 1": "147 PLACE", "Intersection Street 2": "148 STREET", "Address Type": "ADDRESS", "City": "JAMAICA", "Landmark": "ARCHER AVENUE", "Facility Type": "N/A", "Status": "Closed", "Due Date": null, "Resolution Description": "This service request was closed because the Department of Health and Mental Hygiene received an earlier complaint about the same location.  You can find inspection results for this address by going to the online Rat Portal at www.nyc.gov/rats.", "Resolution Action Updated Date": "09/15/2025 02:03:45 AM", "Community Board": "12 QUEENS", "BBL": 4099987501, "Borough": "QUEENS", "X Coordinate (State Plane)": 1037889, "Y Coordinate (State Plane)": 194669, "Open Data Channel Type": "PHONE", "Park Facility Name": "Unspecified", "Park Borough": "QUEENS", "Vehicle Type": null, "Taxi Company Borough": null, "Taxi Pick Up Location": null, "Bridge Highway Name": null, "Bridge Highway Direction": null, "Road Ramp": null, "Bridge Highway Segment": null, "Latitude": 40.700835637070725, "Longitude": -73.806550938558289, "Location": "(40.700835637070725, -73.80655093855829)", "Zip Codes": 24670, "Community Districts": 41, "Borough Boundaries": 3, "City Council Districts": 6, "Police Precincts": 61, "Police Precinct": 61 }, "geometry": { "type": "Point", "coordinates": [ -73.806550938558289, 40.700835637070725 ] } },
{ "type": "Feature", "properties": { "Unique Key": 66162830, "Created Date": "09/15/2025 08:07:37 AM", "Closed Date": "09/15/2025 08:50:13 AM", "Agency": "DOHMH", "Agency Name": "Department of Health and Mental Hygiene", "Complaint Type": "Rodent", "Descriptor": "Condition Attracting Rodents", "Location Type": "3+ Family Apt. Building", "Incident Zip": 10026, "Incident Address": "141 WEST  113 STREET", "Street Name": "WEST  113 STREET", "Cross Street 1": "ST NICHOLAS AVENUE", "Cross Street 2": "ADAM CLAYTON POWELL JR BOULEVARD", "Intersection Street 1": "ST NICHOLAS AVENUE", "Intersection Street 2": "ADAM CLAYTON POWELL JR BOULEVARD", "Address Type": "ADDRESS", "City": "NEW YORK", "Landmark": "WEST  113 STREET", "Facility Type": "N/A", "Status": "Closed", "Due Date": null, "Resolution Description": "This service request was closed because the Department of Health and Mental Hygiene received an earlier complaint about the same location.  You can find inspection results for this address by going to the online Rat Portal at www.nyc.gov/rats.", "Resolution Action Updated Date": "09/15/2025 08:07:37 AM", "Community Board": "10 MANHATTAN", "BBL": 1018230007, "Borough": "MANHATTAN", "X Coordinate (State Plane)": 997289, "Y Coordinate (State Plane)": 231056, "Open Data Channel Type": "MOBILE", "Park Facility Name": "Unspecified", "Park Borough": "MANHATTAN", "Vehicle Type": null, "Taxi Company Borough": null, "Taxi Pick Up Location": null, "Bridge Highway Name": null, "Bridge Highway Direction": null, "Road Ramp": null, "Bridge Highway Segment": null, "Latitude": 40.800861691223524, "Longitude": -73.952904218180834, "Location": "(40.800861691223524, -73.95290421818083)", "Zip Codes": 12423, "Community Districts": 18, "Borough Boundaries": 4, "City Council Districts": 36, "Police Precincts": 18, "Police Precinct": 18 }, "geometry": { "type": "Point", "coordinates": [ -73.952904218180834, 40.800861691223524 ] } },
{ "type": "Feature", "properties": { "Unique Key": 66168400, "Created Date": "09/15/2025 08:51:05 AM", "Closed Date": "09/15/2025 03:13:56 PM", "Agency": "DOHMH", "Agency Name": "Department of Health and Mental Hygiene", "Complaint Type": "Rodent", "Descriptor": "Condition Attracting Rodents", "Location Type": "3+ Family Apt. Building", "Incident Zip": 11233, "Incident Address": "33 BUFFALO AVENUE", "Street Name": "BUFFALO AVENUE", "Cross Street 1": "HERKIMER STREET", "Cross Street 2": "ATLANTIC AVENUE", "Intersection Street 1": "HERKIMER STREET", "Intersection Street 2": "ATLANTIC AVENUE", "Address Type": "ADDRESS", "City": "BROOKLYN", "Landmark": "BUFFALO AVENUE", "Facility Type": "N/A", "Status": "Closed", "Due Date": null, "Resolution Description": "This service request was closed because the Department of Health and Mental Hygiene received an earlier complaint about the same location.  You can find inspection results for this address by going to the online Rat Portal at www.nyc.gov/rats.", "Resolution Action Updated Date": "09/15/2025 08:51:05 AM", "Community Board": "03 BROOKLYN", "BBL": 3017120011, "Borough": "BROOKLYN", "X Coordinate (State Plane)": 1005137, "Y Coordinate (State Plane)": 186233, "Open Data Channel Type": "PHONE", "Park Facility Name": "Unspecified", "Park Borough": "BROOKLYN", "Vehicle Type": null, "Taxi Company Borough": null, "Taxi Pick Up Location": null, "Bridge Highway Name": null, "Bridge Highway Direction": null, "Road Ramp": null, "Bridge Highway Segment": null, "Latitude": 40.677818682567739, "Longitude": -73.924697081897634, "Location": "(40.67781868256774, -73.92469708189763)", "Zip Codes": 13516, "Community Districts": 69, "Borough Boundaries": 2, "City Council Districts": 17, "Police Precincts": 52, "Police Precinct": 52 }, "geometry": { "type": "Point", "coordinates": [ -73.924697081897634, 40.677818682567739 ] } },
{ "type": "Feature", "properties": { "Unique Key": 66171393, "Created Date": "09/16/2025 10:12:48 PM", "Closed Date": "09/17/2025 07:48:10 AM", "Agency": "DOHMH", "Agency Name": "Department of Health and Mental Hygiene", "Complaint Type": "Rodent", "Descriptor": "Condition Attracting Rodents", "Location Type": "Sidewalk", "Incident Zip": 10026, "Incident Address": "278 WEST  115 STREET", "Street Name": "WEST  115 STREET", "Cross Street 1": "ADAM CLAYTON POWELL JR BOULEVARD", "Cross Street 2": "FREDERICK DOUGLASS BOULEVARD", "Intersection Street 1": "ADAM CLAYTON POWELL JR BOULEVARD", "Intersection Street 2": "FREDERICK DOUGLASS BOULEVARD", "Address Type": "ADDRESS", "City": "NEW YORK", "Landmark": "WEST  115 STREET", "Facility Type": "N/A", "Status": "Closed", "Due Date": null, "Resolution Description": "This service request was closed because the Department of Health and Mental Hygiene received an earlier complaint about the same location.  You can find inspection results for this address by going to the online Rat Portal at www.nyc.gov/rats.", "Resolution Action Updated Date": "09/16/2025 10:12:48 PM", "Community Board": "10 MANHATTAN", "BBL": 1018300060, "Borough": "MANHATTAN", "X Coordinate (State Plane)": 996587, "Y Coordinate (State Plane)": 232037, "Open Data Channel Type": "ONLINE", "Park Facility Name": "Unspecified", "Park Borough": "MANHATTAN", "Vehicle Type": null, "Taxi Company Borough": null, "Taxi Pick Up Location": null, "Bridge Highway Name": null, "Bridge Highway Direction": null, "Road Ramp": null, "Bridge Highway Segment": null, "Latitude": 40.8035552751005, "Longitude": -73.955437980728092, "Location": "(40.8035552751005, -73.95543798072809)", "Zip Codes": 12423, "Community Districts": 18, "Borough Boundaries": 4, "City Council Districts": 36, "Police Precincts": 18, "Police Precinct": 18 }, "geometry": { "type": "Point", "coordinates": [ -73.955437980728092, 40.8035552751005 ] } },
{ "type": "Feature", "properties": { "Unique Key": 66179112, "Created Date": "09/16/2025 09:51:28 AM", "Closed Date": "09/17/2025 10:41:06 AM", "Agency": "DOHMH", "Agency Name": "Department of Health and Mental Hygiene", "Complaint Type": "Rodent", "Descriptor": "Condition Attracting Rodents", "Location Type": "Other (Explain Below)", "Incident Zip": 10024, "Incident Address": "589 AMSTERDAM AVENUE", "Street Name": "AMSTERDAM AVENUE", "Cross Street 1": "WEST 88 STREET", "Cross Street 2": "WEST 89 STREET", "Intersection Street 1": "WEST   88 STREET", "Intersection Street 2": "WEST   89 STREET", "Address Type": "ADDRESS", "City": "NEW YORK", "Landmark": "AMSTERDAM AVENUE", "Facility Type": "N/A", "Status": "Closed", "Due Date": null, "Resolution Description": "This service request was closed because the Department of Health and Mental Hygiene received an earlier complaint about the same location.  You can find inspection results for this address by going to the online Rat Portal at www.nyc.gov/rats.", "Resolution Action Updated Date": "09/16/2025 09:51:28 AM", "Community Board": "07 MANHATTAN", "BBL": 1012190001, "Borough": "MANHATTAN", "X Coordinate (State Plane)": 991491, "Y Coordinate (State Plane)": 226827, "Open Data Channel Type": "ONLINE", "Park Facility Name": "Unspecified", "Park Borough": "MANHATTAN", "Vehicle Type": null, "Taxi Company Borough": null, "Taxi Pick Up Location": null, "Bridge Highway Name": null, "Bridge Highway Direction": null, "Road Ramp": null, "Bridge Highway Segment": null, "Latitude": 40.789260886149705, "Longitude": -73.973850669248591, "Location": "(40.789260886149705, -73.97385066924859)", "Zip Codes": 12421, "Community Districts": 20, "Borough Boundaries": 4, "City Council Districts": 19, "Police Precincts": 15, "Police Precinct": 15 }, "geometry": { "type": "Point", "coordinates": [ -73.973850669248591, 40.789260886149705 ] } },
{ "type": "Feature", "properties": { "Unique Key": 66196822, "Created Date": "09/19/2025 12:52:57 AM", "Closed Date": null, "Agency": "DOHMH", "Agency Name": "Department of Health and Mental Hygiene", "Complaint Type": "Rodent", "Descriptor": "Condition Attracting Rodents", "Location Type": "1-2 Family Mixed Use Building", "Incident Zip": 11432, "Incident Address": "175-23 JAMAICA AVENUE", "Street Name": "JAMAICA AVENUE", "Cross Street 1": "176 STREET", "Cross Street 2": "176 STREET", "Intersection Street 1": "176 STREET", "Intersection Street 2": "176 STREET", "Address Type": "ADDRESS", "City": "JAMAICA", "Landmark": "JAMAICA AVENUE", "Facility Type": null, "Status": "In Progress", "Due Date": null, "Resolution Description": null, "Resolution Action Updated Date": null, "Community Board": "12 QUEENS", "BBL": 4098110005, "Borough": "QUEENS", "X Coordinate (State Plane)": 1043937, "Y Coordinate (State Plane)": 197272, "Open Data Channel Type": "ONLINE", "Park Facility Name": "Unspecified", "Park Borough": "QUEENS", "Vehicle Type": null, "Taxi Company Borough": null, "Taxi Pick Up Location": null, "Bridge Highway Name": null, "Bridge Highway Direction": null, "Road Ramp": null, "Bridge Highway Segment": null, "Latitude": 40.707941511404002, "Longitude": -73.78471583726305, "Location": "(40.707941511404, -73.78471583726305)", "Zip Codes": 24668, "Community Districts": 41, "Borough Boundaries": 3, "City Council Districts": 6, "Police Precincts": 61, "Police Precinct": 61 }, "geometry": { "type": "Point", "coordinates": [ -73.78471583726305, 40.707941511404002 ] } },
{ "type": "Feature", "properties": { "Unique Key": 66198175, "Created Date": "09/18/2025 10:52:49 PM", "Closed Date": "09/18/2025 10:52:49 PM", "Agency": "DOHMH", "Agency Name": "Department of Health and Mental Hygiene", "Complaint Type": "Rodent", "Descriptor": "Condition Attracting Rodents", "Location Type": "3+ Family Apt. Building", "Incident Zip": 10031, "Incident Address": "1492 AMSTERDAM AVENUE", "Street Name": "AMSTERDAM AVENUE", "Cross Street 1": "WEST 133 STREET", "Cross Street 2": "WEST 134 STREET", "Intersection Street 1": "WEST  133 STREET", "Intersection Street 2": "WEST  134 STREET", "Address Type": "ADDRESS", "City": "NEW YORK", "Landmark": "AMSTERDAM AVENUE", "Facility Type": "N/A", "Status": "Closed", "Due Date": null, "Resolution Description": "The Department of Health and Mental Hygiene found violations on the property you reported. Follow-up inspections will be scheduled.", "Resolution Action Updated Date": "09/25/2025 11:08:37 AM", "Community Board": "09 MANHATTAN", "BBL": 1019870034, "Borough": "MANHATTAN", "X Coordinate (State Plane)": 997290, "Y Coordinate (State Plane)": 237308, "Open Data Channel Type": "PHONE", "Park Facility Name": "Unspecified", "Park Borough": "MANHATTAN", "Vehicle Type": null, "Taxi Company Borough": null, "Taxi Pick Up Location": null, "Bridge Highway Name": null, "Bridge Highway Direction": null, "Road Ramp": null, "Bridge Highway Segment": null, "Latitude": 40.818021694125775, "Longitude": -73.952888461375366, "Location": "(40.818021694125775, -73.95288846137537)", "Zip Codes": 12428, "Community Districts": 37, "Borough Boundaries": 4, "City Council Districts": 23, "Police Precincts": 19, "Police Precinct": 19 }, "geometry": { "type": "Point", "coordinates": [ -73.952888461375366, 40.818021694125775 ] } },
{ "type": "Feature", "properties": { "Unique Key": 66204919, "Created Date": "09/19/2025 09:49:46 AM", "Closed Date": "09/19/2025 09:49:46 AM", "Agency": "DOHMH", "Agency Name": "Department of Health and Mental Hygiene", "Complaint Type": "Rodent", "Descriptor": "Condition Attracting Rodents", "Location Type": "1-2 Family Dwelling", "Incident Zip": 11208, "Incident Address": "708 CLEVELAND STREET", "Street Name": "CLEVELAND STREET", "Cross Street 1": "DUMONT AVENUE", "Cross Street 2": "LIVONIA AVENUE", "Intersection Street 1": "DUMONT AVENUE", "Intersection Street 2": "LIVONIA AVENUE", "Address Type": "ADDRESS", "City": "BROOKLYN", "Landmark": "CLEVELAND STREET", "Facility Type": "N/A", "Status": "Closed", "Due Date": null, "Resolution Description": "The Department of Health and Mental Hygiene inspected the property you reported and did not find any violations at the time of the inspection. The property passed inspection.", "Resolution Action Updated Date": "09/25/2025 12:45:32 PM", "Community Board": "05 BROOKLYN", "BBL": 3040800044, "Borough": "BROOKLYN", "X Coordinate (State Plane)": 1016833, "Y Coordinate (State Plane)": 182333, "Open Data Channel Type": "PHONE", "Park Facility Name": "Unspecified", "Park Borough": "BROOKLYN", "Vehicle Type": null, "Taxi Company Borough": null, "Taxi Pick Up Location": null, "Bridge Highway Name": null, "Bridge Highway Direction": null, "Road Ramp": null, "Bridge Highway Segment": null, "Latitude": 40.667078742945058, "Longitude": -73.882548937416928, "Location": "(40.66707874294506, -73.88254893741693)", "Zip Codes": 17215, "Community Districts": 45, "Borough Boundaries": 2, "City Council Districts": 25, "Police Precincts": 47, "Police Precinct": 47 }, "geometry": { "type": "Point", "coordinates": [ -73.882548937416928, 40.667078742945058 ] } },
{ "type": "Feature", "properties": { "Unique Key": 66206321, "Created Date": "09/19/2025 11:26:24 AM", "Closed Date": null, "Agency": "DOHMH", "Agency Name": "Department of Health and Mental Hygiene", "Complaint Type": "Rodent", "Descriptor": "Condition Attracting Rodents", "Location Type": "1-2 Family Dwelling", "Incident Zip": 10473, "Incident Address": "2154 BRUCKNER BOULEVARD", "Street Name": "BRUCKNER BOULEVARD", "Cross Street 1": "OLMSTEAD AVENUE", "Cross Street 2": "CASTLE HILL AVENUE", "Intersection Street 1": "OLMSTEAD AVENUE", "Intersection Street 2": "CASTLE HILL AVENUE", "Address Type": "ADDRESS", "City": "BRONX", "Landmark": "BRUCKNER BOULEVARD", "Facility Type": null, "Status": "In Progress", "Due Date": null, "Resolution Description": null, "Resolution Action Updated Date": null, "Community Board": "09 BRONX", "BBL": 2036880036, "Borough": "BRONX", "X Coordinate (State Plane)": 1025407, "Y Coordinate (State Plane)": 240500, "Open Data Channel Type": "PHONE", "Park Facility Name": "Unspecified", "Park Borough": "BRONX", "Vehicle Type": null, "Taxi Company Borough": null, "Taxi Pick Up Location": null, "Bridge Highway Name": null, "Bridge Highway Direction": null, "Road Ramp": null, "Bridge Highway Segment": null, "Latitude": 40.826696565826197, "Longitude": -73.851286562970884, "Location": "(40.8266965658262, -73.85128656297088)", "Zip Codes": 11611, "Community Districts": 58, "Borough Boundaries": 5, "City Council Districts": 31, "Police Precincts": 26, "Police Precinct": 26 }, "geometry": { "type": "Point", "coordinates": [ -73.851286562970884, 40.826696565826197 ] } },
{ "type": "Feature", "properties": { "Unique Key": 66209223, "Created Date": "09/19/2025 10:49:56 AM", "Closed Date": null, "Agency": "DOHMH", "Agency Name": "Department of Health and Mental Hygiene", "Complaint Type": "Rodent", "Descriptor": "Condition Attracting Rodents", "Location Type": "Commercial Building", "Incident Zip": 11101, "Incident Address": "39-31 29 STREET", "Street Name": "29 STREET", "Cross Street 1": "39 AVENUE", "Cross Street 2": "40 AVENUE", "Intersection Street 1": "39 AVENUE", "Intersection Street 2": "40 AVENUE", "Address Type": "ADDRESS", "City": "LONG ISLAND CITY", "Landmark": "29 STREET", "Facility Type": null, "Status": "In Progress", "Due Date": null, "Resolution Description": null, "Resolution Action Updated Date": null, "Community Board": "01 QUEENS", "BBL": 4003990007, "Borough": "QUEENS", "X Coordinate (State Plane)": 1002293, "Y Coordinate (State Plane)": 213646, "Open Data Channel Type": "PHONE", "Park Facility Name": "Unspecified", "Park Borough": "QUEENS", "Vehicle Type": null, "Taxi Company Borough": null, "Taxi Pick Up Location": null, "Bridge Highway Name": null, "Bridge Highway Direction": null, "Road Ramp": null, "Bridge Highway Segment": null, "Latitude": 40.753067037627495, "Longitude": -73.934876942681441, "Location": "(40.753067037627495, -73.93487694268144)", "Zip Codes": 16858, "Community Districts": 39, "Borough Boundaries": 3, "City Council Districts": 33, "Police Precincts": 72, "Police Precinct": 72 }, "geometry": { "type": "Point", "coordinates": [ -73.934876942681441, 40.753067037627495 ] } },
{ "type": "Feature", "properties": { "Unique Key": 66210639, "Created Date": "09/19/2025 02:38:28 PM", "Closed Date": null, "Agency": "DOHMH", "Agency Name": "Department of Health and Mental Hygiene", "Complaint Type": "Rodent", "Descriptor": "Condition Attracting Rodents", "Location Type": "1-2 Family Dwelling", "Incident Zip": 11419, "Incident Address": "105-12 VAN WYCK EXPRESSWAY", "Street Name": "VAN WYCK EXPRESSWAY", "Cross Street 1": "105 AVENUE", "Cross Street 2": "VAN WYCK EXPWY SB EN LIBERTY AVE", "Intersection Street 1": "105 AVENUE", "Intersection Street 2": "VAN WYCK EXPWY SB EN LIBERTY AVE", "Address Type": "ADDRESS", "City": "SOUTH RICHMOND HILL", "Landmark": "VAN WYCK EXPRESSWAY SR WEST", "Facility Type": null, "Status": "In Progress", "Due Date": null, "Resolution Description": null, "Resolution Action Updated Date": null, "Community Board": "10 QUEENS", "BBL": 4095950004, "Borough": "QUEENS", "X Coordinate (State Plane)": 1036904, "Y Coordinate (State Plane)": 190832, "Open Data Channel Type": "PHONE", "Park Facility Name": "Unspecified", "Park Borough": "QUEENS", "Vehicle Type": null, "Taxi Company Borough": null, "Taxi Pick Up Location": null, "Bridge Highway Name": null, "Bridge Highway Direction": null, "Road Ramp": null, "Bridge Highway Segment": null, "Latitude": 40.690309903252349, "Longitude": -73.810133324045225, "Location": "(40.69030990325235, -73.81013332404522)", "Zip Codes": 24015, "Community Districts": 62, "Borough Boundaries": 3, "City Council Districts": 46, "Police Precincts": 64, "Police Precinct": 64 }, "geometry": { "type": "Point", "coordinates": [ -73.810133324045225, 40.690309903252349 ] } },
{ "type": "Feature", "properties": { "Unique Key": 66210640, "Created Date": "09/19/2025 02:35:48 PM", "Closed Date": null, "Agency": "DOHMH", "Agency Name": "Department of Health and Mental Hygiene", "Complaint Type": "Rodent", "Descriptor": "Condition Attracting Rodents", "Location Type": "1-2 Family Dwelling", "Incident Zip": 11419, "Incident Address": "105-14 VAN WYCK EXPRESSWAY", "Street Name": "VAN WYCK EXPRESSWAY", "Cross Street 1": "105 AVENUE", "Cross Street 2": "VAN WYCK EXPWY SB EN LIBERTY AVE", "Intersection Street 1": "105 AVENUE", "Intersection Street 2": "VAN WYCK EXPWY SB EN LIBERTY AVE", "Address Type": "ADDRESS", "City": "SOUTH RICHMOND HILL", "Landmark": "VAN WYCK EXPRESSWAY SR WEST", "Facility Type": null, "Status": "In Progress", "Due Date": null, "Resolution Description": null, "Resolution Action Updated Date": null, "Community Board": "10 QUEENS", "BBL": 4095950006, "Borough": "QUEENS", "X Coordinate (State Plane)": 1036911, "Y Coordinate (State Plane)": 190815, "Open Data Channel Type": "PHONE", "Park Facility Name": "Unspecified", "Park Borough": "QUEENS", "Vehicle Type": null, "Taxi Company Borough": null, "Taxi Pick Up Location": null, "Bridge Highway Name": null, "Bridge Highway Direction": null, "Road Ramp": null, "Bridge Highway Segment": null, "Latitude": 40.690263200629239, "Longitude": -73.810108215495958, "Location": "(40.69026320062924, -73.81010821549596)", "Zip Codes": 24015, "Community Districts": 62, "Borough Boundaries": 3, "City Council Districts": 46, "Police Precincts": 64, "Police Precinct": 64 }, "geometry": { "type": "Point", "coordinates": [ -73.810108215495958, 40.690263200629239 ] } },
{ "type": "Feature", "properties": { "Unique Key": 66210652, "Created Date": "09/19/2025 04:14:45 PM", "Closed Date": null, "Agency": "DOHMH", "Agency Name": "Department of Health and Mental Hygiene", "Complaint Type": "Rodent", "Descriptor": "Condition Attracting Rodents", "Location Type": "1-2 Family Mixed Use Building", "Incident Zip": 11204, "Incident Address": "123 AVENUE P", "Street Name": "AVENUE P", "Cross Street 1": "WEST   11 STREET", "Cross Street 2": "WEST   10 STREET", "Intersection Street 1": "WEST   11 STREET", "Intersection Street 2": "WEST   10 STREET", "Address Type": "ADDRESS", "City": "BROOKLYN", "Landmark": "AVENUE P", "Facility Type": null, "Status": "In Progress", "Due Date": null, "Resolution Description": null, "Resolution Action Updated Date": null, "Community Board": "11 BROOKLYN", "BBL": 3065960044, "Borough": "BROOKLYN", "X Coordinate (State Plane)": 988766, "Y Coordinate (State Plane)": 160657, "Open Data Channel Type": "PHONE", "Park Facility Name": "Unspecified", "Park Borough": "BROOKLYN", "Vehicle Type": null, "Taxi Company Borough": null, "Taxi Pick Up Location": null, "Bridge Highway Name": null, "Bridge Highway Direction": null, "Road Ramp": null, "Bridge Highway Segment": null, "Latitude": 40.607641553754775, "Longitude": -73.983735794195098, "Location": "(40.607641553754775, -73.9837357941951)", "Zip Codes": 16867, "Community Districts": 1, "Borough Boundaries": 2, "City Council Districts": 18, "Police Precincts": 37, "Police Precinct": 37 }, "geometry": { "type": "Point", "coordinates": [ -73.983735794195098, 40.607641553754775 ] } },
{ "type": "Feature", "properties": { "Unique Key": 66212056, "Created Date": "09/19/2025 06:55:40 AM", "Closed Date": null, "Agency": "DOHMH", "Agency Name": "Department of Health and Mental Hygiene", "Complaint Type": "Rodent", "Descriptor": "Condition Attracting Rodents", "Location Type": "1-2 Family Dwelling", "Incident Zip": 11229, "Incident Address": "2414 KINGS HIGHWAY", "Street Name": "KINGS HIGHWAY", "Cross Street 1": "EAST   24 STREET", "Cross Street 2": "BEDFORD AVENUE", "Intersection Street 1": "EAST   24 STREET", "Intersection Street 2": "BEDFORD AVENUE", "Address Type": "ADDRESS", "City": "BROOKLYN", "Landmark": "KINGS HIGHWAY", "Facility Type": null, "Status": "In Progress", "Due Date": null, "Resolution Description": null, "Resolution Action Updated Date": null, "Community Board": "15 BROOKLYN", "BBL": 3067710060, "Borough": "BROOKLYN", "X Coordinate (State Plane)": 998204, "Y Coordinate (State Plane)": 162428, "Open Data Channel Type": "ONLINE", "Park Facility Name": "Unspecified", "Park Borough": "BROOKLYN", "Vehicle Type": null, "Taxi Company Borough": null, "Taxi Pick Up Location": null, "Bridge Highway Name": null, "Bridge Highway Direction": null, "Road Ramp": null, "Bridge Highway Segment": null, "Latitude": 40.612492748312448, "Longitude": -73.94974153418886, "Location": "(40.61249274831245, -73.94974153418886)", "Zip Codes": 13512, "Community Districts": 32, "Borough Boundaries": 2, "City Council Districts": 15, "Police Precincts": 36, "Police Precinct": 36 }, "geometry": { "type": "Point", "coordinates": [ -73.94974153418886, 40.612492748312448 ] } },
{ "type": "Feature", "properties": { "Unique Key": 66221922, "Created Date": "09/20/2025 09:45:09 PM", "Closed Date": null, "Agency": "DOHMH", "Agency Name": "Department of Health and Mental Hygiene", "Complaint Type": "Rodent", "Descriptor": "Condition Attracting Rodents", "Location Type": "1-2 Family Dwelling", "Incident Zip": 11214, "Incident Address": "2445 BENSON AVENUE", "Street Name": "BENSON AVENUE", "Cross Street 1": "BAY   37 STREET", "Cross Street 2": "BAY   38 STREET", "Intersection Street 1": "BAY   37 STREET", "Intersection Street 2": "BAY   38 STREET", "Address Type": "ADDRESS", "City": "BROOKLYN", "Landmark": "BENSON AVENUE", "Facility Type": null, "Status": "In Progress", "Due Date": null, "Resolution Description": null, "Resolution Action Updated Date": null, "Community Board": "11 BROOKLYN", "BBL": 3068650001, "Borough": "BROOKLYN", "X Coordinate (State Plane)": 987068, "Y Coordinate (State Plane)": 156696, "Open Data Channel Type": "PHONE", "Park Facility Name": "Unspecified", "Park Borough": "BROOKLYN", "Vehicle Type": null, "Taxi Company Borough": null, "Taxi Pick Up Location": null, "Bridge Highway Name": null, "Bridge Highway Direction": null, "Road Ramp": null, "Bridge Highway Segment": null, "Latitude": 40.596770116458224, "Longitude": -73.989852730387426, "Location": "(40.596770116458224, -73.98985273038743)", "Zip Codes": 17616, "Community Districts": 1, "Borough Boundaries": 2, "City Council Districts": 45, "Police Precincts": 37, "Police Precinct": 37 }, "geometry": { "type": "Point", "coordinates": [ -73.989852730387426, 40.596770116458224 ] } },
{ "type": "Feature", "properties": { "Unique Key": 66221937, "Created Date": "09/20/2025 11:28:30 AM", "Closed Date": "09/22/2025 02:37:39 PM", "Agency": "DOHMH", "Agency Name": "Department of Health and Mental Hygiene", "Complaint Type": "Rodent", "Descriptor": "Condition Attracting Rodents", "Location Type": "3+ Family Mixed Use Building", "Incident Zip": 11385, "Incident Address": "1813 PALMETTO STREET", "Street Name": "PALMETTO STREET", "Cross Street 1": "SENECA AVENUE", "Cross Street 2": "MYRTLE AVENUE LINE", "Intersection Street 1": "SENECA AVENUE", "Intersection Street 2": "MYRTLE AVENUE LINE", "Address Type": "ADDRESS", "City": "RIDGEWOOD", "Landmark": "PALMETTO STREET", "Facility Type": "N/A", "Status": "Closed", "Due Date": null, "Resolution Description": "This service request was closed because the Department of Health and Mental Hygiene received an earlier complaint about the same location.  You can find inspection results for this address by going to the online Rat Portal at www.nyc.gov/rats.", "Resolution Action Updated Date": "09/20/2025 11:28:30 AM", "Community Board": "05 QUEENS", "BBL": 4034550045, "Borough": "QUEENS", "X Coordinate (State Plane)": 1009921, "Y Coordinate (State Plane)": 195445, "Open Data Channel Type": "PHONE", "Park Facility Name": "Unspecified", "Park Borough": "QUEENS", "Vehicle Type": null, "Taxi Company Borough": null, "Taxi Pick Up Location": null, "Bridge Highway Name": null, "Bridge Highway Direction": null, "Road Ramp": null, "Bridge Highway Segment": null, "Latitude": 40.70309090552302, "Longitude": -73.907414460646095, "Location": "(40.70309090552302, -73.9074144606461)", "Zip Codes": 15310, "Community Districts": 54, "Borough Boundaries": 3, "City Council Districts": 30, "Police Precincts": 62, "Police Precinct": 62 }, "geometry": { "type": "Point", "coordinates": [ -73.907414460646095, 40.70309090552302 ] } },
{ "type": "Feature", "properties": { "Unique Key": 66228211, "Created Date": "09/21/2025 09:46:34 PM", "Closed Date": "09/22/2025 12:41:36 PM", "Agency": "DOHMH", "Agency Name": "Department of Health and Mental Hygiene", "Complaint Type": "Rodent", "Descriptor": "Condition Attracting Rodents", "Location Type": "1-2 Family Dwelling", "Incident Zip": 11366, "Incident Address": "78-04 160 STREET", "Street Name": "160 STREET", "Cross Street 1": "78 AVENUE", "Cross Street 2": "78 ROAD", "Intersection Street 1": "78 AVENUE", "Intersection Street 2": "78 ROAD", "Address Type": "ADDRESS", "City": "FRESH MEADOWS", "Landmark": "160 STREET", "Facility Type": "N/A", "Status": "Closed", "Due Date": null, "Resolution Description": "This service request was closed because the Department of Health and Mental Hygiene received an earlier complaint about the same location.  You can find inspection results for this address by going to the online Rat Portal at www.nyc.gov/rats.", "Resolution Action Updated Date": "09/21/2025 09:46:34 PM", "Community Board": "08 QUEENS", "BBL": 4068290024, "Borough": "QUEENS", "X Coordinate (State Plane)": 1037501, "Y Coordinate (State Plane)": 202513, "Open Data Channel Type": "ONLINE", "Park Facility Name": "Unspecified", "Park Borough": "QUEENS", "Vehicle Type": null, "Taxi Company Borough": null, "Taxi Pick Up Location": null, "Bridge Highway Name": null, "Bridge Highway Direction": null, "Road Ramp": null, "Bridge Highway Segment": null, "Latitude": 40.722367843137754, "Longitude": -73.807888214015406, "Location": "(40.722367843137754, -73.8078882140154)", "Zip Codes": 14508, "Community Districts": 25, "Borough Boundaries": 3, "City Council Districts": 24, "Police Precincts": 65, "Police Precinct": 65 }, "geometry": { "type": "Point", "coordinates": [ -73.807888214015406, 40.722367843137754 ] } },
{ "type": "Feature", "properties": { "Unique Key": 66254361, "Created Date": "09/23/2025 05:04:59 PM", "Closed Date": null, "Agency": "DOHMH", "Agency Name": "Department of Health and Mental Hygiene", "Complaint Type": "Rodent", "Descriptor": "Condition Attracting Rodents", "Location Type": "Commercial Building", "Incident Zip": 10469, "Incident Address": "1226 EAST GUN HILL ROAD", "Street Name": "EAST GUN HILL ROAD", "Cross Street 1": "GIVAN AVENUE", "Cross Street 2": "PEARSALL AVENUE", "Intersection Street 1": "GIVAN AVENUE", "Intersection Street 2": "PEARSALL AVENUE", "Address Type": "ADDRESS", "City": "BRONX", "Landmark": "EAST GUN HILL ROAD", "Facility Type": null, "Status": "In Progress", "Due Date": null, "Resolution Description": null, "Resolution Action Updated Date": null, "Community Board": "11 BRONX", "BBL": 2046180025, "Borough": "BRONX", "X Coordinate (State Plane)": 1025308, "Y Coordinate (State Plane)": 257233, "Open Data Channel Type": "PHONE", "Park Facility Name": "Unspecified", "Park Borough": "BRONX", "Vehicle Type": null, "Taxi Company Borough": null, "Taxi Pick Up Location": null, "Bridge Highway Name": null, "Bridge Highway Direction": null, "Road Ramp": null, "Bridge Highway Segment": null, "Latitude": 40.872624096276688, "Longitude": -73.851541811749172, "Location": "(40.87262409627669, -73.85154181174917)", "Zip Codes": 11607, "Community Districts": 59, "Borough Boundaries": 5, "City Council Districts": 2, "Police Precincts": 32, "Police Precinct": 32 }, "geometry": { "type": "Point", "coordinates": [ -73.851541811749172, 40.872624096276688 ] } },
{ "type": "Feature", "properties": { "Unique Key": 66114012, "Created Date": "09/10/2025 12:29:04 PM", "Closed Date": "09/10/2025 12:29:04 PM", "Agency": "DOHMH", "Agency Name": "Department of Health and Mental Hygiene", "Complaint Type": "Rodent", "Descriptor": "Condition Attracting Rodents", "Location Type": "3+ Family Apt. Building", "Incident Zip": 10014, "Incident Address": "8 JONES STREET", "Street Name": "JONES STREET", "Cross Street 1": "WEST 4 STREET", "Cross Street 2": "BLEECKER STREET", "Intersection Street 1": "WEST    4 STREET", "Intersection Street 2": "BLEECKER STREET", "Address Type": "ADDRESS", "City": "NEW YORK", "Landmark": "JONES STREET", "Facility Type": "N/A", "Status": "Closed", "Due Date": null, "Resolution Description": "The Department of Health and Mental Hygiene inspected the property you reported and did not find any violations at the time of the inspection. The property passed inspection.", "Resolution Action Updated Date": "09/15/2025 10:54:17 AM", "Community Board": "02 MANHATTAN", "BBL": 1005900025, "Borough": "MANHATTAN", "X Coordinate (State Plane)": 983702, "Y Coordinate (State Plane)": 206037, "Open Data Channel Type": "ONLINE", "Park Facility Name": "Unspecified", "Park Borough": "MANHATTAN", "Vehicle Type": null, "Taxi Company Borough": null, "Taxi Pick Up Location": null, "Bridge Highway Name": null, "Bridge Highway Direction": null, "Road Ramp": null, "Bridge Highway Segment": null, "Latitude": 40.732200622594526, "Longitude": -74.001977290739291, "Location": "(40.732200622594526, -74.00197729073929)", "Zip Codes": 12077, "Community Districts": 57, "Borough Boundaries": 4, "City Council Districts": 10, "Police Precincts": 3, "Police Precinct": 3 }, "geometry": { "type": "Point", "coordinates": [ -74.001977290739291, 40.732200622594526 ] } },
{ "type": "Feature", "properties": { "Unique Key": 66132965, "Created Date": "09/12/2025 07:28:54 AM", "Closed Date": "09/12/2025 07:28:54 AM", "Agency": "DOHMH", "Agency Name": "Department of Health and Mental Hygiene", "Complaint Type": "Rodent", "Descriptor": "Condition Attracting Rodents", "Location Type": "Other (Explain Below)", "Incident Zip": 11370, "Incident Address": "25 AVENUE", "Street Name": "25 AVENUE", "Cross Street 1": "25 AVENUE", "Cross Street 2": "71 STREET", "Intersection Street 1": "25 AVENUE", "Intersection Street 2": "71 STREET", "Address Type": "INTERSECTION", "City": "QUEENS", "Landmark": null, "Facility Type": "N/A", "Status": "Closed", "Due Date": null, "Resolution Description": "The Department of Health and Mental Hygiene could not locate the address provided. Please go online to nyc.gov/311 or call 311 and file another request and provide the complete street address of the builiding. If your complaint was about a vacant lot, abandoned building ,street, or in a sewer, provide the nearest street address or intersection.", "Resolution Action Updated Date": "09/16/2025 11:07:02 AM", "Community Board": "03 QUEENS", "BBL": null, "Borough": "QUEENS", "X Coordinate (State Plane)": 1012800, "Y Coordinate (State Plane)": 216899, "Open Data Channel Type": "PHONE", "Park Facility Name": "Unspecified", "Park Borough": "QUEENS", "Vehicle Type": null, "Taxi Company Borough": null, "Taxi Pick Up Location": null, "Bridge Highway Name": null, "Bridge Highway Direction": null, "Road Ramp": null, "Bridge Highway Segment": null, "Latitude": 40.761968003333891, "Longitude": -73.896939976072886, "Location": "(40.76196800333389, -73.89693997607289)", "Zip Codes": 14787, "Community Districts": 65, "Borough Boundaries": 3, "City Council Districts": 4, "Police Precincts": 73, "Police Precinct": 73 }, "geometry": { "type": "Point", "coordinates": [ -73.896939976072886, 40.761968003333891 ] } },
{ "type": "Feature", "properties": { "Unique Key": 66132966, "Created Date": "09/12/2025 07:25:27 AM", "Closed Date": "09/12/2025 07:25:27 AM", "Agency": "DOHMH", "Agency Name": "Department of Health and Mental Hygiene", "Complaint Type": "Rodent", "Descriptor": "Condition Attracting Rodents", "Location Type": "Other (Explain Below)", "Incident Zip": 11370, "Incident Address": "25 AVENUE", "Street Name": "25 AVENUE", "Cross Street 1": "25 AVENUE", "Cross Street 2": "71 STREET", "Intersection Street 1": "25 AVENUE", "Intersection Street 2": "71 STREET", "Address Type": "INTERSECTION", "City": "QUEENS", "Landmark": null, "Facility Type": "N/A", "Status": "Closed", "Due Date": null, "Resolution Description": "The Department of Health and Mental Hygiene could not locate the address provided. Please go online to nyc.gov/311 or call 311 and file another request and provide the complete street address of the builiding. If your complaint was about a vacant lot, abandoned building ,street, or in a sewer, provide the nearest street address or intersection.", "Resolution Action Updated Date": "09/16/2025 11:07:02 AM", "Community Board": "03 QUEENS", "BBL": null, "Borough": "QUEENS", "X Coordinate (State Plane)": 1012800, "Y Coordinate (State Plane)": 216899, "Open Data Channel Type": "PHONE", "Park Facility Name": "Unspecified", "Park Borough": "QUEENS", "Vehicle Type": null, "Taxi Company Borough": null, "Taxi Pick Up Location": null, "Bridge Highway Name": null, "Bridge Highway Direction": null, "Road Ramp": null, "Bridge Highway Segment": null, "Latitude": 40.761968003333891, "Longitude": -73.896939976072886, "Location": "(40.76196800333389, -73.89693997607289)", "Zip Codes": 14787, "Community Districts": 65, "Borough Boundaries": 3, "City Council Districts": 4, "Police Precincts": 73, "Police Precinct": 73 }, "geometry": { "type": "Point", "coordinates": [ -73.896939976072886, 40.761968003333891 ] } },
{ "type": "Feature", "properties": { "Unique Key": 66159987, "Created Date": "09/15/2025 07:19:37 PM", "Closed Date": "09/16/2025 07:24:48 PM", "Agency": "DOHMH", "Agency Name": "Department of Health and Mental Hygiene", "Complaint Type": "Rodent", "Descriptor": "Condition Attracting Rodents", "Location Type": "3+ Family Mixed Use Building", "Incident Zip": 11235, "Incident Address": "65 ORIENTAL BOULEVARD", "Street Name": "ORIENTAL BOULEVARD", "Cross Street 1": "GERALD H CHAMBERS SQUARE", "Cross Street 2": "WEST END AVENUE", "Intersection Street 1": "GERALD H CHAMBERS SQUARE", "Intersection Street 2": "WEST END AVENUE", "Address Type": "ADDRESS", "City": "BROOKLYN", "Landmark": "ORIENTAL BOULEVARD", "Facility Type": "N/A", "Status": "Closed", "Due Date": null, "Resolution Description": "This service request was closed because the Department of Health and Mental Hygiene received an earlier complaint about the same location.  You can find inspection results for this address by going to the online Rat Portal at www.nyc.gov/rats.", "Resolution Action Updated Date": "09/15/2025 07:19:37 PM", "Community Board": "15 BROOKLYN", "BBL": 3087190038, "Borough": "BROOKLYN", "X Coordinate (State Plane)": 997192, "Y Coordinate (State Plane)": 149435, "Open Data Channel Type": "PHONE", "Park Facility Name": "Unspecified", "Park Borough": "BROOKLYN", "Vehicle Type": null, "Taxi Company Borough": null, "Taxi Pick Up Location": null, "Bridge Highway Name": null, "Bridge Highway Direction": null, "Road Ramp": null, "Bridge Highway Segment": null, "Latitude": 40.576831119055534, "Longitude": -73.953411367940404, "Location": "(40.576831119055534, -73.9534113679404)", "Zip Codes": 13826, "Community Districts": 32, "Borough Boundaries": 2, "City Council Districts": 15, "Police Precincts": 36, "Police Precinct": 36 }, "geometry": { "type": "Point", "coordinates": [ -73.953411367940404, 40.576831119055534 ] } },
{ "type": "Feature", "properties": { "Unique Key": 66162833, "Created Date": "09/15/2025 03:58:09 PM", "Closed Date": "09/16/2025 01:04:54 PM", "Agency": "DOHMH", "Agency Name": "Department of Health and Mental Hygiene", "Complaint Type": "Rodent", "Descriptor": "Condition Attracting Rodents", "Location Type": "3+ Family Apt. Building", "Incident Zip": 11217, "Incident Address": "710 DEGRAW STREET", "Street Name": "DEGRAW STREET", "Cross Street 1": "4 AVENUE", "Cross Street 2": "5 AVENUE", "Intersection Street 1": "4 AVENUE", "Intersection Street 2": "5 AVENUE", "Address Type": "ADDRESS", "City": "BROOKLYN", "Landmark": "DEGRAW STREET", "Facility Type": "N/A", "Status": "Closed", "Due Date": null, "Resolution Description": "This service request was closed because the Department of Health and Mental Hygiene received an earlier complaint about the same location.  You can find inspection results for this address by going to the online Rat Portal at www.nyc.gov/rats.", "Resolution Action Updated Date": "09/15/2025 03:58:09 PM", "Community Board": "06 BROOKLYN", "BBL": 3009490039, "Borough": "BROOKLYN", "X Coordinate (State Plane)": 989691, "Y Coordinate (State Plane)": 186281, "Open Data Channel Type": "PHONE", "Park Facility Name": "Unspecified", "Park Borough": "BROOKLYN", "Vehicle Type": null, "Taxi Company Borough": null, "Taxi Pick Up Location": null, "Bridge Highway Name": null, "Bridge Highway Direction": null, "Road Ramp": null, "Bridge Highway Segment": null, "Latitude": 40.677973401440838, "Longitude": -73.980383775510987, "Location": "(40.67797340144084, -73.98038377551099)", "Zip Codes": 17619, "Community Districts": 14, "Borough Boundaries": 2, "City Council Districts": 27, "Police Precincts": 50, "Police Precinct": 50 }, "geometry": { "type": "Point", "coordinates": [ -73.980383775510987, 40.677973401440838 ] } },
{ "type": "Feature", "properties": { "Unique Key": 66167005, "Created Date": "09/15/2025 07:43:43 PM", "Closed Date": "09/16/2025 01:01:04 PM", "Agency": "DOHMH", "Agency Name": "Department of Health and Mental Hygiene", "Complaint Type": "Rodent", "Descriptor": "Condition Attracting Rodents", "Location Type": "3+ Family Apt. Building", "Incident Zip": 11206, "Incident Address": "174 MESEROLE STREET", "Street Name": "MESEROLE STREET", "Cross Street 1": "GRAHAM AVENUE", "Cross Street 2": "HUMBOLDT STREET", "Intersection Street 1": "GRAHAM AVENUE", "Intersection Street 2": "HUMBOLDT STREET", "Address Type": "ADDRESS", "City": "BROOKLYN", "Landmark": "MESEROLE STREET", "Facility Type": "N/A", "Status": "Closed", "Due Date": null, "Resolution Description": "This service request was closed because the Department of Health and Mental Hygiene received an earlier complaint about the same location.  You can find inspection results for this address by going to the online Rat Portal at www.nyc.gov/rats.", "Resolution Action Updated Date": "09/15/2025 07:43:43 PM", "Community Board": "01 BROOKLYN", "BBL": 3030530013, "Borough": "BROOKLYN", "X Coordinate (State Plane)": 1000218, "Y Coordinate (State Plane)": 197280, "Open Data Channel Type": "ONLINE", "Park Facility Name": "Unspecified", "Park Borough": "BROOKLYN", "Vehicle Type": null, "Taxi Company Borough": null, "Taxi Pick Up Location": null, "Bridge Highway Name": null, "Bridge Highway Direction": null, "Road Ramp": null, "Bridge Highway Segment": null, "Latitude": 40.708150376225817, "Longitude": -73.942405128941388, "Location": "(40.70815037622582, -73.94240512894139)", "Zip Codes": 17213, "Community Districts": 36, "Borough Boundaries": 2, "City Council Districts": 30, "Police Precincts": 56, "Police Precinct": 56 }, "geometry": { "type": "Point", "coordinates": [ -73.942405128941388, 40.708150376225817 ] } },
{ "type": "Feature", "properties": { "Unique Key": 66179556, "Created Date": "09/16/2025 11:11:54 AM", "Closed Date": "09/16/2025 03:49:01 PM", "Agency": "DOHMH", "Agency Name": "Department of Health and Mental Hygiene", "Complaint Type": "Rodent", "Descriptor": "Condition Attracting Rodents", "Location Type": "3+ Family Apt. Building", "Incident Zip": 10003, "Incident Address": "5 SAINT MARKS PLACE", "Street Name": "SAINT MARKS PLACE", "Cross Street 1": "3 AVENUE", "Cross Street 2": "2 AVENUE", "Intersection Street 1": "3 AVENUE", "Intersection Street 2": "2 AVENUE", "Address Type": "ADDRESS", "City": "NEW YORK", "Landmark": "ST MARKS PLACE", "Facility Type": "N/A", "Status": "Closed", "Due Date": null, "Resolution Description": "This service request was closed because the Department of Health and Mental Hygiene received an earlier complaint about the same location.  You can find inspection results for this address by going to the online Rat Portal at www.nyc.gov/rats.", "Resolution Action Updated Date": "09/16/2025 11:11:54 AM", "Community Board": "03 MANHATTAN", "BBL": 1004640058, "Borough": "MANHATTAN", "X Coordinate (State Plane)": 987185, "Y Coordinate (State Plane)": 204998, "Open Data Channel Type": "MOBILE", "Park Facility Name": "Unspecified", "Park Borough": "MANHATTAN", "Vehicle Type": null, "Taxi Company Borough": null, "Taxi Pick Up Location": null, "Bridge Highway Name": null, "Bridge Highway Direction": null, "Road Ramp": null, "Bridge Highway Segment": null, "Latitude": 40.729348352090092, "Longitude": -73.989410401576279, "Location": "(40.72934835209009, -73.98941040157628)", "Zip Codes": 11724, "Community Districts": 70, "Borough Boundaries": 4, "City Council Districts": 50, "Police Precincts": 5, "Police Precinct": 5 }, "geometry": { "type": "Point", "coordinates": [ -73.989410401576279, 40.729348352090092 ] } },
{ "type": "Feature", "properties": { "Unique Key": 66210632, "Created Date": "09/20/2025 12:24:32 AM", "Closed Date": null, "Agency": "DOHMH", "Agency Name": "Department of Health and Mental Hygiene", "Complaint Type": "Rodent", "Descriptor": "Condition Attracting Rodents", "Location Type": "1-2 Family Dwelling", "Incident Zip": 11385, "Incident Address": "74-68 64 LANE", "Street Name": "64 LANE", "Cross Street 1": "74 AVENUE", "Cross Street 2": "COOPER AVENUE", "Intersection Street 1": "74 AVENUE", "Intersection Street 2": "COOPER AVENUE", "Address Type": "ADDRESS", "City": "RIDGEWOOD", "Landmark": "64 LANE", "Facility Type": null, "Status": "In Progress", "Due Date": null, "Resolution Description": null, "Resolution Action Updated Date": null, "Community Board": "05 QUEENS", "BBL": 4035980072, "Borough": "QUEENS", "X Coordinate (State Plane)": 1014625, "Y Coordinate (State Plane)": 194345, "Open Data Channel Type": "ONLINE", "Park Facility Name": "Unspecified", "Park Borough": "QUEENS", "Vehicle Type": null, "Taxi Company Borough": null, "Taxi Pick Up Location": null, "Bridge Highway Name": null, "Bridge Highway Direction": null, "Road Ramp": null, "Bridge Highway Segment": null, "Latitude": 40.700056768592738, "Longitude": -73.890453898318668, "Location": "(40.70005676859274, -73.89045389831867)", "Zip Codes": 15310, "Community Districts": 54, "Borough Boundaries": 3, "City Council Districts": 34, "Police Precincts": 62, "Police Precinct": 62 }, "geometry": { "type": "Point", "coordinates": [ -73.890453898318668, 40.700056768592738 ] } },
{ "type": "Feature", "properties": { "Unique Key": 66214902, "Created Date": "09/20/2025 03:11:45 AM", "Closed Date": null, "Agency": "DOHMH", "Agency Name": "Department of Health and Mental Hygiene", "Complaint Type": "Rodent", "Descriptor": "Condition Attracting Rodents", "Location Type": "3+ Family Mixed Use Building", "Incident Zip": 10128, "Incident Address": "210 EAST   95 STREET", "Street Name": "EAST   95 STREET", "Cross Street 1": "3 AVENUE", "Cross Street 2": "2 AVENUE", "Intersection Street 1": "3 AVENUE", "Intersection Street 2": "2 AVENUE", "Address Type": "ADDRESS", "City": "NEW YORK", "Landmark": "EAST   95 STREET", "Facility Type": null, "Status": "In Progress", "Due Date": null, "Resolution Description": null, "Resolution Action Updated Date": null, "Community Board": "08 MANHATTAN", "BBL": 1015400042, "Borough": "MANHATTAN", "X Coordinate (State Plane)": 998367, "Y Coordinate (State Plane)": 224974, "Open Data Channel Type": "PHONE", "Park Facility Name": "Unspecified", "Park Borough": "MANHATTAN", "Vehicle Type": null, "Taxi Company Borough": null, "Taxi Pick Up Location": null, "Bridge Highway Name": null, "Bridge Highway Direction": null, "Road Ramp": null, "Bridge Highway Segment": null, "Latitude": 40.784166588599078, "Longitude": -73.949023356773353, "Location": "(40.78416658859908, -73.94902335677335)", "Zip Codes": 10099, "Community Districts": 23, "Borough Boundaries": 4, "City Council Districts": 1, "Police Precincts": 11, "Police Precinct": 11 }, "geometry": { "type": "Point", "coordinates": [ -73.949023356773353, 40.784166588599078 ] } },
{ "type": "Feature", "properties": { "Unique Key": 66220495, "Created Date": "09/20/2025 12:09:57 PM", "Closed Date": null, "Agency": "DOHMH", "Agency Name": "Department of Health and Mental Hygiene", "Complaint Type": "Rodent", "Descriptor": "Condition Attracting Rodents", "Location Type": "1-2 Family Mixed Use Building", "Incident Zip": 11434, "Incident Address": "115-07 MERRICK BOULEVARD", "Street Name": "MERRICK BOULEVARD", "Cross Street 1": "115 AVENUE", "Cross Street 2": "116 AVENUE", "Intersection Street 1": "115 AVENUE", "Intersection Street 2": "116 AVENUE", "Address Type": "ADDRESS", "City": "JAMAICA", "Landmark": "MERRICK BOULEVARD", "Facility Type": null, "Status": "In Progress", "Due Date": null, "Resolution Description": null, "Resolution Action Updated Date": null, "Community Board": "12 QUEENS", "BBL": 4124020027, "Borough": "QUEENS", "X Coordinate (State Plane)": 1045899, "Y Coordinate (State Plane)": 190622, "Open Data Channel Type": "PHONE", "Park Facility Name": "Unspecified", "Park Borough": "QUEENS", "Vehicle Type": null, "Taxi Company Borough": null, "Taxi Pick Up Location": null, "Bridge Highway Name": null, "Bridge Highway Direction": null, "Road Ramp": null, "Bridge Highway Segment": null, "Latitude": 40.689675418821295, "Longitude": -73.777700028046539, "Location": "(40.689675418821295, -73.77770002804654)", "Zip Codes": 24669, "Community Districts": 41, "Borough Boundaries": 3, "City Council Districts": 6, "Police Precincts": 71, "Police Precinct": 71 }, "geometry": { "type": "Point", "coordinates": [ -73.777700028046539, 40.689675418821295 ] } },
{ "type": "Feature", "properties": { "Unique Key": 66220498, "Created Date": "09/20/2025 12:29:12 PM", "Closed Date": null, "Agency": "DOHMH", "Agency Name": "Department of Health and Mental Hygiene", "Complaint Type": "Rodent", "Descriptor": "Condition Attracting Rodents", "Location Type": "Sidewalk", "Incident Zip": 11211, "Incident Address": "275 BROADWAY", "Street Name": "BROADWAY", "Cross Street 1": "HAVEMEYER STREET", "Cross Street 2": "MARCY AVENUE", "Intersection Street 1": "HAVEMEYER STREET", "Intersection Street 2": "MARCY AVENUE", "Address Type": "ADDRESS", "City": "BROOKLYN", "Landmark": "BROADWAY", "Facility Type": null, "Status": "In Progress", "Due Date": null, "Resolution Description": null, "Resolution Action Updated Date": null, "Community Board": "01 BROOKLYN", "BBL": 3024600037, "Borough": "BROOKLYN", "X Coordinate (State Plane)": 995686, "Y Coordinate (State Plane)": 197491, "Open Data Channel Type": "PHONE", "Park Facility Name": "Unspecified", "Park Borough": "BROOKLYN", "Vehicle Type": null, "Taxi Company Borough": null, "Taxi Pick Up Location": null, "Bridge Highway Name": null, "Bridge Highway Direction": null, "Road Ramp": null, "Bridge Highway Segment": null, "Latitude": 40.708736539357531, "Longitude": -73.958751207779684, "Location": "(40.70873653935753, -73.95875120777968)", "Zip Codes": 17613, "Community Districts": 36, "Borough Boundaries": 2, "City Council Districts": 30, "Police Precincts": 56, "Police Precinct": 56 }, "geometry": { "type": "Point", "coordinates": [ -73.958751207779684, 40.708736539357531 ] } },
{ "type": "Feature", "properties": { "Unique Key": 66224687, "Created Date": "09/20/2025 06:48:47 PM", "Closed Date": null, "Agency": "DOHMH", "Agency Name": "Department of Health and Mental Hygiene", "Complaint Type": "Rodent", "Descriptor": "Condition Attracting Rodents", "Location Type": "3+ Family Mixed Use Building", "Incident Zip": 10039, "Incident Address": "304 WEST  154 STREET", "Street Name": "WEST  154 STREET", "Cross Street 1": "FREDERICK DOUGLASS BOULEVARD", "Cross Street 2": "BRADHURST AVENUE", "Intersection Street 1": "FREDERICK DOUGLASS BOULEVARD", "Intersection Street 2": "BRADHURST AVENUE", "Address Type": "ADDRESS", "City": "NEW YORK", "Landmark": "WEST  154 STREET", "Facility Type": null, "Status": "In Progress", "Due Date": null, "Resolution Description": null, "Resolution Action Updated Date": null, "Community Board": "10 MANHATTAN", "BBL": 1020470012, "Borough": "MANHATTAN", "X Coordinate (State Plane)": 1001381, "Y Coordinate (State Plane)": 241172, "Open Data Channel Type": "PHONE", "Park Facility Name": "Unspecified", "Park Borough": "MANHATTAN", "Vehicle Type": null, "Taxi Company Borough": null, "Taxi Pick Up Location": null, "Bridge Highway Name": null, "Bridge Highway Direction": null, "Road Ramp": null, "Bridge Highway Segment": null, "Latitude": 40.82862028997738, "Longitude": -73.938098439298656, "Location": "(40.82862028997738, -73.93809843929866)", "Zip Codes": 13097, "Community Districts": 18, "Borough Boundaries": 4, "City Council Districts": 36, "Police Precincts": 20, "Police Precinct": 20 }, "geometry": { "type": "Point", "coordinates": [ -73.938098439298656, 40.82862028997738 ] } },
{ "type": "Feature", "properties": { "Unique Key": 66274663, "Created Date": "09/26/2025 12:03:11 AM", "Closed Date": null, "Agency": "DOHMH", "Agency Name": "Department of Health and Mental Hygiene", "Complaint Type": "Rodent", "Descriptor": "Condition Attracting Rodents", "Location Type": "Street", "Incident Zip": 11105, "Incident Address": "20-15 SHORE BOULEVARD", "Street Name": "SHORE BOULEVARD", "Cross Street 1": "20 AVENUE", "Cross Street 2": "20 ROAD", "Intersection Street 1": "20 AVENUE", "Intersection Street 2": "20 ROAD", "Address Type": "ADDRESS", "City": "ASTORIA", "Landmark": "SHORE BOULEVARD", "Facility Type": null, "Status": "In Progress", "Due Date": null, "Resolution Description": null, "Resolution Action Updated Date": null, "Community Board": "01 QUEENS", "BBL": 4008940075, "Borough": "QUEENS", "X Coordinate (State Plane)": 1007568, "Y Coordinate (State Plane)": 225465, "Open Data Channel Type": "PHONE", "Park Facility Name": "Unspecified", "Park Borough": "QUEENS", "Vehicle Type": null, "Taxi Company Borough": null, "Taxi Pick Up Location": null, "Bridge Highway Name": null, "Bridge Highway Direction": null, "Road Ramp": null, "Bridge Highway Segment": null, "Latitude": 40.785494766161655, "Longitude": -73.915796756068261, "Location": "(40.785494766161655, -73.91579675606826)", "Zip Codes": 16862, "Community Districts": 39, "Borough Boundaries": 3, "City Council Districts": 4, "Police Precincts": 72, "Police Precinct": 72 }, "geometry": { "type": "Point", "coordinates": [ -73.915796756068261, 40.785494766161655 ] } },
{ "type": "Feature", "properties": { "Unique Key": 66120766, "Created Date": "09/11/2025 12:24:53 PM", "Closed Date": "09/17/2025 01:10:16 PM", "Agency": "DOHMH", "Agency Name": "Department of Health and Mental Hygiene", "Complaint Type": "Rodent", "Descriptor": "Condition Attracting Rodents", "Location Type": "3+ Family Apt. Building", "Incident Zip": 11218, "Incident Address": "15 WESTMINSTER ROAD", "Street Name": "WESTMINSTER ROAD", "Cross Street 1": "CATON AVENUE", "Cross Street 2": "CHURCH AVENUE", "Intersection Street 1": "CATON AVENUE", "Intersection Street 2": "CHURCH AVENUE", "Address Type": "ADDRESS", "City": "BROOKLYN", "Landmark": "WESTMINSTER ROAD", "Facility Type": "N/A", "Status": "Closed", "Due Date": null, "Resolution Description": "This service request was closed because the Department of Health and Mental Hygiene received an earlier complaint about the same location.  You can find inspection results for this address by going to the online Rat Portal at www.nyc.gov/rats.", "Resolution Action Updated Date": "09/11/2025 12:24:53 PM", "Community Board": "14 BROOKLYN", "BBL": 3050730056, "Borough": "BROOKLYN", "X Coordinate (State Plane)": 992941, "Y Coordinate (State Plane)": 175621, "Open Data Channel Type": "MOBILE", "Park Facility Name": "Unspecified", "Park Borough": "BROOKLYN", "Vehicle Type": null, "Taxi Company Borough": null, "Taxi Pick Up Location": null, "Bridge Highway Name": null, "Bridge Highway Direction": null, "Road Ramp": null, "Bridge Highway Segment": null, "Latitude": 40.648711468691012, "Longitude": -73.968680419473756, "Location": "(40.64871146869101, -73.96868041947376)", "Zip Codes": 17620, "Community Districts": 60, "Borough Boundaries": 2, "City Council Districts": 11, "Police Precincts": 43, "Police Precinct": 43 }, "geometry": { "type": "Point", "coordinates": [ -73.968680419473756, 40.648711468691012 ] } },
{ "type": "Feature", "properties": { "Unique Key": 66123551, "Created Date": "09/11/2025 04:59:14 PM", "Closed Date": "09/17/2025 11:39:25 AM", "Agency": "DOHMH", "Agency Name": "Department of Health and Mental Hygiene", "Complaint Type": "Rodent", "Descriptor": "Condition Attracting Rodents", "Location Type": "Commercial Building", "Incident Zip": 11214, "Incident Address": "2501 86 STREET", "Street Name": "86 STREET", "Cross Street 1": "25 AVENUE", "Cross Street 2": "BAY 40 STREET", "Intersection Street 1": "25 AVENUE", "Intersection Street 2": "BAY   40 STREET", "Address Type": "ADDRESS", "City": "BROOKLYN", "Landmark": "86 STREET", "Facility Type": "N/A", "Status": "Closed", "Due Date": null, "Resolution Description": "This service request was closed because the Department of Health and Mental Hygiene received an earlier complaint about the same location.  You can find inspection results for this address by going to the online Rat Portal at www.nyc.gov/rats.", "Resolution Action Updated Date": "09/11/2025 04:59:14 PM", "Community Board": "11 BROOKLYN", "BBL": 3068600001, "Borough": "BROOKLYN", "X Coordinate (State Plane)": 987839, "Y Coordinate (State Plane)": 157095, "Open Data Channel Type": "ONLINE", "Park Facility Name": "Unspecified", "Park Borough": "BROOKLYN", "Vehicle Type": null, "Taxi Company Borough": null, "Taxi Pick Up Location": null, "Bridge Highway Name": null, "Bridge Highway Direction": null, "Road Ramp": null, "Bridge Highway Segment": null, "Latitude": 40.597865012204828, "Longitude": -73.987076242769092, "Location": "(40.59786501220483, -73.98707624276909)", "Zip Codes": 17616, "Community Districts": 1, "Borough Boundaries": 2, "City Council Districts": 45, "Police Precincts": 37, "Police Precinct": 37 }, "geometry": { "type": "Point", "coordinates": [ -73.987076242769092, 40.597865012204828 ] } },
{ "type": "Feature", "properties": { "Unique Key": 66158769, "Created Date": "09/14/2025 05:49:15 PM", "Closed Date": "09/14/2025 05:49:15 PM", "Agency": "DOHMH", "Agency Name": "Department of Health and Mental Hygiene", "Complaint Type": "Rodent", "Descriptor": "Condition Attracting Rodents", "Location Type": "3+ Family Apt. Building", "Incident Zip": 11378, "Incident Address": "53-00 65 PLACE", "Street Name": "65 PLACE", "Cross Street 1": "53 AVENUE", "Cross Street 2": "53 DRIVE", "Intersection Street 1": "53 AVENUE", "Intersection Street 2": "53 DRIVE", "Address Type": "ADDRESS", "City": "MASPETH", "Landmark": "65 PLACE", "Facility Type": "N/A", "Status": "Closed", "Due Date": null, "Resolution Description": "The Department of Health and Mental Hygiene found violations on the property you reported. Follow-up inspections will be scheduled.", "Resolution Action Updated Date": "09/16/2025 12:00:00 PM", "Community Board": "05 QUEENS", "BBL": 4023740160, "Borough": "QUEENS", "X Coordinate (State Plane)": 1011921, "Y Coordinate (State Plane)": 205725, "Open Data Channel Type": "MOBILE", "Park Facility Name": "Unspecified", "Park Borough": "QUEENS", "Vehicle Type": null, "Taxi Company Borough": null, "Taxi Pick Up Location": null, "Bridge Highway Name": null, "Bridge Highway Direction": null, "Road Ramp": null, "Bridge Highway Segment": null, "Latitude": 40.73130099311755, "Longitude": -73.900158968576093, "Location": "(40.73130099311755, -73.9001589685761)", "Zip Codes": 14788, "Community Districts": 54, "Borough Boundaries": 3, "City Council Districts": 34, "Police Precincts": 62, "Police Precinct": 62 }, "geometry": { "type": "Point", "coordinates": [ -73.900158968576093, 40.73130099311755 ] } },
{ "type": "Feature", "properties": { "Unique Key": 66164256, "Created Date": "09/15/2025 04:27:55 PM", "Closed Date": "09/18/2025 10:29:10 AM", "Agency": "DOHMH", "Agency Name": "Department of Health and Mental Hygiene", "Complaint Type": "Rodent", "Descriptor": "Condition Attracting Rodents", "Location Type": "Other (Explain Below)", "Incident Zip": 10453, "Incident Address": "226 WEST TREMONT AVENUE", "Street Name": "WEST TREMONT AVENUE", "Cross Street 1": "PHELAN PLACE", "Cross Street 2": "SEDGWICK AVENUE", "Intersection Street 1": "PHELAN PLACE", "Intersection Street 2": "SEDGWICK AVENUE", "Address Type": "ADDRESS", "City": "BRONX", "Landmark": "WEST TREMONT AVENUE", "Facility Type": "N/A", "Status": "Closed", "Due Date": null, "Resolution Description": "This service request was closed because the Department of Health and Mental Hygiene received an earlier complaint about the same location.  You can find inspection results for this address by going to the online Rat Portal at www.nyc.gov/rats.", "Resolution Action Updated Date": "09/15/2025 04:27:55 PM", "Community Board": "05 BRONX", "BBL": 2028770516, "Borough": "BRONX", "X Coordinate (State Plane)": 1006965, "Y Coordinate (State Plane)": 249944, "Open Data Channel Type": "ONLINE", "Park Facility Name": "Unspecified", "Park Borough": "BRONX", "Vehicle Type": null, "Taxi Company Borough": null, "Taxi Pick Up Location": null, "Bridge Highway Name": null, "Bridge Highway Direction": null, "Road Ramp": null, "Bridge Highway Segment": null, "Latitude": 40.85268426685802, "Longitude": -73.917891381053124, "Location": "(40.85268426685802, -73.91789138105312)", "Zip Codes": 10931, "Community Districts": 6, "Borough Boundaries": 5, "City Council Districts": 29, "Police Precincts": 29, "Police Precinct": 29 }, "geometry": { "type": "Point", "coordinates": [ -73.917891381053124, 40.85268426685802 ] } },
{ "type": "Feature", "properties": { "Unique Key": 66168399, "Created Date": "09/15/2025 03:06:49 PM", "Closed Date": "09/15/2025 03:06:49 PM", "Agency": "DOHMH", "Agency Name": "Department of Health and Mental Hygiene", "Complaint Type": "Rodent", "Descriptor": "Condition Attracting Rodents", "Location Type": "1-2 Family Dwelling", "Incident Zip": 10306, "Incident Address": "447 MILL ROAD", "Street Name": "MILL ROAD", "Cross Street 1": "ISABELLA AVENUE", "Cross Street 2": "GUYON AVENUE", "Intersection Street 1": "ISABELLA AVENUE", "Intersection Street 2": "GUYON AVENUE", "Address Type": "ADDRESS", "City": "STATEN ISLAND", "Landmark": "MILL ROAD", "Facility Type": "N/A", "Status": "Closed", "Due Date": null, "Resolution Description": "The Department of Health and Mental Hygiene inspected the property you reported and did not find any violations at the time of the inspection. The property passed inspection.", "Resolution Action Updated Date": "09/18/2025 09:30:23 AM", "Community Board": "03 STATEN ISLAND", "BBL": 5040290035, "Borough": "STATEN ISLAND", "X Coordinate (State Plane)": 952466, "Y Coordinate (State Plane)": 142546, "Open Data Channel Type": "ONLINE", "Park Facility Name": "Unspecified", "Park Borough": "STATEN ISLAND", "Vehicle Type": null, "Taxi Company Borough": null, "Taxi Pick Up Location": null, "Bridge Highway Name": null, "Bridge Highway Direction": null, "Road Ramp": null, "Bridge Highway Segment": null, "Latitude": 40.557874639953965, "Longitude": -74.114383656852326, "Location": "(40.557874639953965, -74.11438365685233)", "Zip Codes": 10693, "Community Districts": 15, "Borough Boundaries": 1, "City Council Districts": 14, "Police Precincts": 76, "Police Precinct": 76 }, "geometry": { "type": "Point", "coordinates": [ -74.114383656852326, 40.557874639953965 ] } },
{ "type": "Feature", "properties": { "Unique Key": 66168401, "Created Date": "09/15/2025 10:05:39 AM", "Closed Date": "09/17/2025 10:41:06 AM", "Agency": "DOHMH", "Agency Name": "Department of Health and Mental Hygiene", "Complaint Type": "Rodent", "Descriptor": "Condition Attracting Rodents", "Location Type": "Other (Explain Below)", "Incident Zip": 10024, "Incident Address": "589 AMSTERDAM AVENUE", "Street Name": "AMSTERDAM AVENUE", "Cross Street 1": "WEST 88 STREET", "Cross Street 2": "WEST 89 STREET", "Intersection Street 1": "WEST   88 STREET", "Intersection Street 2": "WEST   89 STREET", "Address Type": "ADDRESS", "City": "NEW YORK", "Landmark": "AMSTERDAM AVENUE", "Facility Type": "N/A", "Status": "Closed", "Due Date": null, "Resolution Description": "This service request was closed because the Department of Health and Mental Hygiene received an earlier complaint about the same location.  You can find inspection results for this address by going to the online Rat Portal at www.nyc.gov/rats.", "Resolution Action Updated Date": "09/15/2025 10:05:39 AM", "Community Board": "07 MANHATTAN", "BBL": 1012190001, "Borough": "MANHATTAN", "X Coordinate (State Plane)": 991491, "Y Coordinate (State Plane)": 226827, "Open Data Channel Type": "ONLINE", "Park Facility Name": "Unspecified", "Park Borough": "MANHATTAN", "Vehicle Type": null, "Taxi Company Borough": null, "Taxi Pick Up Location": null, "Bridge Highway Name": null, "Bridge Highway Direction": null, "Road Ramp": null, "Bridge Highway Segment": null, "Latitude": 40.789260886149705, "Longitude": -73.973850669248591, "Location": "(40.789260886149705, -73.97385066924859)", "Zip Codes": 12421, "Community Districts": 20, "Borough Boundaries": 4, "City Council Districts": 19, "Police Precincts": 15, "Police Precinct": 15 }, "geometry": { "type": "Point", "coordinates": [ -73.973850669248591, 40.789260886149705 ] } },
{ "type": "Feature", "properties": { "Unique Key": 66173247, "Created Date": "09/16/2025 11:10:18 AM", "Closed Date": "09/18/2025 10:10:31 AM", "Agency": "DOHMH", "Agency Name": "Department of Health and Mental Hygiene", "Complaint Type": "Rodent", "Descriptor": "Condition Attracting Rodents", "Location Type": "3+ Family Apt. Building", "Incident Zip": 10461, "Incident Address": "2437 LYVERE STREET", "Street Name": "LYVERE STREET", "Cross Street 1": "ZEREGA AVENUE", "Cross Street 2": "EAST TREMONT AVENUE", "Intersection Street 1": "ZEREGA AVENUE", "Intersection Street 2": "EAST TREMONT AVENUE", "Address Type": "ADDRESS", "City": "BRONX", "Landmark": "LYVERE STREET", "Facility Type": "N/A", "Status": "Closed", "Due Date": null, "Resolution Description": "This service request was closed because the Department of Health and Mental Hygiene received an earlier complaint about the same location.  You can find inspection results for this address by going to the online Rat Portal at www.nyc.gov/rats.", "Resolution Action Updated Date": "09/16/2025 11:10:18 AM", "Community Board": "10 BRONX", "BBL": 2039980022, "Borough": "BRONX", "X Coordinate (State Plane)": 1025137, "Y Coordinate (State Plane)": 246151, "Open Data Channel Type": "PHONE", "Park Facility Name": "Unspecified", "Park Borough": "BRONX", "Vehicle Type": null, "Taxi Company Borough": null, "Taxi Pick Up Location": null, "Bridge Highway Name": null, "Bridge Highway Direction": null, "Road Ramp": null, "Bridge Highway Segment": null, "Latitude": 40.842208162077434, "Longitude": -73.852227712062472, "Location": "(40.84220816207743, -73.85222771206247)", "Zip Codes": 11270, "Community Districts": 43, "Borough Boundaries": 5, "City Council Districts": 31, "Police Precincts": 28, "Police Precinct": 28 }, "geometry": { "type": "Point", "coordinates": [ -73.852227712062472, 40.842208162077434 ] } },
{ "type": "Feature", "properties": { "Unique Key": 66173648, "Created Date": "09/16/2025 01:13:16 PM", "Closed Date": "09/17/2025 09:02:05 AM", "Agency": "DOHMH", "Agency Name": "Department of Health and Mental Hygiene", "Complaint Type": "Rodent", "Descriptor": "Condition Attracting Rodents", "Location Type": "3+ Family Apt. Building", "Incident Zip": 11221, "Incident Address": "100 HIMROD STREET", "Street Name": "HIMROD STREET", "Cross Street 1": "EVERGREEN AVENUE", "Cross Street 2": "CENTRAL AVENUE", "Intersection Street 1": "EVERGREEN AVENUE", "Intersection Street 2": "CENTRAL AVENUE", "Address Type": "ADDRESS", "City": "BROOKLYN", "Landmark": "HIMROD STREET", "Facility Type": "N/A", "Status": "Closed", "Due Date": null, "Resolution Description": "This service request was closed because the Department of Health and Mental Hygiene received an earlier complaint about the same location.  You can find inspection results for this address by going to the online Rat Portal at www.nyc.gov/rats.", "Resolution Action Updated Date": "09/16/2025 01:13:16 PM", "Community Board": "04 BROOKLYN", "BBL": 3032750039, "Borough": "BROOKLYN", "X Coordinate (State Plane)": 1005416, "Y Coordinate (State Plane)": 192928, "Open Data Channel Type": "ONLINE", "Park Facility Name": "Unspecified", "Park Borough": "BROOKLYN", "Vehicle Type": null, "Taxi Company Borough": null, "Taxi Pick Up Location": null, "Bridge Highway Name": null, "Bridge Highway Direction": null, "Road Ramp": null, "Bridge Highway Segment": null, "Latitude": 40.696194253536788, "Longitude": -73.923670184374842, "Location": "(40.69619425353679, -73.92367018437484)", "Zip Codes": 18181, "Community Districts": 42, "Borough Boundaries": 2, "City Council Districts": 30, "Police Precincts": 53, "Police Precinct": 53 }, "geometry": { "type": "Point", "coordinates": [ -73.923670184374842, 40.696194253536788 ] } },
{ "type": "Feature", "properties": { "Unique Key": 66178298, "Created Date": "09/16/2025 06:30:26 PM", "Closed Date": "09/22/2025 07:04:11 AM", "Agency": "DOHMH", "Agency Name": "Department of Health and Mental Hygiene", "Complaint Type": "Rodent", "Descriptor": "Condition Attracting Rodents", "Location Type": "3+ Family Mixed Use Building", "Incident Zip": 10028, "Incident Address": "1575 YORK AVENUE", "Street Name": "YORK AVENUE", "Cross Street 1": "EAST 83 STREET", "Cross Street 2": "EAST 84 STREET", "Intersection Street 1": "EAST   83 STREET", "Intersection Street 2": "EAST   84 STREET", "Address Type": "ADDRESS", "City": "NEW YORK", "Landmark": "YORK AVENUE", "Facility Type": "N/A", "Status": "Closed", "Due Date": null, "Resolution Description": "This service request was closed because the Department of Health and Mental Hygiene received an earlier complaint about the same location.  You can find inspection results for this address by going to the online Rat Portal at www.nyc.gov/rats.", "Resolution Action Updated Date": "09/16/2025 06:30:26 PM", "Community Board": "08 MANHATTAN", "BBL": 1015630027, "Borough": "MANHATTAN", "X Coordinate (State Plane)": 998567, "Y Coordinate (State Plane)": 221388, "Open Data Channel Type": "PHONE", "Park Facility Name": "Unspecified", "Park Borough": "MANHATTAN", "Vehicle Type": null, "Taxi Company Borough": null, "Taxi Pick Up Location": null, "Bridge Highway Name": null, "Bridge Highway Direction": null, "Road Ramp": null, "Bridge Highway Segment": null, "Latitude": 40.774323646006685, "Longitude": -73.94830879599273, "Location": "(40.774323646006685, -73.94830879599273)", "Zip Codes": 12425, "Community Districts": 23, "Borough Boundaries": 4, "City Council Districts": 1, "Police Precincts": 11, "Police Precinct": 11 }, "geometry": { "type": "Point", "coordinates": [ -73.94830879599273, 40.774323646006685 ] } },
{ "type": "Feature", "properties": { "Unique Key": 66194050, "Created Date": "09/18/2025 06:52:21 PM", "Closed Date": "09/18/2025 06:52:21 PM", "Agency": "DOHMH", "Agency Name": "Department of Health and Mental Hygiene", "Complaint Type": "Rodent", "Descriptor": "Condition Attracting Rodents", "Location Type": "Sidewalk", "Incident Zip": 10028, "Incident Address": "1000 5 AVENUE", "Street Name": "5 AVENUE", "Cross Street 1": "EAST 81 STREET", "Cross Street 2": "EAST 82 STREET", "Intersection Street 1": "EAST   81 STREET", "Intersection Street 2": "EAST   82 STREET", "Address Type": "ADDRESS", "City": "NEW YORK", "Landmark": "5 AVENUE", "Facility Type": "N/A", "Status": "Closed", "Due Date": null, "Resolution Description": "The Department of Health and Mental Hygiene (DOHMH) actioned and closed your service request. No further updates will be available.", "Resolution Action Updated Date": "09/23/2025 06:36:11 AM", "Community Board": "64 MANHATTAN", "BBL": 1011110001, "Borough": "MANHATTAN", "X Coordinate (State Plane)": 994623, "Y Coordinate (State Plane)": 222956, "Open Data Channel Type": "ONLINE", "Park Facility Name": "Unspecified", "Park Borough": "MANHATTAN", "Vehicle Type": null, "Taxi Company Borough": null, "Taxi Pick Up Location": null, "Bridge Highway Name": null, "Bridge Highway Direction": null, "Road Ramp": null, "Bridge Highway Segment": null, "Latitude": 40.778632901279721, "Longitude": -73.962546095968762, "Location": "(40.77863290127972, -73.96254609596876)", "Zip Codes": null, "Community Districts": 19, "Borough Boundaries": 4, "City Council Districts": 19, "Police Precincts": 13, "Police Precinct": 13 }, "geometry": { "type": "Point", "coordinates": [ -73.962546095968762, 40.778632901279721 ] } },
{ "type": "Feature", "properties": { "Unique Key": 66195403, "Created Date": "09/18/2025 08:58:53 AM", "Closed Date": "09/18/2025 01:25:39 PM", "Agency": "DOHMH", "Agency Name": "Department of Health and Mental Hygiene", "Complaint Type": "Rodent", "Descriptor": "Condition Attracting Rodents", "Location Type": "1-2 Family Dwelling", "Incident Zip": 11432, "Incident Address": "91-12 173 STREET", "Street Name": "173 STREET", "Cross Street 1": "91 AVENUE", "Cross Street 2": "JAMAICA AVENUE", "Intersection Street 1": "91 AVENUE", "Intersection Street 2": "JAMAICA AVENUE", "Address Type": "ADDRESS", "City": "JAMAICA", "Landmark": "173 STREET", "Facility Type": "N/A", "Status": "Closed", "Due Date": null, "Resolution Description": "This service request was closed because the Department of Health and Mental Hygiene received an earlier complaint about the same location.  You can find inspection results for this address by going to the online Rat Portal at www.nyc.gov/rats.", "Resolution Action Updated Date": "09/18/2025 08:58:53 AM", "Community Board": "12 QUEENS", "BBL": 4098080032, "Borough": "QUEENS", "X Coordinate (State Plane)": 1043253, "Y Coordinate (State Plane)": 197537, "Open Data Channel Type": "PHONE", "Park Facility Name": "Unspecified", "Park Borough": "QUEENS", "Vehicle Type": null, "Taxi Company Borough": null, "Taxi Pick Up Location": null, "Bridge Highway Name": null, "Bridge Highway Direction": null, "Road Ramp": null, "Bridge Highway Segment": null, "Latitude": 40.708673459163592, "Longitude": -73.787180614849831, "Location": "(40.70867345916359, -73.78718061484983)", "Zip Codes": 24340, "Community Districts": 41, "Borough Boundaries": 3, "City Council Districts": 6, "Police Precincts": 61, "Police Precinct": 61 }, "geometry": { "type": "Point", "coordinates": [ -73.787180614849831, 40.708673459163592 ] } },
{ "type": "Feature", "properties": { "Unique Key": 66196823, "Created Date": "09/18/2025 03:14:45 PM", "Closed Date": "09/19/2025 11:27:13 AM", "Agency": "DOHMH", "Agency Name": "Department of Health and Mental Hygiene", "Complaint Type": "Rodent", "Descriptor": "Condition Attracting Rodents", "Location Type": "1-2 Family Dwelling", "Incident Zip": 11221, "Incident Address": "1081 BUSHWICK AVENUE", "Street Name": "BUSHWICK AVENUE", "Cross Street 1": "PALMETTO STREET", "Cross Street 2": "WOODBINE STREET", "Intersection Street 1": "PALMETTO STREET", "Intersection Street 2": "WOODBINE STREET", "Address Type": "ADDRESS", "City": "BROOKLYN", "Landmark": "BUSHWICK AVENUE", "Facility Type": "N/A", "Status": "Closed", "Due Date": null, "Resolution Description": "This service request was closed because the Department of Health and Mental Hygiene received an earlier complaint about the same location.  You can find inspection results for this address by going to the online Rat Portal at www.nyc.gov/rats.", "Resolution Action Updated Date": "09/18/2025 03:14:45 PM", "Community Board": "04 BROOKLYN", "BBL": 3033490007, "Borough": "BROOKLYN", "X Coordinate (State Plane)": 1006535, "Y Coordinate (State Plane)": 190804, "Open Data Channel Type": "PHONE", "Park Facility Name": "Unspecified", "Park Borough": "BROOKLYN", "Vehicle Type": null, "Taxi Company Borough": null, "Taxi Pick Up Location": null, "Bridge Highway Name": null, "Bridge Highway Direction": null, "Road Ramp": null, "Bridge Highway Segment": null, "Latitude": 40.690361620247749, "Longitude": -73.919641823301305, "Location": "(40.69036162024775, -73.9196418233013)", "Zip Codes": 18181, "Community Districts": 42, "Borough Boundaries": 2, "City Council Districts": 30, "Police Precincts": 53, "Police Precinct": 53 }, "geometry": { "type": "Point", "coordinates": [ -73.919641823301305, 40.690361620247749 ] } },
{ "type": "Feature", "properties": { "Unique Key": 66196824, "Created Date": "09/19/2025 01:15:54 AM", "Closed Date": "09/23/2025 02:38:19 PM", "Agency": "DOHMH", "Agency Name": "Department of Health and Mental Hygiene", "Complaint Type": "Rodent", "Descriptor": "Condition Attracting Rodents", "Location Type": "3+ Family Apt. Building", "Incident Zip": 11233, "Incident Address": "128 THOMAS S BOYLAND STREET", "Street Name": "THOMAS S BOYLAND STREET", "Cross Street 1": "SUMPTER STREET", "Cross Street 2": "MAC DOUGAL STREET", "Intersection Street 1": "SUMPTER STREET", "Intersection Street 2": "MAC DOUGAL STREET", "Address Type": "ADDRESS", "City": "BROOKLYN", "Landmark": "THOMAS S BOYLAND STREET", "Facility Type": "N/A", "Status": "Closed", "Due Date": null, "Resolution Description": "This service request was closed because the Department of Health and Mental Hygiene received an earlier complaint about the same location.  You can find inspection results for this address by going to the online Rat Portal at www.nyc.gov/rats.", "Resolution Action Updated Date": "09/19/2025 01:15:54 AM", "Community Board": "16 BROOKLYN", "BBL": 3015260030, "Borough": "BROOKLYN", "X Coordinate (State Plane)": 1008110, "Y Coordinate (State Plane)": 187155, "Open Data Channel Type": "ONLINE", "Park Facility Name": "Unspecified", "Park Borough": "BROOKLYN", "Vehicle Type": null, "Taxi Company Borough": null, "Taxi Pick Up Location": null, "Bridge Highway Name": null, "Bridge Highway Direction": null, "Road Ramp": null, "Bridge Highway Segment": null, "Latitude": 40.680341848362417, "Longitude": -73.913975407011222, "Location": "(40.68034184836242, -73.91397540701122)", "Zip Codes": 13516, "Community Districts": 55, "Borough Boundaries": 2, "City Council Districts": 17, "Police Precincts": 46, "Police Precinct": 46 }, "geometry": { "type": "Point", "coordinates": [ -73.913975407011222, 40.680341848362417 ] } },
{ "type": "Feature", "properties": { "Unique Key": 66198187, "Created Date": "09/18/2025 02:37:28 PM", "Closed Date": "09/19/2025 11:28:07 AM", "Agency": "DOHMH", "Agency Name": "Department of Health and Mental Hygiene", "Complaint Type": "Rodent", "Descriptor": "Condition Attracting Rodents", "Location Type": "Vacant Building", "Incident Zip": 11221, "Incident Address": "346 MARCUS GARVEY BOULEVARD", "Street Name": "MARCUS GARVEY BOULEVARD", "Cross Street 1": "PUTNAM AVENUE", "Cross Street 2": "JEFFERSON AVENUE", "Intersection Street 1": "PUTNAM AVENUE", "Intersection Street 2": "JEFFERSON AVENUE", "Address Type": "ADDRESS", "City": "BROOKLYN", "Landmark": "MARCUS GARVEY BOULEVARD", "Facility Type": "N/A", "Status": "Closed", "Due Date": null, "Resolution Description": "This service request was closed because the Department of Health and Mental Hygiene received an earlier complaint about the same location.  You can find inspection results for this address by going to the online Rat Portal at www.nyc.gov/rats.", "Resolution Action Updated Date": "09/18/2025 02:37:28 PM", "Community Board": "03 BROOKLYN", "BBL": 3018310042, "Borough": "BROOKLYN", "X Coordinate (State Plane)": 1001310, "Y Coordinate (State Plane)": 188898, "Open Data Channel Type": "PHONE", "Park Facility Name": "Unspecified", "Park Borough": "BROOKLYN", "Vehicle Type": null, "Taxi Company Borough": null, "Taxi Pick Up Location": null, "Bridge Highway Name": null, "Bridge Highway Direction": null, "Road Ramp": null, "Bridge Highway Segment": null, "Latitude": 40.685141702738825, "Longitude": -73.938487632934482, "Location": "(40.685141702738825, -73.93848763293448)", "Zip Codes": 18181, "Community Districts": 69, "Borough Boundaries": 2, "City Council Districts": 49, "Police Precincts": 51, "Police Precinct": 51 }, "geometry": { "type": "Point", "coordinates": [ -73.938487632934482, 40.685141702738825 ] } },
{ "type": "Feature", "properties": { "Unique Key": 66203507, "Created Date": "09/19/2025 11:05:31 AM", "Closed Date": "09/19/2025 11:45:41 AM", "Agency": "DOHMH", "Agency Name": "Department of Health and Mental Hygiene", "Complaint Type": "Rodent", "Descriptor": "Condition Attracting Rodents", "Location Type": "3+ Family Apt. Building", "Incident Zip": 11213, "Incident Address": "1222 ST JOHNS PLACE", "Street Name": "ST JOHNS PLACE", "Cross Street 1": "ALBANY AVENUE", "Cross Street 2": "TROY AVENUE", "Intersection Street 1": "ALBANY AVENUE", "Intersection Street 2": "TROY AVENUE", "Address Type": "ADDRESS", "City": "BROOKLYN", "Landmark": "ST JOHNS PLACE", "Facility Type": "N/A", "Status": "Closed", "Due Date": null, "Resolution Description": "This service request was closed because the Department of Health and Mental Hygiene received an earlier complaint about the same location.  You can find inspection results for this address by going to the online Rat Portal at www.nyc.gov/rats.", "Resolution Action Updated Date": "09/19/2025 11:05:31 AM", "Community Board": "08 BROOKLYN", "BBL": 3013820025, "Borough": "BROOKLYN", "X Coordinate (State Plane)": 1001496, "Y Coordinate (State Plane)": 183728, "Open Data Channel Type": "PHONE", "Park Facility Name": "Unspecified", "Park Borough": "BROOKLYN", "Vehicle Type": null, "Taxi Company Borough": null, "Taxi Pick Up Location": null, "Bridge Highway Name": null, "Bridge Highway Direction": null, "Road Ramp": null, "Bridge Highway Segment": null, "Latitude": 40.670950865046336, "Longitude": -73.937830212590498, "Location": "(40.670950865046336, -73.9378302125905)", "Zip Codes": 17615, "Community Districts": 16, "Borough Boundaries": 2, "City Council Districts": 48, "Police Precincts": 49, "Police Precinct": 49 }, "geometry": { "type": "Point", "coordinates": [ -73.937830212590498, 40.670950865046336 ] } },
{ "type": "Feature", "properties": { "Unique Key": 66204920, "Created Date": "09/19/2025 02:12:19 PM", "Closed Date": "09/22/2025 01:13:56 PM", "Agency": "DOHMH", "Agency Name": "Department of Health and Mental Hygiene", "Complaint Type": "Rodent", "Descriptor": "Condition Attracting Rodents", "Location Type": "3+ Family Apt. Building", "Incident Zip": 11354, "Incident Address": "147-15 NORTHERN BOULEVARD", "Street Name": "NORTHERN BOULEVARD", "Cross Street 1": "147 STREET", "Cross Street 2": "149 STREET", "Intersection Street 1": "147 STREET", "Intersection Street 2": "149 STREET", "Address Type": "ADDRESS", "City": "FLUSHING", "Landmark": "NORTHERN BOULEVARD", "Facility Type": "N/A", "Status": "Closed", "Due Date": null, "Resolution Description": "This service request was closed because the Department of Health and Mental Hygiene received an earlier complaint about the same location.  You can find inspection results for this address by going to the online Rat Portal at www.nyc.gov/rats.", "Resolution Action Updated Date": "09/19/2025 02:12:19 PM", "Community Board": "07 QUEENS", "BBL": 4050050064, "Borough": "QUEENS", "X Coordinate (State Plane)": 1034360, "Y Coordinate (State Plane)": 218105, "Open Data Channel Type": "PHONE", "Park Facility Name": "Unspecified", "Park Borough": "QUEENS", "Vehicle Type": null, "Taxi Company Borough": null, "Taxi Pick Up Location": null, "Bridge Highway Name": null, "Bridge Highway Direction": null, "Road Ramp": null, "Bridge Highway Segment": null, "Latitude": 40.765182244615715, "Longitude": -73.819103694862079, "Location": "(40.765182244615715, -73.81910369486208)", "Zip Codes": 13832, "Community Districts": 22, "Borough Boundaries": 3, "City Council Districts": 3, "Police Precincts": 67, "Police Precinct": 67 }, "geometry": { "type": "Point", "coordinates": [ -73.819103694862079, 40.765182244615715 ] } },
{ "type": "Feature", "properties": { "Unique Key": 66206320, "Created Date": "09/19/2025 11:46:08 AM", "Closed Date": "09/19/2025 11:46:08 AM", "Agency": "DOHMH", "Agency Name": "Department of Health and Mental Hygiene", "Complaint Type": "Rodent", "Descriptor": "Condition Attracting Rodents", "Location Type": "Street", "Incident Zip": 11233, "Incident Address": "293 STUYVESANT AVENUE", "Street Name": "STUYVESANT AVENUE", "Cross Street 1": "HANCOCK STREET", "Cross Street 2": "HALSEY STREET", "Intersection Street 1": "HANCOCK STREET", "Intersection Street 2": "HALSEY STREET", "Address Type": "ADDRESS", "City": "BROOKLYN", "Landmark": "STUYVESANT AVENUE", "Facility Type": "N/A", "Status": "Closed", "Due Date": null, "Resolution Description": "The Department of Health and Mental Hygiene found violations on the property you reported. Follow-up inspections will be scheduled.", "Resolution Action Updated Date": "09/24/2025 11:26:00 AM", "Community Board": "03 BROOKLYN", "BBL": 3016610009, "Borough": "BROOKLYN", "X Coordinate (State Plane)": 1003018, "Y Coordinate (State Plane)": 188626, "Open Data Channel Type": "PHONE", "Park Facility Name": "Unspecified", "Park Borough": "BROOKLYN", "Vehicle Type": null, "Taxi Company Borough": null, "Taxi Pick Up Location": null, "Bridge Highway Name": null, "Bridge Highway Direction": null, "Road Ramp": null, "Bridge Highway Segment": null, "Latitude": 40.684391668244658, "Longitude": -73.932329944901326, "Location": "(40.68439166824466, -73.93232994490133)", "Zip Codes": 13516, "Community Districts": 69, "Borough Boundaries": 2, "City Council Districts": 49, "Police Precincts": 52, "Police Precinct": 52 }, "geometry": { "type": "Point", "coordinates": [ -73.932329944901326, 40.684391668244658 ] } },
{ "type": "Feature", "properties": { "Unique Key": 66206322, "Created Date": "09/19/2025 08:59:37 PM", "Closed Date": "09/22/2025 08:57:49 AM", "Agency": "DOHMH", "Agency Name": "Department of Health and Mental Hygiene", "Complaint Type": "Rodent", "Descriptor": "Condition Attracting Rodents", "Location Type": "3+ Family Apt. Building", "Incident Zip": 10026, "Incident Address": "188 ST NICHOLAS AVENUE", "Street Name": "ST NICHOLAS AVENUE", "Cross Street 1": "WEST 119 STREET", "Cross Street 2": "WEST 120 STREET", "Intersection Street 1": "WEST  119 STREET", "Intersection Street 2": "WEST  120 STREET", "Address Type": "ADDRESS", "City": "NEW YORK", "Landmark": "ST NICHOLAS AVENUE", "Facility Type": "N/A", "Status": "Closed", "Due Date": null, "Resolution Description": "This service request was closed because the Department of Health and Mental Hygiene received an earlier complaint about the same location.  You can find inspection results for this address by going to the online Rat Portal at www.nyc.gov/rats.", "Resolution Action Updated Date": "09/19/2025 08:59:37 PM", "Community Board": "10 MANHATTAN", "BBL": 1019250050, "Borough": "MANHATTAN", "X Coordinate (State Plane)": 997312, "Y Coordinate (State Plane)": 233016, "Open Data Channel Type": "ONLINE", "Park Facility Name": "Unspecified", "Park Borough": "MANHATTAN", "Vehicle Type": null, "Taxi Company Borough": null, "Taxi Pick Up Location": null, "Bridge Highway Name": null, "Bridge Highway Direction": null, "Road Ramp": null, "Bridge Highway Segment": null, "Latitude": 40.806241318242591, "Longitude": -73.952817330945322, "Location": "(40.80624131824259, -73.95281733094532)", "Zip Codes": 12423, "Community Districts": 18, "Borough Boundaries": 4, "City Council Districts": 36, "Police Precincts": 18, "Police Precinct": 18 }, "geometry": { "type": "Point", "coordinates": [ -73.952817330945322, 40.806241318242591 ] } },
{ "type": "Feature", "properties": { "Unique Key": 66209232, "Created Date": "09/19/2025 01:05:51 PM", "Closed Date": "09/19/2025 01:05:51 PM", "Agency": "DOHMH", "Agency Name": "Department of Health and Mental Hygiene", "Complaint Type": "Rodent", "Descriptor": "Condition Attracting Rodents", "Location Type": "3+ Family Mixed Use Building", "Incident Zip": 10457, "Incident Address": "EAST 174 STREET", "Street Name": "EAST 174 STREET", "Cross Street 1": "EAST  174 STREET", "Cross Street 2": "MORRIS AVENUE", "Intersection Street 1": "EAST 174 STREET", "Intersection Street 2": "MORRIS AVENUE", "Address Type": "INTERSECTION", "City": "BRONX", "Landmark": null, "Facility Type": "N/A", "Status": "Closed", "Due Date": null, "Resolution Description": "The Department of Health and Mental Hygiene could not locate the address provided. Please go online to nyc.gov/311 or call 311 and file another request and provide the complete street address of the builiding. If your complaint was about a vacant lot, abandoned building ,street, or in a sewer, provide the nearest street address or intersection.", "Resolution Action Updated Date": "09/23/2025 04:35:49 PM", "Community Board": "04 BRONX", "BBL": null, "Borough": "BRONX", "X Coordinate (State Plane)": 1009324, "Y Coordinate (State Plane)": 247086, "Open Data Channel Type": "PHONE", "Park Facility Name": "Unspecified", "Park Borough": "BRONX", "Vehicle Type": null, "Taxi Company Borough": null, "Taxi Pick Up Location": null, "Bridge Highway Name": null, "Bridge Highway Direction": null, "Road Ramp": null, "Bridge Highway Segment": null, "Latitude": 40.844833520773165, "Longitude": -73.909374923969608, "Location": "(40.844833520773165, -73.90937492396961)", "Zip Codes": 10935, "Community Districts": 50, "Borough Boundaries": 5, "City Council Districts": 22, "Police Precincts": 27, "Police Precinct": 27 }, "geometry": { "type": "Point", "coordinates": [ -73.909374923969608, 40.844833520773165 ] } },
{ "type": "Feature", "properties": { "Unique Key": 66210631, "Created Date": "09/19/2025 03:28:18 PM", "Closed Date": "09/19/2025 03:28:18 PM", "Agency": "DOHMH", "Agency Name": "Department of Health and Mental Hygiene", "Complaint Type": "Rodent", "Descriptor": "Condition Attracting Rodents", "Location Type": "3+ Family Apt. Building", "Incident Zip": 10009, "Incident Address": "540 EAST    6 STREET", "Street Name": "EAST    6 STREET", "Cross Street 1": "AVENUE A", "Cross Street 2": "AVENUE B", "Intersection Street 1": "AVENUE A", "Intersection Street 2": "AVENUE B", "Address Type": "ADDRESS", "City": "NEW YORK", "Landmark": "EAST    6 STREET", "Facility Type": "N/A", "Status": "Closed", "Due Date": null, "Resolution Description": "The Department of Health and Mental Hygiene found violations on the property you reported. Follow-up inspections will be scheduled.", "Resolution Action Updated Date": "09/22/2025 10:14:56 AM", "Community Board": "03 MANHATTAN", "BBL": 1004010030, "Borough": "MANHATTAN", "X Coordinate (State Plane)": 988976, "Y Coordinate (State Plane)": 203428, "Open Data Channel Type": "ONLINE", "Park Facility Name": "Unspecified", "Park Borough": "MANHATTAN", "Vehicle Type": null, "Taxi Company Borough": null, "Taxi Pick Up Location": null, "Bridge Highway Name": null, "Bridge Highway Direction": null, "Road Ramp": null, "Bridge Highway Segment": null, "Latitude": 40.725038308958084, "Longitude": -73.982949504043049, "Location": "(40.725038308958084, -73.98294950404305)", "Zip Codes": 11729, "Community Districts": 70, "Borough Boundaries": 4, "City Council Districts": 50, "Police Precincts": 5, "Police Precinct": 5 }, "geometry": { "type": "Point", "coordinates": [ -73.982949504043049, 40.725038308958084 ] } },
{ "type": "Feature", "properties": { "Unique Key": 66210641, "Created Date": "09/19/2025 09:39:02 AM", "Closed Date": "09/19/2025 11:20:32 AM", "Agency": "DOHMH", "Agency Name": "Department of Health and Mental Hygiene", "Complaint Type": "Rodent", "Descriptor": "Condition Attracting Rodents", "Location Type": "1-2 Family Dwelling", "Incident Zip": 11221, "Incident Address": "492 QUINCY STREET", "Street Name": "QUINCY STREET", "Cross Street 1": "THROOP AVENUE", "Cross Street 2": "MARCUS GARVEY BOULEVARD", "Intersection Street 1": "THROOP AVENUE", "Intersection Street 2": "MARCUS GARVEY BOULEVARD", "Address Type": "ADDRESS", "City": "BROOKLYN", "Landmark": "QUINCY STREET", "Facility Type": "N/A", "Status": "Closed", "Due Date": null, "Resolution Description": "This service request was closed because the Department of Health and Mental Hygiene received an earlier complaint about the same location.  You can find inspection results for this address by going to the online Rat Portal at www.nyc.gov/rats.", "Resolution Action Updated Date": "09/19/2025 09:39:02 AM", "Community Board": "03 BROOKLYN", "BBL": 3018110011, "Borough": "BROOKLYN", "X Coordinate (State Plane)": 1000610, "Y Coordinate (State Plane)": 189961, "Open Data Channel Type": "ONLINE", "Park Facility Name": "Unspecified", "Park Borough": "BROOKLYN", "Vehicle Type": null, "Taxi Company Borough": null, "Taxi Pick Up Location": null, "Bridge Highway Name": null, "Bridge Highway Direction": null, "Road Ramp": null, "Bridge Highway Segment": null, "Latitude": 40.688060715139542, "Longitude": -73.941009005112733, "Location": "(40.68806071513954, -73.94100900511273)", "Zip Codes": 18181, "Community Districts": 69, "Borough Boundaries": 2, "City Council Districts": 49, "Police Precincts": 51, "Police Precinct": 51 }, "geometry": { "type": "Point", "coordinates": [ -73.941009005112733, 40.688060715139542 ] } },
{ "type": "Feature", "properties": { "Unique Key": 66212055, "Created Date": "09/19/2025 11:09:21 AM", "Closed Date": "09/22/2025 02:22:28 PM", "Agency": "DOHMH", "Agency Name": "Department of Health and Mental Hygiene", "Complaint Type": "Rodent", "Descriptor": "Condition Attracting Rodents", "Location Type": "1-2 Family Dwelling", "Incident Zip": 10312, "Incident Address": "46 ANACONDA STREET", "Street Name": "ANACONDA STREET", "Cross Street 1": "SPERRY PLACE", "Cross Street 2": "CASTOR PLACE", "Intersection Street 1": "SPERRY PLACE", "Intersection Street 2": "CASTOR PLACE", "Address Type": "ADDRESS", "City": "STATEN ISLAND", "Landmark": "ANACONDA STREET", "Facility Type": "N/A", "Status": "Closed", "Due Date": null, "Resolution Description": "This service request was closed because the Department of Health and Mental Hygiene received an earlier complaint about the same location.  You can find inspection results for this address by going to the online Rat Portal at www.nyc.gov/rats.", "Resolution Action Updated Date": "09/19/2025 11:09:21 AM", "Community Board": "03 STATEN ISLAND", "BBL": 5060480043, "Borough": "STATEN ISLAND", "X Coordinate (State Plane)": 929839, "Y Coordinate (State Plane)": 138291, "Open Data Channel Type": "ONLINE", "Park Facility Name": "Unspecified", "Park Borough": "STATEN ISLAND", "Vehicle Type": null, "Taxi Company Borough": null, "Taxi Pick Up Location": null, "Bridge Highway Name": null, "Bridge Highway Direction": null, "Road Ramp": null, "Bridge Highway Segment": null, "Latitude": 40.546085540131074, "Longitude": -74.195778836906555, "Location": "(40.546085540131074, -74.19577883690656)", "Zip Codes": 10699, "Community Districts": 15, "Borough Boundaries": 1, "City Council Districts": 9, "Police Precincts": 77, "Police Precinct": 77 }, "geometry": { "type": "Point", "coordinates": [ -74.195778836906555, 40.546085540131074 ] } },
{ "type": "Feature", "properties": { "Unique Key": 66213480, "Created Date": "09/20/2025 12:15:21 AM", "Closed Date": "09/20/2025 12:15:21 AM", "Agency": "DOHMH", "Agency Name": "Department of Health and Mental Hygiene", "Complaint Type": "Rodent", "Descriptor": "Condition Attracting Rodents", "Location Type": "3+ Family Apt. Building", "Incident Zip": 10009, "Incident Address": "368 EAST   10 STREET", "Street Name": "EAST   10 STREET", "Cross Street 1": "AVENUE B", "Cross Street 2": "AVENUE C", "Intersection Street 1": "AVENUE B", "Intersection Street 2": "AVENUE C", "Address Type": "ADDRESS", "City": "NEW YORK", "Landmark": "EAST   10 STREET", "Facility Type": "N/A", "Status": "Closed", "Due Date": null, "Resolution Description": "The Department of Health and Mental Hygiene found violations on the property you reported. Follow-up inspections will be scheduled.", "Resolution Action Updated Date": "09/22/2025 10:53:00 AM", "Community Board": "03 MANHATTAN", "BBL": 1003920017, "Borough": "MANHATTAN", "X Coordinate (State Plane)": 990147, "Y Coordinate (State Plane)": 203911, "Open Data Channel Type": "PHONE", "Park Facility Name": "Unspecified", "Park Borough": "MANHATTAN", "Vehicle Type": null, "Taxi Company Borough": null, "Taxi Pick Up Location": null, "Bridge Highway Name": null, "Bridge Highway Direction": null, "Road Ramp": null, "Bridge Highway Segment": null, "Latitude": 40.726363323429091, "Longitude": -73.978724338940623, "Location": "(40.72636332342909, -73.97872433894062)", "Zip Codes": 11729, "Community Districts": 70, "Borough Boundaries": 4, "City Council Districts": 50, "Police Precincts": 5, "Police Precinct": 5 }, "geometry": { "type": "Point", "coordinates": [ -73.978724338940623, 40.726363323429091 ] } },
{ "type": "Feature", "properties": { "Unique Key": 66217630, "Created Date": "09/20/2025 12:26:16 PM", "Closed Date": "09/20/2025 12:26:16 PM", "Agency": "DOHMH", "Agency Name": "Department of Health and Mental Hygiene", "Complaint Type": "Rodent", "Descriptor": "Condition Attracting Rodents", "Location Type": "3+ Family Apt. Building", "Incident Zip": 11222, "Incident Address": "73 NEWEL STREET", "Street Name": "NEWEL STREET", "Cross Street 1": "NASSAU AVENUE", "Cross Street 2": "NORMAN AVENUE", "Intersection Street 1": "NASSAU AVENUE", "Intersection Street 2": "NORMAN AVENUE", "Address Type": "ADDRESS", "City": "BROOKLYN", "Landmark": "NEWEL STREET", "Facility Type": "N/A", "Status": "Closed", "Due Date": null, "Resolution Description": "The Department of Health and Mental Hygiene inspected the property you reported and did not find any violations at the time of the inspection. The property passed inspection.", "Resolution Action Updated Date": "09/24/2025 09:51:07 AM", "Community Board": "01 BROOKLYN", "BBL": 3026500030, "Borough": "BROOKLYN", "X Coordinate (State Plane)": 998773, "Y Coordinate (State Plane)": 203483, "Open Data Channel Type": "PHONE", "Park Facility Name": "Unspecified", "Park Borough": "BROOKLYN", "Vehicle Type": null, "Taxi Company Borough": null, "Taxi Pick Up Location": null, "Bridge Highway Name": null, "Bridge Highway Direction": null, "Road Ramp": null, "Bridge Highway Segment": null, "Latitude": 40.725178611292563, "Longitude": -73.947603705605232, "Location": "(40.72517861129256, -73.94760370560523)", "Zip Codes": 18182, "Community Districts": 36, "Borough Boundaries": 2, "City Council Districts": 38, "Police Precincts": 57, "Police Precinct": 57 }, "geometry": { "type": "Point", "coordinates": [ -73.947603705605232, 40.725178611292563 ] } },
{ "type": "Feature", "properties": { "Unique Key": 66217631, "Created Date": "09/20/2025 06:32:29 PM", "Closed Date": "09/22/2025 07:42:24 AM", "Agency": "DOHMH", "Agency Name": "Department of Health and Mental Hygiene", "Complaint Type": "Rodent", "Descriptor": "Condition Attracting Rodents", "Location Type": "3+ Family Apt. Building", "Incident Zip": 10453, "Incident Address": "80 CLINTON PLACE", "Street Name": "CLINTON PLACE", "Cross Street 1": "GRAND AVENUE", "Cross Street 2": "AQUEDUCT AVENUE EAST", "Intersection Street 1": "GRAND AVENUE", "Intersection Street 2": "AQUEDUCT AVENUE EAST", "Address Type": "ADDRESS", "City": "BRONX", "Landmark": "CLINTON PLACE", "Facility Type": "N/A", "Status": "Closed", "Due Date": null, "Resolution Description": "This service request was closed because the Department of Health and Mental Hygiene received an earlier complaint about the same location.  You can find inspection results for this address by going to the online Rat Portal at www.nyc.gov/rats.", "Resolution Action Updated Date": "09/20/2025 06:32:29 PM", "Community Board": "05 BRONX", "BBL": 2032070007, "Borough": "BRONX", "X Coordinate (State Plane)": 1009751, "Y Coordinate (State Plane)": 251654, "Open Data Channel Type": "PHONE", "Park Facility Name": "Unspecified", "Park Borough": "BRONX", "Vehicle Type": null, "Taxi Company Borough": null, "Taxi Pick Up Location": null, "Bridge Highway Name": null, "Bridge Highway Direction": null, "Road Ramp": null, "Bridge Highway Segment": null, "Latitude": 40.857370097023193, "Longitude": -73.907814242019114, "Location": "(40.85737009702319, -73.90781424201911)", "Zip Codes": 10931, "Community Districts": 6, "Borough Boundaries": 5, "City Council Districts": 29, "Police Precincts": 29, "Police Precinct": 29 }, "geometry": { "type": "Point", "coordinates": [ -73.907814242019114, 40.857370097023193 ] } },
{ "type": "Feature", "properties": { "Unique Key": 66219072, "Created Date": "09/20/2025 02:06:06 PM", "Closed Date": "09/23/2025 09:24:13 AM", "Agency": "DOHMH", "Agency Name": "Department of Health and Mental Hygiene", "Complaint Type": "Rodent", "Descriptor": "Condition Attracting Rodents", "Location Type": "Sidewalk", "Incident Zip": 10002, "Incident Address": "156 BROOME STREET", "Street Name": "BROOME STREET", "Cross Street 1": "RIDGE STREET", "Cross Street 2": "ATTORNEY STREET", "Intersection Street 1": "RIDGE STREET", "Intersection Street 2": "ATTORNEY STREET", "Address Type": "ADDRESS", "City": "NEW YORK", "Landmark": "BROOME STREET", "Facility Type": "N/A", "Status": "Closed", "Due Date": null, "Resolution Description": "This service request was closed because the Department of Health and Mental Hygiene received an earlier complaint about the same location.  You can find inspection results for this address by going to the online Rat Portal at www.nyc.gov/rats.", "Resolution Action Updated Date": "09/20/2025 02:06:06 PM", "Community Board": "03 MANHATTAN", "BBL": 1003470080, "Borough": "MANHATTAN", "X Coordinate (State Plane)": 988440, "Y Coordinate (State Plane)": 200320, "Open Data Channel Type": "ONLINE", "Park Facility Name": "Unspecified", "Park Borough": "MANHATTAN", "Vehicle Type": null, "Taxi Company Borough": null, "Taxi Pick Up Location": null, "Bridge Highway Name": null, "Bridge Highway Direction": null, "Road Ramp": null, "Bridge Highway Segment": null, "Latitude": 40.716507868760779, "Longitude": -73.984885223360877, "Location": "(40.71650786876078, -73.98488522336088)", "Zip Codes": 11723, "Community Districts": 70, "Borough Boundaries": 4, "City Council Districts": 32, "Police Precincts": 4, "Police Precinct": 4 }, "geometry": { "type": "Point", "coordinates": [ -73.984885223360877, 40.716507868760779 ] } },
{ "type": "Feature", "properties": { "Unique Key": 66227067, "Created Date": "09/21/2025 09:05:26 AM", "Closed Date": "09/22/2025 07:47:33 AM", "Agency": "DOHMH", "Agency Name": "Department of Health and Mental Hygiene", "Complaint Type": "Rodent", "Descriptor": "Condition Attracting Rodents", "Location Type": "3+ Family Apt. Building", "Incident Zip": 10027, "Incident Address": "315 WEST  121 STREET", "Street Name": "WEST  121 STREET", "Cross Street 1": "FREDERICK DOUGLASS BOULEVARD", "Cross Street 2": "MANHATTAN AVENUE", "Intersection Street 1": "FREDERICK DOUGLASS BOULEVARD", "Intersection Street 2": "MANHATTAN AVENUE", "Address Type": "ADDRESS", "City": "NEW YORK", "Landmark": "WEST  121 STREET", "Facility Type": "N/A", "Status": "Closed", "Due Date": null, "Resolution Description": "This service request was closed because the Department of Health and Mental Hygiene received an earlier complaint about the same location.  You can find inspection results for this address by going to the online Rat Portal at www.nyc.gov/rats.", "Resolution Action Updated Date": "09/21/2025 09:05:26 AM", "Community Board": "10 MANHATTAN", "BBL": 1019480022, "Borough": "MANHATTAN", "X Coordinate (State Plane)": 997027, "Y Coordinate (State Plane)": 233642, "Open Data Channel Type": "ONLINE", "Park Facility Name": "Unspecified", "Park Borough": "MANHATTAN", "Vehicle Type": null, "Taxi Company Borough": null, "Taxi Pick Up Location": null, "Bridge Highway Name": null, "Bridge Highway Direction": null, "Road Ramp": null, "Bridge Highway Segment": null, "Latitude": 40.807959931869185, "Longitude": -73.953845618777549, "Location": "(40.807959931869185, -73.95384561877755)", "Zip Codes": 12424, "Community Districts": 18, "Borough Boundaries": 4, "City Council Districts": 36, "Police Precincts": 18, "Police Precinct": 18 }, "geometry": { "type": "Point", "coordinates": [ -73.953845618777549, 40.807959931869185 ] } },
{ "type": "Feature", "properties": { "Unique Key": 66227068, "Created Date": "09/21/2025 05:23:23 PM", "Closed Date": null, "Agency": "DOHMH", "Agency Name": "Department of Health and Mental Hygiene", "Complaint Type": "Rodent", "Descriptor": "Condition Attracting Rodents", "Location Type": "3+ Family Mixed Use Building", "Incident Zip": 10461, "Incident Address": "3555 BRUCKNER BOULEVARD", "Street Name": "BRUCKNER BOULEVARD", "Cross Street 1": "ROBERTS AVENUE", "Cross Street 2": "BRUCKNER EXPWY WB EN BUHRE AVE", "Intersection Street 1": "ROBERTS AVENUE", "Intersection Street 2": "BRUCKNER EXPWY WB EN BUHRE AVE", "Address Type": "ADDRESS", "City": "BRONX", "Landmark": "BRUCKNER BOULEVARD", "Facility Type": null, "Status": "In Progress", "Due Date": null, "Resolution Description": null, "Resolution Action Updated Date": null, "Community Board": "10 BRONX", "BBL": 2041780010, "Borough": "BRONX", "X Coordinate (State Plane)": 1031980, "Y Coordinate (State Plane)": 248204, "Open Data Channel Type": "ONLINE", "Park Facility Name": "Unspecified", "Park Borough": "BRONX", "Vehicle Type": null, "Taxi Company Borough": null, "Taxi Pick Up Location": null, "Bridge Highway Name": null, "Bridge Highway Direction": null, "Road Ramp": null, "Bridge Highway Segment": null, "Latitude": 40.847808697835291, "Longitude": -73.827481440045332, "Location": "(40.84780869783529, -73.82748144004533)", "Zip Codes": 11270, "Community Districts": 43, "Borough Boundaries": 5, "City Council Districts": 12, "Police Precincts": 28, "Police Precinct": 28 }, "geometry": { "type": "Point", "coordinates": [ -73.827481440045332, 40.847808697835291 ] } },
{ "type": "Feature", "properties": { "Unique Key": 66228200, "Created Date": "09/21/2025 08:34:01 AM", "Closed Date": "09/21/2025 08:34:01 AM", "Agency": "DOHMH", "Agency Name": "Department of Health and Mental Hygiene", "Complaint Type": "Rodent", "Descriptor": "Condition Attracting Rodents", "Location Type": "3+ Family Apt. Building", "Incident Zip": 10469, "Incident Address": "3325 HONE AVENUE", "Street Name": "HONE AVENUE", "Cross Street 1": "DUNCAN STREET", "Cross Street 2": "EAST GUN HILL ROAD", "Intersection Street 1": "DUNCAN STREET", "Intersection Street 2": "EAST GUN HILL ROAD", "Address Type": "ADDRESS", "City": "BRONX", "Landmark": "HONE AVENUE", "Facility Type": "N/A", "Status": "Closed", "Due Date": null, "Resolution Description": "The Department of Health and Mental Hygiene found violations on the property you reported. Follow-up inspections will be scheduled.", "Resolution Action Updated Date": "09/23/2025 10:53:20 AM", "Community Board": "12 BRONX", "BBL": 2046370043, "Borough": "BRONX", "X Coordinate (State Plane)": 1023664, "Y Coordinate (State Plane)": 257557, "Open Data Channel Type": "ONLINE", "Park Facility Name": "Unspecified", "Park Borough": "BRONX", "Vehicle Type": null, "Taxi Company Borough": null, "Taxi Pick Up Location": null, "Bridge Highway Name": null, "Bridge Highway Direction": null, "Road Ramp": null, "Bridge Highway Segment": null, "Latitude": 40.873520869811827, "Longitude": -73.857484297140488, "Location": "(40.87352086981183, -73.85748429714049)", "Zip Codes": 11607, "Community Districts": 29, "Borough Boundaries": 5, "City Council Districts": 2, "Police Precincts": 30, "Police Precinct": 30 }, "geometry": { "type": "Point", "coordinates": [ -73.857484297140488, 40.873520869811827 ] } },
{ "type": "Feature", "properties": { "Unique Key": 66228201, "Created Date": "09/21/2025 07:15:13 PM", "Closed Date": "09/22/2025 07:48:49 AM", "Agency": "DOHMH", "Agency Name": "Department of Health and Mental Hygiene", "Complaint Type": "Rodent", "Descriptor": "Condition Attracting Rodents", "Location Type": "3+ Family Mixed Use Building", "Incident Zip": 10027, "Incident Address": "16 OLD BROADWAY", "Street Name": "OLD BROADWAY", "Cross Street 1": "WEST 125 STREET", "Cross Street 2": "WEST 126 STREET", "Intersection Street 1": "WEST  125 STREET", "Intersection Street 2": "WEST  126 STREET", "Address Type": "ADDRESS", "City": "NEW YORK", "Landmark": "OLD BROADWAY", "Facility Type": "N/A", "Status": "Closed", "Due Date": null, "Resolution Description": "This service request was closed because the Department of Health and Mental Hygiene received an earlier complaint about the same location.  You can find inspection results for this address by going to the online Rat Portal at www.nyc.gov/rats.", "Resolution Action Updated Date": "09/21/2025 07:15:13 PM", "Community Board": "09 MANHATTAN", "BBL": 1019820067, "Borough": "MANHATTAN", "X Coordinate (State Plane)": 996096, "Y Coordinate (State Plane)": 236364, "Open Data Channel Type": "ONLINE", "Park Facility Name": "Unspecified", "Park Borough": "MANHATTAN", "Vehicle Type": null, "Taxi Company Borough": null, "Taxi Pick Up Location": null, "Bridge Highway Name": null, "Bridge Highway Direction": null, "Road Ramp": null, "Bridge Highway Segment": null, "Latitude": 40.815432361033793, "Longitude": -73.957203867464116, "Location": "(40.81543236103379, -73.95720386746412)", "Zip Codes": 12424, "Community Districts": 37, "Borough Boundaries": 4, "City Council Districts": 23, "Police Precincts": 17, "Police Precinct": 17 }, "geometry": { "type": "Point", "coordinates": [ -73.957203867464116, 40.815432361033793 ] } },
{ "type": "Feature", "properties": { "Unique Key": 66230655, "Created Date": "09/21/2025 06:07:56 PM", "Closed Date": null, "Agency": "DOHMH", "Agency Name": "Department of Health and Mental Hygiene", "Complaint Type": "Rodent", "Descriptor": "Condition Attracting Rodents", "Location Type": "1-2 Family Dwelling", "Incident Zip": 11103, "Incident Address": "30-52 35 STREET", "Street Name": "35 STREET", "Cross Street 1": "30 AVENUE", "Cross Street 2": "31 AVENUE", "Intersection Street 1": "30 AVENUE", "Intersection Street 2": "31 AVENUE", "Address Type": "ADDRESS", "City": "ASTORIA", "Landmark": "35 STREET", "Facility Type": null, "Status": "In Progress", "Due Date": null, "Resolution Description": null, "Resolution Action Updated Date": null, "Community Board": "01 QUEENS", "BBL": 4006260066, "Borough": "QUEENS", "X Coordinate (State Plane)": 1006632, "Y Coordinate (State Plane)": 217693, "Open Data Channel Type": "PHONE", "Park Facility Name": "Unspecified", "Park Borough": "QUEENS", "Vehicle Type": null, "Taxi Company Borough": null, "Taxi Pick Up Location": null, "Bridge Highway Name": null, "Bridge Highway Direction": null, "Road Ramp": null, "Bridge Highway Segment": null, "Latitude": 40.764165094362014, "Longitude": -73.919202614947366, "Location": "(40.76416509436201, -73.91920261494737)", "Zip Codes": 16860, "Community Districts": 39, "Borough Boundaries": 3, "City Council Districts": 4, "Police Precincts": 72, "Police Precinct": 72 }, "geometry": { "type": "Point", "coordinates": [ -73.919202614947366, 40.764165094362014 ] } },
{ "type": "Feature", "properties": { "Unique Key": 66235659, "Created Date": "09/22/2025 11:17:39 AM", "Closed Date": null, "Agency": "DOHMH", "Agency Name": "Department of Health and Mental Hygiene", "Complaint Type": "Rodent", "Descriptor": "Condition Attracting Rodents", "Location Type": "1-2 Family Dwelling", "Incident Zip": 11372, "Incident Address": "33-17 89 STREET", "Street Name": "89 STREET", "Cross Street 1": "NORTHERN BOULEVARD", "Cross Street 2": "34 AVENUE", "Intersection Street 1": "NORTHERN BOULEVARD", "Intersection Street 2": "34 AVENUE", "Address Type": "ADDRESS", "City": "JACKSON HEIGHTS", "Landmark": "89 STREET", "Facility Type": null, "Status": "In Progress", "Due Date": null, "Resolution Description": null, "Resolution Action Updated Date": null, "Community Board": "03 QUEENS", "BBL": 4014370056, "Borough": "QUEENS", "X Coordinate (State Plane)": 1017849, "Y Coordinate (State Plane)": 214572, "Open Data Channel Type": "PHONE", "Park Facility Name": "Unspecified", "Park Borough": "QUEENS", "Vehicle Type": null, "Taxi Company Borough": null, "Taxi Pick Up Location": null, "Bridge Highway Name": null, "Bridge Highway Direction": null, "Road Ramp": null, "Bridge Highway Segment": null, "Latitude": 40.755563243531128, "Longitude": -73.878725705479823, "Location": "(40.75556324353113, -73.87872570547982)", "Zip Codes": 14783, "Community Districts": 65, "Borough Boundaries": 3, "City Council Districts": 5, "Police Precincts": 73, "Police Precinct": 73 }, "geometry": { "type": "Point", "coordinates": [ -73.878725705479823, 40.755563243531128 ] } },
{ "type": "Feature", "properties": { "Unique Key": 66237146, "Created Date": "09/22/2025 09:59:56 AM", "Closed Date": "09/23/2025 07:42:23 AM", "Agency": "DOHMH", "Agency Name": "Department of Health and Mental Hygiene", "Complaint Type": "Rodent", "Descriptor": "Condition Attracting Rodents", "Location Type": "1-2 Family Dwelling", "Incident Zip": 10468, "Incident Address": "55 WEST  184 STREET", "Street Name": "WEST  184 STREET", "Cross Street 1": "GRAND AVENUE", "Cross Street 2": "AQUEDUCT AVENUE EAST", "Intersection Street 1": "GRAND AVENUE", "Intersection Street 2": "AQUEDUCT AVENUE EAST", "Address Type": "ADDRESS", "City": "BRONX", "Landmark": "WEST  184 STREET", "Facility Type": "N/A", "Status": "Closed", "Due Date": null, "Resolution Description": "This service request was closed because the Department of Health and Mental Hygiene received an earlier complaint about the same location.  You can find inspection results for this address by going to the online Rat Portal at www.nyc.gov/rats.", "Resolution Action Updated Date": "09/22/2025 09:59:56 AM", "Community Board": "07 BRONX", "BBL": 2032120092, "Borough": "BRONX", "X Coordinate (State Plane)": 1010656, "Y Coordinate (State Plane)": 253080, "Open Data Channel Type": "ONLINE", "Park Facility Name": "Unspecified", "Park Borough": "BRONX", "Vehicle Type": null, "Taxi Company Borough": null, "Taxi Pick Up Location": null, "Bridge Highway Name": null, "Bridge Highway Direction": null, "Road Ramp": null, "Bridge Highway Segment": null, "Latitude": 40.861281375929465, "Longitude": -73.904537064381884, "Location": "(40.861281375929465, -73.90453706438188)", "Zip Codes": 11606, "Community Districts": 24, "Borough Boundaries": 5, "City Council Districts": 29, "Police Precincts": 34, "Police Precinct": 34 }, "geometry": { "type": "Point", "coordinates": [ -73.904537064381884, 40.861281375929465 ] } },
{ "type": "Feature", "properties": { "Unique Key": 66238720, "Created Date": "09/22/2025 08:34:14 PM", "Closed Date": "09/22/2025 08:34:14 PM", "Agency": "DOHMH", "Agency Name": "Department of Health and Mental Hygiene", "Complaint Type": "Rodent", "Descriptor": "Condition Attracting Rodents", "Location Type": "1-2 Family Dwelling", "Incident Zip": 11216, "Incident Address": "535A GATES AVENUE", "Street Name": "GATES AVENUE", "Cross Street 1": "MARCY AVENUE", "Cross Street 2": "TOMPKINS AVENUE", "Intersection Street 1": "MARCY AVENUE", "Intersection Street 2": "TOMPKINS AVENUE", "Address Type": "ADDRESS", "City": "BROOKLYN", "Landmark": "GATES AVENUE", "Facility Type": "N/A", "Status": "Closed", "Due Date": null, "Resolution Description": "The Department of Health and Mental Hygiene found violations on the property you reported. Follow-up inspections will be scheduled.", "Resolution Action Updated Date": "09/25/2025 12:49:45 PM", "Community Board": "03 BROOKLYN", "BBL": 3018090051, "Borough": "BROOKLYN", "X Coordinate (State Plane)": 999401, "Y Coordinate (State Plane)": 189511, "Open Data Channel Type": "ONLINE", "Park Facility Name": "Unspecified", "Park Borough": "BROOKLYN", "Vehicle Type": null, "Taxi Company Borough": null, "Taxi Pick Up Location": null, "Bridge Highway Name": null, "Bridge Highway Direction": null, "Road Ramp": null, "Bridge Highway Segment": null, "Latitude": 40.686827720741974, "Longitude": -73.945369435988809, "Location": "(40.686827720741974, -73.94536943598881)", "Zip Codes": 17618, "Community Districts": 69, "Borough Boundaries": 2, "City Council Districts": 49, "Police Precincts": 51, "Police Precinct": 51 }, "geometry": { "type": "Point", "coordinates": [ -73.945369435988809, 40.686827720741974 ] } },
{ "type": "Feature", "properties": { "Unique Key": 66240248, "Created Date": "09/22/2025 08:31:40 PM", "Closed Date": "09/22/2025 08:31:40 PM", "Agency": "DOHMH", "Agency Name": "Department of Health and Mental Hygiene", "Complaint Type": "Rodent", "Descriptor": "Condition Attracting Rodents", "Location Type": "1-2 Family Dwelling", "Incident Zip": 11216, "Incident Address": "533 GATES AVENUE", "Street Name": "GATES AVENUE", "Cross Street 1": "MARCY AVENUE", "Cross Street 2": "TOMPKINS AVENUE", "Intersection Street 1": "MARCY AVENUE", "Intersection Street 2": "TOMPKINS AVENUE", "Address Type": "ADDRESS", "City": "BROOKLYN", "Landmark": "GATES AVENUE", "Facility Type": "N/A", "Status": "Closed", "Due Date": null, "Resolution Description": "The Department of Health and Mental Hygiene found violations on the property you reported. Follow-up inspections will be scheduled.", "Resolution Action Updated Date": "09/25/2025 12:57:44 PM", "Community Board": "03 BROOKLYN", "BBL": 3018090053, "Borough": "BROOKLYN", "X Coordinate (State Plane)": 999384, "Y Coordinate (State Plane)": 189508, "Open Data Channel Type": "ONLINE", "Park Facility Name": "Unspecified", "Park Borough": "BROOKLYN", "Vehicle Type": null, "Taxi Company Borough": null, "Taxi Pick Up Location": null, "Bridge Highway Name": null, "Bridge Highway Direction": null, "Road Ramp": null, "Bridge Highway Segment": null, "Latitude": 40.686819515515026, "Longitude": -73.945430740288529, "Location": "(40.686819515515026, -73.94543074028853)", "Zip Codes": 17618, "Community Districts": 69, "Borough Boundaries": 2, "City Council Districts": 49, "Police Precincts": 51, "Police Precinct": 51 }, "geometry": { "type": "Point", "coordinates": [ -73.945430740288529, 40.686819515515026 ] } },
{ "type": "Feature", "properties": { "Unique Key": 66241741, "Created Date": "09/22/2025 04:26:20 PM", "Closed Date": "09/24/2025 01:15:26 PM", "Agency": "DOHMH", "Agency Name": "Department of Health and Mental Hygiene", "Complaint Type": "Rodent", "Descriptor": "Condition Attracting Rodents", "Location Type": "1-2 Family Dwelling", "Incident Zip": 10309, "Incident Address": "2 HERRICK AVENUE", "Street Name": "HERRICK AVENUE", "Cross Street 1": "BLOOMINGDALE ROAD", "Cross Street 2": "GAYNOR STREET", "Intersection Street 1": "BLOOMINGDALE ROAD", "Intersection Street 2": "GAYNOR STREET", "Address Type": "ADDRESS", "City": "STATEN ISLAND", "Landmark": "HERRICK AVENUE", "Facility Type": "N/A", "Status": "Closed", "Due Date": null, "Resolution Description": "This service request was closed because the Department of Health and Mental Hygiene received an earlier complaint about the same location.  You can find inspection results for this address by going to the online Rat Portal at www.nyc.gov/rats.", "Resolution Action Updated Date": "09/22/2025 04:26:20 PM", "Community Board": "03 STATEN ISLAND", "BBL": 5073510033, "Borough": "STATEN ISLAND", "X Coordinate (State Plane)": 923688, "Y Coordinate (State Plane)": 132693, "Open Data Channel Type": "ONLINE", "Park Facility Name": "Unspecified", "Park Borough": "STATEN ISLAND", "Vehicle Type": null, "Taxi Company Borough": null, "Taxi Pick Up Location": null, "Bridge Highway Name": null, "Bridge Highway Direction": null, "Road Ramp": null, "Bridge Highway Segment": null, "Latitude": 40.530680261214933, "Longitude": -74.217860863655673, "Location": "(40.53068026121493, -74.21786086365567)", "Zip Codes": 10696, "Community Districts": 15, "Borough Boundaries": 1, "City Council Districts": 9, "Police Precincts": 77, "Police Precinct": 77 }, "geometry": { "type": "Point", "coordinates": [ -74.217860863655673, 40.530680261214933 ] } },
{ "type": "Feature", "properties": { "Unique Key": 66241749, "Created Date": "09/22/2025 09:26:08 AM", "Closed Date": "09/22/2025 12:34:30 PM", "Agency": "DOHMH", "Agency Name": "Department of Health and Mental Hygiene", "Complaint Type": "Rodent", "Descriptor": "Condition Attracting Rodents", "Location Type": "Catch Basin or Sewer", "Incident Zip": 10037, "Incident Address": "2252 5 AVENUE", "Street Name": "5 AVENUE", "Cross Street 1": "5 AVENUE", "Cross Street 2": "WEST 137 STREET", "Intersection Street 1": "5 AVENUE", "Intersection Street 2": "WEST  137 STREET", "Address Type": "ADDRESS", "City": "NEW YORK", "Landmark": null, "Facility Type": "N/A", "Status": "Closed", "Due Date": null, "Resolution Description": "This service request was closed because the Department of Health and Mental Hygiene received an earlier complaint about the same location.  You can find inspection results for this address by going to the online Rat Portal at www.nyc.gov/rats.", "Resolution Action Updated Date": "09/22/2025 09:26:08 AM", "Community Board": "10 MANHATTAN", "BBL": 1017350034, "Borough": "MANHATTAN", "X Coordinate (State Plane)": 1001791, "Y Coordinate (State Plane)": 235896, "Open Data Channel Type": "ONLINE", "Park Facility Name": "Unspecified", "Park Borough": "MANHATTAN", "Vehicle Type": null, "Taxi Company Borough": null, "Taxi Pick Up Location": null, "Bridge Highway Name": null, "Bridge Highway Direction": null, "Road Ramp": null, "Bridge Highway Segment": null, "Latitude": 40.814138359827886, "Longitude": -73.936630727623324, "Location": "(40.814138359827886, -73.93663072762332)", "Zip Codes": 13095, "Community Districts": 18, "Borough Boundaries": 4, "City Council Districts": 36, "Police Precincts": 20, "Police Precinct": 20 }, "geometry": { "type": "Point", "coordinates": [ -73.936630727623324, 40.814138359827886 ] } },
{ "type": "Feature", "properties": { "Unique Key": 66241751, "Created Date": "09/22/2025 05:20:20 PM", "Closed Date": null, "Agency": "DOHMH", "Agency Name": "Department of Health and Mental Hygiene", "Complaint Type": "Rodent", "Descriptor": "Condition Attracting Rodents", "Location Type": "1-2 Family Dwelling", "Incident Zip": 11377, "Incident Address": "72-18 51 DRIVE", "Street Name": "51 DRIVE", "Cross Street 1": "72 PLACE", "Cross Street 2": "74 STREET", "Intersection Street 1": "72 PLACE", "Intersection Street 2": "74 STREET", "Address Type": "ADDRESS", "City": "WOODSIDE", "Landmark": "51 DRIVE", "Facility Type": null, "Status": "In Progress", "Due Date": null, "Resolution Description": null, "Resolution Action Updated Date": null, "Community Board": "02 QUEENS", "BBL": null, "Borough": "QUEENS", "X Coordinate (State Plane)": 1014459, "Y Coordinate (State Plane)": 207159, "Open Data Channel Type": "PHONE", "Park Facility Name": "Unspecified", "Park Borough": "QUEENS", "Vehicle Type": null, "Taxi Company Borough": null, "Taxi Pick Up Location": null, "Bridge Highway Name": null, "Bridge Highway Direction": null, "Road Ramp": null, "Bridge Highway Segment": null, "Latitude": 40.735228663526591, "Longitude": -73.890995062369754, "Location": "(40.73522866352659, -73.89099506236975)", "Zip Codes": 14787, "Community Districts": 53, "Borough Boundaries": 3, "City Council Districts": 34, "Police Precincts": 66, "Police Precinct": 66 }, "geometry": { "type": "Point", "coordinates": [ -73.890995062369754, 40.735228663526591 ] } },
{ "type": "Feature", "properties": { "Unique Key": 66241752, "Created Date": "09/22/2025 01:18:37 PM", "Closed Date": "09/23/2025 09:50:15 AM", "Agency": "DOHMH", "Agency Name": "Department of Health and Mental Hygiene", "Complaint Type": "Rodent", "Descriptor": "Condition Attracting Rodents", "Location Type": "1-2 Family Dwelling", "Incident Zip": 11385, "Incident Address": "77-25 78 STREET", "Street Name": "78 STREET", "Cross Street 1": "77 AVENUE", "Cross Street 2": "78 AVENUE", "Intersection Street 1": "77 AVENUE", "Intersection Street 2": "78 AVENUE", "Address Type": "ADDRESS", "City": "RIDGEWOOD", "Landmark": "78 STREET", "Facility Type": "N/A", "Status": "Closed", "Due Date": null, "Resolution Description": "This service request was closed because the Department of Health and Mental Hygiene received an earlier complaint about the same location.  You can find inspection results for this address by going to the online Rat Portal at www.nyc.gov/rats.", "Resolution Action Updated Date": "09/22/2025 01:18:37 PM", "Community Board": "05 QUEENS", "BBL": 4038150066, "Borough": "QUEENS", "X Coordinate (State Plane)": 1019474, "Y Coordinate (State Plane)": 196485, "Open Data Channel Type": "PHONE", "Park Facility Name": "Unspecified", "Park Borough": "QUEENS", "Vehicle Type": null, "Taxi Company Borough": null, "Taxi Pick Up Location": null, "Bridge Highway Name": null, "Bridge Highway Direction": null, "Road Ramp": null, "Bridge Highway Segment": null, "Latitude": 40.705912587341551, "Longitude": -73.872955022519378, "Location": "(40.70591258734155, -73.87295502251938)", "Zip Codes": 15310, "Community Districts": 54, "Borough Boundaries": 3, "City Council Districts": 34, "Police Precincts": 62, "Police Precinct": 62 }, "geometry": { "type": "Point", "coordinates": [ -73.872955022519378, 40.705912587341551 ] } },
{ "type": "Feature", "properties": { "Unique Key": 66243241, "Created Date": "09/22/2025 05:21:07 PM", "Closed Date": null, "Agency": "DOHMH", "Agency Name": "Department of Health and Mental Hygiene", "Complaint Type": "Rodent", "Descriptor": "Condition Attracting Rodents", "Location Type": "Public Garden", "Incident Zip": 10280, "Incident Address": "300 WEST THAMES STREET", "Street Name": "WEST THAMES STREET", "Cross Street 1": "SOUTH END AVENUE", "Cross Street 2": "DEAD END", "Intersection Street 1": "SOUTH END AVENUE", "Intersection Street 2": "DEAD END", "Address Type": "ADDRESS", "City": "NEW YORK", "Landmark": "WEST THAMES STREET", "Facility Type": null, "Status": "In Progress", "Due Date": null, "Resolution Description": null, "Resolution Action Updated Date": null, "Community Board": "01 MANHATTAN", "BBL": 1000167509, "Borough": "MANHATTAN", "X Coordinate (State Plane)": 979393, "Y Coordinate (State Plane)": 197403, "Open Data Channel Type": "ONLINE", "Park Facility Name": "Unspecified", "Park Borough": "MANHATTAN", "Vehicle Type": null, "Taxi Company Borough": null, "Taxi Pick Up Location": null, "Bridge Highway Name": null, "Bridge Highway Direction": null, "Road Ramp": null, "Bridge Highway Segment": null, "Latitude": 40.708501057543756, "Longitude": -74.017518771423596, "Location": "(40.70850105754376, -74.0175187714236)", "Zip Codes": 10367, "Community Districts": 56, "Borough Boundaries": 4, "City Council Districts": 32, "Police Precincts": 1, "Police Precinct": 1 }, "geometry": { "type": "Point", "coordinates": [ -74.017518771423596, 40.708501057543756 ] } },
{ "type": "Feature", "properties": { "Unique Key": 66243242, "Created Date": "09/22/2025 05:26:03 PM", "Closed Date": null, "Agency": "DOHMH", "Agency Name": "Department of Health and Mental Hygiene", "Complaint Type": "Rodent", "Descriptor": "Condition Attracting Rodents", "Location Type": "Public Garden", "Incident Zip": 10280, "Incident Address": "370 RECTOR PLACE", "Street Name": "RECTOR PLACE", "Cross Street 1": "SOUTH END AVENUE", "Cross Street 2": "BEND", "Intersection Street 1": "SOUTH END AVENUE", "Intersection Street 2": "BEND", "Address Type": "ADDRESS", "City": "NEW YORK", "Landmark": "RECTOR PLACE", "Facility Type": null, "Status": "In Progress", "Due Date": null, "Resolution Description": null, "Resolution Action Updated Date": null, "Community Board": "01 MANHATTAN", "BBL": null, "Borough": "MANHATTAN", "X Coordinate (State Plane)": 979348, "Y Coordinate (State Plane)": 197688, "Open Data Channel Type": "ONLINE", "Park Facility Name": "Unspecified", "Park Borough": "MANHATTAN", "Vehicle Type": null, "Taxi Company Borough": null, "Taxi Pick Up Location": null, "Bridge Highway Name": null, "Bridge Highway Direction": null, "Road Ramp": null, "Bridge Highway Segment": null, "Latitude": 40.709283290213278, "Longitude": -74.017681289950971, "Location": "(40.70928329021328, -74.01768128995097)", "Zip Codes": 10367, "Community Districts": 56, "Borough Boundaries": 4, "City Council Districts": 32, "Police Precincts": 1, "Police Precinct": 1 }, "geometry": { "type": "Point", "coordinates": [ -74.017681289950971, 40.709283290213278 ] } },
{ "type": "Feature", "properties": { "Unique Key": 66243243, "Created Date": "09/22/2025 12:07:41 PM", "Closed Date": "09/22/2025 12:41:36 PM", "Agency": "DOHMH", "Agency Name": "Department of Health and Mental Hygiene", "Complaint Type": "Rodent", "Descriptor": "Condition Attracting Rodents", "Location Type": "Parking Lot or Garage", "Incident Zip": 11366, "Incident Address": "78-04 160 STREET", "Street Name": "160 STREET", "Cross Street 1": "78 AVENUE", "Cross Street 2": "78 ROAD", "Intersection Street 1": "78 AVENUE", "Intersection Street 2": "78 ROAD", "Address Type": "ADDRESS", "City": "FRESH MEADOWS", "Landmark": "160 STREET", "Facility Type": "N/A", "Status": "Closed", "Due Date": null, "Resolution Description": "This service request was closed because the Department of Health and Mental Hygiene received an earlier complaint about the same location.  You can find inspection results for this address by going to the online Rat Portal at www.nyc.gov/rats.", "Resolution Action Updated Date": "09/22/2025 12:07:41 PM", "Community Board": "08 QUEENS", "BBL": 4068290024, "Borough": "QUEENS", "X Coordinate (State Plane)": 1037501, "Y Coordinate (State Plane)": 202513, "Open Data Channel Type": "ONLINE", "Park Facility Name": "Unspecified", "Park Borough": "QUEENS", "Vehicle Type": null, "Taxi Company Borough": null, "Taxi Pick Up Location": null, "Bridge Highway Name": null, "Bridge Highway Direction": null, "Road Ramp": null, "Bridge Highway Segment": null, "Latitude": 40.722367843137754, "Longitude": -73.807888214015406, "Location": "(40.722367843137754, -73.8078882140154)", "Zip Codes": 14508, "Community Districts": 25, "Borough Boundaries": 3, "City Council Districts": 24, "Police Precincts": 65, "Police Precinct": 65 }, "geometry": { "type": "Point", "coordinates": [ -73.807888214015406, 40.722367843137754 ] } },
{ "type": "Feature", "properties": { "Unique Key": 66244697, "Created Date": "09/22/2025 09:49:56 AM", "Closed Date": "09/22/2025 09:49:56 AM", "Agency": "DOHMH", "Agency Name": "Department of Health and Mental Hygiene", "Complaint Type": "Rodent", "Descriptor": "Condition Attracting Rodents", "Location Type": "3+ Family Apt. Building", "Incident Zip": 10474, "Incident Address": "754 MANIDA STREET", "Street Name": "MANIDA STREET", "Cross Street 1": "SPOFFORD AVENUE", "Cross Street 2": "LAFAYETTE AVENUE", "Intersection Street 1": "SPOFFORD AVENUE", "Intersection Street 2": "LAFAYETTE AVENUE", "Address Type": "ADDRESS", "City": "BRONX", "Landmark": "MANIDA STREET", "Facility Type": "N/A", "Status": "Closed", "Due Date": null, "Resolution Description": "The Department of Health and Mental Hygiene found violations on the property you reported. Follow-up inspections will be scheduled.", "Resolution Action Updated Date": "09/24/2025 12:35:42 PM", "Community Board": "02 BRONX", "BBL": 2027630136, "Borough": "BRONX", "X Coordinate (State Plane)": 1015056, "Y Coordinate (State Plane)": 236482, "Open Data Channel Type": "PHONE", "Park Facility Name": "Unspecified", "Park Borough": "BRONX", "Vehicle Type": null, "Taxi Company Borough": null, "Taxi Pick Up Location": null, "Bridge Highway Name": null, "Bridge Highway Direction": null, "Road Ramp": null, "Bridge Highway Segment": null, "Latitude": 40.815710466987611, "Longitude": -73.888706443487891, "Location": "(40.81571046698761, -73.88870644348789)", "Zip Codes": 12343, "Community Districts": 8, "Borough Boundaries": 5, "City Council Districts": 43, "Police Precincts": 24, "Police Precinct": 24 }, "geometry": { "type": "Point", "coordinates": [ -73.888706443487891, 40.815710466987611 ] } },
{ "type": "Feature", "properties": { "Unique Key": 66246154, "Created Date": "09/22/2025 12:09:58 PM", "Closed Date": null, "Agency": "DOHMH", "Agency Name": "Department of Health and Mental Hygiene", "Complaint Type": "Rodent", "Descriptor": "Condition Attracting Rodents", "Location Type": "1-2 Family Dwelling", "Incident Zip": 10469, "Incident Address": "2526 LACONIA AVENUE", "Street Name": "LACONIA AVENUE", "Cross Street 1": "MACE AVENUE", "Cross Street 2": "ALLERTON AVENUE", "Intersection Street 1": "MACE AVENUE", "Intersection Street 2": "ALLERTON AVENUE", "Address Type": "ADDRESS", "City": "BRONX", "Landmark": "LACONIA AVENUE", "Facility Type": null, "Status": "In Progress", "Due Date": null, "Resolution Description": null, "Resolution Action Updated Date": null, "Community Board": "11 BRONX", "BBL": 2044560017, "Borough": "BRONX", "X Coordinate (State Plane)": 1024128, "Y Coordinate (State Plane)": 253939, "Open Data Channel Type": "PHONE", "Park Facility Name": "Unspecified", "Park Borough": "BRONX", "Vehicle Type": null, "Taxi Company Borough": null, "Taxi Pick Up Location": null, "Bridge Highway Name": null, "Bridge Highway Direction": null, "Road Ramp": null, "Bridge Highway Segment": null, "Latitude": 40.863588492142334, "Longitude": -73.855828070119045, "Location": "(40.863588492142334, -73.85582807011905)", "Zip Codes": 11607, "Community Districts": 59, "Borough Boundaries": 5, "City Council Districts": 12, "Police Precincts": 32, "Police Precinct": 32 }, "geometry": { "type": "Point", "coordinates": [ -73.855828070119045, 40.863588492142334 ] } },
{ "type": "Feature", "properties": { "Unique Key": 66246155, "Created Date": "09/22/2025 08:23:58 AM", "Closed Date": null, "Agency": "DOHMH", "Agency Name": "Department of Health and Mental Hygiene", "Complaint Type": "Rodent", "Descriptor": "Condition Attracting Rodents", "Location Type": "3+ Family Apt. Building", "Incident Zip": 11226, "Incident Address": "2701 NEWKIRK AVENUE", "Street Name": "NEWKIRK AVENUE", "Cross Street 1": "ROGERS AVENUE", "Cross Street 2": "EAST   28 STREET", "Intersection Street 1": "ROGERS AVENUE", "Intersection Street 2": "EAST   28 STREET", "Address Type": "ADDRESS", "City": "BROOKLYN", "Landmark": "NEWKIRK AVENUE", "Facility Type": null, "Status": "In Progress", "Due Date": null, "Resolution Description": null, "Resolution Action Updated Date": null, "Community Board": "17 BROOKLYN", "BBL": 3052140024, "Borough": "BROOKLYN", "X Coordinate (State Plane)": 997805, "Y Coordinate (State Plane)": 172385, "Open Data Channel Type": "ONLINE", "Park Facility Name": "Unspecified", "Park Borough": "BROOKLYN", "Vehicle Type": null, "Taxi Company Borough": null, "Taxi Pick Up Location": null, "Bridge Highway Name": null, "Bridge Highway Direction": null, "Road Ramp": null, "Bridge Highway Segment": null, "Latitude": 40.639823237789756, "Longitude": -73.951158626330113, "Location": "(40.639823237789756, -73.95115862633011)", "Zip Codes": 13510, "Community Districts": 61, "Borough Boundaries": 2, "City Council Districts": 26, "Police Precincts": 40, "Police Precinct": 40 }, "geometry": { "type": "Point", "coordinates": [ -73.951158626330113, 40.639823237789756 ] } },
{ "type": "Feature", "properties": { "Unique Key": 66246161, "Created Date": "09/22/2025 04:55:08 AM", "Closed Date": "09/22/2025 12:41:36 PM", "Agency": "DOHMH", "Agency Name": "Department of Health and Mental Hygiene", "Complaint Type": "Rodent", "Descriptor": "Condition Attracting Rodents", "Location Type": "Parking Lot or Garage", "Incident Zip": 11366, "Incident Address": "78-04 160 STREET", "Street Name": "160 STREET", "Cross Street 1": "78 AVENUE", "Cross Street 2": "78 ROAD", "Intersection Street 1": "78 AVENUE", "Intersection Street 2": "78 ROAD", "Address Type": "ADDRESS", "City": "FRESH MEADOWS", "Landmark": "160 STREET", "Facility Type": "N/A", "Status": "Closed", "Due Date": null, "Resolution Description": "This service request was closed because the Department of Health and Mental Hygiene received an earlier complaint about the same location.  You can find inspection results for this address by going to the online Rat Portal at www.nyc.gov/rats.", "Resolution Action Updated Date": "09/22/2025 04:55:08 AM", "Community Board": "08 QUEENS", "BBL": 4068290024, "Borough": "QUEENS", "X Coordinate (State Plane)": 1037501, "Y Coordinate (State Plane)": 202513, "Open Data Channel Type": "ONLINE", "Park Facility Name": "Unspecified", "Park Borough": "QUEENS", "Vehicle Type": null, "Taxi Company Borough": null, "Taxi Pick Up Location": null, "Bridge Highway Name": null, "Bridge Highway Direction": null, "Road Ramp": null, "Bridge Highway Segment": null, "Latitude": 40.722367843137754, "Longitude": -73.807888214015406, "Location": "(40.722367843137754, -73.8078882140154)", "Zip Codes": 14508, "Community Districts": 25, "Borough Boundaries": 3, "City Council Districts": 24, "Police Precincts": 65, "Police Precinct": 65 }, "geometry": { "type": "Point", "coordinates": [ -73.807888214015406, 40.722367843137754 ] } },
{ "type": "Feature", "properties": { "Unique Key": 66247591, "Created Date": "09/23/2025 01:05:43 PM", "Closed Date": "09/24/2025 07:44:21 AM", "Agency": "DOHMH", "Agency Name": "Department of Health and Mental Hygiene", "Complaint Type": "Rodent", "Descriptor": "Condition Attracting Rodents", "Location Type": "3+ Family Apt. Building", "Incident Zip": 10035, "Incident Address": "73 EAST  128 STREET", "Street Name": "EAST  128 STREET", "Cross Street 1": "MADISON AVENUE", "Cross Street 2": "PARK AVENUE", "Intersection Street 1": "MADISON AVENUE", "Intersection Street 2": "PARK AVENUE", "Address Type": "ADDRESS", "City": "NEW YORK", "Landmark": "EAST  128 STREET", "Facility Type": "N/A", "Status": "Closed", "Due Date": null, "Resolution Description": "This service request was closed because the Department of Health and Mental Hygiene received an earlier complaint about the same location.  You can find inspection results for this address by going to the online Rat Portal at www.nyc.gov/rats.", "Resolution Action Updated Date": "09/23/2025 01:05:43 PM", "Community Board": "11 MANHATTAN", "BBL": 1017530027, "Borough": "MANHATTAN", "X Coordinate (State Plane)": 1001300, "Y Coordinate (State Plane)": 233408, "Open Data Channel Type": "ONLINE", "Park Facility Name": "Unspecified", "Park Borough": "MANHATTAN", "Vehicle Type": null, "Taxi Company Borough": null, "Taxi Pick Up Location": null, "Bridge Highway Name": null, "Bridge Highway Direction": null, "Road Ramp": null, "Bridge Highway Segment": null, "Latitude": 40.807310453892882, "Longitude": -73.938410851570666, "Location": "(40.80731045389288, -73.93841085157067)", "Zip Codes": 13093, "Community Districts": 7, "Borough Boundaries": 4, "City Council Districts": 36, "Police Precincts": 16, "Police Precinct": 16 }, "geometry": { "type": "Point", "coordinates": [ -73.938410851570666, 40.807310453892882 ] } },
{ "type": "Feature", "properties": { "Unique Key": 66248961, "Created Date": "09/23/2025 04:14:57 PM", "Closed Date": null, "Agency": "DOHMH", "Agency Name": "Department of Health and Mental Hygiene", "Complaint Type": "Rodent", "Descriptor": "Condition Attracting Rodents", "Location Type": "School", "Incident Zip": 11432, "Incident Address": "173-53 CROYDON ROAD", "Street Name": "CROYDON ROAD", "Cross Street 1": "HOMELAWN STREET", "Cross Street 2": "MAYFIELD ROAD", "Intersection Street 1": "HOMELAWN STREET", "Intersection Street 2": "MAYFIELD ROAD", "Address Type": "ADDRESS", "City": "JAMAICA", "Landmark": "CROYDON ROAD", "Facility Type": null, "Status": "In Progress", "Due Date": null, "Resolution Description": null, "Resolution Action Updated Date": null, "Community Board": "08 QUEENS", "BBL": 4098927501, "Borough": "QUEENS", "X Coordinate (State Plane)": 1042330, "Y Coordinate (State Plane)": 200591, "Open Data Channel Type": "ONLINE", "Park Facility Name": "Unspecified", "Park Borough": "QUEENS", "Vehicle Type": null, "Taxi Company Borough": null, "Taxi Pick Up Location": null, "Bridge Highway Name": null, "Bridge Highway Direction": null, "Road Ramp": null, "Bridge Highway Segment": null, "Latitude": 40.717062044339741, "Longitude": -73.790483446535447, "Location": "(40.71706204433974, -73.79048344653545)", "Zip Codes": 24340, "Community Districts": 25, "Borough Boundaries": 3, "City Council Districts": 24, "Police Precincts": 65, "Police Precinct": 65 }, "geometry": { "type": "Point", "coordinates": [ -73.790483446535447, 40.717062044339741 ] } },
{ "type": "Feature", "properties": { "Unique Key": 66250276, "Created Date": "09/23/2025 02:45:04 PM", "Closed Date": "09/23/2025 02:45:04 PM", "Agency": "DOHMH", "Agency Name": "Department of Health and Mental Hygiene", "Complaint Type": "Rodent", "Descriptor": "Condition Attracting Rodents", "Location Type": "Sidewalk", "Incident Zip": 10461, "Incident Address": "2841 ZULETTE AVENUE", "Street Name": "ZULETTE AVENUE", "Cross Street 1": "ERICSON PLACE", "Cross Street 2": "MAYFLOWER AVENUE", "Intersection Street 1": "ERICSON PLACE", "Intersection Street 2": "MAYFLOWER AVENUE", "Address Type": "ADDRESS", "City": "BRONX", "Landmark": "ZULETTE AVENUE", "Facility Type": "N/A", "Status": "Closed", "Due Date": null, "Resolution Description": "The Department of Health and Mental Hygiene found violations on the property you reported. Follow-up inspections will be scheduled.", "Resolution Action Updated Date": "09/24/2025 12:16:06 PM", "Community Board": "10 BRONX", "BBL": 2053850047, "Borough": "BRONX", "X Coordinate (State Plane)": 1029748, "Y Coordinate (State Plane)": 246108, "Open Data Channel Type": "ONLINE", "Park Facility Name": "Unspecified", "Park Borough": "BRONX", "Vehicle Type": null, "Taxi Company Borough": null, "Taxi Pick Up Location": null, "Bridge Highway Name": null, "Bridge Highway Direction": null, "Road Ramp": null, "Bridge Highway Segment": null, "Latitude": 40.842067586205538, "Longitude": -73.835563134763674, "Location": "(40.84206758620554, -73.83556313476367)", "Zip Codes": 11270, "Community Districts": 43, "Borough Boundaries": 5, "City Council Districts": 12, "Police Precincts": 28, "Police Precinct": 28 }, "geometry": { "type": "Point", "coordinates": [ -73.835563134763674, 40.842067586205538 ] } },
{ "type": "Feature", "properties": { "Unique Key": 66250280, "Created Date": "09/23/2025 05:05:27 PM", "Closed Date": null, "Agency": "DOHMH", "Agency Name": "Department of Health and Mental Hygiene", "Complaint Type": "Rodent", "Descriptor": "Condition Attracting Rodents", "Location Type": "3+ Family Apt. Building", "Incident Zip": 11203, "Incident Address": "525 EAST   53 STREET", "Street Name": "EAST   53 STREET", "Cross Street 1": "TILDEN AVENUE", "Cross Street 2": "BEVERLEY ROAD", "Intersection Street 1": "TILDEN AVENUE", "Intersection Street 2": "BEVERLEY ROAD", "Address Type": "ADDRESS", "City": "BROOKLYN", "Landmark": "EAST   53 STREET", "Facility Type": null, "Status": "In Progress", "Due Date": null, "Resolution Description": null, "Resolution Action Updated Date": null, "Community Board": "17 BROOKLYN", "BBL": 3047380042, "Borough": "BROOKLYN", "X Coordinate (State Plane)": 1004527, "Y Coordinate (State Plane)": 174991, "Open Data Channel Type": "PHONE", "Park Facility Name": "Unspecified", "Park Borough": "BROOKLYN", "Vehicle Type": null, "Taxi Company Borough": null, "Taxi Pick Up Location": null, "Bridge Highway Name": null, "Bridge Highway Direction": null, "Road Ramp": null, "Bridge Highway Segment": null, "Latitude": 40.646963306665938, "Longitude": -73.926930093769641, "Location": "(40.64696330666594, -73.92693009376964)", "Zip Codes": 16866, "Community Districts": 61, "Borough Boundaries": 2, "City Council Districts": 26, "Police Precincts": 40, "Police Precinct": 40 }, "geometry": { "type": "Point", "coordinates": [ -73.926930093769641, 40.646963306665938 ] } },
{ "type": "Feature", "properties": { "Unique Key": 66250281, "Created Date": "09/23/2025 10:08:16 AM", "Closed Date": "09/23/2025 11:11:41 AM", "Agency": "DOHMH", "Agency Name": "Department of Health and Mental Hygiene", "Complaint Type": "Rodent", "Descriptor": "Condition Attracting Rodents", "Location Type": "3+ Family Apt. Building", "Incident Zip": 11358, "Incident Address": "45-55 160 STREET", "Street Name": "160 STREET", "Cross Street 1": "45 AVENUE", "Cross Street 2": "46 AVENUE", "Intersection Street 1": "45 AVENUE", "Intersection Street 2": "46 AVENUE", "Address Type": "ADDRESS", "City": "FLUSHING", "Landmark": "160 STREET", "Facility Type": "N/A", "Status": "Closed", "Due Date": null, "Resolution Description": "This service request was closed because the Department of Health and Mental Hygiene received an earlier complaint about the same location.  You can find inspection results for this address by going to the online Rat Portal at www.nyc.gov/rats.", "Resolution Action Updated Date": "09/23/2025 10:08:16 AM", "Community Board": "07 QUEENS", "BBL": 4054390023, "Borough": "QUEENS", "X Coordinate (State Plane)": 1037841, "Y Coordinate (State Plane)": 214452, "Open Data Channel Type": "PHONE", "Park Facility Name": "Unspecified", "Park Borough": "QUEENS", "Vehicle Type": null, "Taxi Company Borough": null, "Taxi Pick Up Location": null, "Bridge Highway Name": null, "Bridge Highway Direction": null, "Road Ramp": null, "Bridge Highway Segment": null, "Latitude": 40.755135304451279, "Longitude": -73.806566499890877, "Location": "(40.75513530445128, -73.80656649989088)", "Zip Codes": 14193, "Community Districts": 22, "Borough Boundaries": 3, "City Council Districts": 3, "Police Precincts": 67, "Police Precinct": 67 }, "geometry": { "type": "Point", "coordinates": [ -73.806566499890877, 40.755135304451279 ] } },
{ "type": "Feature", "properties": { "Unique Key": 66250282, "Created Date": "09/23/2025 09:32:33 PM", "Closed Date": null, "Agency": "DOHMH", "Agency Name": "Department of Health and Mental Hygiene", "Complaint Type": "Rodent", "Descriptor": "Condition Attracting Rodents", "Location Type": "3+ Family Apt. Building", "Incident Zip": 10011, "Incident Address": "9 AVENUE", "Street Name": "9 AVENUE", "Cross Street 1": "9 AVENUE", "Cross Street 2": "WEST   20 STREET", "Intersection Street 1": "9 AVENUE", "Intersection Street 2": "WEST   20 STREET", "Address Type": "INTERSECTION", "City": null, "Landmark": null, "Facility Type": null, "Status": "In Progress", "Due Date": null, "Resolution Description": null, "Resolution Action Updated Date": null, "Community Board": "04 MANHATTAN", "BBL": null, "Borough": "MANHATTAN", "X Coordinate (State Plane)": 983504, "Y Coordinate (State Plane)": 210562, "Open Data Channel Type": "PHONE", "Park Facility Name": "Unspecified", "Park Borough": "MANHATTAN", "Vehicle Type": null, "Taxi Company Borough": null, "Taxi Pick Up Location": null, "Bridge Highway Name": null, "Bridge Highway Direction": null, "Road Ramp": null, "Bridge Highway Segment": null, "Latitude": 40.744620611731342, "Longitude": -74.002692215102144, "Location": "(40.74462061173134, -74.00269221510214)", "Zip Codes": 12074, "Community Districts": 12, "Borough Boundaries": 4, "City Council Districts": 10, "Police Precincts": 6, "Police Precinct": 6 }, "geometry": { "type": "Point", "coordinates": [ -74.002692215102144, 40.744620611731342 ] } },
{ "type": "Feature", "properties": { "Unique Key": 66250283, "Created Date": "09/23/2025 10:11:17 PM", "Closed Date": "09/26/2025 08:07:56 AM", "Agency": "DOHMH", "Agency Name": "Department of Health and Mental Hygiene", "Complaint Type": "Rodent", "Descriptor": "Condition Attracting Rodents", "Location Type": "3+ Family Mixed Use Building", "Incident Zip": 10033, "Incident Address": "92 PINEHURST AVENUE", "Street Name": "PINEHURST AVENUE", "Cross Street 1": "WEST 181 STREET", "Cross Street 2": "HUDSON VIEW GARDENS", "Intersection Street 1": "WEST  181 STREET", "Intersection Street 2": "HUDSON VIEW GARDENS", "Address Type": "ADDRESS", "City": "NEW YORK", "Landmark": "PINEHURST AVENUE", "Facility Type": "N/A", "Status": "Closed", "Due Date": null, "Resolution Description": "This service request was closed because the Department of Health and Mental Hygiene received an earlier complaint about the same location.  You can find inspection results for this address by going to the online Rat Portal at www.nyc.gov/rats.", "Resolution Action Updated Date": "09/23/2025 10:11:17 PM", "Community Board": "12 MANHATTAN", "BBL": 1021797502, "Borough": "MANHATTAN", "X Coordinate (State Plane)": 1001099, "Y Coordinate (State Plane)": 249522, "Open Data Channel Type": "PHONE", "Park Facility Name": "Unspecified", "Park Borough": "MANHATTAN", "Vehicle Type": null, "Taxi Company Borough": null, "Taxi Pick Up Location": null, "Bridge Highway Name": null, "Bridge Highway Direction": null, "Road Ramp": null, "Bridge Highway Segment": null, "Latitude": 40.85153914538499, "Longitude": -73.939096446755116, "Location": "(40.85153914538499, -73.93909644675512)", "Zip Codes": 13091, "Community Districts": 47, "Borough Boundaries": 4, "City Council Districts": 39, "Police Precincts": 22, "Police Precinct": 22 }, "geometry": { "type": "Point", "coordinates": [ -73.939096446755116, 40.85153914538499 ] } },
{ "type": "Feature", "properties": { "Unique Key": 66250286, "Created Date": "09/23/2025 04:40:15 PM", "Closed Date": "09/24/2025 11:22:26 AM", "Agency": "DOHMH", "Agency Name": "Department of Health and Mental Hygiene", "Complaint Type": "Rodent", "Descriptor": "Condition Attracting Rodents", "Location Type": "Parking Lot or Garage", "Incident Zip": 11366, "Incident Address": "78-04 160 STREET", "Street Name": "160 STREET", "Cross Street 1": "78 AVENUE", "Cross Street 2": "78 ROAD", "Intersection Street 1": "78 AVENUE", "Intersection Street 2": "78 ROAD", "Address Type": "ADDRESS", "City": "FRESH MEADOWS", "Landmark": "160 STREET", "Facility Type": "N/A", "Status": "Closed", "Due Date": null, "Resolution Description": "This service request was closed because the Department of Health and Mental Hygiene received an earlier complaint about the same location.  You can find inspection results for this address by going to the online Rat Portal at www.nyc.gov/rats.", "Resolution Action Updated Date": "09/23/2025 04:40:15 PM", "Community Board": "08 QUEENS", "BBL": 4068290024, "Borough": "QUEENS", "X Coordinate (State Plane)": 1037501, "Y Coordinate (State Plane)": 202513, "Open Data Channel Type": "ONLINE", "Park Facility Name": "Unspecified", "Park Borough": "QUEENS", "Vehicle Type": null, "Taxi Company Borough": null, "Taxi Pick Up Location": null, "Bridge Highway Name": null, "Bridge Highway Direction": null, "Road Ramp": null, "Bridge Highway Segment": null, "Latitude": 40.722367843137754, "Longitude": -73.807888214015406, "Location": "(40.722367843137754, -73.8078882140154)", "Zip Codes": 14508, "Community Districts": 25, "Borough Boundaries": 3, "City Council Districts": 24, "Police Precincts": 65, "Police Precinct": 65 }, "geometry": { "type": "Point", "coordinates": [ -73.807888214015406, 40.722367843137754 ] } },
{ "type": "Feature", "properties": { "Unique Key": 66250287, "Created Date": "09/23/2025 11:00:42 PM", "Closed Date": "09/24/2025 11:19:25 AM", "Agency": "DOHMH", "Agency Name": "Department of Health and Mental Hygiene", "Complaint Type": "Rodent", "Descriptor": "Condition Attracting Rodents", "Location Type": "Parking Lot or Garage", "Incident Zip": 11368, "Incident Address": "99-25 HORACE HARDING EXPRESSWAY", "Street Name": "HORACE HARDING EXPRESSWAY", "Cross Street 1": "99 STREET", "Cross Street 2": "LONG ISLAND EXPWY WB ET   20", "Intersection Street 1": "99 STREET", "Intersection Street 2": "LONG ISLAND EXPWY WB ET   20", "Address Type": "ADDRESS", "City": "CORONA", "Landmark": "HORACE HARDING EXPRESSWAY", "Facility Type": "N/A", "Status": "Closed", "Due Date": null, "Resolution Description": "This service request was closed because the Department of Health and Mental Hygiene received an earlier complaint about the same location.  You can find inspection results for this address by going to the online Rat Portal at www.nyc.gov/rats.", "Resolution Action Updated Date": "09/23/2025 11:00:42 PM", "Community Board": "04 QUEENS", "BBL": 4019480019, "Borough": "QUEENS", "X Coordinate (State Plane)": 1023588, "Y Coordinate (State Plane)": 207523, "Open Data Channel Type": "PHONE", "Park Facility Name": "Unspecified", "Park Borough": "QUEENS", "Vehicle Type": null, "Taxi Company Borough": null, "Taxi Pick Up Location": null, "Bridge Highway Name": null, "Bridge Highway Direction": null, "Road Ramp": null, "Bridge Highway Segment": null, "Latitude": 40.736191860679043, "Longitude": -73.85805226942891, "Location": "(40.73619186067904, -73.85805226942891)", "Zip Codes": 14510, "Community Districts": 66, "Borough Boundaries": 3, "City Council Districts": 21, "Police Precincts": 68, "Police Precinct": 68 }, "geometry": { "type": "Point", "coordinates": [ -73.85805226942891, 40.736191860679043 ] } },
{ "type": "Feature", "properties": { "Unique Key": 66250293, "Created Date": "09/23/2025 10:17:09 PM", "Closed Date": null, "Agency": "DOHMH", "Agency Name": "Department of Health and Mental Hygiene", "Complaint Type": "Rodent", "Descriptor": "Condition Attracting Rodents", "Location Type": "1-2 Family Dwelling", "Incident Zip": 11234, "Incident Address": "4416 AVENUE M", "Street Name": "AVENUE M", "Cross Street 1": "TROY AVENUE", "Cross Street 2": "EAST   45 STREET", "Intersection Street 1": "TROY AVENUE", "Intersection Street 2": "EAST   45 STREET", "Address Type": "ADDRESS", "City": "BROOKLYN", "Landmark": "AVENUE M", "Facility Type": null, "Status": "In Progress", "Due Date": null, "Resolution Description": null, "Resolution Action Updated Date": null, "Community Board": "18 BROOKLYN", "BBL": null, "Borough": "BROOKLYN", "X Coordinate (State Plane)": 1002943, "Y Coordinate (State Plane)": 165533, "Open Data Channel Type": "ONLINE", "Park Facility Name": "Unspecified", "Park Borough": "BROOKLYN", "Vehicle Type": null, "Taxi Company Borough": null, "Taxi Pick Up Location": null, "Bridge Highway Name": null, "Bridge Highway Direction": null, "Road Ramp": null, "Bridge Highway Segment": null, "Latitude": 40.621006596985744, "Longitude": -73.932664370330755, "Location": "(40.621006596985744, -73.93266437033076)", "Zip Codes": 13825, "Community Districts": 5, "Borough Boundaries": 2, "City Council Districts": 26, "Police Precincts": 38, "Police Precinct": 38 }, "geometry": { "type": "Point", "coordinates": [ -73.932664370330755, 40.621006596985744 ] } },
{ "type": "Feature", "properties": { "Unique Key": 66251578, "Created Date": "09/23/2025 08:58:20 PM", "Closed Date": "09/25/2025 11:40:30 AM", "Agency": "DOHMH", "Agency Name": "Department of Health and Mental Hygiene", "Complaint Type": "Rodent", "Descriptor": "Condition Attracting Rodents", "Location Type": "1-2 Family Dwelling", "Incident Zip": 10312, "Incident Address": "46 ANACONDA STREET", "Street Name": "ANACONDA STREET", "Cross Street 1": "SPERRY PLACE", "Cross Street 2": "CASTOR PLACE", "Intersection Street 1": "SPERRY PLACE", "Intersection Street 2": "CASTOR PLACE", "Address Type": "ADDRESS", "City": "STATEN ISLAND", "Landmark": "ANACONDA STREET", "Facility Type": "N/A", "Status": "Closed", "Due Date": null, "Resolution Description": "This service request was closed because the Department of Health and Mental Hygiene received an earlier complaint about the same location.  You can find inspection results for this address by going to the online Rat Portal at www.nyc.gov/rats.", "Resolution Action Updated Date": "09/23/2025 08:58:20 PM", "Community Board": "03 STATEN ISLAND", "BBL": 5060480043, "Borough": "STATEN ISLAND", "X Coordinate (State Plane)": 929839, "Y Coordinate (State Plane)": 138291, "Open Data Channel Type": "ONLINE", "Park Facility Name": "Unspecified", "Park Borough": "STATEN ISLAND", "Vehicle Type": null, "Taxi Company Borough": null, "Taxi Pick Up Location": null, "Bridge Highway Name": null, "Bridge Highway Direction": null, "Road Ramp": null, "Bridge Highway Segment": null, "Latitude": 40.546085540131074, "Longitude": -74.195778836906555, "Location": "(40.546085540131074, -74.19577883690656)", "Zip Codes": 10699, "Community Districts": 15, "Borough Boundaries": 1, "City Council Districts": 9, "Police Precincts": 77, "Police Precinct": 77 }, "geometry": { "type": "Point", "coordinates": [ -74.195778836906555, 40.546085540131074 ] } },
{ "type": "Feature", "properties": { "Unique Key": 66251583, "Created Date": "09/23/2025 04:11:28 PM", "Closed Date": "09/24/2025 11:22:26 AM", "Agency": "DOHMH", "Agency Name": "Department of Health and Mental Hygiene", "Complaint Type": "Rodent", "Descriptor": "Condition Attracting Rodents", "Location Type": "Parking Lot or Garage", "Incident Zip": 11366, "Incident Address": "78-04 160 STREET", "Street Name": "160 STREET", "Cross Street 1": "78 AVENUE", "Cross Street 2": "78 ROAD", "Intersection Street 1": "78 AVENUE", "Intersection Street 2": "78 ROAD", "Address Type": "ADDRESS", "City": "FRESH MEADOWS", "Landmark": "160 STREET", "Facility Type": "N/A", "Status": "Closed", "Due Date": null, "Resolution Description": "This service request was closed because the Department of Health and Mental Hygiene received an earlier complaint about the same location.  You can find inspection results for this address by going to the online Rat Portal at www.nyc.gov/rats.", "Resolution Action Updated Date": "09/23/2025 04:11:28 PM", "Community Board": "08 QUEENS", "BBL": 4068290024, "Borough": "QUEENS", "X Coordinate (State Plane)": 1037501, "Y Coordinate (State Plane)": 202513, "Open Data Channel Type": "ONLINE", "Park Facility Name": "Unspecified", "Park Borough": "QUEENS", "Vehicle Type": null, "Taxi Company Borough": null, "Taxi Pick Up Location": null, "Bridge Highway Name": null, "Bridge Highway Direction": null, "Road Ramp": null, "Bridge Highway Segment": null, "Latitude": 40.722367843137754, "Longitude": -73.807888214015406, "Location": "(40.722367843137754, -73.8078882140154)", "Zip Codes": 14508, "Community Districts": 25, "Borough Boundaries": 3, "City Council Districts": 24, "Police Precincts": 65, "Police Precinct": 65 }, "geometry": { "type": "Point", "coordinates": [ -73.807888214015406, 40.722367843137754 ] } },
{ "type": "Feature", "properties": { "Unique Key": 66252967, "Created Date": "09/23/2025 01:35:19 PM", "Closed Date": "09/24/2025 11:22:26 AM", "Agency": "DOHMH", "Agency Name": "Department of Health and Mental Hygiene", "Complaint Type": "Rodent", "Descriptor": "Condition Attracting Rodents", "Location Type": "Parking Lot or Garage", "Incident Zip": 11366, "Incident Address": "78-04 160 STREET", "Street Name": "160 STREET", "Cross Street 1": "78 AVENUE", "Cross Street 2": "78 ROAD", "Intersection Street 1": "78 AVENUE", "Intersection Street 2": "78 ROAD", "Address Type": "ADDRESS", "City": "FRESH MEADOWS", "Landmark": "160 STREET", "Facility Type": "N/A", "Status": "Closed", "Due Date": null, "Resolution Description": "This service request was closed because the Department of Health and Mental Hygiene received an earlier complaint about the same location.  You can find inspection results for this address by going to the online Rat Portal at www.nyc.gov/rats.", "Resolution Action Updated Date": "09/23/2025 01:35:19 PM", "Community Board": "08 QUEENS", "BBL": 4068290024, "Borough": "QUEENS", "X Coordinate (State Plane)": 1037501, "Y Coordinate (State Plane)": 202513, "Open Data Channel Type": "ONLINE", "Park Facility Name": "Unspecified", "Park Borough": "QUEENS", "Vehicle Type": null, "Taxi Company Borough": null, "Taxi Pick Up Location": null, "Bridge Highway Name": null, "Bridge Highway Direction": null, "Road Ramp": null, "Bridge Highway Segment": null, "Latitude": 40.722367843137754, "Longitude": -73.807888214015406, "Location": "(40.722367843137754, -73.8078882140154)", "Zip Codes": 14508, "Community Districts": 25, "Borough Boundaries": 3, "City Council Districts": 24, "Police Precincts": 65, "Police Precinct": 65 }, "geometry": { "type": "Point", "coordinates": [ -73.807888214015406, 40.722367843137754 ] } },
{ "type": "Feature", "properties": { "Unique Key": 66252972, "Created Date": "09/23/2025 11:50:43 AM", "Closed Date": null, "Agency": "DOHMH", "Agency Name": "Department of Health and Mental Hygiene", "Complaint Type": "Rodent", "Descriptor": "Condition Attracting Rodents", "Location Type": "3+ Family Apt. Building", "Incident Zip": 11222, "Incident Address": "196 HURON STREET", "Street Name": "HURON STREET", "Cross Street 1": "MANHATTAN AVENUE", "Cross Street 2": "MCGUINNESS BOULEVARD", "Intersection Street 1": "MANHATTAN AVENUE", "Intersection Street 2": "MCGUINNESS BOULEVARD", "Address Type": "ADDRESS", "City": "BROOKLYN", "Landmark": "HURON STREET", "Facility Type": null, "Status": "In Progress", "Due Date": null, "Resolution Description": null, "Resolution Action Updated Date": null, "Community Board": "01 BROOKLYN", "BBL": 3025330021, "Borough": "BROOKLYN", "X Coordinate (State Plane)": 997145, "Y Coordinate (State Plane)": 206384, "Open Data Channel Type": "PHONE", "Park Facility Name": "Unspecified", "Park Borough": "BROOKLYN", "Vehicle Type": null, "Taxi Company Borough": null, "Taxi Pick Up Location": null, "Bridge Highway Name": null, "Bridge Highway Direction": null, "Road Ramp": null, "Bridge Highway Segment": null, "Latitude": 40.733143669467417, "Longitude": -73.953471667645132, "Location": "(40.73314366946742, -73.95347166764513)", "Zip Codes": 18182, "Community Districts": 36, "Borough Boundaries": 2, "City Council Districts": 38, "Police Precincts": 57, "Police Precinct": 57 }, "geometry": { "type": "Point", "coordinates": [ -73.953471667645132, 40.733143669467417 ] } },
{ "type": "Feature", "properties": { "Unique Key": 66252973, "Created Date": "09/23/2025 02:21:24 PM", "Closed Date": null, "Agency": "DOHMH", "Agency Name": "Department of Health and Mental Hygiene", "Complaint Type": "Rodent", "Descriptor": "Condition Attracting Rodents", "Location Type": "3+ Family Apt. Building", "Incident Zip": 11233, "Incident Address": "209 SUMPTER STREET", "Street Name": "SUMPTER STREET", "Cross Street 1": "HOWARD AVENUE", "Cross Street 2": "SARATOGA AVENUE", "Intersection Street 1": "HOWARD AVENUE", "Intersection Street 2": "SARATOGA AVENUE", "Address Type": "ADDRESS", "City": "BROOKLYN", "Landmark": "SUMPTER STREET", "Facility Type": null, "Status": "In Progress", "Due Date": null, "Resolution Description": null, "Resolution Action Updated Date": null, "Community Board": "03 BROOKLYN", "BBL": 3015190046, "Borough": "BROOKLYN", "X Coordinate (State Plane)": 1007167, "Y Coordinate (State Plane)": 187139, "Open Data Channel Type": "PHONE", "Park Facility Name": "Unspecified", "Park Borough": "BROOKLYN", "Vehicle Type": null, "Taxi Company Borough": null, "Taxi Pick Up Location": null, "Bridge Highway Name": null, "Bridge Highway Direction": null, "Road Ramp": null, "Bridge Highway Segment": null, "Latitude": 40.680300423635018, "Longitude": -73.917375341644231, "Location": "(40.68030042363502, -73.91737534164423)", "Zip Codes": 13516, "Community Districts": 69, "Borough Boundaries": 2, "City Council Districts": 17, "Police Precincts": 52, "Police Precinct": 52 }, "geometry": { "type": "Point", "coordinates": [ -73.917375341644231, 40.680300423635018 ] } },
{ "type": "Feature", "properties": { "Unique Key": 66252974, "Created Date": "09/23/2025 10:42:43 AM", "Closed Date": null, "Agency": "DOHMH", "Agency Name": "Department of Health and Mental Hygiene", "Complaint Type": "Rodent", "Descriptor": "Condition Attracting Rodents", "Location Type": "3+ Family Mixed Use Building", "Incident Zip": 10453, "Incident Address": "51 WEST  183 STREET", "Street Name": "WEST  183 STREET", "Cross Street 1": "GRAND AVENUE", "Cross Street 2": "AQUEDUCT AVENUE EAST", "Intersection Street 1": "GRAND AVENUE", "Intersection Street 2": "AQUEDUCT AVENUE EAST", "Address Type": "ADDRESS", "City": "BRONX", "Landmark": "WEST  183 STREET", "Facility Type": null, "Status": "In Progress", "Due Date": null, "Resolution Description": null, "Resolution Action Updated Date": null, "Community Board": "07 BRONX", "BBL": 2032090014, "Borough": "BRONX", "X Coordinate (State Plane)": 1010310, "Y Coordinate (State Plane)": 252258, "Open Data Channel Type": "PHONE", "Park Facility Name": "Unspecified", "Park Borough": "BRONX", "Vehicle Type": null, "Taxi Company Borough": null, "Taxi Pick Up Location": null, "Bridge Highway Name": null, "Bridge Highway Direction": null, "Road Ramp": null, "Bridge Highway Segment": null, "Latitude": 40.85902626262218, "Longitude": -73.905791118133791, "Location": "(40.85902626262218, -73.90579111813379)", "Zip Codes": 10931, "Community Districts": 24, "Borough Boundaries": 5, "City Council Districts": 29, "Police Precincts": 34, "Police Precinct": 34 }, "geometry": { "type": "Point", "coordinates": [ -73.905791118133791, 40.85902626262218 ] } },
{ "type": "Feature", "properties": { "Unique Key": 66252975, "Created Date": "09/23/2025 07:01:57 PM", "Closed Date": null, "Agency": "DOHMH", "Agency Name": "Department of Health and Mental Hygiene", "Complaint Type": "Rodent", "Descriptor": "Condition Attracting Rodents", "Location Type": "Sidewalk", "Incident Zip": 11365, "Incident Address": "71-62 160 STREET", "Street Name": "160 STREET", "Cross Street 1": "PARK AVENUE", "Cross Street 2": "72 AVENUE", "Intersection Street 1": "PARK AVENUE", "Intersection Street 2": "72 AVENUE", "Address Type": "ADDRESS", "City": "FRESH MEADOWS", "Landmark": "160 STREET", "Facility Type": null, "Status": "In Progress", "Due Date": null, "Resolution Description": null, "Resolution Action Updated Date": null, "Community Board": "08 QUEENS", "BBL": 4067980001, "Borough": "QUEENS", "X Coordinate (State Plane)": 1037176, "Y Coordinate (State Plane)": 204732, "Open Data Channel Type": "ONLINE", "Park Facility Name": "Unspecified", "Park Borough": "QUEENS", "Vehicle Type": null, "Taxi Company Borough": null, "Taxi Pick Up Location": null, "Bridge Highway Name": null, "Bridge Highway Direction": null, "Road Ramp": null, "Bridge Highway Segment": null, "Latitude": 40.72846039509006, "Longitude": -73.809043250230559, "Location": "(40.72846039509006, -73.80904325023056)", "Zip Codes": 14507, "Community Districts": 25, "Borough Boundaries": 3, "City Council Districts": 24, "Police Precincts": 65, "Police Precinct": 65 }, "geometry": { "type": "Point", "coordinates": [ -73.809043250230559, 40.72846039509006 ] } },
{ "type": "Feature", "properties": { "Unique Key": 66254360, "Created Date": "09/23/2025 01:04:40 PM", "Closed Date": null, "Agency": "DOHMH", "Agency Name": "Department of Health and Mental Hygiene", "Complaint Type": "Rodent", "Descriptor": "Condition Attracting Rodents", "Location Type": "3+ Family Apt. Building", "Incident Zip": 10029, "Incident Address": "107 EAST  100 STREET", "Street Name": "EAST  100 STREET", "Cross Street 1": "PARK AVENUE", "Cross Street 2": "LEXINGTON AVENUE", "Intersection Street 1": "PARK AVENUE", "Intersection Street 2": "LEXINGTON AVENUE", "Address Type": "ADDRESS", "City": "NEW YORK", "Landmark": "EAST  100 STREET", "Facility Type": null, "Status": "In Progress", "Due Date": null, "Resolution Description": null, "Resolution Action Updated Date": null, "Community Board": "11 MANHATTAN", "BBL": 1016280103, "Borough": "MANHATTAN", "X Coordinate (State Plane)": 998041, "Y Coordinate (State Plane)": 226705, "Open Data Channel Type": "PHONE", "Park Facility Name": "Unspecified", "Park Borough": "MANHATTAN", "Vehicle Type": null, "Taxi Company Borough": null, "Taxi Pick Up Location": null, "Bridge Highway Name": null, "Bridge Highway Direction": null, "Road Ramp": null, "Bridge Highway Segment": null, "Latitude": 40.788918234889088, "Longitude": -73.95019699234031, "Location": "(40.78891823488909, -73.95019699234031)", "Zip Codes": 12426, "Community Districts": 7, "Borough Boundaries": 4, "City Council Districts": 35, "Police Precincts": 14, "Police Precinct": 14 }, "geometry": { "type": "Point", "coordinates": [ -73.95019699234031, 40.788918234889088 ] } },
{ "type": "Feature", "properties": { "Unique Key": 66254366, "Created Date": "09/23/2025 11:18:30 AM", "Closed Date": "09/24/2025 11:22:26 AM", "Agency": "DOHMH", "Agency Name": "Department of Health and Mental Hygiene", "Complaint Type": "Rodent", "Descriptor": "Condition Attracting Rodents", "Location Type": "Parking Lot or Garage", "Incident Zip": 11366, "Incident Address": "78-04 160 STREET", "Street Name": "160 STREET", "Cross Street 1": "78 AVENUE", "Cross Street 2": "78 ROAD", "Intersection Street 1": "78 AVENUE", "Intersection Street 2": "78 ROAD", "Address Type": "ADDRESS", "City": "FRESH MEADOWS", "Landmark": "160 STREET", "Facility Type": "N/A", "Status": "Closed", "Due Date": null, "Resolution Description": "This service request was closed because the Department of Health and Mental Hygiene received an earlier complaint about the same location.  You can find inspection results for this address by going to the online Rat Portal at www.nyc.gov/rats.", "Resolution Action Updated Date": "09/23/2025 11:18:30 AM", "Community Board": "08 QUEENS", "BBL": 4068290024, "Borough": "QUEENS", "X Coordinate (State Plane)": 1037501, "Y Coordinate (State Plane)": 202513, "Open Data Channel Type": "ONLINE", "Park Facility Name": "Unspecified", "Park Borough": "QUEENS", "Vehicle Type": null, "Taxi Company Borough": null, "Taxi Pick Up Location": null, "Bridge Highway Name": null, "Bridge Highway Direction": null, "Road Ramp": null, "Bridge Highway Segment": null, "Latitude": 40.722367843137754, "Longitude": -73.807888214015406, "Location": "(40.722367843137754, -73.8078882140154)", "Zip Codes": 14508, "Community Districts": 25, "Borough Boundaries": 3, "City Council Districts": 24, "Police Precincts": 65, "Police Precinct": 65 }, "geometry": { "type": "Point", "coordinates": [ -73.807888214015406, 40.722367843137754 ] } },
{ "type": "Feature", "properties": { "Unique Key": 66254367, "Created Date": "09/23/2025 11:15:51 AM", "Closed Date": "09/24/2025 11:22:26 AM", "Agency": "DOHMH", "Agency Name": "Department of Health and Mental Hygiene", "Complaint Type": "Rodent", "Descriptor": "Condition Attracting Rodents", "Location Type": "Parking Lot or Garage", "Incident Zip": 11366, "Incident Address": "78-04 160 STREET", "Street Name": "160 STREET", "Cross Street 1": "78 AVENUE", "Cross Street 2": "78 ROAD", "Intersection Street 1": "78 AVENUE", "Intersection Street 2": "78 ROAD", "Address Type": "ADDRESS", "City": "FRESH MEADOWS", "Landmark": "160 STREET", "Facility Type": "N/A", "Status": "Closed", "Due Date": null, "Resolution Description": "This service request was closed because the Department of Health and Mental Hygiene received an earlier complaint about the same location.  You can find inspection results for this address by going to the online Rat Portal at www.nyc.gov/rats.", "Resolution Action Updated Date": "09/23/2025 11:15:51 AM", "Community Board": "08 QUEENS", "BBL": 4068290024, "Borough": "QUEENS", "X Coordinate (State Plane)": 1037501, "Y Coordinate (State Plane)": 202513, "Open Data Channel Type": "ONLINE", "Park Facility Name": "Unspecified", "Park Borough": "QUEENS", "Vehicle Type": null, "Taxi Company Borough": null, "Taxi Pick Up Location": null, "Bridge Highway Name": null, "Bridge Highway Direction": null, "Road Ramp": null, "Bridge Highway Segment": null, "Latitude": 40.722367843137754, "Longitude": -73.807888214015406, "Location": "(40.722367843137754, -73.8078882140154)", "Zip Codes": 14508, "Community Districts": 25, "Borough Boundaries": 3, "City Council Districts": 24, "Police Precincts": 65, "Police Precinct": 65 }, "geometry": { "type": "Point", "coordinates": [ -73.807888214015406, 40.722367843137754 ] } },
{ "type": "Feature", "properties": { "Unique Key": 66255743, "Created Date": "09/23/2025 06:42:32 PM", "Closed Date": "09/24/2025 11:22:25 AM", "Agency": "DOHMH", "Agency Name": "Department of Health and Mental Hygiene", "Complaint Type": "Rodent", "Descriptor": "Condition Attracting Rodents", "Location Type": "Parking Lot or Garage", "Incident Zip": 11366, "Incident Address": "78-04 160 STREET", "Street Name": "160 STREET", "Cross Street 1": "78 AVENUE", "Cross Street 2": "78 ROAD", "Intersection Street 1": "78 AVENUE", "Intersection Street 2": "78 ROAD", "Address Type": "ADDRESS", "City": "FRESH MEADOWS", "Landmark": "160 STREET", "Facility Type": "N/A", "Status": "Closed", "Due Date": null, "Resolution Description": "This service request was closed because the Department of Health and Mental Hygiene received an earlier complaint about the same location.  You can find inspection results for this address by going to the online Rat Portal at www.nyc.gov/rats.", "Resolution Action Updated Date": "09/23/2025 06:42:32 PM", "Community Board": "08 QUEENS", "BBL": 4068290024, "Borough": "QUEENS", "X Coordinate (State Plane)": 1037501, "Y Coordinate (State Plane)": 202513, "Open Data Channel Type": "ONLINE", "Park Facility Name": "Unspecified", "Park Borough": "QUEENS", "Vehicle Type": null, "Taxi Company Borough": null, "Taxi Pick Up Location": null, "Bridge Highway Name": null, "Bridge Highway Direction": null, "Road Ramp": null, "Bridge Highway Segment": null, "Latitude": 40.722367843137754, "Longitude": -73.807888214015406, "Location": "(40.722367843137754, -73.8078882140154)", "Zip Codes": 14508, "Community Districts": 25, "Borough Boundaries": 3, "City Council Districts": 24, "Police Precincts": 65, "Police Precinct": 65 }, "geometry": { "type": "Point", "coordinates": [ -73.807888214015406, 40.722367843137754 ] } },
{ "type": "Feature", "properties": { "Unique Key": 66255747, "Created Date": "09/23/2025 06:23:17 PM", "Closed Date": null, "Agency": "DOHMH", "Agency Name": "Department of Health and Mental Hygiene", "Complaint Type": "Rodent", "Descriptor": "Condition Attracting Rodents", "Location Type": "1-2 Family Dwelling", "Incident Zip": 11208, "Incident Address": "777 LOGAN STREET", "Street Name": "LOGAN STREET", "Cross Street 1": "HEGEMAN AVENUE", "Cross Street 2": "LINDEN BOULEVARD", "Intersection Street 1": "HEGEMAN AVENUE", "Intersection Street 2": "LINDEN BOULEVARD", "Address Type": "ADDRESS", "City": "BROOKLYN", "Landmark": "LOGAN STREET", "Facility Type": null, "Status": "In Progress", "Due Date": null, "Resolution Description": null, "Resolution Action Updated Date": null, "Community Board": "05 BROOKLYN", "BBL": 3044810055, "Borough": "BROOKLYN", "X Coordinate (State Plane)": 1019400, "Y Coordinate (State Plane)": 182363, "Open Data Channel Type": "PHONE", "Park Facility Name": "Unspecified", "Park Borough": "BROOKLYN", "Vehicle Type": null, "Taxi Company Borough": null, "Taxi Pick Up Location": null, "Bridge Highway Name": null, "Bridge Highway Direction": null, "Road Ramp": null, "Bridge Highway Segment": null, "Latitude": 40.667151266924712, "Longitude": -73.873295597667251, "Location": "(40.66715126692471, -73.87329559766725)", "Zip Codes": 17215, "Community Districts": 45, "Borough Boundaries": 2, "City Council Districts": 25, "Police Precincts": 47, "Police Precinct": 47 }, "geometry": { "type": "Point", "coordinates": [ -73.873295597667251, 40.667151266924712 ] } },
{ "type": "Feature", "properties": { "Unique Key": 66258373, "Created Date": "09/24/2025 11:53:28 AM", "Closed Date": null, "Agency": "DOHMH", "Agency Name": "Department of Health and Mental Hygiene", "Complaint Type": "Rodent", "Descriptor": "Condition Attracting Rodents", "Location Type": "1-2 Family Dwelling", "Incident Zip": 10473, "Incident Address": "2230 LAFAYETTE AVENUE", "Street Name": "LAFAYETTE AVENUE", "Cross Street 1": "CASTLE HILL AVENUE", "Cross Street 2": "HAVEMEYER AVENUE", "Intersection Street 1": "CASTLE HILL AVENUE", "Intersection Street 2": "HAVEMEYER AVENUE", "Address Type": "ADDRESS", "City": "BRONX", "Landmark": "LAFAYETTE AVENUE", "Facility Type": null, "Status": "In Progress", "Due Date": null, "Resolution Description": null, "Resolution Action Updated Date": null, "Community Board": "09 BRONX", "BBL": 2036150046, "Borough": "BRONX", "X Coordinate (State Plane)": 1026346, "Y Coordinate (State Plane)": 239301, "Open Data Channel Type": "PHONE", "Park Facility Name": "Unspecified", "Park Borough": "BRONX", "Vehicle Type": null, "Taxi Company Borough": null, "Taxi Pick Up Location": null, "Bridge Highway Name": null, "Bridge Highway Direction": null, "Road Ramp": null, "Bridge Highway Segment": null, "Latitude": 40.823401231212898, "Longitude": -73.847901184120431, "Location": "(40.8234012312129, -73.84790118412043)", "Zip Codes": 11611, "Community Districts": 58, "Borough Boundaries": 5, "City Council Districts": 31, "Police Precincts": 26, "Police Precinct": 26 }, "geometry": { "type": "Point", "coordinates": [ -73.847901184120431, 40.823401231212898 ] } },
{ "type": "Feature", "properties": { "Unique Key": 66258378, "Created Date": "09/24/2025 10:58:38 AM", "Closed Date": null, "Agency": "DOHMH", "Agency Name": "Department of Health and Mental Hygiene", "Complaint Type": "Rodent", "Descriptor": "Condition Attracting Rodents", "Location Type": "1-2 Family Dwelling", "Incident Zip": 11420, "Incident Address": "131-14 134 STREET", "Street Name": "134 STREET", "Cross Street 1": "131 AVENUE", "Cross Street 2": "133 AVENUE", "Intersection Street 1": "131 AVENUE", "Intersection Street 2": "133 AVENUE", "Address Type": "ADDRESS", "City": "SOUTH OZONE PARK", "Landmark": "134 STREET", "Facility Type": null, "Status": "In Progress", "Due Date": null, "Resolution Description": null, "Resolution Action Updated Date": null, "Community Board": "10 QUEENS", "BBL": 4117780086, "Borough": "QUEENS", "X Coordinate (State Plane)": 1038471, "Y Coordinate (State Plane)": 183527, "Open Data Channel Type": "ONLINE", "Park Facility Name": "Unspecified", "Park Borough": "QUEENS", "Vehicle Type": null, "Taxi Company Borough": null, "Taxi Pick Up Location": null, "Bridge Highway Name": null, "Bridge Highway Direction": null, "Road Ramp": null, "Bridge Highway Segment": null, "Latitude": 40.670249924468294, "Longitude": -73.804541625204834, "Location": "(40.670249924468294, -73.80454162520483)", "Zip Codes": 24016, "Community Districts": 62, "Borough Boundaries": 3, "City Council Districts": 46, "Police Precincts": 64, "Police Precinct": 64 }, "geometry": { "type": "Point", "coordinates": [ -73.804541625204834, 40.670249924468294 ] } },
{ "type": "Feature", "properties": { "Unique Key": 66259602, "Created Date": "09/24/2025 10:20:58 PM", "Closed Date": null, "Agency": "DOHMH", "Agency Name": "Department of Health and Mental Hygiene", "Complaint Type": "Rodent", "Descriptor": "Condition Attracting Rodents", "Location Type": "Street", "Incident Zip": 10314, "Incident Address": "43 STEPHEN LOOP", "Street Name": "STEPHEN LOOP", "Cross Street 1": "DEAD END", "Cross Street 2": null, "Intersection Street 1": "DEAD END", "Intersection Street 2": null, "Address Type": "ADDRESS", "City": "STATEN ISLAND", "Landmark": "STEPHEN LOOP", "Facility Type": null, "Status": "In Progress", "Due Date": null, "Resolution Description": null, "Resolution Action Updated Date": null, "Community Board": "02 STATEN ISLAND", "BBL": 5023830169, "Borough": "STATEN ISLAND", "X Coordinate (State Plane)": 938870, "Y Coordinate (State Plane)": 154199, "Open Data Channel Type": "ONLINE", "Park Facility Name": "Unspecified", "Park Borough": "STATEN ISLAND", "Vehicle Type": null, "Taxi Company Borough": null, "Taxi Pick Up Location": null, "Bridge Highway Name": null, "Bridge Highway Direction": null, "Road Ramp": null, "Bridge Highway Segment": null, "Latitude": 40.589800634044522, "Longitude": -74.163390809730188, "Location": "(40.58980063404452, -74.16339080973019)", "Zip Codes": 10700, "Community Districts": 30, "Borough Boundaries": 1, "City Council Districts": 9, "Police Precincts": 75, "Police Precinct": 75 }, "geometry": { "type": "Point", "coordinates": [ -74.163390809730188, 40.589800634044522 ] } },
{ "type": "Feature", "properties": { "Unique Key": 66259603, "Created Date": "09/24/2025 11:06:57 AM", "Closed Date": "09/24/2025 11:06:57 AM", "Agency": "DOHMH", "Agency Name": "Department of Health and Mental Hygiene", "Complaint Type": "Rodent", "Descriptor": "Condition Attracting Rodents", "Location Type": "3+ Family Apt. Building", "Incident Zip": 10027, "Incident Address": "1453 AMSTERDAM AVENUE", "Street Name": "AMSTERDAM AVENUE", "Cross Street 1": "WEST 131 STREET", "Cross Street 2": "WEST 133 STREET", "Intersection Street 1": "WEST  131 STREET", "Intersection Street 2": "WEST  133 STREET", "Address Type": "ADDRESS", "City": "NEW YORK", "Landmark": "AMSTERDAM AVENUE", "Facility Type": "N/A", "Status": "Closed", "Due Date": null, "Resolution Description": "This service request was closed because the Department of Health and Mental Hygiene received an earlier complaint about the same location.  You can find inspection results for this address by going to the online Rat Portal at www.nyc.gov/rats.", "Resolution Action Updated Date": "09/24/2025 01:33:11 PM", "Community Board": "09 MANHATTAN", "BBL": 1019700073, "Borough": "MANHATTAN", "X Coordinate (State Plane)": 997041, "Y Coordinate (State Plane)": 236846, "Open Data Channel Type": "ONLINE", "Park Facility Name": "Unspecified", "Park Borough": "MANHATTAN", "Vehicle Type": null, "Taxi Company Borough": null, "Taxi Pick Up Location": null, "Bridge Highway Name": null, "Bridge Highway Direction": null, "Road Ramp": null, "Bridge Highway Segment": null, "Latitude": 40.816753998066027, "Longitude": -73.95378894090841, "Location": "(40.81675399806603, -73.95378894090841)", "Zip Codes": 12424, "Community Districts": 37, "Borough Boundaries": 4, "City Council Districts": 36, "Police Precincts": 17, "Police Precinct": 17 }, "geometry": { "type": "Point", "coordinates": [ -73.95378894090841, 40.816753998066027 ] } },
{ "type": "Feature", "properties": { "Unique Key": 66260841, "Created Date": "09/24/2025 07:36:51 AM", "Closed Date": null, "Agency": "DOHMH", "Agency Name": "Department of Health and Mental Hygiene", "Complaint Type": "Rodent", "Descriptor": "Condition Attracting Rodents", "Location Type": "3+ Family Apt. Building", "Incident Zip": 11218, "Incident Address": "205 EAST    9 STREET", "Street Name": "EAST    9 STREET", "Cross Street 1": "BEVERLEY ROAD", "Cross Street 2": "AVENUE C", "Intersection Street 1": "BEVERLEY ROAD", "Intersection Street 2": "AVENUE C", "Address Type": "ADDRESS", "City": "BROOKLYN", "Landmark": "EAST    9 STREET", "Facility Type": null, "Status": "In Progress", "Due Date": null, "Resolution Description": null, "Resolution Action Updated Date": null, "Community Board": "12 BROOKLYN", "BBL": 3053610001, "Borough": "BROOKLYN", "X Coordinate (State Plane)": 992402, "Y Coordinate (State Plane)": 173632, "Open Data Channel Type": "PHONE", "Park Facility Name": "Unspecified", "Park Borough": "BROOKLYN", "Vehicle Type": null, "Taxi Company Borough": null, "Taxi Pick Up Location": null, "Bridge Highway Name": null, "Bridge Highway Direction": null, "Road Ramp": null, "Bridge Highway Segment": null, "Latitude": 40.643252605914341, "Longitude": -73.970625206315106, "Location": "(40.64325260591434, -73.9706252063151)", "Zip Codes": 17620, "Community Districts": 2, "Borough Boundaries": 2, "City Council Districts": 11, "Police Precincts": 39, "Police Precinct": 39 }, "geometry": { "type": "Point", "coordinates": [ -73.970625206315106, 40.643252605914341 ] } },
{ "type": "Feature", "properties": { "Unique Key": 66260853, "Created Date": "09/24/2025 10:01:52 PM", "Closed Date": null, "Agency": "DOHMH", "Agency Name": "Department of Health and Mental Hygiene", "Complaint Type": "Rodent", "Descriptor": "Condition Attracting Rodents", "Location Type": "3+ Family Apt. Building", "Incident Zip": 11221, "Incident Address": "324 CENTRAL AVENUE", "Street Name": "CENTRAL AVENUE", "Cross Street 1": "BLEECKER STREET", "Cross Street 2": "MENAHAN STREET", "Intersection Street 1": "BLEECKER STREET", "Intersection Street 2": "MENAHAN STREET", "Address Type": "ADDRESS", "City": "BROOKLYN", "Landmark": "CENTRAL AVENUE", "Facility Type": null, "Status": "In Progress", "Due Date": null, "Resolution Description": null, "Resolution Action Updated Date": null, "Community Board": "04 BROOKLYN", "BBL": 3033050042, "Borough": "BROOKLYN", "X Coordinate (State Plane)": 1006269, "Y Coordinate (State Plane)": 192667, "Open Data Channel Type": "ONLINE", "Park Facility Name": "Unspecified", "Park Borough": "BROOKLYN", "Vehicle Type": null, "Taxi Company Borough": null, "Taxi Pick Up Location": null, "Bridge Highway Name": null, "Bridge Highway Direction": null, "Road Ramp": null, "Bridge Highway Segment": null, "Latitude": 40.695475788196624, "Longitude": -73.920594910879672, "Location": "(40.695475788196624, -73.92059491087967)", "Zip Codes": 18181, "Community Districts": 42, "Borough Boundaries": 2, "City Council Districts": 30, "Police Precincts": 53, "Police Precinct": 53 }, "geometry": { "type": "Point", "coordinates": [ -73.920594910879672, 40.695475788196624 ] } },
{ "type": "Feature", "properties": { "Unique Key": 66260854, "Created Date": "09/24/2025 12:37:31 PM", "Closed Date": "09/25/2025 10:37:05 AM", "Agency": "DOHMH", "Agency Name": "Department of Health and Mental Hygiene", "Complaint Type": "Rodent", "Descriptor": "Condition Attracting Rodents", "Location Type": "Vacant Lot", "Incident Zip": 11433, "Incident Address": "107-19 165 STREET", "Street Name": "165 STREET", "Cross Street 1": "107 AVENUE", "Cross Street 2": "108 AVENUE", "Intersection Street 1": "107 AVENUE", "Intersection Street 2": "108 AVENUE", "Address Type": "ADDRESS", "City": "JAMAICA", "Landmark": "165 STREET", "Facility Type": "N/A", "Status": "Closed", "Due Date": null, "Resolution Description": "This service request was closed because the Department of Health and Mental Hygiene received an earlier complaint about the same location.  You can find inspection results for this address by going to the online Rat Portal at www.nyc.gov/rats.", "Resolution Action Updated Date": "09/24/2025 12:37:31 PM", "Community Board": "12 QUEENS", "BBL": 4101690019, "Borough": "QUEENS", "X Coordinate (State Plane)": 1042473, "Y Coordinate (State Plane)": 193887, "Open Data Channel Type": "ONLINE", "Park Facility Name": "Unspecified", "Park Borough": "QUEENS", "Vehicle Type": null, "Taxi Company Borough": null, "Taxi Pick Up Location": null, "Bridge Highway Name": null, "Bridge Highway Direction": null, "Road Ramp": null, "Bridge Highway Segment": null, "Latitude": 40.698660262615654, "Longitude": -73.790025563046399, "Location": "(40.698660262615654, -73.7900255630464)", "Zip Codes": 24668, "Community Districts": 41, "Borough Boundaries": 3, "City Council Districts": 6, "Police Precincts": 61, "Police Precinct": 61 }, "geometry": { "type": "Point", "coordinates": [ -73.790025563046399, 40.698660262615654 ] } },
{ "type": "Feature", "properties": { "Unique Key": 66262153, "Created Date": "09/24/2025 10:35:05 AM", "Closed Date": null, "Agency": "DOHMH", "Agency Name": "Department of Health and Mental Hygiene", "Complaint Type": "Rodent", "Descriptor": "Condition Attracting Rodents", "Location Type": "3+ Family Mixed Use Building", "Incident Zip": 10457, "Incident Address": "2044 WASHINGTON AVENUE", "Street Name": "WASHINGTON AVENUE", "Cross Street 1": "EAST  179 STREET", "Cross Street 2": "EAST  180 STREET", "Intersection Street 1": "EAST  179 STREET", "Intersection Street 2": "EAST  180 STREET", "Address Type": "ADDRESS", "City": "BRONX", "Landmark": "WASHINGTON AVENUE", "Facility Type": null, "Status": "In Progress", "Due Date": null, "Resolution Description": null, "Resolution Action Updated Date": null, "Community Board": "06 BRONX", "BBL": 2030460012, "Borough": "BRONX", "X Coordinate (State Plane)": 1012964, "Y Coordinate (State Plane)": 249084, "Open Data Channel Type": "ONLINE", "Park Facility Name": "Unspecified", "Park Borough": "BRONX", "Vehicle Type": null, "Taxi Company Borough": null, "Taxi Pick Up Location": null, "Bridge Highway Name": null, "Bridge Highway Direction": null, "Road Ramp": null, "Bridge Highway Segment": null, "Latitude": 40.850306351772787, "Longitude": -73.896210310137477, "Location": "(40.85030635177279, -73.89621031013748)", "Zip Codes": 10935, "Community Districts": 35, "Borough Boundaries": 5, "City Council Districts": 22, "Police Precincts": 31, "Police Precinct": 31 }, "geometry": { "type": "Point", "coordinates": [ -73.896210310137477, 40.850306351772787 ] } },
{ "type": "Feature", "properties": { "Unique Key": 66262154, "Created Date": "09/24/2025 03:35:02 PM", "Closed Date": null, "Agency": "DOHMH", "Agency Name": "Department of Health and Mental Hygiene", "Complaint Type": "Rodent", "Descriptor": "Condition Attracting Rodents", "Location Type": "Commercial Building", "Incident Zip": 10455, "Incident Address": "565 PROSPECT AVENUE", "Street Name": "PROSPECT AVENUE", "Cross Street 1": "EAST  149 STREET", "Cross Street 2": "EAST  150 STREET", "Intersection Street 1": "EAST  149 STREET", "Intersection Street 2": "EAST  150 STREET", "Address Type": "ADDRESS", "City": "BRONX", "Landmark": "PROSPECT AVENUE", "Facility Type": null, "Status": "In Progress", "Due Date": null, "Resolution Description": null, "Resolution Action Updated Date": null, "Community Board": "01 BRONX", "BBL": 2026740012, "Borough": "BRONX", "X Coordinate (State Plane)": 1010742, "Y Coordinate (State Plane)": 235417, "Open Data Channel Type": "PHONE", "Park Facility Name": "Unspecified", "Park Borough": "BRONX", "Vehicle Type": null, "Taxi Company Borough": null, "Taxi Pick Up Location": null, "Bridge Highway Name": null, "Bridge Highway Direction": null, "Road Ramp": null, "Bridge Highway Segment": null, "Latitude": 40.812801331699141, "Longitude": -73.90429592237335, "Location": "(40.81280133169914, -73.90429592237335)", "Zip Codes": 10933, "Community Districts": 49, "Borough Boundaries": 5, "City Council Districts": 35, "Police Precincts": 23, "Police Precinct": 23 }, "geometry": { "type": "Point", "coordinates": [ -73.90429592237335, 40.812801331699141 ] } },
{ "type": "Feature", "properties": { "Unique Key": 66263368, "Created Date": "09/24/2025 06:43:36 PM", "Closed Date": null, "Agency": "DOHMH", "Agency Name": "Department of Health and Mental Hygiene", "Complaint Type": "Rodent", "Descriptor": "Condition Attracting Rodents", "Location Type": "Street", "Incident Zip": 10021, "Incident Address": "1066 LEXINGTON AVENUE", "Street Name": "LEXINGTON AVENUE", "Cross Street 1": "EAST   75 STREET", "Cross Street 2": "EAST   76 STREET", "Intersection Street 1": "EAST   75 STREET", "Intersection Street 2": "EAST   76 STREET", "Address Type": "ADDRESS", "City": "NEW YORK", "Landmark": "LEXINGTON AVENUE", "Facility Type": null, "Status": "In Progress", "Due Date": null, "Resolution Description": null, "Resolution Action Updated Date": null, "Community Board": "08 MANHATTAN", "BBL": 1014100014, "Borough": "MANHATTAN", "X Coordinate (State Plane)": 995170, "Y Coordinate (State Plane)": 220785, "Open Data Channel Type": "ONLINE", "Park Facility Name": "Unspecified", "Park Borough": "MANHATTAN", "Vehicle Type": null, "Taxi Company Borough": null, "Taxi Pick Up Location": null, "Bridge Highway Name": null, "Bridge Highway Direction": null, "Road Ramp": null, "Bridge Highway Segment": null, "Latitude": 40.772673418335835, "Longitude": -73.960574565455246, "Location": "(40.772673418335835, -73.96057456545525)", "Zip Codes": 12083, "Community Districts": 23, "Borough Boundaries": 4, "City Council Districts": 51, "Police Precincts": 11, "Police Precinct": 11 }, "geometry": { "type": "Point", "coordinates": [ -73.960574565455246, 40.772673418335835 ] } },
{ "type": "Feature", "properties": { "Unique Key": 66263370, "Created Date": "09/24/2025 05:06:50 PM", "Closed Date": null, "Agency": "DOHMH", "Agency Name": "Department of Health and Mental Hygiene", "Complaint Type": "Rodent", "Descriptor": "Condition Attracting Rodents", "Location Type": "1-2 Family Dwelling", "Incident Zip": 11429, "Incident Address": "212-02 104 AVENUE", "Street Name": "104 AVENUE", "Cross Street 1": "212 STREET", "Cross Street 2": "213 STREET", "Intersection Street 1": "212 STREET", "Intersection Street 2": "213 STREET", "Address Type": "ADDRESS", "City": "QUEENS VILLAGE", "Landmark": "104 AVENUE", "Facility Type": null, "Status": "In Progress", "Due Date": null, "Resolution Description": null, "Resolution Action Updated Date": null, "Community Board": "13 QUEENS", "BBL": 4110980037, "Borough": "QUEENS", "X Coordinate (State Plane)": 1054647, "Y Coordinate (State Plane)": 198683, "Open Data Channel Type": "ONLINE", "Park Facility Name": "Unspecified", "Park Borough": "QUEENS", "Vehicle Type": null, "Taxi Company Borough": null, "Taxi Pick Up Location": null, "Bridge Highway Name": null, "Bridge Highway Direction": null, "Road Ramp": null, "Bridge Highway Segment": null, "Latitude": 40.711735627435466, "Longitude": -73.746071542704698, "Location": "(40.711735627435466, -73.7460715427047)", "Zip Codes": 24338, "Community Districts": 63, "Borough Boundaries": 3, "City Council Districts": 6, "Police Precincts": 63, "Police Precinct": 63 }, "geometry": { "type": "Point", "coordinates": [ -73.746071542704698, 40.711735627435466 ] } },
{ "type": "Feature", "properties": { "Unique Key": 66263371, "Created Date": "09/24/2025 12:06:12 PM", "Closed Date": null, "Agency": "DOHMH", "Agency Name": "Department of Health and Mental Hygiene", "Complaint Type": "Rodent", "Descriptor": "Condition Attracting Rodents", "Location Type": "3+ Family Apt. Building", "Incident Zip": 11428, "Incident Address": "94-85 218 STREET", "Street Name": "218 STREET", "Cross Street 1": "94 ROAD", "Cross Street 2": "JAMAICA AVENUE", "Intersection Street 1": "94 ROAD", "Intersection Street 2": "JAMAICA AVENUE", "Address Type": "ADDRESS", "City": "QUEENS VILLAGE", "Landmark": "218 STREET", "Facility Type": null, "Status": "In Progress", "Due Date": null, "Resolution Description": null, "Resolution Action Updated Date": null, "Community Board": "13 QUEENS", "BBL": 4106940006, "Borough": "QUEENS", "X Coordinate (State Plane)": 1057076, "Y Coordinate (State Plane)": 201128, "Open Data Channel Type": "PHONE", "Park Facility Name": "Unspecified", "Park Borough": "QUEENS", "Vehicle Type": null, "Taxi Company Borough": null, "Taxi Pick Up Location": null, "Bridge Highway Name": null, "Bridge Highway Direction": null, "Road Ramp": null, "Bridge Highway Segment": null, "Latitude": 40.718426877824342, "Longitude": -73.737283517465059, "Location": "(40.71842687782434, -73.73728351746506)", "Zip Codes": 24337, "Community Districts": 63, "Borough Boundaries": 3, "City Council Districts": 16, "Police Precincts": 63, "Police Precinct": 63 }, "geometry": { "type": "Point", "coordinates": [ -73.737283517465059, 40.718426877824342 ] } },
{ "type": "Feature", "properties": { "Unique Key": 66263372, "Created Date": "09/24/2025 01:47:32 PM", "Closed Date": "09/26/2025 01:19:08 PM", "Agency": "DOHMH", "Agency Name": "Department of Health and Mental Hygiene", "Complaint Type": "Rodent", "Descriptor": "Condition Attracting Rodents", "Location Type": "3+ Family Apt. Building", "Incident Zip": 11203, "Incident Address": "456 SCHENECTADY AVENUE", "Street Name": "SCHENECTADY AVENUE", "Cross Street 1": "LEFFERTS AVENUE", "Cross Street 2": "EAST NEW YORK AVENUE", "Intersection Street 1": "LEFFERTS AVENUE", "Intersection Street 2": "EAST NEW YORK AVENUE", "Address Type": "ADDRESS", "City": "BROOKLYN", "Landmark": "SCHENECTADY AVENUE", "Facility Type": "N/A", "Status": "Closed", "Due Date": null, "Resolution Description": "This service request was closed because the Department of Health and Mental Hygiene received an earlier complaint about the same location.  You can find inspection results for this address by going to the online Rat Portal at www.nyc.gov/rats.", "Resolution Action Updated Date": "09/24/2025 01:47:32 PM", "Community Board": "09 BROOKLYN", "BBL": 3014290032, "Borough": "BROOKLYN", "X Coordinate (State Plane)": 1002424, "Y Coordinate (State Plane)": 180720, "Open Data Channel Type": "PHONE", "Park Facility Name": "Unspecified", "Park Borough": "BROOKLYN", "Vehicle Type": null, "Taxi Company Borough": null, "Taxi Pick Up Location": null, "Bridge Highway Name": null, "Bridge Highway Direction": null, "Road Ramp": null, "Bridge Highway Segment": null, "Latitude": 40.662692720071711, "Longitude": -73.934492992695212, "Location": "(40.66269272007171, -73.93449299269521)", "Zip Codes": 16866, "Community Districts": 17, "Borough Boundaries": 2, "City Council Districts": 17, "Police Precincts": 44, "Police Precinct": 44 }, "geometry": { "type": "Point", "coordinates": [ -73.934492992695212, 40.662692720071711 ] } },
{ "type": "Feature", "properties": { "Unique Key": 66264603, "Created Date": "09/24/2025 08:25:12 AM", "Closed Date": null, "Agency": "DOHMH", "Agency Name": "Department of Health and Mental Hygiene", "Complaint Type": "Rodent", "Descriptor": "Condition Attracting Rodents", "Location Type": "1-2 Family Dwelling", "Incident Zip": 10314, "Incident Address": "49 SENECA LOOP", "Street Name": "SENECA LOOP", "Cross Street 1": "BEND", "Cross Street 2": "BEND", "Intersection Street 1": "BEND", "Intersection Street 2": "BEND", "Address Type": "ADDRESS", "City": "STATEN ISLAND", "Landmark": "SENECA LOOP", "Facility Type": null, "Status": "In Progress", "Due Date": null, "Resolution Description": null, "Resolution Action Updated Date": null, "Community Board": "02 STATEN ISLAND", "BBL": 5020350037, "Borough": "STATEN ISLAND", "X Coordinate (State Plane)": 943587, "Y Coordinate (State Plane)": 159641, "Open Data Channel Type": "ONLINE", "Park Facility Name": "Unspecified", "Park Borough": "STATEN ISLAND", "Vehicle Type": null, "Taxi Company Borough": null, "Taxi Pick Up Location": null, "Bridge Highway Name": null, "Bridge Highway Direction": null, "Road Ramp": null, "Bridge Highway Segment": null, "Latitude": 40.604760699087073, "Longitude": -74.146440028243106, "Location": "(40.60476069908707, -74.1464400282431)", "Zip Codes": 10700, "Community Districts": 30, "Borough Boundaries": 1, "City Council Districts": 14, "Police Precincts": 75, "Police Precinct": 75 }, "geometry": { "type": "Point", "coordinates": [ -74.146440028243106, 40.604760699087073 ] } },
{ "type": "Feature", "properties": { "Unique Key": 66265838, "Created Date": "09/24/2025 01:55:51 PM", "Closed Date": "09/25/2025 10:50:12 AM", "Agency": "DOHMH", "Agency Name": "Department of Health and Mental Hygiene", "Complaint Type": "Rodent", "Descriptor": "Condition Attracting Rodents", "Location Type": "3+ Family Apt. Building", "Incident Zip": 11213, "Incident Address": "1417 PROSPECT PLACE", "Street Name": "PROSPECT PLACE", "Cross Street 1": "UTICA AVENUE", "Cross Street 2": "ROCHESTER AVENUE", "Intersection Street 1": "UTICA AVENUE", "Intersection Street 2": "ROCHESTER AVENUE", "Address Type": "ADDRESS", "City": "BROOKLYN", "Landmark": "PROSPECT PLACE", "Facility Type": "N/A", "Status": "Closed", "Due Date": null, "Resolution Description": "This service request was closed because the Department of Health and Mental Hygiene received an earlier complaint about the same location.  You can find inspection results for this address by going to the online Rat Portal at www.nyc.gov/rats.", "Resolution Action Updated Date": "09/24/2025 01:55:51 PM", "Community Board": "08 BROOKLYN", "BBL": 3013610076, "Borough": "BROOKLYN", "X Coordinate (State Plane)": 1003725, "Y Coordinate (State Plane)": 184555, "Open Data Channel Type": "PHONE", "Park Facility Name": "Unspecified", "Park Borough": "BROOKLYN", "Vehicle Type": null, "Taxi Company Borough": null, "Taxi Pick Up Location": null, "Bridge Highway Name": null, "Bridge Highway Direction": null, "Road Ramp": null, "Bridge Highway Segment": null, "Latitude": 40.673216171164597, "Longitude": -73.92979254543171, "Location": "(40.6732161711646, -73.92979254543171)", "Zip Codes": 17615, "Community Districts": 16, "Borough Boundaries": 2, "City Council Districts": 49, "Police Precincts": 49, "Police Precinct": 49 }, "geometry": { "type": "Point", "coordinates": [ -73.92979254543171, 40.673216171164597 ] } },
{ "type": "Feature", "properties": { "Unique Key": 66265847, "Created Date": "09/24/2025 03:44:58 PM", "Closed Date": null, "Agency": "DOHMH", "Agency Name": "Department of Health and Mental Hygiene", "Complaint Type": "Rodent", "Descriptor": "Condition Attracting Rodents", "Location Type": "1-2 Family Dwelling", "Incident Zip": 11419, "Incident Address": "105-28 VANWYCK EXPRESSWAY", "Street Name": "VANWYCK EXPRESSWAY", "Cross Street 1": "VAN WYCK EXPWY SB EN LIBERTY AVE", "Cross Street 2": "107 AVENUE", "Intersection Street 1": "VAN WYCK EXPWY SB EN LIBERTY AVE", "Intersection Street 2": "107 AVENUE", "Address Type": "ADDRESS", "City": "SOUTH RICHMOND HILL", "Landmark": "VAN WYCK EXPRESSWAY SR WEST", "Facility Type": null, "Status": "In Progress", "Due Date": null, "Resolution Description": null, "Resolution Action Updated Date": null, "Community Board": "10 QUEENS", "BBL": 4095950011, "Borough": "QUEENS", "X Coordinate (State Plane)": 1036973, "Y Coordinate (State Plane)": 190670, "Open Data Channel Type": "PHONE", "Park Facility Name": "Unspecified", "Park Borough": "QUEENS", "Vehicle Type": null, "Taxi Company Borough": null, "Taxi Pick Up Location": null, "Bridge Highway Name": null, "Bridge Highway Direction": null, "Road Ramp": null, "Bridge Highway Segment": null, "Latitude": 40.689864840826672, "Longitude": -73.809885783421706, "Location": "(40.68986484082667, -73.8098857834217)", "Zip Codes": 24015, "Community Districts": 62, "Borough Boundaries": 3, "City Council Districts": 46, "Police Precincts": 64, "Police Precinct": 64 }, "geometry": { "type": "Point", "coordinates": [ -73.809885783421706, 40.689864840826672 ] } },
{ "type": "Feature", "properties": { "Unique Key": 66265848, "Created Date": "09/24/2025 03:37:18 PM", "Closed Date": null, "Agency": "DOHMH", "Agency Name": "Department of Health and Mental Hygiene", "Complaint Type": "Rodent", "Descriptor": "Condition Attracting Rodents", "Location Type": "1-2 Family Dwelling", "Incident Zip": 11234, "Incident Address": "954 EAST   58 STREET", "Street Name": "EAST   58 STREET", "Cross Street 1": "AVENUE H", "Cross Street 2": "AVENUE I", "Intersection Street 1": "AVENUE H", "Intersection Street 2": "AVENUE I", "Address Type": "ADDRESS", "City": "BROOKLYN", "Landmark": "EAST   58 STREET", "Facility Type": null, "Status": "In Progress", "Due Date": null, "Resolution Description": null, "Resolution Action Updated Date": null, "Community Board": "18 BROOKLYN", "BBL": 3077610071, "Borough": "BROOKLYN", "X Coordinate (State Plane)": 1006308, "Y Coordinate (State Plane)": 169480, "Open Data Channel Type": "PHONE", "Park Facility Name": "Unspecified", "Park Borough": "BROOKLYN", "Vehicle Type": null, "Taxi Company Borough": null, "Taxi Pick Up Location": null, "Bridge Highway Name": null, "Bridge Highway Direction": null, "Road Ramp": null, "Bridge Highway Segment": null, "Latitude": 40.63183253969747, "Longitude": -73.920530127891027, "Location": "(40.63183253969747, -73.92053012789103)", "Zip Codes": 13825, "Community Districts": 5, "Borough Boundaries": 2, "City Council Districts": 8, "Police Precincts": 38, "Police Precinct": 38 }, "geometry": { "type": "Point", "coordinates": [ -73.920530127891027, 40.63183253969747 ] } },
{ "type": "Feature", "properties": { "Unique Key": 66265862, "Created Date": "09/24/2025 04:29:08 PM", "Closed Date": null, "Agency": "DOHMH", "Agency Name": "Department of Health and Mental Hygiene", "Complaint Type": "Rodent", "Descriptor": "Condition Attracting Rodents", "Location Type": "Commercial Building", "Incident Zip": 10461, "Incident Address": "2925 WESTCHESTER AVENUE", "Street Name": "WESTCHESTER AVENUE", "Cross Street 1": "PILGRIM AVENUE", "Cross Street 2": "EDISON AVENUE", "Intersection Street 1": "PILGRIM AVENUE", "Intersection Street 2": "EDISON AVENUE", "Address Type": "ADDRESS", "City": "BRONX", "Landmark": "WESTCHESTER AVENUE", "Facility Type": null, "Status": "In Progress", "Due Date": null, "Resolution Description": null, "Resolution Action Updated Date": null, "Community Board": "10 BRONX", "BBL": 2041640005, "Borough": "BRONX", "X Coordinate (State Plane)": 1030391, "Y Coordinate (State Plane)": 247650, "Open Data Channel Type": "PHONE", "Park Facility Name": "Unspecified", "Park Borough": "BRONX", "Vehicle Type": null, "Taxi Company Borough": null, "Taxi Pick Up Location": null, "Bridge Highway Name": null, "Bridge Highway Direction": null, "Road Ramp": null, "Bridge Highway Segment": null, "Latitude": 40.84629658019108, "Longitude": -73.833228627936421, "Location": "(40.84629658019108, -73.83322862793642)", "Zip Codes": 11270, "Community Districts": 43, "Borough Boundaries": 5, "City Council Districts": 12, "Police Precincts": 28, "Police Precinct": 28 }, "geometry": { "type": "Point", "coordinates": [ -73.833228627936421, 40.84629658019108 ] } },
{ "type": "Feature", "properties": { "Unique Key": 66265873, "Created Date": "09/24/2025 08:39:51 AM", "Closed Date": null, "Agency": "DOHMH", "Agency Name": "Department of Health and Mental Hygiene", "Complaint Type": "Rodent", "Descriptor": "Condition Attracting Rodents", "Location Type": "1-2 Family Dwelling", "Incident Zip": 11233, "Incident Address": "160 SUMPTER STREET", "Street Name": "SUMPTER STREET", "Cross Street 1": "HOWARD AVENUE", "Cross Street 2": "SARATOGA AVENUE", "Intersection Street 1": "HOWARD AVENUE", "Intersection Street 2": "SARATOGA AVENUE", "Address Type": "ADDRESS", "City": "BROOKLYN", "Landmark": "SUMPTER STREET", "Facility Type": null, "Status": "In Progress", "Due Date": null, "Resolution Description": null, "Resolution Action Updated Date": null, "Community Board": "03 BROOKLYN", "BBL": 3015250017, "Borough": "BROOKLYN", "X Coordinate (State Plane)": 1006877, "Y Coordinate (State Plane)": 187089, "Open Data Channel Type": "ONLINE", "Park Facility Name": "Unspecified", "Park Borough": "BROOKLYN", "Vehicle Type": null, "Taxi Company Borough": null, "Taxi Pick Up Location": null, "Bridge Highway Name": null, "Bridge Highway Direction": null, "Road Ramp": null, "Bridge Highway Segment": null, "Latitude": 40.68016393108676, "Longitude": -73.918421071206481, "Location": "(40.68016393108676, -73.91842107120648)", "Zip Codes": 13516, "Community Districts": 69, "Borough Boundaries": 2, "City Council Districts": 17, "Police Precincts": 52, "Police Precinct": 52 }, "geometry": { "type": "Point", "coordinates": [ -73.918421071206481, 40.68016393108676 ] } },
{ "type": "Feature", "properties": { "Unique Key": 66269568, "Created Date": "09/25/2025 12:15:14 PM", "Closed Date": null, "Agency": "DOHMH", "Agency Name": "Department of Health and Mental Hygiene", "Complaint Type": "Rodent", "Descriptor": "Condition Attracting Rodents", "Location Type": "Sidewalk", "Incident Zip": 11237, "Incident Address": "312 CORNELIA STREET", "Street Name": "CORNELIA STREET", "Cross Street 1": "KNICKERBOCKER AVENUE", "Cross Street 2": "IRVING AVENUE", "Intersection Street 1": "KNICKERBOCKER AVENUE", "Intersection Street 2": "IRVING AVENUE", "Address Type": "ADDRESS", "City": "BROOKLYN", "Landmark": "CORNELIA STREET", "Facility Type": null, "Status": "In Progress", "Due Date": null, "Resolution Description": null, "Resolution Action Updated Date": null, "Community Board": "04 BROOKLYN", "BBL": 3033850014, "Borough": "BROOKLYN", "X Coordinate (State Plane)": 1009063, "Y Coordinate (State Plane)": 192595, "Open Data Channel Type": "ONLINE", "Park Facility Name": "Unspecified", "Park Borough": "BROOKLYN", "Vehicle Type": null, "Taxi Company Borough": null, "Taxi Pick Up Location": null, "Bridge Highway Name": null, "Bridge Highway Direction": null, "Road Ramp": null, "Bridge Highway Segment": null, "Latitude": 40.695270772274213, "Longitude": -73.910519438184508, "Location": "(40.69527077227421, -73.91051943818451)", "Zip Codes": 13828, "Community Districts": 42, "Borough Boundaries": 2, "City Council Districts": 37, "Police Precincts": 53, "Police Precinct": 53 }, "geometry": { "type": "Point", "coordinates": [ -73.910519438184508, 40.695270772274213 ] } },
{ "type": "Feature", "properties": { "Unique Key": 66270858, "Created Date": "09/25/2025 03:40:26 PM", "Closed Date": null, "Agency": "DOHMH", "Agency Name": "Department of Health and Mental Hygiene", "Complaint Type": "Rodent", "Descriptor": "Condition Attracting Rodents", "Location Type": "3+ Family Apt. Building", "Incident Zip": 11106, "Incident Address": "34-20 30 STREET", "Street Name": "30 STREET", "Cross Street 1": "34 AVENUE", "Cross Street 2": "35 AVENUE", "Intersection Street 1": "34 AVENUE", "Intersection Street 2": "35 AVENUE", "Address Type": "ADDRESS", "City": "ASTORIA", "Landmark": "30 STREET", "Facility Type": null, "Status": "In Progress", "Due Date": null, "Resolution Description": null, "Resolution Action Updated Date": null, "Community Board": "01 QUEENS", "BBL": 4005850035, "Borough": "QUEENS", "X Coordinate (State Plane)": 1004078, "Y Coordinate (State Plane)": 216028, "Open Data Channel Type": "PHONE", "Park Facility Name": "Unspecified", "Park Borough": "QUEENS", "Vehicle Type": null, "Taxi Company Borough": null, "Taxi Pick Up Location": null, "Bridge Highway Name": null, "Bridge Highway Direction": null, "Road Ramp": null, "Bridge Highway Segment": null, "Latitude": 40.759601195888095, "Longitude": -73.92842727501403, "Location": "(40.759601195888095, -73.92842727501403)", "Zip Codes": 16863, "Community Districts": 39, "Borough Boundaries": 3, "City Council Districts": 33, "Police Precincts": 72, "Police Precinct": 72 }, "geometry": { "type": "Point", "coordinates": [ -73.92842727501403, 40.759601195888095 ] } },
{ "type": "Feature", "properties": { "Unique Key": 66270859, "Created Date": "09/25/2025 03:14:40 PM", "Closed Date": null, "Agency": "DOHMH", "Agency Name": "Department of Health and Mental Hygiene", "Complaint Type": "Rodent", "Descriptor": "Condition Attracting Rodents", "Location Type": "Commercial Building", "Incident Zip": 10458, "Incident Address": "2496 MARION AVENUE", "Street Name": "MARION AVENUE", "Cross Street 1": "EAST  188 STREET", "Cross Street 2": "EAST FORDHAM ROAD", "Intersection Street 1": "EAST  188 STREET", "Intersection Street 2": "EAST FORDHAM ROAD", "Address Type": "ADDRESS", "City": "BRONX", "Landmark": "MARION AVENUE", "Facility Type": null, "Status": "In Progress", "Due Date": null, "Resolution Description": null, "Resolution Action Updated Date": null, "Community Board": "05 BRONX", "BBL": 2030260009, "Borough": "BRONX", "X Coordinate (State Plane)": 1013729, "Y Coordinate (State Plane)": 253005, "Open Data Channel Type": "ONLINE", "Park Facility Name": "Unspecified", "Park Borough": "BRONX", "Vehicle Type": null, "Taxi Company Borough": null, "Taxi Pick Up Location": null, "Bridge Highway Name": null, "Bridge Highway Direction": null, "Road Ramp": null, "Bridge Highway Segment": null, "Latitude": 40.861065797006411, "Longitude": -73.893427899186591, "Location": "(40.86106579700641, -73.89342789918659)", "Zip Codes": 10936, "Community Districts": 6, "Borough Boundaries": 5, "City Council Districts": 22, "Police Precincts": 29, "Police Precinct": 29 }, "geometry": { "type": "Point", "coordinates": [ -73.893427899186591, 40.861065797006411 ] } },
{ "type": "Feature", "properties": { "Unique Key": 66273439, "Created Date": "09/25/2025 05:46:43 PM", "Closed Date": null, "Agency": "DOHMH", "Agency Name": "Department of Health and Mental Hygiene", "Complaint Type": "Rodent", "Descriptor": "Condition Attracting Rodents", "Location Type": "Sidewalk", "Incident Zip": 10033, "Incident Address": "600 WEST  178 STREET", "Street Name": "WEST  178 STREET", "Cross Street 1": "ST NICHOLAS AVENUE", "Cross Street 2": "WADSWORTH AVENUE", "Intersection Street 1": "ST NICHOLAS AVENUE", "Intersection Street 2": "WADSWORTH AVENUE", "Address Type": "ADDRESS", "City": "NEW YORK", "Landmark": "WEST  178 STREET", "Facility Type": null, "Status": "In Progress", "Due Date": null, "Resolution Description": null, "Resolution Action Updated Date": null, "Community Board": "12 MANHATTAN", "BBL": 1021440042, "Borough": "MANHATTAN", "X Coordinate (State Plane)": 1002133, "Y Coordinate (State Plane)": 248024, "Open Data Channel Type": "ONLINE", "Park Facility Name": "Unspecified", "Park Borough": "MANHATTAN", "Vehicle Type": null, "Taxi Company Borough": null, "Taxi Pick Up Location": null, "Bridge Highway Name": null, "Bridge Highway Direction": null, "Road Ramp": null, "Bridge Highway Segment": null, "Latitude": 40.847425545622514, "Longitude": -73.935362876124216, "Location": "(40.847425545622514, -73.93536287612422)", "Zip Codes": 13091, "Community Districts": 47, "Borough Boundaries": 4, "City Council Districts": 39, "Police Precincts": 21, "Police Precinct": 21 }, "geometry": { "type": "Point", "coordinates": [ -73.935362876124216, 40.847425545622514 ] } },
{ "type": "Feature", "properties": { "Unique Key": 66273440, "Created Date": "09/25/2025 06:49:29 AM", "Closed Date": null, "Agency": "DOHMH", "Agency Name": "Department of Health and Mental Hygiene", "Complaint Type": "Rodent", "Descriptor": "Condition Attracting Rodents", "Location Type": "Sidewalk", "Incident Zip": 10027, "Incident Address": "8 AVENUE", "Street Name": "8 AVENUE", "Cross Street 1": "8 AVENUE", "Cross Street 2": "WEST  125 STREET", "Intersection Street 1": "8 AVENUE", "Intersection Street 2": "WEST  125 STREET", "Address Type": "INTERSECTION", "City": null, "Landmark": null, "Facility Type": null, "Status": "In Progress", "Due Date": null, "Resolution Description": null, "Resolution Action Updated Date": null, "Community Board": "10 MANHATTAN", "BBL": null, "Borough": "MANHATTAN", "X Coordinate (State Plane)": 997768, "Y Coordinate (State Plane)": 234449, "Open Data Channel Type": "PHONE", "Park Facility Name": "Unspecified", "Park Borough": "MANHATTAN", "Vehicle Type": null, "Taxi Company Borough": null, "Taxi Pick Up Location": null, "Bridge Highway Name": null, "Bridge Highway Direction": null, "Road Ramp": null, "Bridge Highway Segment": null, "Latitude": 40.810173820265398, "Longitude": -73.951167278525418, "Location": "(40.8101738202654, -73.95116727852542)", "Zip Codes": 12424, "Community Districts": 18, "Borough Boundaries": 4, "City Council Districts": 36, "Police Precincts": 18, "Police Precinct": 18 }, "geometry": { "type": "Point", "coordinates": [ -73.951167278525418, 40.810173820265398 ] } },
{ "type": "Feature", "properties": { "Unique Key": 66274665, "Created Date": "09/25/2025 08:48:21 PM", "Closed Date": null, "Agency": "DOHMH", "Agency Name": "Department of Health and Mental Hygiene", "Complaint Type": "Rodent", "Descriptor": "Condition Attracting Rodents", "Location Type": "3+ Family Apt. Building", "Incident Zip": 11226, "Incident Address": "305 MARTENSE STREET", "Street Name": "MARTENSE STREET", "Cross Street 1": "NOSTRAND AVENUE", "Cross Street 2": "FAIRVIEW PLACE", "Intersection Street 1": "NOSTRAND AVENUE", "Intersection Street 2": "FAIRVIEW PLACE", "Address Type": "ADDRESS", "City": "BROOKLYN", "Landmark": "MARTENSE STREET", "Facility Type": null, "Status": "In Progress", "Due Date": null, "Resolution Description": null, "Resolution Action Updated Date": null, "Community Board": "17 BROOKLYN", "BBL": 3048680083, "Borough": "BROOKLYN", "X Coordinate (State Plane)": 998451, "Y Coordinate (State Plane)": 176730, "Open Data Channel Type": "ONLINE", "Park Facility Name": "Unspecified", "Park Borough": "BROOKLYN", "Vehicle Type": null, "Taxi Company Borough": null, "Taxi Pick Up Location": null, "Bridge Highway Name": null, "Bridge Highway Direction": null, "Road Ramp": null, "Bridge Highway Segment": null, "Latitude": 40.65174831085961, "Longitude": -73.948821812886678, "Location": "(40.65174831085961, -73.94882181288668)", "Zip Codes": 13510, "Community Districts": 61, "Borough Boundaries": 2, "City Council Districts": 11, "Police Precincts": 40, "Police Precinct": 40 }, "geometry": { "type": "Point", "coordinates": [ -73.948821812886678, 40.65174831085961 ] } },
{ "type": "Feature", "properties": { "Unique Key": 66274666, "Created Date": "09/25/2025 12:57:37 PM", "Closed Date": "09/26/2025 08:14:44 AM", "Agency": "DOHMH", "Agency Name": "Department of Health and Mental Hygiene", "Complaint Type": "Rodent", "Descriptor": "Condition Attracting Rodents", "Location Type": "3+ Family Apt. Building", "Incident Zip": 10031, "Incident Address": "518 WEST  153 STREET", "Street Name": "WEST  153 STREET", "Cross Street 1": "AMSTERDAM AVENUE", "Cross Street 2": "BROADWAY", "Intersection Street 1": "AMSTERDAM AVENUE", "Intersection Street 2": "BROADWAY", "Address Type": "ADDRESS", "City": "NEW YORK", "Landmark": "WEST  153 STREET", "Facility Type": "N/A", "Status": "Closed", "Due Date": null, "Resolution Description": "This service request was closed because the Department of Health and Mental Hygiene received an earlier complaint about the same location.  You can find inspection results for this address by going to the online Rat Portal at www.nyc.gov/rats.", "Resolution Action Updated Date": "09/25/2025 12:57:37 PM", "Community Board": "09 MANHATTAN", "BBL": 1020840144, "Borough": "MANHATTAN", "X Coordinate (State Plane)": 999556, "Y Coordinate (State Plane)": 241887, "Open Data Channel Type": "PHONE", "Park Facility Name": "Unspecified", "Park Borough": "MANHATTAN", "Vehicle Type": null, "Taxi Company Borough": null, "Taxi Pick Up Location": null, "Bridge Highway Name": null, "Bridge Highway Direction": null, "Road Ramp": null, "Bridge Highway Segment": null, "Latitude": 40.830586111062352, "Longitude": -73.94469130434139, "Location": "(40.83058611106235, -73.94469130434139)", "Zip Codes": 12428, "Community Districts": 37, "Borough Boundaries": 4, "City Council Districts": 23, "Police Precincts": 19, "Police Precinct": 19 }, "geometry": { "type": "Point", "coordinates": [ -73.94469130434139, 40.830586111062352 ] } },
{ "type": "Feature", "properties": { "Unique Key": 66274667, "Created Date": "09/25/2025 08:13:44 PM", "Closed Date": null, "Agency": "DOHMH", "Agency Name": "Department of Health and Mental Hygiene", "Complaint Type": "Rodent", "Descriptor": "Condition Attracting Rodents", "Location Type": "3+ Family Apt. Building", "Incident Zip": 11221, "Incident Address": "HOWARD AVENUE", "Street Name": "HOWARD AVENUE", "Cross Street 1": "HOWARD AVENUE", "Cross Street 2": "MADISON STREET", "Intersection Street 1": "HOWARD AVENUE", "Intersection Street 2": "MADISON STREET", "Address Type": "INTERSECTION", "City": null, "Landmark": null, "Facility Type": null, "Status": "In Progress", "Due Date": null, "Resolution Description": null, "Resolution Action Updated Date": null, "Community Board": "03 BROOKLYN", "BBL": null, "Borough": "BROOKLYN", "X Coordinate (State Plane)": 1006150, "Y Coordinate (State Plane)": 189985, "Open Data Channel Type": "PHONE", "Park Facility Name": "Unspecified", "Park Borough": "BROOKLYN", "Vehicle Type": null, "Taxi Company Borough": null, "Taxi Pick Up Location": null, "Bridge Highway Name": null, "Bridge Highway Direction": null, "Road Ramp": null, "Bridge Highway Segment": null, "Latitude": 40.688114615507757, "Longitude": -73.921032768357605, "Location": "(40.68811461550776, -73.9210327683576)", "Zip Codes": 18181, "Community Districts": 69, "Borough Boundaries": 2, "City Council Districts": 17, "Police Precincts": 52, "Police Precinct": 52 }, "geometry": { "type": "Point", "coordinates": [ -73.921032768357605, 40.688114615507757 ] } },
{ "type": "Feature", "properties": { "Unique Key": 66274668, "Created Date": "09/25/2025 03:20:36 PM", "Closed Date": null, "Agency": "DOHMH", "Agency Name": "Department of Health and Mental Hygiene", "Complaint Type": "Rodent", "Descriptor": "Condition Attracting Rodents", "Location Type": "3+ Family Apt. Building", "Incident Zip": 10469, "Incident Address": "930 EAST  220 STREET", "Street Name": "EAST  220 STREET", "Cross Street 1": "BRONXWOOD AVENUE", "Cross Street 2": "PAULDING AVENUE", "Intersection Street 1": "BRONXWOOD AVENUE", "Intersection Street 2": "PAULDING AVENUE", "Address Type": "ADDRESS", "City": "BRONX", "Landmark": "EAST  220 STREET", "Facility Type": null, "Status": "In Progress", "Due Date": null, "Resolution Description": null, "Resolution Action Updated Date": null, "Community Board": "12 BRONX", "BBL": 2046900056, "Borough": "BRONX", "X Coordinate (State Plane)": 1024140, "Y Coordinate (State Plane)": 260700, "Open Data Channel Type": "PHONE", "Park Facility Name": "Unspecified", "Park Borough": "BRONX", "Vehicle Type": null, "Taxi Company Borough": null, "Taxi Pick Up Location": null, "Bridge Highway Name": null, "Bridge Highway Direction": null, "Road Ramp": null, "Bridge Highway Segment": null, "Latitude": 40.882145282012466, "Longitude": -73.855744433126986, "Location": "(40.882145282012466, -73.85574443312699)", "Zip Codes": 11607, "Community Districts": 29, "Borough Boundaries": 5, "City Council Districts": 2, "Police Precincts": 30, "Police Precinct": 30 }, "geometry": { "type": "Point", "coordinates": [ -73.855744433126986, 40.882145282012466 ] } },
{ "type": "Feature", "properties": { "Unique Key": 66275940, "Created Date": "09/25/2025 05:49:54 PM", "Closed Date": null, "Agency": "DOHMH", "Agency Name": "Department of Health and Mental Hygiene", "Complaint Type": "Rodent", "Descriptor": "Condition Attracting Rodents", "Location Type": "3+ Family Apt. Building", "Incident Zip": 10458, "Incident Address": "2356 RYER AVENUE", "Street Name": "RYER AVENUE", "Cross Street 1": "FIELD PLACE", "Cross Street 2": "EAST  184 STREET", "Intersection Street 1": "FIELD PLACE", "Intersection Street 2": "EAST  184 STREET", "Address Type": "ADDRESS", "City": "BRONX", "Landmark": "RYER AVENUE", "Facility Type": null, "Status": "In Progress", "Due Date": null, "Resolution Description": null, "Resolution Action Updated Date": null, "Community Board": "05 BRONX", "BBL": 2031510024, "Borough": "BRONX", "X Coordinate (State Plane)": 1012353, "Y Coordinate (State Plane)": 252131, "Open Data Channel Type": "PHONE", "Park Facility Name": "Unspecified", "Park Borough": "BRONX", "Vehicle Type": null, "Taxi Company Borough": null, "Taxi Pick Up Location": null, "Bridge Highway Name": null, "Bridge Highway Direction": null, "Road Ramp": null, "Bridge Highway Segment": null, "Latitude": 40.858671418926946, "Longitude": -73.898406056619621, "Location": "(40.858671418926946, -73.89840605661962)", "Zip Codes": 10936, "Community Districts": 6, "Borough Boundaries": 5, "City Council Districts": 22, "Police Precincts": 29, "Police Precinct": 29 }, "geometry": { "type": "Point", "coordinates": [ -73.898406056619621, 40.858671418926946 ] } },
{ "type": "Feature", "properties": { "Unique Key": 66275951, "Created Date": "09/25/2025 03:36:05 PM", "Closed Date": null, "Agency": "DOHMH", "Agency Name": "Department of Health and Mental Hygiene", "Complaint Type": "Rodent", "Descriptor": "Condition Attracting Rodents", "Location Type": "3+ Family Mixed Use Building", "Incident Zip": 11218, "Incident Address": "303 BEVERLY ROAD", "Street Name": "BEVERLY ROAD", "Cross Street 1": "EAST    3 STREET", "Cross Street 2": "EAST    4 STREET", "Intersection Street 1": "EAST    3 STREET", "Intersection Street 2": "EAST    4 STREET", "Address Type": "ADDRESS", "City": "BROOKLYN", "Landmark": "BEVERLEY ROAD", "Facility Type": null, "Status": "In Progress", "Due Date": null, "Resolution Description": null, "Resolution Action Updated Date": null, "Community Board": "12 BROOKLYN", "BBL": 3053360082, "Borough": "BROOKLYN", "X Coordinate (State Plane)": 990586, "Y Coordinate (State Plane)": 173530, "Open Data Channel Type": "PHONE", "Park Facility Name": "Unspecified", "Park Borough": "BROOKLYN", "Vehicle Type": null, "Taxi Company Borough": null, "Taxi Pick Up Location": null, "Bridge Highway Name": null, "Bridge Highway Direction": null, "Road Ramp": null, "Bridge Highway Segment": null, "Latitude": 40.642974123182441, "Longitude": -73.977169048745594, "Location": "(40.64297412318244, -73.9771690487456)", "Zip Codes": 17620, "Community Districts": 2, "Borough Boundaries": 2, "City Council Districts": 27, "Police Precincts": 39, "Police Precinct": 39 }, "geometry": { "type": "Point", "coordinates": [ -73.977169048745594, 40.642974123182441 ] } },
{ "type": "Feature", "properties": { "Unique Key": 66275952, "Created Date": "09/25/2025 08:51:19 PM", "Closed Date": null, "Agency": "DOHMH", "Agency Name": "Department of Health and Mental Hygiene", "Complaint Type": "Rodent", "Descriptor": "Condition Attracting Rodents", "Location Type": "1-2 Family Dwelling", "Incident Zip": 11226, "Incident Address": "19 FAIRVIEW PLACE", "Street Name": "FAIRVIEW PLACE", "Cross Street 1": "MARTENSE STREET", "Cross Street 2": "CHURCH AVENUE", "Intersection Street 1": "MARTENSE STREET", "Intersection Street 2": "CHURCH AVENUE", "Address Type": "ADDRESS", "City": "BROOKLYN", "Landmark": "FAIRVIEW PLACE", "Facility Type": null, "Status": "In Progress", "Due Date": null, "Resolution Description": null, "Resolution Action Updated Date": null, "Community Board": "17 BROOKLYN", "BBL": 3048690031, "Borough": "BROOKLYN", "X Coordinate (State Plane)": 998510, "Y Coordinate (State Plane)": 176523, "Open Data Channel Type": "ONLINE", "Park Facility Name": "Unspecified", "Park Borough": "BROOKLYN", "Vehicle Type": null, "Taxi Company Borough": null, "Taxi Pick Up Location": null, "Bridge Highway Name": null, "Bridge Highway Direction": null, "Road Ramp": null, "Bridge Highway Segment": null, "Latitude": 40.651180046182418, "Longitude": -73.948609623796486, "Location": "(40.65118004618242, -73.94860962379649)", "Zip Codes": 13510, "Community Districts": 61, "Borough Boundaries": 2, "City Council Districts": 11, "Police Precincts": 40, "Police Precinct": 40 }, "geometry": { "type": "Point", "coordinates": [ -73.948609623796486, 40.651180046182418 ] } },
{ "type": "Feature", "properties": { "Unique Key": 66277206, "Created Date": "09/25/2025 08:45:08 PM", "Closed Date": null, "Agency": "DOHMH", "Agency Name": "Department of Health and Mental Hygiene", "Complaint Type": "Rodent", "Descriptor": "Condition Attracting Rodents", "Location Type": "3+ Family Mixed Use Building", "Incident Zip": 11226, "Incident Address": "1421 NOSTRAND AVENUE", "Street Name": "NOSTRAND AVENUE", "Cross Street 1": "MARTENSE STREET", "Cross Street 2": "CHURCH AVENUE", "Intersection Street 1": "MARTENSE STREET", "Intersection Street 2": "CHURCH AVENUE", "Address Type": "ADDRESS", "City": "BROOKLYN", "Landmark": "NOSTRAND AVENUE", "Facility Type": null, "Status": "In Progress", "Due Date": null, "Resolution Description": null, "Resolution Action Updated Date": null, "Community Board": "17 BROOKLYN", "BBL": 3048690012, "Borough": "BROOKLYN", "X Coordinate (State Plane)": 998223, "Y Coordinate (State Plane)": 176663, "Open Data Channel Type": "ONLINE", "Park Facility Name": "Unspecified", "Park Borough": "BROOKLYN", "Vehicle Type": null, "Taxi Company Borough": null, "Taxi Pick Up Location": null, "Bridge Highway Name": null, "Bridge Highway Direction": null, "Road Ramp": null, "Bridge Highway Segment": null, "Latitude": 40.651564773161709, "Longitude": -73.949643627916487, "Location": "(40.65156477316171, -73.94964362791649)", "Zip Codes": 13510, "Community Districts": 61, "Borough Boundaries": 2, "City Council Districts": 11, "Police Precincts": 40, "Police Precinct": 40 }, "geometry": { "type": "Point", "coordinates": [ -73.949643627916487, 40.651564773161709 ] } },
{ "type": "Feature", "properties": { "Unique Key": 66280263, "Created Date": "09/26/2025 07:06:18 PM", "Closed Date": null, "Agency": "DOHMH", "Agency Name": "Department of Health and Mental Hygiene", "Complaint Type": "Rodent", "Descriptor": "Condition Attracting Rodents", "Location Type": "3+ Family Mixed Use Building", "Incident Zip": 11105, "Incident Address": "20-24 19 STREET", "Street Name": "19 STREET", "Cross Street 1": "20 AVENUE", "Cross Street 2": "21 AVENUE", "Intersection Street 1": "20 AVENUE", "Intersection Street 2": "21 AVENUE", "Address Type": "ADDRESS", "City": "ASTORIA", "Landmark": "19 STREET", "Facility Type": null, "Status": "In Progress", "Due Date": null, "Resolution Description": null, "Resolution Action Updated Date": null, "Community Board": "01 QUEENS", "BBL": 4008940002, "Borough": "QUEENS", "X Coordinate (State Plane)": 1007924, "Y Coordinate (State Plane)": 225090, "Open Data Channel Type": "PHONE", "Park Facility Name": "Unspecified", "Park Borough": "QUEENS", "Vehicle Type": null, "Taxi Company Borough": null, "Taxi Pick Up Location": null, "Bridge Highway Name": null, "Bridge Highway Direction": null, "Road Ramp": null, "Bridge Highway Segment": null, "Latitude": 40.784464545193359, "Longitude": -73.914512532710773, "Location": "(40.78446454519336, -73.91451253271077)", "Zip Codes": 16862, "Community Districts": 39, "Borough Boundaries": 3, "City Council Districts": 4, "Police Precincts": 72, "Police Precinct": 72 }, "geometry": { "type": "Point", "coordinates": [ -73.914512532710773, 40.784464545193359 ] } },
{ "type": "Feature", "properties": { "Unique Key": 66280264, "Created Date": "09/26/2025 02:56:11 PM", "Closed Date": null, "Agency": "DOHMH", "Agency Name": "Department of Health and Mental Hygiene", "Complaint Type": "Rodent", "Descriptor": "Condition Attracting Rodents", "Location Type": "1-2 Family Dwelling", "Incident Zip": 10305, "Incident Address": "606 TOMPKINS AVENUE", "Street Name": "TOMPKINS AVENUE", "Cross Street 1": "HYLAN BOULEVARD", "Cross Street 2": "MARYLAND AVENUE", "Intersection Street 1": "HYLAN BOULEVARD", "Intersection Street 2": "MARYLAND AVENUE", "Address Type": "ADDRESS", "City": "STATEN ISLAND", "Landmark": "TOMPKINS AVENUE", "Facility Type": null, "Status": "In Progress", "Due Date": null, "Resolution Description": null, "Resolution Action Updated Date": null, "Community Board": "01 STATEN ISLAND", "BBL": 5029780018, "Borough": "STATEN ISLAND", "X Coordinate (State Plane)": 964579, "Y Coordinate (State Plane)": 161926, "Open Data Channel Type": "PHONE", "Park Facility Name": "Unspecified", "Park Borough": "STATEN ISLAND", "Vehicle Type": null, "Taxi Company Borough": null, "Taxi Pick Up Location": null, "Bridge Highway Name": null, "Bridge Highway Direction": null, "Road Ramp": null, "Bridge Highway Segment": null, "Latitude": 40.611104014584704, "Longitude": -74.070848055627437, "Location": "(40.611104014584704, -74.07084805562744)", "Zip Codes": 10692, "Community Districts": 4, "Borough Boundaries": 1, "City Council Districts": 13, "Police Precincts": 74, "Police Precinct": 74 }, "geometry": { "type": "Point", "coordinates": [ -74.070848055627437, 40.611104014584704 ] } },
{ "type": "Feature", "properties": { "Unique Key": 66280248, "Created Date": "09/26/2025 03:16:38 PM", "Closed Date": null, "Agency": "DOHMH", "Agency Name": "Department of Health and Mental Hygiene", "Complaint Type": "Rodent", "Descriptor": "Condition Attracting Rodents", "Location Type": "3+ Family Mixed Use Building", "Incident Zip": 11210, "Incident Address": "1503 NEW YORK AVENUE", "Street Name": "NEW YORK AVENUE", "Cross Street 1": "FARRAGUT ROAD", "Cross Street 2": "GLENWOOD ROAD", "Intersection Street 1": "FARRAGUT ROAD", "Intersection Street 2": "GLENWOOD ROAD", "Address Type": "ADDRESS", "City": "BROOKLYN", "Landmark": "NEW YORK AVENUE", "Facility Type": null, "Status": "In Progress", "Due Date": null, "Resolution Description": null, "Resolution Action Updated Date": null, "Community Board": "17 BROOKLYN", "BBL": 3050080036, "Borough": "BROOKLYN", "X Coordinate (State Plane)": 999501, "Y Coordinate (State Plane)": 170953, "Open Data Channel Type": "PHONE", "Park Facility Name": "Unspecified", "Park Borough": "BROOKLYN", "Vehicle Type": null, "Taxi Company Borough": null, "Taxi Pick Up Location": null, "Bridge Highway Name": null, "Bridge Highway Direction": null, "Road Ramp": null, "Bridge Highway Segment": null, "Latitude": 40.635889946206312, "Longitude": -73.945050837632451, "Location": "(40.63588994620631, -73.94505083763245)", "Zip Codes": 17217, "Community Districts": 61, "Borough Boundaries": 2, "City Council Districts": 26, "Police Precincts": 40, "Police Precinct": 40 }, "geometry": { "type": "Point", "coordinates": [ -73.945050837632451, 40.635889946206312 ] } },
{ "type": "Feature", "properties": { "Unique Key": 66280247, "Created Date": "09/26/2025 07:43:24 PM", "Closed Date": null, "Agency": "DOHMH", "Agency Name": "Department of Health and Mental Hygiene", "Complaint Type": "Rodent", "Descriptor": "Condition Attracting Rodents", "Location Type": "3+ Family Apt. Building", "Incident Zip": 11222, "Incident Address": "126 ENGERT AVENUE", "Street Name": "ENGERT AVENUE", "Cross Street 1": "GRAHAM AVENUE", "Cross Street 2": "MCGUINNESS BLVD SOUTH", "Intersection Street 1": "GRAHAM AVENUE", "Intersection Street 2": "MCGUINNESS BLVD SOUTH", "Address Type": "ADDRESS", "City": "BROOKLYN", "Landmark": "ENGERT AVENUE", "Facility Type": null, "Status": "In Progress", "Due Date": null, "Resolution Description": null, "Resolution Action Updated Date": null, "Community Board": "01 BROOKLYN", "BBL": 3027150011, "Borough": "BROOKLYN", "X Coordinate (State Plane)": 999116, "Y Coordinate (State Plane)": 202152, "Open Data Channel Type": "ONLINE", "Park Facility Name": "Unspecified", "Park Borough": "BROOKLYN", "Vehicle Type": null, "Taxi Company Borough": null, "Taxi Pick Up Location": null, "Bridge Highway Name": null, "Bridge Highway Direction": null, "Road Ramp": null, "Bridge Highway Segment": null, "Latitude": 40.721524769462327, "Longitude": -73.946369165427058, "Location": "(40.72152476946233, -73.94636916542706)", "Zip Codes": 18182, "Community Districts": 36, "Borough Boundaries": 2, "City Council Districts": 38, "Police Precincts": 57, "Police Precinct": 57 }, "geometry": { "type": "Point", "coordinates": [ -73.946369165427058, 40.721524769462327 ] } },
{ "type": "Feature", "properties": { "Unique Key": 66278753, "Created Date": "09/26/2025 02:09:45 PM", "Closed Date": null, "Agency": "DOHMH", "Agency Name": "Department of Health and Mental Hygiene", "Complaint Type": "Rodent", "Descriptor": "Condition Attracting Rodents", "Location Type": "3+ Family Mixed Use Building", "Incident Zip": 11418, "Incident Address": "85-47 112 STREET", "Street Name": "112 STREET", "Cross Street 1": "MYRTLE AVENUE", "Cross Street 2": "86 AVENUE", "Intersection Street 1": "MYRTLE AVENUE", "Intersection Street 2": "86 AVENUE", "Address Type": "ADDRESS", "City": "RICHMOND HILL", "Landmark": "112 STREET", "Facility Type": null, "Status": "In Progress", "Due Date": null, "Resolution Description": null, "Resolution Action Updated Date": null, "Community Board": "09 QUEENS", "BBL": 4092200076, "Borough": "QUEENS", "X Coordinate (State Plane)": 1029250, "Y Coordinate (State Plane)": 194366, "Open Data Channel Type": "PHONE", "Park Facility Name": "Unspecified", "Park Borough": "QUEENS", "Vehicle Type": null, "Taxi Company Borough": null, "Taxi Pick Up Location": null, "Bridge Highway Name": null, "Bridge Highway Direction": null, "Road Ramp": null, "Bridge Highway Segment": null, "Latitude": 40.700052122860569, "Longitude": -73.837709439758569, "Location": "(40.70005212286057, -73.83770943975857)", "Zip Codes": 24014, "Community Districts": 46, "Borough Boundaries": 3, "City Council Districts": 41, "Police Precincts": 60, "Police Precinct": 60 }, "geometry": { "type": "Point", "coordinates": [ -73.837709439758569, 40.700052122860569 ] } },
{ "type": "Feature", "properties": { "Unique Key": 66283269, "Created Date": "09/26/2025 05:24:48 PM", "Closed Date": null, "Agency": "DOHMH", "Agency Name": "Department of Health and Mental Hygiene", "Complaint Type": "Rodent", "Descriptor": "Condition Attracting Rodents", "Location Type": "Street", "Incident Zip": 10032, "Incident Address": "BROADWAY", "Street Name": "BROADWAY", "Cross Street 1": "BROADWAY", "Cross Street 2": "WEST  170 STREET", "Intersection Street 1": "BROADWAY", "Intersection Street 2": "WEST  170 STREET", "Address Type": "INTERSECTION", "City": null, "Landmark": null, "Facility Type": null, "Status": "In Progress", "Due Date": null, "Resolution Description": null, "Resolution Action Updated Date": null, "Community Board": "12 MANHATTAN", "BBL": null, "Borough": "MANHATTAN", "X Coordinate (State Plane)": 1001058, "Y Coordinate (State Plane)": 246206, "Open Data Channel Type": "PHONE", "Park Facility Name": "Unspecified", "Park Borough": "MANHATTAN", "Vehicle Type": null, "Taxi Company Borough": null, "Taxi Pick Up Location": null, "Bridge Highway Name": null, "Bridge Highway Direction": null, "Road Ramp": null, "Bridge Highway Segment": null, "Latitude": 40.842437782095772, "Longitude": -73.939252960357805, "Location": "(40.84243778209577, -73.9392529603578)", "Zip Codes": 13090, "Community Districts": 47, "Borough Boundaries": 4, "City Council Districts": 39, "Police Precincts": 21, "Police Precinct": 21 }, "geometry": { "type": "Point", "coordinates": [ -73.939252960357805, 40.842437782095772 ] } },
{ "type": "Feature", "properties": { "Unique Key": 66283243, "Created Date": "09/26/2025 02:25:58 AM", "Closed Date": null, "Agency": "DOHMH", "Agency Name": "Department of Health and Mental Hygiene", "Complaint Type": "Rodent", "Descriptor": "Condition Attracting Rodents", "Location Type": "1-2 Family Dwelling", "Incident Zip": 11420, "Incident Address": "115-50 122 STREET", "Street Name": "122 STREET", "Cross Street 1": "115 AVENUE", "Cross Street 2": "116 AVENUE", "Intersection Street 1": "115 AVENUE", "Intersection Street 2": "116 AVENUE", "Address Type": "ADDRESS", "City": "SOUTH OZONE PARK", "Landmark": "122 STREET", "Facility Type": null, "Status": "In Progress", "Due Date": null, "Resolution Description": null, "Resolution Action Updated Date": null, "Community Board": "10 QUEENS", "BBL": 4116650031, "Borough": "QUEENS", "X Coordinate (State Plane)": 1035186, "Y Coordinate (State Plane)": 185793, "Open Data Channel Type": "ONLINE", "Park Facility Name": "Unspecified", "Park Borough": "QUEENS", "Vehicle Type": null, "Taxi Company Borough": null, "Taxi Pick Up Location": null, "Bridge Highway Name": null, "Bridge Highway Direction": null, "Road Ramp": null, "Bridge Highway Segment": null, "Latitude": 40.676489081394678, "Longitude": -73.816366385603544, "Location": "(40.67648908139468, -73.81636638560354)", "Zip Codes": 24016, "Community Districts": 62, "Borough Boundaries": 3, "City Council Districts": 46, "Police Precincts": 64, "Police Precinct": 64 }, "geometry": { "type": "Point", "coordinates": [ -73.816366385603544, 40.676489081394678 ] } },
{ "type": "Feature", "properties": { "Unique Key": 66286272, "Created Date": "09/26/2025 12:26:31 PM", "Closed Date": null, "Agency": "DOHMH", "Agency Name": "Department of Health and Mental Hygiene", "Complaint Type": "Rodent", "Descriptor": "Condition Attracting Rodents", "Location Type": "3+ Family Apt. Building", "Incident Zip": 10467, "Incident Address": "3764 BRONX BOULEVARD", "Street Name": "BRONX BOULEVARD", "Cross Street 1": "EAST  216 STREET", "Cross Street 2": "CARPENTER AVENUE", "Intersection Street 1": "EAST  216 STREET", "Intersection Street 2": "CARPENTER AVENUE", "Address Type": "ADDRESS", "City": "BRONX", "Landmark": "BRONX BOULEVARD", "Facility Type": null, "Status": "In Progress", "Due Date": null, "Resolution Description": null, "Resolution Action Updated Date": null, "Community Board": "12 BRONX", "BBL": 2046490031, "Borough": "BRONX", "X Coordinate (State Plane)": 1021249, "Y Coordinate (State Plane)": 261364, "Open Data Channel Type": "PHONE", "Park Facility Name": "Unspecified", "Park Borough": "BRONX", "Vehicle Type": null, "Taxi Company Borough": null, "Taxi Pick Up Location": null, "Bridge Highway Name": null, "Bridge Highway Direction": null, "Road Ramp": null, "Bridge Highway Segment": null, "Latitude": 40.883980346342426, "Longitude": -73.866195570194648, "Location": "(40.883980346342426, -73.86619557019465)", "Zip Codes": 11605, "Community Districts": 29, "Borough Boundaries": 5, "City Council Districts": 2, "Police Precincts": 30, "Police Precinct": 30 }, "geometry": { "type": "Point", "coordinates": [ -73.866195570194648, 40.883980346342426 ] } },
{ "type": "Feature", "properties": { "Unique Key": 66283244, "Created Date": "09/26/2025 12:44:53 PM", "Closed Date": "09/26/2025 01:47:38 PM", "Agency": "DOHMH", "Agency Name": "Department of Health and Mental Hygiene", "Complaint Type": "Rodent", "Descriptor": "Condition Attracting Rodents", "Location Type": "3+ Family Mixed Use Building", "Incident Zip": 10027, "Incident Address": "70 WEST  128 STREET", "Street Name": "WEST  128 STREET", "Cross Street 1": "5 AVENUE", "Cross Street 2": "LENOX AVENUE", "Intersection Street 1": "5 AVENUE", "Intersection Street 2": "LENOX AVENUE", "Address Type": "ADDRESS", "City": "NEW YORK", "Landmark": "WEST  128 STREET", "Facility Type": "N/A", "Status": "Closed", "Due Date": null, "Resolution Description": "This service request was closed because the Department of Health and Mental Hygiene received an earlier complaint about the same location.  You can find inspection results for this address by going to the online Rat Portal at www.nyc.gov/rats.", "Resolution Action Updated Date": "09/26/2025 12:44:53 PM", "Community Board": "10 MANHATTAN", "BBL": 1017250069, "Borough": "MANHATTAN", "X Coordinate (State Plane)": 1000060, "Y Coordinate (State Plane)": 234088, "Open Data Channel Type": "ONLINE", "Park Facility Name": "Unspecified", "Park Borough": "MANHATTAN", "Vehicle Type": null, "Taxi Company Borough": null, "Taxi Pick Up Location": null, "Bridge Highway Name": null, "Bridge Highway Direction": null, "Road Ramp": null, "Bridge Highway Segment": null, "Latitude": 40.809179171294097, "Longitude": -73.942888459564031, "Location": "(40.8091791712941, -73.94288845956403)", "Zip Codes": 12424, "Community Districts": 18, "Borough Boundaries": 4, "City Council Districts": 36, "Police Precincts": 20, "Police Precinct": 20 }, "geometry": { "type": "Point", "coordinates": [ -73.942888459564031, 40.809179171294097 ] } },
{ "type": "Feature", "properties": { "Unique Key": 66287727, "Created Date": "09/26/2025 06:11:05 PM", "Closed Date": null, "Agency": "DOHMH", "Agency Name": "Department of Health and Mental Hygiene", "Complaint Type": "Rodent", "Descriptor": "Condition Attracting Rodents", "Location Type": "1-2 Family Dwelling", "Incident Zip": 10469, "Incident Address": "2937 MICKLE AVENUE", "Street Name": "MICKLE AVENUE", "Cross Street 1": "ARNOW AVENUE", "Cross Street 2": "ADEE AVENUE", "Intersection Street 1": "ARNOW AVENUE", "Intersection Street 2": "ADEE AVENUE", "Address Type": "ADDRESS", "City": "BRONX", "Landmark": "MICKLE AVENUE", "Facility Type": null, "Status": "In Progress", "Due Date": null, "Resolution Description": null, "Resolution Action Updated Date": null, "Community Board": "12 BRONX", "BBL": 2047830038, "Borough": "BRONX", "X Coordinate (State Plane)": 1028205, "Y Coordinate (State Plane)": 255816, "Open Data Channel Type": "PHONE", "Park Facility Name": "Unspecified", "Park Borough": "BRONX", "Vehicle Type": null, "Taxi Company Borough": null, "Taxi Pick Up Location": null, "Bridge Highway Name": null, "Bridge Highway Direction": null, "Road Ramp": null, "Bridge Highway Segment": null, "Latitude": 40.868720919904334, "Longitude": -73.841076109512429, "Location": "(40.868720919904334, -73.84107610951243)", "Zip Codes": 11607, "Community Districts": 29, "Borough Boundaries": 5, "City Council Districts": 2, "Police Precincts": 30, "Police Precinct": 30 }, "geometry": { "type": "Point", "coordinates": [ -73.841076109512429, 40.868720919904334 ] } },
{ "type": "Feature", "properties": { "Unique Key": 66283245, "Created Date": "09/26/2025 05:24:44 AM", "Closed Date": null, "Agency": "DOHMH", "Agency Name": "Department of Health and Mental Hygiene", "Complaint Type": "Rodent", "Descriptor": "Condition Attracting Rodents", "Location Type": "Sidewalk", "Incident Zip": 10030, "Incident Address": "109 WEST  144 STREET", "Street Name": "WEST  144 STREET", "Cross Street 1": "LENOX AVENUE", "Cross Street 2": "ADAM CLAYTON POWELL JR BOULEVARD", "Intersection Street 1": "LENOX AVENUE", "Intersection Street 2": "ADAM CLAYTON POWELL JR BOULEVARD", "Address Type": "ADDRESS", "City": "NEW YORK", "Landmark": "WEST  144 STREET", "Facility Type": null, "Status": "In Progress", "Due Date": null, "Resolution Description": null, "Resolution Action Updated Date": null, "Community Board": "10 MANHATTAN", "BBL": 1020130026, "Borough": "MANHATTAN", "X Coordinate (State Plane)": 1001622, "Y Coordinate (State Plane)": 238030, "Open Data Channel Type": "ONLINE", "Park Facility Name": "Unspecified", "Park Borough": "MANHATTAN", "Vehicle Type": null, "Taxi Company Borough": null, "Taxi Pick Up Location": null, "Bridge Highway Name": null, "Bridge Highway Direction": null, "Road Ramp": null, "Bridge Highway Segment": null, "Latitude": 40.819995923447692, "Longitude": -73.937235739295758, "Location": "(40.81999592344769, -73.93723573929576)", "Zip Codes": 12427, "Community Districts": 18, "Borough Boundaries": 4, "City Council Districts": 36, "Police Precincts": 20, "Police Precinct": 20 }, "geometry": { "type": "Point", "coordinates": [ -73.937235739295758, 40.819995923447692 ] } },
{ "type": "Feature", "properties": { "Unique Key": 66289307, "Created Date": "09/26/2025 08:25:56 PM", "Closed Date": null, "Agency": "DOHMH", "Agency Name": "Department of Health and Mental Hygiene", "Complaint Type": "Rodent", "Descriptor": "Condition Attracting Rodents", "Location Type": "Street", "Incident Zip": 10456, "Incident Address": "823 EAGLE AVENUE", "Street Name": "EAGLE AVENUE", "Cross Street 1": "EAST  158 STREET", "Cross Street 2": "EAST  159 STREET", "Intersection Street 1": "EAST  158 STREET", "Intersection Street 2": "EAST  159 STREET", "Address Type": "ADDRESS", "City": "BRONX", "Landmark": "EAGLE AVENUE", "Facility Type": null, "Status": "In Progress", "Due Date": null, "Resolution Description": null, "Resolution Action Updated Date": null, "Community Board": "01 BRONX", "BBL": 2026187501, "Borough": "BRONX", "X Coordinate (State Plane)": 1009450, "Y Coordinate (State Plane)": 238376, "Open Data Channel Type": "PHONE", "Park Facility Name": "Unspecified", "Park Borough": "BRONX", "Vehicle Type": null, "Taxi Company Borough": null, "Taxi Pick Up Location": null, "Bridge Highway Name": null, "Bridge Highway Direction": null, "Road Ramp": null, "Bridge Highway Segment": null, "Latitude": 40.820926732142794, "Longitude": -73.90895224253353, "Location": "(40.820926732142794, -73.90895224253353)", "Zip Codes": 10934, "Community Districts": 49, "Borough Boundaries": 5, "City Council Districts": 43, "Police Precincts": 23, "Police Precinct": 23 }, "geometry": { "type": "Point", "coordinates": [ -73.90895224253353, 40.820926732142794 ] } },
{ "type": "Feature", "properties": { "Unique Key": 66286273, "Created Date": "09/26/2025 09:42:28 AM", "Closed Date": null, "Agency": "DOHMH", "Agency Name": "Department of Health and Mental Hygiene", "Complaint Type": "Rodent", "Descriptor": "Condition Attracting Rodents", "Location Type": "3+ Family Apt. Building", "Incident Zip": 11368, "Incident Address": "38-23 99 STREET", "Street Name": "99 STREET", "Cross Street 1": "38 AVENUE", "Cross Street 2": "39 AVENUE", "Intersection Street 1": "38 AVENUE", "Intersection Street 2": "39 AVENUE", "Address Type": "ADDRESS", "City": "CORONA", "Landmark": "99 STREET", "Facility Type": null, "Status": "In Progress", "Due Date": null, "Resolution Description": null, "Resolution Action Updated Date": null, "Community Board": "03 QUEENS", "BBL": 4017650024, "Borough": "QUEENS", "X Coordinate (State Plane)": 1021085, "Y Coordinate (State Plane)": 212671, "Open Data Channel Type": "PHONE", "Park Facility Name": "Unspecified", "Park Borough": "QUEENS", "Vehicle Type": null, "Taxi Company Borough": null, "Taxi Pick Up Location": null, "Bridge Highway Name": null, "Bridge Highway Direction": null, "Road Ramp": null, "Bridge Highway Segment": null, "Latitude": 40.750332597543547, "Longitude": -73.867055919094128, "Location": "(40.75033259754355, -73.86705591909413)", "Zip Codes": 14510, "Community Districts": 65, "Borough Boundaries": 3, "City Council Districts": 21, "Police Precincts": 73, "Police Precinct": 73 }, "geometry": { "type": "Point", "coordinates": [ -73.867055919094128, 40.750332597543547 ] } },
{ "type": "Feature", "properties": { "Unique Key": 66287733, "Created Date": "09/26/2025 06:10:41 PM", "Closed Date": null, "Agency": "DOHMH", "Agency Name": "Department of Health and Mental Hygiene", "Complaint Type": "Rodent", "Descriptor": "Condition Attracting Rodents", "Location Type": "1-2 Family Dwelling", "Incident Zip": 10301, "Incident Address": "11 CORSON AVENUE", "Street Name": "CORSON AVENUE", "Cross Street 1": "MONROE AVENUE", "Cross Street 2": "DANIEL LOW TERRACE", "Intersection Street 1": "MONROE AVENUE", "Intersection Street 2": "DANIEL LOW TERRACE", "Address Type": "ADDRESS", "City": "STATEN ISLAND", "Landmark": "CORSON AVENUE", "Facility Type": null, "Status": "In Progress", "Due Date": null, "Resolution Description": null, "Resolution Action Updated Date": null, "Community Board": "01 STATEN ISLAND", "BBL": 5000180070, "Borough": "STATEN ISLAND", "X Coordinate (State Plane)": 962269, "Y Coordinate (State Plane)": 171813, "Open Data Channel Type": "ONLINE", "Park Facility Name": "Unspecified", "Park Borough": "STATEN ISLAND", "Vehicle Type": null, "Taxi Company Borough": null, "Taxi Pick Up Location": null, "Bridge Highway Name": null, "Bridge Highway Direction": null, "Road Ramp": null, "Bridge Highway Segment": null, "Latitude": 40.638236317594455, "Longitude": -74.079200058589535, "Location": "(40.638236317594455, -74.07920005858954)", "Zip Codes": 10369, "Community Districts": 4, "Borough Boundaries": 1, "City Council Districts": 13, "Police Precincts": 74, "Police Precinct": 74 }, "geometry": { "type": "Point", "coordinates": [ -74.079200058589535, 40.638236317594455 ] } },
{ "type": "Feature", "properties": { "Unique Key": 66289310, "Created Date": "09/26/2025 01:46:14 PM", "Closed Date": null, "Agency": "DOHMH", "Agency Name": "Department of Health and Mental Hygiene", "Complaint Type": "Rodent", "Descriptor": "Condition Attracting Rodents", "Location Type": "1-2 Family Dwelling", "Incident Zip": 11432, "Incident Address": "82-51 164 STREET", "Street Name": "164 STREET", "Cross Street 1": "82 ROAD", "Cross Street 2": "GRAND CENTRAL PARKWAY", "Intersection Street 1": "82 ROAD", "Intersection Street 2": "GRAND CENTRAL PARKWAY", "Address Type": "ADDRESS", "City": "JAMAICA", "Landmark": "164 STREET", "Facility Type": null, "Status": "In Progress", "Due Date": null, "Resolution Description": null, "Resolution Action Updated Date": null, "Community Board": "08 QUEENS", "BBL": null, "Borough": "QUEENS", "X Coordinate (State Plane)": 1038717, "Y Coordinate (State Plane)": 200790, "Open Data Channel Type": "PHONE", "Park Facility Name": "Unspecified", "Park Borough": "QUEENS", "Vehicle Type": null, "Taxi Company Borough": null, "Taxi Pick Up Location": null, "Bridge Highway Name": null, "Bridge Highway Direction": null, "Road Ramp": null, "Bridge Highway Segment": null, "Latitude": 40.717631231667873, "Longitude": -73.803515250313353, "Location": "(40.71763123166787, -73.80351525031335)", "Zip Codes": 24340, "Community Districts": 25, "Borough Boundaries": 3, "City Council Districts": 24, "Police Precincts": 65, "Police Precinct": 65 }, "geometry": { "type": "Point", "coordinates": [ -73.803515250313353, 40.717631231667873 ] } },
{ "type": "Feature", "properties": { "Unique Key": 66283246, "Created Date": "09/26/2025 08:40:16 AM", "Closed Date": null, "Agency": "DOHMH", "Agency Name": "Department of Health and Mental Hygiene", "Complaint Type": "Rodent", "Descriptor": "Condition Attracting Rodents", "Location Type": "Sidewalk", "Incident Zip": 10016, "Incident Address": "373 5 AVENUE", "Street Name": "5 AVENUE", "Cross Street 1": "EAST   35 STREET", "Cross Street 2": "EAST   36 STREET", "Intersection Street 1": "EAST   35 STREET", "Intersection Street 2": "EAST   36 STREET", "Address Type": "ADDRESS", "City": "NEW YORK", "Landmark": "5 AVENUE", "Facility Type": null, "Status": "In Progress", "Due Date": null, "Resolution Description": null, "Resolution Action Updated Date": null, "Community Board": "05 MANHATTAN", "BBL": 1008650001, "Borough": "MANHATTAN", "X Coordinate (State Plane)": 988683, "Y Coordinate (State Plane)": 212228, "Open Data Channel Type": "ONLINE", "Park Facility Name": "Unspecified", "Park Borough": "MANHATTAN", "Vehicle Type": null, "Taxi Company Borough": null, "Taxi Pick Up Location": null, "Bridge Highway Name": null, "Bridge Highway Direction": null, "Road Ramp": null, "Bridge Highway Segment": null, "Latitude": 40.749192283688224, "Longitude": -73.984000792728807, "Location": "(40.749192283688224, -73.9840007927288)", "Zip Codes": 12078, "Community Districts": 11, "Borough Boundaries": 4, "City Council Districts": 51, "Police Precincts": 8, "Police Precinct": 8 }, "geometry": { "type": "Point", "coordinates": [ -73.984000792728807, 40.749192283688224 ] } },
{ "type": "Feature", "properties": { "Unique Key": 66289332, "Created Date": "09/26/2025 08:43:31 AM", "Closed Date": "09/26/2025 01:12:37 PM", "Agency": "DOHMH", "Agency Name": "Department of Health and Mental Hygiene", "Complaint Type": "Rodent", "Descriptor": "Condition Attracting Rodents", "Location Type": "Street", "Incident Zip": 10458, "Incident Address": "2550 BRIGGS AVENUE", "Street Name": "BRIGGS AVENUE", "Cross Street 1": "EAST KINGSBRIDGE ROAD", "Cross Street 2": "EAST 194 STREET", "Intersection Street 1": "EAST KINGSBRIDGE ROAD", "Intersection Street 2": "EAST  194 STREET", "Address Type": "ADDRESS", "City": "BRONX", "Landmark": "BRIGGS AVENUE", "Facility Type": "N/A", "Status": "Closed", "Due Date": null, "Resolution Description": "This service request was closed because the Department of Health and Mental Hygiene received an earlier complaint about the same location.  You can find inspection results for this address by going to the online Rat Portal at www.nyc.gov/rats.", "Resolution Action Updated Date": "09/26/2025 08:43:31 AM", "Community Board": "07 BRONX", "BBL": 2032930018, "Borough": "BRONX", "X Coordinate (State Plane)": 1013527, "Y Coordinate (State Plane)": 253769, "Open Data Channel Type": "PHONE", "Park Facility Name": "Unspecified", "Park Borough": "BRONX", "Vehicle Type": null, "Taxi Company Borough": null, "Taxi Pick Up Location": null, "Bridge Highway Name": null, "Bridge Highway Direction": null, "Road Ramp": null, "Bridge Highway Segment": null, "Latitude": 40.863163417178257, "Longitude": -73.894154828897655, "Location": "(40.86316341717826, -73.89415482889765)", "Zip Codes": 10936, "Community Districts": 24, "Borough Boundaries": 5, "City Council Districts": 22, "Police Precincts": 34, "Police Precinct": 34 }, "geometry": { "type": "Point", "coordinates": [ -73.894154828897655, 40.863163417178257 ] } },
{ "type": "Feature", "properties": { "Unique Key": 66289313, "Created Date": "09/26/2025 10:00:20 AM", "Closed Date": null, "Agency": "DOHMH", "Agency Name": "Department of Health and Mental Hygiene", "Complaint Type": "Rodent", "Descriptor": "Condition Attracting Rodents", "Location Type": "3+ Family Mixed Use Building", "Incident Zip": 10463, "Incident Address": "99 MARBLE HILL AVENUE", "Street Name": "MARBLE HILL AVENUE", "Cross Street 1": "WEST  227 STREET", "Cross Street 2": "WEST  228 STREET", "Intersection Street 1": "WEST  227 STREET", "Intersection Street 2": "WEST  228 STREET", "Address Type": "ADDRESS", "City": "BRONX", "Landmark": "MARBLE HILL AVENUE", "Facility Type": null, "Status": "In Progress", "Due Date": null, "Resolution Description": null, "Resolution Action Updated Date": null, "Community Board": "08 BRONX", "BBL": 1022150326, "Borough": "BRONX", "X Coordinate (State Plane)": 1009347, "Y Coordinate (State Plane)": 258827, "Open Data Channel Type": "ONLINE", "Park Facility Name": "Unspecified", "Park Borough": "BRONX", "Vehicle Type": null, "Taxi Company Borough": null, "Taxi Pick Up Location": null, "Bridge Highway Name": null, "Bridge Highway Direction": null, "Road Ramp": null, "Bridge Highway Segment": null, "Latitude": 40.877058946927896, "Longitude": -73.90924783110853, "Location": "(40.877058946927896, -73.90924783110853)", "Zip Codes": 11272, "Community Districts": 48, "Borough Boundaries": 4, "City Council Districts": 39, "Police Precincts": 33, "Police Precinct": 33 }, "geometry": { "type": "Point", "coordinates": [ -73.90924783110853, 40.877058946927896 ] } },
{ "type": "Feature", "properties": { "Unique Key": 66289311, "Created Date": "09/26/2025 08:34:47 AM", "Closed Date": null, "Agency": "DOHMH", "Agency Name": "Department of Health and Mental Hygiene", "Complaint Type": "Rodent", "Descriptor": "Condition Attracting Rodents", "Location Type": "1-2 Family Dwelling", "Incident Zip": 11361, "Incident Address": "209-40 41 AVENUE", "Street Name": "41 AVENUE", "Cross Street 1": "CORPORAL KENNEDY STREET", "Cross Street 2": "210 STREET", "Intersection Street 1": "CORPORAL KENNEDY STREET", "Intersection Street 2": "210 STREET", "Address Type": "ADDRESS", "City": "BAYSIDE", "Landmark": "41 AVENUE", "Facility Type": null, "Status": "In Progress", "Due Date": null, "Resolution Description": null, "Resolution Action Updated Date": null, "Community Board": "11 QUEENS", "BBL": 4062270077, "Borough": "QUEENS", "X Coordinate (State Plane)": 1046447, "Y Coordinate (State Plane)": 217392, "Open Data Channel Type": "PHONE", "Park Facility Name": "Unspecified", "Park Borough": "QUEENS", "Vehicle Type": null, "Taxi Company Borough": null, "Taxi Pick Up Location": null, "Bridge Highway Name": null, "Bridge Highway Direction": null, "Road Ramp": null, "Bridge Highway Segment": null, "Latitude": 40.763148476502934, "Longitude": -73.775476586415593, "Location": "(40.763148476502934, -73.77547658641559)", "Zip Codes": 14196, "Community Districts": 26, "Borough Boundaries": 3, "City Council Districts": 20, "Police Precincts": 69, "Police Precinct": 69 }, "geometry": { "type": "Point", "coordinates": [ -73.775476586415593, 40.763148476502934 ] } },
{ "type": "Feature", "properties": { "Unique Key": 66283242, "Created Date": "09/26/2025 01:17:14 PM", "Closed Date": null, "Agency": "DOHMH", "Agency Name": "Department of Health and Mental Hygiene", "Complaint Type": "Rodent", "Descriptor": "Condition Attracting Rodents", "Location Type": "3+ Family Apt. Building", "Incident Zip": 11207, "Incident Address": "486 JEROME STREET", "Street Name": "JEROME STREET", "Cross Street 1": "SUTTER AVENUE", "Cross Street 2": "BLAKE AVENUE", "Intersection Street 1": "SUTTER AVENUE", "Intersection Street 2": "BLAKE AVENUE", "Address Type": "ADDRESS", "City": "BROOKLYN", "Landmark": "JEROME STREET", "Facility Type": null, "Status": "In Progress", "Due Date": null, "Resolution Description": null, "Resolution Action Updated Date": null, "Community Board": "05 BROOKLYN", "BBL": 3040450041, "Borough": "BROOKLYN", "X Coordinate (State Plane)": 1015920, "Y Coordinate (State Plane)": 183296, "Open Data Channel Type": "PHONE", "Park Facility Name": "Unspecified", "Park Borough": "BROOKLYN", "Vehicle Type": null, "Taxi Company Borough": null, "Taxi Pick Up Location": null, "Bridge Highway Name": null, "Bridge Highway Direction": null, "Road Ramp": null, "Bridge Highway Segment": null, "Latitude": 40.669725273952224, "Longitude": -73.885835476042516, "Location": "(40.669725273952224, -73.88583547604252)", "Zip Codes": 17214, "Community Districts": 45, "Borough Boundaries": 2, "City Council Districts": 25, "Police Precincts": 47, "Police Precinct": 47 }, "geometry": { "type": "Point", "coordinates": [ -73.885835476042516, 40.669725273952224 ] } },
{ "type": "Feature", "properties": { "Unique Key": 66284768, "Created Date": "09/26/2025 08:29:16 PM", "Closed Date": null, "Agency": "DOHMH", "Agency Name": "Department of Health and Mental Hygiene", "Complaint Type": "Rodent", "Descriptor": "Condition Attracting Rodents", "Location Type": "3+ Family Apt. Building", "Incident Zip": 11235, "Incident Address": "65 ORIENTAL BOULEVARD", "Street Name": "ORIENTAL BOULEVARD", "Cross Street 1": "GERALD H CHAMBERS SQUARE", "Cross Street 2": "WEST END AVENUE", "Intersection Street 1": "GERALD H CHAMBERS SQUARE", "Intersection Street 2": "WEST END AVENUE", "Address Type": "ADDRESS", "City": "BROOKLYN", "Landmark": "ORIENTAL BOULEVARD", "Facility Type": null, "Status": "In Progress", "Due Date": null, "Resolution Description": null, "Resolution Action Updated Date": null, "Community Board": "15 BROOKLYN", "BBL": 3087190038, "Borough": "BROOKLYN", "X Coordinate (State Plane)": 997192, "Y Coordinate (State Plane)": 149435, "Open Data Channel Type": "PHONE", "Park Facility Name": "Unspecified", "Park Borough": "BROOKLYN", "Vehicle Type": null, "Taxi Company Borough": null, "Taxi Pick Up Location": null, "Bridge Highway Name": null, "Bridge Highway Direction": null, "Road Ramp": null, "Bridge Highway Segment": null, "Latitude": 40.576831119055534, "Longitude": -73.953411367940404, "Location": "(40.576831119055534, -73.9534113679404)", "Zip Codes": 13826, "Community Districts": 32, "Borough Boundaries": 2, "City Council Districts": 15, "Police Precincts": 36, "Police Precinct": 36 }, "geometry": { "type": "Point", "coordinates": [ -73.953411367940404, 40.576831119055534 ] } },
{ "type": "Feature", "properties": { "Unique Key": 66289312, "Created Date": "09/26/2025 02:23:08 PM", "Closed Date": null, "Agency": "DOHMH", "Agency Name": "Department of Health and Mental Hygiene", "Complaint Type": "Rodent", "Descriptor": "Condition Attracting Rodents", "Location Type": "3+ Family Apt. Building", "Incident Zip": 10461, "Incident Address": "2437 LYVERE STREET", "Street Name": "LYVERE STREET", "Cross Street 1": "ZEREGA AVENUE", "Cross Street 2": "EAST TREMONT AVENUE", "Intersection Street 1": "ZEREGA AVENUE", "Intersection Street 2": "EAST TREMONT AVENUE", "Address Type": "ADDRESS", "City": "BRONX", "Landmark": "LYVERE STREET", "Facility Type": null, "Status": "In Progress", "Due Date": null, "Resolution Description": null, "Resolution Action Updated Date": null, "Community Board": "10 BRONX", "BBL": 2039980022, "Borough": "BRONX", "X Coordinate (State Plane)": 1025137, "Y Coordinate (State Plane)": 246151, "Open Data Channel Type": "PHONE", "Park Facility Name": "Unspecified", "Park Borough": "BRONX", "Vehicle Type": null, "Taxi Company Borough": null, "Taxi Pick Up Location": null, "Bridge Highway Name": null, "Bridge Highway Direction": null, "Road Ramp": null, "Bridge Highway Segment": null, "Latitude": 40.842208162077434, "Longitude": -73.852227712062472, "Location": "(40.84220816207743, -73.85222771206247)", "Zip Codes": 11270, "Community Districts": 43, "Borough Boundaries": 5, "City Council Districts": 31, "Police Precincts": 28, "Police Precinct": 28 }, "geometry": { "type": "Point", "coordinates": [ -73.852227712062472, 40.842208162077434 ] } }
]
}
