{
"type": "FeatureCollection",
"name": "mouse",
"crs": { "type": "name", "properties": { "name": "urn:ogc:def:crs:OGC:1.3:CRS84" } },
"features": [
{ "type": "Feature", "properties": { "Unique Key": 66020463, "Created Date": "09/01/2025 09:52:25 PM", "Closed Date": null, "Agency": "DOHMH", "Agency Name": "Department of Health and Mental Hygiene", "Complaint Type": "Rodent", "Descriptor": "Mouse Sighting", "Location Type": "3+ Family Apt. Building", "Incident Zip": 10035, "Incident Address": "129 EAST  123 STREET", "Street Name": "EAST  123 STREET", "Cross Street 1": "PARK AVENUE", "Cross Street 2": "LEXINGTON AVENUE", "Intersection Street 1": "PARK AVENUE", "Intersection Street 2": "LEXINGTON AVENUE", "Address Type": "ADDRESS", "City": "NEW YORK", "Landmark": "EAST  123 STREET", "Facility Type": null, "Status": "In Progress", "Due Date": null, "Resolution Description": null, "Resolution Action Updated Date": null, "Community Board": "11 MANHATTAN", "BBL": 1017720013, "Borough": "MANHATTAN", "X Coordinate (State Plane)": 1001177, "Y Coordinate (State Plane)": 231942, "Open Data Channel Type": "MOBILE", "Park Facility Name": "Unspecified", "Park Borough": "MANHATTAN", "Vehicle Type": null, "Taxi Company Borough": null, "Taxi Pick Up Location": null, "Bridge Highway Name": null, "Bridge Highway Direction": null, "Road Ramp": null, "Bridge Highway Segment": null, "Latitude": 40.803286925081053, "Longitude": -73.93885885645075, "Location": "(40.80328692508105, -73.93885885645075)", "Zip Codes": 13093, "Community Districts": 7, "Borough Boundaries": 4, "City Council Districts": 36, "Police Precincts": 16, "Police Precinct": 16 }, "geometry": { "type": "Point", "coordinates": [ -73.93885885645075, 40.803286925081053 ] } },
{ "type": "Feature", "properties": { "Unique Key": 66021612, "Created Date": "09/02/2025 01:46:47 AM", "Closed Date": "09/02/2025 01:46:47 AM", "Agency": "DOHMH", "Agency Name": "Department of Health and Mental Hygiene", "Complaint Type": "Rodent", "Descriptor": "Mouse Sighting", "Location Type": "1-2 Family Dwelling", "Incident Zip": 11419, "Incident Address": "104-12 122 STREET", "Street Name": "122 STREET", "Cross Street 1": "LIBERTY AVENUE", "Cross Street 2": "107 AVENUE", "Intersection Street 1": "LIBERTY AVENUE", "Intersection Street 2": "107 AVENUE", "Address Type": "ADDRESS", "City": "SOUTH RICHMOND HILL", "Landmark": "122 STREET", "Facility Type": "N/A", "Status": "Closed", "Due Date": null, "Resolution Description": "The Department of Health and Mental Hygiene tried to inspect the property you reported but could not access the site. If you have information that will help the inspector access the site, please go online to nyc.gov/311 or call 311 and refile your complaint with contact information.", "Resolution Action Updated Date": "09/19/2025 08:42:48 AM", "Community Board": "10 QUEENS", "BBL": 4095750011, "Borough": "QUEENS", "X Coordinate (State Plane)": 1033763, "Y Coordinate (State Plane)": 189584, "Open Data Channel Type": "MOBILE", "Park Facility Name": "Unspecified", "Park Borough": "QUEENS", "Vehicle Type": null, "Taxi Company Borough": null, "Taxi Pick Up Location": null, "Bridge Highway Name": null, "Bridge Highway Direction": null, "Road Ramp": null, "Bridge Highway Segment": null, "Latitude": 40.686902566361475, "Longitude": -73.821468691881876, "Location": "(40.686902566361475, -73.82146869188188)", "Zip Codes": 24015, "Community Districts": 62, "Borough Boundaries": 3, "City Council Districts": 46, "Police Precincts": 64, "Police Precinct": 64 }, "geometry": { "type": "Point", "coordinates": [ -73.821468691881876, 40.686902566361475 ] } },
{ "type": "Feature", "properties": { "Unique Key": 66022857, "Created Date": "09/02/2025 08:01:00 PM", "Closed Date": "09/10/2025 03:28:41 PM", "Agency": "DOHMH", "Agency Name": "Department of Health and Mental Hygiene", "Complaint Type": "Rodent", "Descriptor": "Mouse Sighting", "Location Type": "3+ Family Apt. Building", "Incident Zip": 11216, "Incident Address": "281 QUINCY STREET", "Street Name": "QUINCY STREET", "Cross Street 1": "NOSTRAND AVENUE", "Cross Street 2": "MARCY AVENUE", "Intersection Street 1": "NOSTRAND AVENUE", "Intersection Street 2": "MARCY AVENUE", "Address Type": "ADDRESS", "City": "BROOKLYN", "Landmark": "QUINCY STREET", "Facility Type": "N/A", "Status": "Closed", "Due Date": null, "Resolution Description": "This service request was closed because the Department of Health and Mental Hygiene received an earlier complaint about the same location.  You can find inspection results for this address by going to the online Rat Portal at www.nyc.gov/rats.", "Resolution Action Updated Date": "09/02/2025 08:01:00 PM", "Community Board": "03 BROOKLYN", "BBL": 3018030074, "Borough": "BROOKLYN", "X Coordinate (State Plane)": 998266, "Y Coordinate (State Plane)": 189611, "Open Data Channel Type": "MOBILE", "Park Facility Name": "Unspecified", "Park Borough": "BROOKLYN", "Vehicle Type": null, "Taxi Company Borough": null, "Taxi Pick Up Location": null, "Bridge Highway Name": null, "Bridge Highway Direction": null, "Road Ramp": null, "Bridge Highway Segment": null, "Latitude": 40.687104067893436, "Longitude": -73.949461741710309, "Location": "(40.687104067893436, -73.94946174171031)", "Zip Codes": 17618, "Community Districts": 69, "Borough Boundaries": 2, "City Council Districts": 49, "Police Precincts": 51, "Police Precinct": 51 }, "geometry": { "type": "Point", "coordinates": [ -73.949461741710309, 40.687104067893436 ] } },
{ "type": "Feature", "properties": { "Unique Key": 66024172, "Created Date": "09/02/2025 03:58:50 PM", "Closed Date": "09/09/2025 10:51:56 AM", "Agency": "DOHMH", "Agency Name": "Department of Health and Mental Hygiene", "Complaint Type": "Rodent", "Descriptor": "Mouse Sighting", "Location Type": "3+ Family Apt. Building", "Incident Zip": 11368, "Incident Address": "99-30 59 AVENUE", "Street Name": "59 AVENUE", "Cross Street 1": "99 STREET", "Cross Street 2": "CALLOWAY STREET", "Intersection Street 1": "99 STREET", "Intersection Street 2": "CALLOWAY STREET", "Address Type": "ADDRESS", "City": "CORONA", "Landmark": "59 AVENUE", "Facility Type": "N/A", "Status": "Closed", "Due Date": null, "Resolution Description": "This service request was closed because the Department of Health and Mental Hygiene received an earlier complaint about the same location.  You can find inspection results for this address by going to the online Rat Portal at www.nyc.gov/rats.", "Resolution Action Updated Date": "09/02/2025 03:58:50 PM", "Community Board": "04 QUEENS", "BBL": 4019470018, "Borough": "QUEENS", "X Coordinate (State Plane)": 1023440, "Y Coordinate (State Plane)": 207917, "Open Data Channel Type": "MOBILE", "Park Facility Name": "Unspecified", "Park Borough": "QUEENS", "Vehicle Type": null, "Taxi Company Borough": null, "Taxi Pick Up Location": null, "Bridge Highway Name": null, "Bridge Highway Direction": null, "Road Ramp": null, "Bridge Highway Segment": null, "Latitude": 40.737273948915195, "Longitude": -73.85858401835003, "Location": "(40.737273948915195, -73.85858401835003)", "Zip Codes": 14510, "Community Districts": 66, "Borough Boundaries": 3, "City Council Districts": 21, "Police Precincts": 68, "Police Precinct": 68 }, "geometry": { "type": "Point", "coordinates": [ -73.85858401835003, 40.737273948915195 ] } },
{ "type": "Feature", "properties": { "Unique Key": 66034994, "Created Date": "09/03/2025 09:55:46 PM", "Closed Date": "09/03/2025 09:55:46 PM", "Agency": "DOHMH", "Agency Name": "Department of Health and Mental Hygiene", "Complaint Type": "Rodent", "Descriptor": "Mouse Sighting", "Location Type": "1-2 Family Dwelling", "Incident Zip": 11208, "Incident Address": "383 LOGAN STREET", "Street Name": "LOGAN STREET", "Cross Street 1": "LIBERTY AVENUE", "Cross Street 2": "GLENMORE AVENUE", "Intersection Street 1": "LIBERTY AVENUE", "Intersection Street 2": "GLENMORE AVENUE", "Address Type": "ADDRESS", "City": "BROOKLYN", "Landmark": "LOGAN STREET", "Facility Type": "N/A", "Status": "Closed", "Due Date": null, "Resolution Description": "The Department of Health and Mental Hygiene inspected the property you reported and did not find any violations at the time of the inspection. The property passed inspection.", "Resolution Action Updated Date": "09/08/2025 12:02:04 PM", "Community Board": "05 BROOKLYN", "BBL": 3041900015, "Borough": "BROOKLYN", "X Coordinate (State Plane)": 1018452, "Y Coordinate (State Plane)": 185894, "Open Data Channel Type": "MOBILE", "Park Facility Name": "Unspecified", "Park Borough": "BROOKLYN", "Vehicle Type": null, "Taxi Company Borough": null, "Taxi Pick Up Location": null, "Bridge Highway Name": null, "Bridge Highway Direction": null, "Road Ramp": null, "Bridge Highway Segment": null, "Latitude": 40.676846773839038, "Longitude": -73.876694910491267, "Location": "(40.67684677383904, -73.87669491049127)", "Zip Codes": 17215, "Community Districts": 45, "Borough Boundaries": 2, "City Council Districts": 37, "Police Precincts": 47, "Police Precinct": 47 }, "geometry": { "type": "Point", "coordinates": [ -73.876694910491267, 40.676846773839038 ] } },
{ "type": "Feature", "properties": { "Unique Key": 66034995, "Created Date": "09/03/2025 11:52:04 PM", "Closed Date": "09/03/2025 11:52:04 PM", "Agency": "DOHMH", "Agency Name": "Department of Health and Mental Hygiene", "Complaint Type": "Rodent", "Descriptor": "Mouse Sighting", "Location Type": "3+ Family Apt. Building", "Incident Zip": 11435, "Incident Address": "107-19 150 STREET", "Street Name": "150 STREET", "Cross Street 1": "SUTPHIN BOULEVARD", "Cross Street 2": "SHORE AVENUE", "Intersection Street 1": "SUTPHIN BOULEVARD", "Intersection Street 2": "SHORE AVENUE", "Address Type": "ADDRESS", "City": "JAMAICA", "Landmark": "150 STREET", "Facility Type": "N/A", "Status": "Closed", "Due Date": null, "Resolution Description": "The Department of Health and Mental Hygiene tried to inspect the property you reported but could not access the site. If you have information that will help the inspector access the site, please go online to nyc.gov/311 or call 311 and refile your complaint with contact information.", "Resolution Action Updated Date": "09/23/2025 10:50:25 AM", "Community Board": "12 QUEENS", "BBL": null, "Borough": "QUEENS", "X Coordinate (State Plane)": 1039533, "Y Coordinate (State Plane)": 192128, "Open Data Channel Type": "MOBILE", "Park Facility Name": "Unspecified", "Park Borough": "QUEENS", "Vehicle Type": null, "Taxi Company Borough": null, "Taxi Pick Up Location": null, "Bridge Highway Name": null, "Bridge Highway Direction": null, "Road Ramp": null, "Bridge Highway Segment": null, "Latitude": 40.69385108368072, "Longitude": -73.800642728512301, "Location": "(40.69385108368072, -73.8006427285123)", "Zip Codes": 24670, "Community Districts": 41, "Borough Boundaries": 3, "City Council Districts": 46, "Police Precincts": 61, "Police Precinct": 61 }, "geometry": { "type": "Point", "coordinates": [ -73.800642728512301, 40.69385108368072 ] } },
{ "type": "Feature", "properties": { "Unique Key": 66033673, "Created Date": "09/03/2025 09:33:27 PM", "Closed Date": "09/03/2025 09:33:27 PM", "Agency": "DOHMH", "Agency Name": "Department of Health and Mental Hygiene", "Complaint Type": "Rodent", "Descriptor": "Mouse Sighting", "Location Type": "3+ Family Apt. Building", "Incident Zip": 10310, "Incident Address": "46 WINEGAR LANE", "Street Name": "WINEGAR LANE", "Cross Street 1": "BROADWAY", "Cross Street 2": "CAMPBELL AVENUE", "Intersection Street 1": "BROADWAY", "Intersection Street 2": "CAMPBELL AVENUE", "Address Type": "ADDRESS", "City": "STATEN ISLAND", "Landmark": "WINEGAR LANE", "Facility Type": "N/A", "Status": "Closed", "Due Date": null, "Resolution Description": "The Department of Health and Mental Hygiene tried to inspect the property you reported but could not access the site. If you have information that will help the inspector access the site, please go online to nyc.gov/311 or call 311 and refile your complaint with contact information.", "Resolution Action Updated Date": "09/25/2025 11:47:56 AM", "Community Board": "01 STATEN ISLAND", "BBL": 5001760022, "Borough": "STATEN ISLAND", "X Coordinate (State Plane)": 951914, "Y Coordinate (State Plane)": 170956, "Open Data Channel Type": "ONLINE", "Park Facility Name": "Unspecified", "Park Borough": "STATEN ISLAND", "Vehicle Type": null, "Taxi Company Borough": null, "Taxi Pick Up Location": null, "Bridge Highway Name": null, "Bridge Highway Direction": null, "Road Ramp": null, "Bridge Highway Segment": null, "Latitude": 40.635852286741802, "Longitude": -74.116506164770314, "Location": "(40.6358522867418, -74.11650616477031)", "Zip Codes": 10697, "Community Districts": 4, "Borough Boundaries": 1, "City Council Districts": 13, "Police Precincts": 74, "Police Precinct": 74 }, "geometry": { "type": "Point", "coordinates": [ -74.116506164770314, 40.635852286741802 ] } },
{ "type": "Feature", "properties": { "Unique Key": 66039048, "Created Date": "09/03/2025 05:27:38 PM", "Closed Date": "09/03/2025 05:27:38 PM", "Agency": "DOHMH", "Agency Name": "Department of Health and Mental Hygiene", "Complaint Type": "Rodent", "Descriptor": "Mouse Sighting", "Location Type": "3+ Family Apt. Building", "Incident Zip": 11230, "Incident Address": "216 AVENUE M", "Street Name": "AVENUE M", "Cross Street 1": "EAST 2 STREET", "Cross Street 2": "EAST 3 STREET", "Intersection Street 1": "EAST    2 STREET", "Intersection Street 2": "EAST    3 STREET", "Address Type": "ADDRESS", "City": "BROOKLYN", "Landmark": "AVENUE M", "Facility Type": "N/A", "Status": "Closed", "Due Date": null, "Resolution Description": "An inspection of the property was conducted and it passed with minor violations found.", "Resolution Action Updated Date": "09/12/2025 12:20:35 PM", "Community Board": "12 BROOKLYN", "BBL": 3065650007, "Borough": "BROOKLYN", "X Coordinate (State Plane)": 991722, "Y Coordinate (State Plane)": 163908, "Open Data Channel Type": "PHONE", "Park Facility Name": "Unspecified", "Park Borough": "BROOKLYN", "Vehicle Type": null, "Taxi Company Borough": null, "Taxi Pick Up Location": null, "Bridge Highway Name": null, "Bridge Highway Direction": null, "Road Ramp": null, "Bridge Highway Segment": null, "Latitude": 40.616562879327368, "Longitude": -73.973086273504265, "Location": "(40.61656287932737, -73.97308627350426)", "Zip Codes": 13513, "Community Districts": 2, "Borough Boundaries": 2, "City Council Districts": 18, "Police Precincts": 39, "Police Precinct": 39 }, "geometry": { "type": "Point", "coordinates": [ -73.973086273504265, 40.616562879327368 ] } },
{ "type": "Feature", "properties": { "Unique Key": 66043139, "Created Date": "09/03/2025 04:35:27 PM", "Closed Date": "09/17/2025 11:43:39 AM", "Agency": "DOHMH", "Agency Name": "Department of Health and Mental Hygiene", "Complaint Type": "Rodent", "Descriptor": "Mouse Sighting", "Location Type": "3+ Family Apt. Building", "Incident Zip": 11220, "Incident Address": "266 67 STREET", "Street Name": "67 STREET", "Cross Street 1": "RIDGE BOULEVARD", "Cross Street 2": "3 AVENUE", "Intersection Street 1": "RIDGE BOULEVARD", "Intersection Street 2": "3 AVENUE", "Address Type": "ADDRESS", "City": "BROOKLYN", "Landmark": "67 STREET", "Facility Type": "N/A", "Status": "Closed", "Due Date": null, "Resolution Description": "This service request was closed because the Department of Health and Mental Hygiene received an earlier complaint about the same location.  You can find inspection results for this address by going to the online Rat Portal at www.nyc.gov/rats.", "Resolution Action Updated Date": "09/03/2025 04:35:27 PM", "Community Board": "10 BROOKLYN", "BBL": 3058490033, "Borough": "BROOKLYN", "X Coordinate (State Plane)": 977019, "Y Coordinate (State Plane)": 171780, "Open Data Channel Type": "MOBILE", "Park Facility Name": "Unspecified", "Park Borough": "BROOKLYN", "Vehicle Type": null, "Taxi Company Borough": null, "Taxi Pick Up Location": null, "Bridge Highway Name": null, "Bridge Highway Direction": null, "Road Ramp": null, "Bridge Highway Segment": null, "Latitude": 40.638170062781121, "Longitude": -74.026054091509081, "Location": "(40.63817006278112, -74.02605409150908)", "Zip Codes": 18180, "Community Districts": 10, "Borough Boundaries": 2, "City Council Districts": 44, "Police Precincts": 41, "Police Precinct": 41 }, "geometry": { "type": "Point", "coordinates": [ -74.026054091509081, 40.638170062781121 ] } },
{ "type": "Feature", "properties": { "Unique Key": 66086047, "Created Date": "09/08/2025 11:44:53 AM", "Closed Date": "09/08/2025 11:44:53 AM", "Agency": "DOHMH", "Agency Name": "Department of Health and Mental Hygiene", "Complaint Type": "Rodent", "Descriptor": "Mouse Sighting", "Location Type": "1-2 Family Dwelling", "Incident Zip": 10467, "Incident Address": "851 EAST  217 STREET", "Street Name": "EAST  217 STREET", "Cross Street 1": "BARNES AVENUE", "Cross Street 2": "BRONXWOOD AVENUE", "Intersection Street 1": "BARNES AVENUE", "Intersection Street 2": "BRONXWOOD AVENUE", "Address Type": "ADDRESS", "City": "BRONX", "Landmark": "EAST  217 STREET", "Facility Type": "N/A", "Status": "Closed", "Due Date": null, "Resolution Description": "The Department of Health and Mental Hygiene tried to inspect the property you reported but could not access the site. If you have information that will help the inspector access the site, please go online to nyc.gov/311 or call 311 and refile your complaint with contact information.", "Resolution Action Updated Date": "09/16/2025 11:18:54 AM", "Community Board": "12 BRONX", "BBL": 2046760110, "Borough": "BRONX", "X Coordinate (State Plane)": 1023174, "Y Coordinate (State Plane)": 260206, "Open Data Channel Type": "MOBILE", "Park Facility Name": "Unspecified", "Park Borough": "BRONX", "Vehicle Type": null, "Taxi Company Borough": null, "Taxi Pick Up Location": null, "Bridge Highway Name": null, "Bridge Highway Direction": null, "Road Ramp": null, "Bridge Highway Segment": null, "Latitude": 40.880793720967809, "Longitude": -73.859240676431284, "Location": "(40.88079372096781, -73.85924067643128)", "Zip Codes": 11605, "Community Districts": 29, "Borough Boundaries": 5, "City Council Districts": 2, "Police Precincts": 30, "Police Precinct": 30 }, "geometry": { "type": "Point", "coordinates": [ -73.859240676431284, 40.880793720967809 ] } },
{ "type": "Feature", "properties": { "Unique Key": 66086048, "Created Date": "09/08/2025 10:13:25 AM", "Closed Date": "09/08/2025 10:13:25 AM", "Agency": "DOHMH", "Agency Name": "Department of Health and Mental Hygiene", "Complaint Type": "Rodent", "Descriptor": "Mouse Sighting", "Location Type": "1-2 Family Dwelling", "Incident Zip": 11416, "Incident Address": "94-28 75 STREET", "Street Name": "75 STREET", "Cross Street 1": "ATLANTIC AVENUE", "Cross Street 2": "95 AVENUE", "Intersection Street 1": "ATLANTIC AVENUE", "Intersection Street 2": "95 AVENUE", "Address Type": "ADDRESS", "City": "OZONE PARK", "Landmark": "75 STREET", "Facility Type": "N/A", "Status": "Closed", "Due Date": null, "Resolution Description": "The Department of Health and Mental Hygiene inspected the property you reported and did not find any violations at the time of the inspection. The property passed inspection.", "Resolution Action Updated Date": "09/23/2025 01:12:25 PM", "Community Board": "09 QUEENS", "BBL": 4089960233, "Borough": "QUEENS", "X Coordinate (State Plane)": 1021941, "Y Coordinate (State Plane)": 188237, "Open Data Channel Type": "PHONE", "Park Facility Name": "Unspecified", "Park Borough": "QUEENS", "Vehicle Type": null, "Taxi Company Borough": null, "Taxi Pick Up Location": null, "Bridge Highway Name": null, "Bridge Highway Direction": null, "Road Ramp": null, "Bridge Highway Segment": null, "Latitude": 40.683263601853639, "Longitude": -73.864103278460647, "Location": "(40.68326360185364, -73.86410327846065)", "Zip Codes": 24012, "Community Districts": 46, "Borough Boundaries": 3, "City Council Districts": 41, "Police Precincts": 60, "Police Precinct": 60 }, "geometry": { "type": "Point", "coordinates": [ -73.864103278460647, 40.683263601853639 ] } },
{ "type": "Feature", "properties": { "Unique Key": 66094680, "Created Date": "09/08/2025 02:19:09 PM", "Closed Date": "09/08/2025 02:19:09 PM", "Agency": "DOHMH", "Agency Name": "Department of Health and Mental Hygiene", "Complaint Type": "Rodent", "Descriptor": "Mouse Sighting", "Location Type": "1-2 Family Dwelling", "Incident Zip": 10460, "Incident Address": "1006 EAST  172 STREET", "Street Name": "EAST  172 STREET", "Cross Street 1": "LONGFELLOW AVENUE", "Cross Street 2": "BOONE AVENUE", "Intersection Street 1": "LONGFELLOW AVENUE", "Intersection Street 2": "BOONE AVENUE", "Address Type": "ADDRESS", "City": "BRONX", "Landmark": "EAST  172 STREET", "Facility Type": "N/A", "Status": "Closed", "Due Date": null, "Resolution Description": "The Department of Health and Mental Hygiene found violations on the property you reported. Follow-up inspections will be scheduled.", "Resolution Action Updated Date": "09/16/2025 02:56:19 PM", "Community Board": "03 BRONX", "BBL": 2030080024, "Borough": "BRONX", "X Coordinate (State Plane)": 1015820, "Y Coordinate (State Plane)": 242685, "Open Data Channel Type": "MOBILE", "Park Facility Name": "Unspecified", "Park Borough": "BRONX", "Vehicle Type": null, "Taxi Company Borough": null, "Taxi Pick Up Location": null, "Bridge Highway Name": null, "Bridge Highway Direction": null, "Road Ramp": null, "Bridge Highway Segment": null, "Latitude": 40.832733229518709, "Longitude": -73.885917140464684, "Location": "(40.83273322951871, -73.88591714046468)", "Zip Codes": 11269, "Community Districts": 34, "Borough Boundaries": 5, "City Council Districts": 43, "Police Precincts": 25, "Police Precinct": 25 }, "geometry": { "type": "Point", "coordinates": [ -73.885917140464684, 40.832733229518709 ] } },
{ "type": "Feature", "properties": { "Unique Key": 66097565, "Created Date": "09/09/2025 10:41:05 AM", "Closed Date": null, "Agency": "DOHMH", "Agency Name": "Department of Health and Mental Hygiene", "Complaint Type": "Rodent", "Descriptor": "Mouse Sighting", "Location Type": "1-2 Family Dwelling", "Incident Zip": 10312, "Incident Address": "31 FURMAN STREET", "Street Name": "FURMAN STREET", "Cross Street 1": "ANNADALE ROAD", "Cross Street 2": "DEAD END", "Intersection Street 1": "ANNADALE ROAD", "Intersection Street 2": "DEAD END", "Address Type": "ADDRESS", "City": "STATEN ISLAND", "Landmark": "FURMAN STREET", "Facility Type": null, "Status": "In Progress", "Due Date": null, "Resolution Description": null, "Resolution Action Updated Date": null, "Community Board": "03 STATEN ISLAND", "BBL": 5062450251, "Borough": "STATEN ISLAND", "X Coordinate (State Plane)": 934578, "Y Coordinate (State Plane)": 134996, "Open Data Channel Type": "ONLINE", "Park Facility Name": "Unspecified", "Park Borough": "STATEN ISLAND", "Vehicle Type": null, "Taxi Company Borough": null, "Taxi Pick Up Location": null, "Bridge Highway Name": null, "Bridge Highway Direction": null, "Road Ramp": null, "Bridge Highway Segment": null, "Latitude": 40.537069210468438, "Longitude": -74.178703075941058, "Location": "(40.53706921046844, -74.17870307594106)", "Zip Codes": 10699, "Community Districts": 15, "Borough Boundaries": 1, "City Council Districts": 9, "Police Precincts": 77, "Police Precinct": 77 }, "geometry": { "type": "Point", "coordinates": [ -74.178703075941058, 40.537069210468438 ] } },
{ "type": "Feature", "properties": { "Unique Key": 66045913, "Created Date": "09/05/2025 12:40:10 AM", "Closed Date": null, "Agency": "DOHMH", "Agency Name": "Department of Health and Mental Hygiene", "Complaint Type": "Rodent", "Descriptor": "Mouse Sighting", "Location Type": "3+ Family Apt. Building", "Incident Zip": 10012, "Incident Address": "190 BLEECKER STREET", "Street Name": "BLEECKER STREET", "Cross Street 1": "MAC DOUGAL STREET", "Cross Street 2": "AVENUE OF THE AMERICAS", "Intersection Street 1": "MAC DOUGAL STREET", "Intersection Street 2": "AVENUE OF THE AMERICAS", "Address Type": "ADDRESS", "City": "NEW YORK", "Landmark": "BLEECKER STREET", "Facility Type": null, "Status": "In Progress", "Due Date": null, "Resolution Description": null, "Resolution Action Updated Date": null, "Community Board": "02 MANHATTAN", "BBL": 1005260024, "Borough": "MANHATTAN", "X Coordinate (State Plane)": 983861, "Y Coordinate (State Plane)": 204966, "Open Data Channel Type": "PHONE", "Park Facility Name": "Unspecified", "Park Borough": "MANHATTAN", "Vehicle Type": null, "Taxi Company Borough": null, "Taxi Pick Up Location": null, "Bridge Highway Name": null, "Bridge Highway Direction": null, "Road Ramp": null, "Bridge Highway Segment": null, "Latitude": 40.729260998290457, "Longitude": -74.001403525852496, "Location": "(40.72926099829046, -74.0014035258525)", "Zip Codes": 12075, "Community Districts": 57, "Borough Boundaries": 4, "City Council Districts": 10, "Police Precincts": 3, "Police Precinct": 3 }, "geometry": { "type": "Point", "coordinates": [ -74.001403525852496, 40.729260998290457 ] } },
{ "type": "Feature", "properties": { "Unique Key": 66060657, "Created Date": "09/05/2025 06:20:25 PM", "Closed Date": "09/05/2025 06:20:25 PM", "Agency": "DOHMH", "Agency Name": "Department of Health and Mental Hygiene", "Complaint Type": "Rodent", "Descriptor": "Mouse Sighting", "Location Type": "1-2 Family Dwelling", "Incident Zip": 11368, "Incident Address": "35-25 100 STREET", "Street Name": "100 STREET", "Cross Street 1": "35 AVENUE", "Cross Street 2": "37 AVENUE", "Intersection Street 1": "35 AVENUE", "Intersection Street 2": "37 AVENUE", "Address Type": "ADDRESS", "City": "CORONA", "Landmark": "100 STREET", "Facility Type": "N/A", "Status": "Closed", "Due Date": null, "Resolution Description": "The Department of Health and Mental Hygiene inspected the property you reported and did not find any violations at the time of the inspection. The property passed inspection.", "Resolution Action Updated Date": "09/12/2025 11:57:00 AM", "Community Board": "03 QUEENS", "BBL": 4017410042, "Borough": "QUEENS", "X Coordinate (State Plane)": 1020911, "Y Coordinate (State Plane)": 213810, "Open Data Channel Type": "MOBILE", "Park Facility Name": "Unspecified", "Park Borough": "QUEENS", "Vehicle Type": null, "Taxi Company Borough": null, "Taxi Pick Up Location": null, "Bridge Highway Name": null, "Bridge Highway Direction": null, "Road Ramp": null, "Bridge Highway Segment": null, "Latitude": 40.753459583839401, "Longitude": -73.867677705398691, "Location": "(40.7534595838394, -73.86767770539869)", "Zip Codes": 14510, "Community Districts": 65, "Borough Boundaries": 3, "City Council Districts": 21, "Police Precincts": 73, "Police Precinct": 73 }, "geometry": { "type": "Point", "coordinates": [ -73.867677705398691, 40.753459583839401 ] } },
{ "type": "Feature", "properties": { "Unique Key": 66063326, "Created Date": "09/05/2025 09:03:54 AM", "Closed Date": null, "Agency": "DOHMH", "Agency Name": "Department of Health and Mental Hygiene", "Complaint Type": "Rodent", "Descriptor": "Mouse Sighting", "Location Type": "Other (Explain Below)", "Incident Zip": 11372, "Incident Address": "35-62 94 STREET", "Street Name": "94 STREET", "Cross Street 1": "35 AVENUE", "Cross Street 2": "37 AVENUE", "Intersection Street 1": "35 AVENUE", "Intersection Street 2": "37 AVENUE", "Address Type": "ADDRESS", "City": "JACKSON HEIGHTS", "Landmark": "94 STREET", "Facility Type": null, "Status": "In Progress", "Due Date": null, "Resolution Description": null, "Resolution Action Updated Date": null, "Community Board": "03 QUEENS", "BBL": 4014670034, "Borough": "QUEENS", "X Coordinate (State Plane)": 1019348, "Y Coordinate (State Plane)": 213183, "Open Data Channel Type": "PHONE", "Park Facility Name": "Unspecified", "Park Borough": "QUEENS", "Vehicle Type": null, "Taxi Company Borough": null, "Taxi Pick Up Location": null, "Bridge Highway Name": null, "Bridge Highway Direction": null, "Road Ramp": null, "Bridge Highway Segment": null, "Latitude": 40.75174497177413, "Longitude": -73.873322380446822, "Location": "(40.75174497177413, -73.87332238044682)", "Zip Codes": 14783, "Community Districts": 65, "Borough Boundaries": 3, "City Council Districts": 5, "Police Precincts": 73, "Police Precinct": 73 }, "geometry": { "type": "Point", "coordinates": [ -73.873322380446822, 40.75174497177413 ] } },
{ "type": "Feature", "properties": { "Unique Key": 66063325, "Created Date": "09/05/2025 05:53:46 PM", "Closed Date": "09/05/2025 05:53:46 PM", "Agency": "DOHMH", "Agency Name": "Department of Health and Mental Hygiene", "Complaint Type": "Rodent", "Descriptor": "Mouse Sighting", "Location Type": "1-2 Family Dwelling", "Incident Zip": 10452, "Incident Address": "1000 WOODYCREST AVENUE", "Street Name": "WOODYCREST AVENUE", "Cross Street 1": "WEST 164 STREET", "Cross Street 2": "WEST 165 STREET", "Intersection Street 1": "WEST  164 STREET", "Intersection Street 2": "WEST  165 STREET", "Address Type": "ADDRESS", "City": "BRONX", "Landmark": "WOODYCREST AVENUE", "Facility Type": "N/A", "Status": "Closed", "Due Date": null, "Resolution Description": "The Department of Health and Mental Hygiene found violations on the property you reported. Follow-up inspections will be scheduled.", "Resolution Action Updated Date": "09/10/2025 03:10:27 PM", "Community Board": "04 BRONX", "BBL": 2025080001, "Borough": "BRONX", "X Coordinate (State Plane)": 1004195, "Y Coordinate (State Plane)": 242664, "Open Data Channel Type": "MOBILE", "Park Facility Name": "Unspecified", "Park Borough": "BRONX", "Vehicle Type": null, "Taxi Company Borough": null, "Taxi Pick Up Location": null, "Bridge Highway Name": null, "Bridge Highway Direction": null, "Road Ramp": null, "Bridge Highway Segment": null, "Latitude": 40.83270949442344, "Longitude": -73.927925833537401, "Location": "(40.83270949442344, -73.9279258335374)", "Zip Codes": 10930, "Community Districts": 50, "Borough Boundaries": 5, "City Council Districts": 35, "Police Precincts": 27, "Police Precinct": 27 }, "geometry": { "type": "Point", "coordinates": [ -73.927925833537401, 40.83270949442344 ] } },
{ "type": "Feature", "properties": { "Unique Key": 66076153, "Created Date": "09/07/2025 11:56:51 AM", "Closed Date": "09/07/2025 11:56:51 AM", "Agency": "DOHMH", "Agency Name": "Department of Health and Mental Hygiene", "Complaint Type": "Rodent", "Descriptor": "Mouse Sighting", "Location Type": "1-2 Family Dwelling", "Incident Zip": 11234, "Incident Address": "1440 EAST   64 STREET", "Street Name": "EAST   64 STREET", "Cross Street 1": "MILL LANE", "Cross Street 2": "AVENUE T", "Intersection Street 1": "MILL LANE", "Intersection Street 2": "AVENUE T", "Address Type": "ADDRESS", "City": "BROOKLYN", "Landmark": "EAST   64 STREET", "Facility Type": "N/A", "Status": "Closed", "Due Date": null, "Resolution Description": "The Department of Health and Mental Hygiene inspected the property you reported and did not find any violations at the time of the inspection. The property passed inspection.", "Resolution Action Updated Date": "09/21/2025 11:45:23 AM", "Community Board": "18 BROOKLYN", "BBL": 3083850067, "Borough": "BROOKLYN", "X Coordinate (State Plane)": 1007821, "Y Coordinate (State Plane)": 164735, "Open Data Channel Type": "ONLINE", "Park Facility Name": "Unspecified", "Park Borough": "BROOKLYN", "Vehicle Type": null, "Taxi Company Borough": null, "Taxi Pick Up Location": null, "Bridge Highway Name": null, "Bridge Highway Direction": null, "Road Ramp": null, "Bridge Highway Segment": null, "Latitude": 40.618804619086873, "Longitude": -73.915095711732619, "Location": "(40.61880461908687, -73.91509571173262)", "Zip Codes": 13825, "Community Districts": 5, "Borough Boundaries": 2, "City Council Districts": 8, "Police Precincts": 38, "Police Precinct": 38 }, "geometry": { "type": "Point", "coordinates": [ -73.915095711732619, 40.618804619086873 ] } },
{ "type": "Feature", "properties": { "Unique Key": 66091800, "Created Date": "09/08/2025 11:23:41 PM", "Closed Date": "09/08/2025 11:23:41 PM", "Agency": "DOHMH", "Agency Name": "Department of Health and Mental Hygiene", "Complaint Type": "Rodent", "Descriptor": "Mouse Sighting", "Location Type": "3+ Family Apt. Building", "Incident Zip": 10039, "Incident Address": "230 WEST  147 STREET", "Street Name": "WEST  147 STREET", "Cross Street 1": "ADAM CLAYTON POWELL JR BOULEVARD", "Cross Street 2": "FREDERICK DOUGLASS BOULEVARD", "Intersection Street 1": "ADAM CLAYTON POWELL JR BOULEVARD", "Intersection Street 2": "FREDERICK DOUGLASS BOULEVARD", "Address Type": "ADDRESS", "City": "NEW YORK", "Landmark": "WEST  147 STREET", "Facility Type": "N/A", "Status": "Closed", "Due Date": null, "Resolution Description": "The Department of Health and Mental Hygiene found violations on the property you reported. Follow-up inspections will be scheduled.", "Resolution Action Updated Date": "09/25/2025 11:43:15 AM", "Community Board": "10 MANHATTAN", "BBL": 1020320055, "Borough": "MANHATTAN", "X Coordinate (State Plane)": 1000905, "Y Coordinate (State Plane)": 239357, "Open Data Channel Type": "MOBILE", "Park Facility Name": "Unspecified", "Park Borough": "MANHATTAN", "Vehicle Type": null, "Taxi Company Borough": null, "Taxi Pick Up Location": null, "Bridge Highway Name": null, "Bridge Highway Direction": null, "Road Ramp": null, "Bridge Highway Segment": null, "Latitude": 40.823639543336192, "Longitude": -73.939822933839679, "Location": "(40.82363954333619, -73.93982293383968)", "Zip Codes": 13097, "Community Districts": 18, "Borough Boundaries": 4, "City Council Districts": 36, "Police Precincts": 20, "Police Precinct": 20 }, "geometry": { "type": "Point", "coordinates": [ -73.939822933839679, 40.823639543336192 ] } },
{ "type": "Feature", "properties": { "Unique Key": 66068642, "Created Date": "09/06/2025 11:35:24 AM", "Closed Date": "09/06/2025 11:35:24 AM", "Agency": "DOHMH", "Agency Name": "Department of Health and Mental Hygiene", "Complaint Type": "Rodent", "Descriptor": "Mouse Sighting", "Location Type": "1-2 Family Dwelling", "Incident Zip": 10460, "Incident Address": "1566 VYSE AVENUE", "Street Name": "VYSE AVENUE", "Cross Street 1": "EAST 172 STREET", "Cross Street 2": "EAST 173 STREET", "Intersection Street 1": "EAST  172 STREET", "Intersection Street 2": "EAST  173 STREET", "Address Type": "ADDRESS", "City": "BRONX", "Landmark": "VYSE AVENUE", "Facility Type": "N/A", "Status": "Closed", "Due Date": null, "Resolution Description": "The Department of Health and Mental Hygiene found violations on the property you reported. Follow-up inspections will be scheduled.", "Resolution Action Updated Date": "09/19/2025 12:19:00 PM", "Community Board": "03 BRONX", "BBL": 2029960020, "Borough": "BRONX", "X Coordinate (State Plane)": 1015425, "Y Coordinate (State Plane)": 243306, "Open Data Channel Type": "MOBILE", "Park Facility Name": "Unspecified", "Park Borough": "BRONX", "Vehicle Type": null, "Taxi Company Borough": null, "Taxi Pick Up Location": null, "Bridge Highway Name": null, "Bridge Highway Direction": null, "Road Ramp": null, "Bridge Highway Segment": null, "Latitude": 40.834439097297235, "Longitude": -73.887341643650601, "Location": "(40.834439097297235, -73.8873416436506)", "Zip Codes": 11269, "Community Districts": 34, "Borough Boundaries": 5, "City Council Districts": 43, "Police Precincts": 25, "Police Precinct": 25 }, "geometry": { "type": "Point", "coordinates": [ -73.887341643650601, 40.834439097297235 ] } },
{ "type": "Feature", "properties": { "Unique Key": 66068644, "Created Date": "09/06/2025 04:56:37 AM", "Closed Date": "09/06/2025 04:56:37 AM", "Agency": "DOHMH", "Agency Name": "Department of Health and Mental Hygiene", "Complaint Type": "Rodent", "Descriptor": "Mouse Sighting", "Location Type": "3+ Family Apt. Building", "Incident Zip": 11212, "Incident Address": "672 POWELL STREET", "Street Name": "POWELL STREET", "Cross Street 1": "NEW LOTS AVENUE", "Cross Street 2": "HEGEMAN AVENUE", "Intersection Street 1": "NEW LOTS AVENUE", "Intersection Street 2": "HEGEMAN AVENUE", "Address Type": "ADDRESS", "City": "BROOKLYN", "Landmark": "POWELL STREET", "Facility Type": "N/A", "Status": "Closed", "Due Date": null, "Resolution Description": "The Department of Health and Mental Hygiene tried to inspect the property you reported but could not access the site. If you have information that will help the inspector access the site, please go online to nyc.gov/311 or call 311 and refile your complaint with contact information.", "Resolution Action Updated Date": "09/15/2025 10:15:43 AM", "Community Board": "16 BROOKLYN", "BBL": 3038627501, "Borough": "BROOKLYN", "X Coordinate (State Plane)": 1011766, "Y Coordinate (State Plane)": 178827, "Open Data Channel Type": "MOBILE", "Park Facility Name": "Unspecified", "Park Borough": "BROOKLYN", "Vehicle Type": null, "Taxi Company Borough": null, "Taxi Pick Up Location": null, "Bridge Highway Name": null, "Bridge Highway Direction": null, "Road Ramp": null, "Bridge Highway Segment": null, "Latitude": 40.657472751606356, "Longitude": -73.900828106705347, "Location": "(40.657472751606356, -73.90082810670535)", "Zip Codes": 17614, "Community Districts": 55, "Borough Boundaries": 2, "City Council Districts": 25, "Police Precincts": 46, "Police Precinct": 46 }, "geometry": { "type": "Point", "coordinates": [ -73.900828106705347, 40.657472751606356 ] } },
{ "type": "Feature", "properties": { "Unique Key": 66072456, "Created Date": "09/06/2025 01:00:44 AM", "Closed Date": "09/06/2025 01:00:44 AM", "Agency": "DOHMH", "Agency Name": "Department of Health and Mental Hygiene", "Complaint Type": "Rodent", "Descriptor": "Mouse Sighting", "Location Type": "3+ Family Apt. Building", "Incident Zip": 11214, "Incident Address": "8301 BAY PARKWAY", "Street Name": "BAY PARKWAY", "Cross Street 1": "83 STREET", "Cross Street 2": "84 STREET", "Intersection Street 1": "83 STREET", "Intersection Street 2": "84 STREET", "Address Type": "ADDRESS", "City": "BROOKLYN", "Landmark": "BAY PARKWAY", "Facility Type": "N/A", "Status": "Closed", "Due Date": null, "Resolution Description": "The Department of Health and Mental Hygiene found violations on the property you reported. Follow-up inspections will be scheduled.", "Resolution Action Updated Date": "09/20/2025 12:45:36 PM", "Community Board": "11 BROOKLYN", "BBL": 3063310006, "Borough": "BROOKLYN", "X Coordinate (State Plane)": 986439, "Y Coordinate (State Plane)": 159170, "Open Data Channel Type": "MOBILE", "Park Facility Name": "Unspecified", "Park Borough": "BROOKLYN", "Vehicle Type": null, "Taxi Company Borough": null, "Taxi Pick Up Location": null, "Bridge Highway Name": null, "Bridge Highway Direction": null, "Road Ramp": null, "Bridge Highway Segment": null, "Latitude": 40.603560922699764, "Longitude": -73.992116879903591, "Location": "(40.603560922699764, -73.99211687990359)", "Zip Codes": 17616, "Community Districts": 1, "Borough Boundaries": 2, "City Council Districts": 45, "Police Precincts": 37, "Police Precinct": 37 }, "geometry": { "type": "Point", "coordinates": [ -73.992116879903591, 40.603560922699764 ] } },
{ "type": "Feature", "properties": { "Unique Key": 66074972, "Created Date": "09/06/2025 11:23:18 AM", "Closed Date": "09/06/2025 11:23:18 AM", "Agency": "DOHMH", "Agency Name": "Department of Health and Mental Hygiene", "Complaint Type": "Rodent", "Descriptor": "Mouse Sighting", "Location Type": "Parking Lot/Garage", "Incident Zip": 11421, "Incident Address": "91-24 84 STREET", "Street Name": "84 STREET", "Cross Street 1": "91 AVENUE", "Cross Street 2": "ATLANTIC AVENUE", "Intersection Street 1": "91 AVENUE", "Intersection Street 2": "ATLANTIC AVENUE", "Address Type": "ADDRESS", "City": "WOODHAVEN", "Landmark": "84 STREET", "Facility Type": "N/A", "Status": "Closed", "Due Date": null, "Resolution Description": "The Department of Health and Mental Hygiene inspected the property you reported and did not find any violations at the time of the inspection. The property passed inspection.", "Resolution Action Updated Date": "09/23/2025 12:10:21 PM", "Community Board": "09 QUEENS", "BBL": 4089620093, "Borough": "QUEENS", "X Coordinate (State Plane)": 1023676, "Y Coordinate (State Plane)": 189472, "Open Data Channel Type": "MOBILE", "Park Facility Name": "Unspecified", "Park Borough": "QUEENS", "Vehicle Type": null, "Taxi Company Borough": null, "Taxi Pick Up Location": null, "Bridge Highway Name": null, "Bridge Highway Direction": null, "Road Ramp": null, "Bridge Highway Segment": null, "Latitude": 40.686645832237346, "Longitude": -73.857840436448981, "Location": "(40.686645832237346, -73.85784043644898)", "Zip Codes": 24017, "Community Districts": 46, "Borough Boundaries": 3, "City Council Districts": 41, "Police Precincts": 60, "Police Precinct": 60 }, "geometry": { "type": "Point", "coordinates": [ -73.857840436448981, 40.686645832237346 ] } },
{ "type": "Feature", "properties": { "Unique Key": 66119398, "Created Date": "09/11/2025 08:39:23 AM", "Closed Date": null, "Agency": "DOHMH", "Agency Name": "Department of Health and Mental Hygiene", "Complaint Type": "Rodent", "Descriptor": "Mouse Sighting", "Location Type": "1-2 Family Dwelling", "Incident Zip": 11361, "Incident Address": "40-12 208 STREET", "Street Name": "208 STREET", "Cross Street 1": "DEAD END", "Cross Street 2": "42 AVENUE", "Intersection Street 1": "DEAD END", "Intersection Street 2": "42 AVENUE", "Address Type": "ADDRESS", "City": "BAYSIDE", "Landmark": "208 STREET", "Facility Type": null, "Status": "In Progress", "Due Date": null, "Resolution Description": null, "Resolution Action Updated Date": null, "Community Board": "11 QUEENS", "BBL": 4062180025, "Borough": "QUEENS", "X Coordinate (State Plane)": 1045967, "Y Coordinate (State Plane)": 217046, "Open Data Channel Type": "ONLINE", "Park Facility Name": "Unspecified", "Park Borough": "QUEENS", "Vehicle Type": null, "Taxi Company Borough": null, "Taxi Pick Up Location": null, "Bridge Highway Name": null, "Bridge Highway Direction": null, "Road Ramp": null, "Bridge Highway Segment": null, "Latitude": 40.762202162461975, "Longitude": -73.777212495693504, "Location": "(40.762202162461975, -73.7772124956935)", "Zip Codes": 14196, "Community Districts": 26, "Borough Boundaries": 3, "City Council Districts": 20, "Police Precincts": 69, "Police Precinct": 69 }, "geometry": { "type": "Point", "coordinates": [ -73.777212495693504, 40.762202162461975 ] } },
{ "type": "Feature", "properties": { "Unique Key": 66123552, "Created Date": "09/11/2025 10:20:15 PM", "Closed Date": "09/12/2025 12:09:35 PM", "Agency": "DOHMH", "Agency Name": "Department of Health and Mental Hygiene", "Complaint Type": "Rodent", "Descriptor": "Mouse Sighting", "Location Type": "3+ Family Apt. Building", "Incident Zip": 10012, "Incident Address": "190 BLEECKER STREET", "Street Name": "BLEECKER STREET", "Cross Street 1": "MAC DOUGAL STREET", "Cross Street 2": "AVENUE OF THE AMERICAS", "Intersection Street 1": "MAC DOUGAL STREET", "Intersection Street 2": "AVENUE OF THE AMERICAS", "Address Type": "ADDRESS", "City": "NEW YORK", "Landmark": "BLEECKER STREET", "Facility Type": "N/A", "Status": "Closed", "Due Date": null, "Resolution Description": "This service request was closed because the Department of Health and Mental Hygiene received an earlier complaint about the same location.  You can find inspection results for this address by going to the online Rat Portal at www.nyc.gov/rats.", "Resolution Action Updated Date": "09/11/2025 10:20:15 PM", "Community Board": "02 MANHATTAN", "BBL": 1005260024, "Borough": "MANHATTAN", "X Coordinate (State Plane)": 983861, "Y Coordinate (State Plane)": 204966, "Open Data Channel Type": "ONLINE", "Park Facility Name": "Unspecified", "Park Borough": "MANHATTAN", "Vehicle Type": null, "Taxi Company Borough": null, "Taxi Pick Up Location": null, "Bridge Highway Name": null, "Bridge Highway Direction": null, "Road Ramp": null, "Bridge Highway Segment": null, "Latitude": 40.729260998290457, "Longitude": -74.001403525852496, "Location": "(40.72926099829046, -74.0014035258525)", "Zip Codes": 12075, "Community Districts": 57, "Borough Boundaries": 4, "City Council Districts": 10, "Police Precincts": 3, "Police Precinct": 3 }, "geometry": { "type": "Point", "coordinates": [ -74.001403525852496, 40.729260998290457 ] } },
{ "type": "Feature", "properties": { "Unique Key": 66066160, "Created Date": "09/06/2025 10:26:53 PM", "Closed Date": null, "Agency": "DOHMH", "Agency Name": "Department of Health and Mental Hygiene", "Complaint Type": "Rodent", "Descriptor": "Mouse Sighting", "Location Type": "3+ Family Apt. Building", "Incident Zip": 10463, "Incident Address": "3470 FT INDEPENDENCE STREET", "Street Name": "FT INDEPENDENCE STREET", "Cross Street 1": "BAILEY PLACE", "Cross Street 2": "ORLOFF AVENUE", "Intersection Street 1": "BAILEY PLACE", "Intersection Street 2": "ORLOFF AVENUE", "Address Type": "ADDRESS", "City": "BRONX", "Landmark": "FORT INDEPENDENCE STREET", "Facility Type": null, "Status": "In Progress", "Due Date": null, "Resolution Description": null, "Resolution Action Updated Date": null, "Community Board": "08 BRONX", "BBL": 2032580120, "Borough": "BRONX", "X Coordinate (State Plane)": 1012222, "Y Coordinate (State Plane)": 260531, "Open Data Channel Type": "MOBILE", "Park Facility Name": "Unspecified", "Park Borough": "BRONX", "Vehicle Type": null, "Taxi Company Borough": null, "Taxi Pick Up Location": null, "Bridge Highway Name": null, "Bridge Highway Direction": null, "Road Ramp": null, "Bridge Highway Segment": null, "Latitude": 40.881727251675052, "Longitude": -73.898844562094638, "Location": "(40.88172725167505, -73.89884456209464)", "Zip Codes": 11272, "Community Districts": 48, "Borough Boundaries": 5, "City Council Districts": 40, "Police Precincts": 33, "Police Precinct": 33 }, "geometry": { "type": "Point", "coordinates": [ -73.898844562094638, 40.881727251675052 ] } },
{ "type": "Feature", "properties": { "Unique Key": 66080250, "Created Date": "09/07/2025 03:58:44 PM", "Closed Date": null, "Agency": "DOHMH", "Agency Name": "Department of Health and Mental Hygiene", "Complaint Type": "Rodent", "Descriptor": "Mouse Sighting", "Location Type": "1-2 Family Dwelling", "Incident Zip": 11362, "Incident Address": "66-10 247 STREET", "Street Name": "247 STREET", "Cross Street 1": "CULLMAN AVENUE", "Cross Street 2": "GRAND CENTRAL PARKWAY", "Intersection Street 1": "CULLMAN AVENUE", "Intersection Street 2": "GRAND CENTRAL PARKWAY", "Address Type": "ADDRESS", "City": "LITTLE NECK", "Landmark": "247 STREET", "Facility Type": null, "Status": "In Progress", "Due Date": null, "Resolution Description": null, "Resolution Action Updated Date": null, "Community Board": "11 QUEENS", "BBL": 4083780007, "Borough": "QUEENS", "X Coordinate (State Plane)": 1059750, "Y Coordinate (State Plane)": 213631, "Open Data Channel Type": "PHONE", "Park Facility Name": "Unspecified", "Park Borough": "QUEENS", "Vehicle Type": null, "Taxi Company Borough": null, "Taxi Pick Up Location": null, "Bridge Highway Name": null, "Bridge Highway Direction": null, "Road Ramp": null, "Bridge Highway Segment": null, "Latitude": 40.752721945343083, "Longitude": -73.72749693322443, "Location": "(40.75272194534308, -73.72749693322443)", "Zip Codes": 14197, "Community Districts": 26, "Borough Boundaries": 3, "City Council Districts": 16, "Police Precincts": 69, "Police Precinct": 69 }, "geometry": { "type": "Point", "coordinates": [ -73.72749693322443, 40.752721945343083 ] } },
{ "type": "Feature", "properties": { "Unique Key": 66097564, "Created Date": "09/09/2025 09:17:59 AM", "Closed Date": "09/17/2025 11:38:32 AM", "Agency": "DOHMH", "Agency Name": "Department of Health and Mental Hygiene", "Complaint Type": "Rodent", "Descriptor": "Mouse Sighting", "Location Type": "3+ Family Apt. Building", "Incident Zip": 11214, "Incident Address": "8301 BAY PARKWAY", "Street Name": "BAY PARKWAY", "Cross Street 1": "83 STREET", "Cross Street 2": "84 STREET", "Intersection Street 1": "83 STREET", "Intersection Street 2": "84 STREET", "Address Type": "ADDRESS", "City": "BROOKLYN", "Landmark": "BAY PARKWAY", "Facility Type": "N/A", "Status": "Closed", "Due Date": null, "Resolution Description": "This service request was closed because the Department of Health and Mental Hygiene received an earlier complaint about the same location.  You can find inspection results for this address by going to the online Rat Portal at www.nyc.gov/rats.", "Resolution Action Updated Date": "09/09/2025 09:17:59 AM", "Community Board": "11 BROOKLYN", "BBL": 3063310006, "Borough": "BROOKLYN", "X Coordinate (State Plane)": 986439, "Y Coordinate (State Plane)": 159170, "Open Data Channel Type": "MOBILE", "Park Facility Name": "Unspecified", "Park Borough": "BROOKLYN", "Vehicle Type": null, "Taxi Company Borough": null, "Taxi Pick Up Location": null, "Bridge Highway Name": null, "Bridge Highway Direction": null, "Road Ramp": null, "Bridge Highway Segment": null, "Latitude": 40.603560922699764, "Longitude": -73.992116879903591, "Location": "(40.603560922699764, -73.99211687990359)", "Zip Codes": 17616, "Community Districts": 1, "Borough Boundaries": 2, "City Council Districts": 45, "Police Precincts": 37, "Police Precinct": 37 }, "geometry": { "type": "Point", "coordinates": [ -73.992116879903591, 40.603560922699764 ] } },
{ "type": "Feature", "properties": { "Unique Key": 66017031, "Created Date": "09/01/2025 11:02:22 PM", "Closed Date": "09/01/2025 11:02:22 PM", "Agency": "DOHMH", "Agency Name": "Department of Health and Mental Hygiene", "Complaint Type": "Rodent", "Descriptor": "Mouse Sighting", "Location Type": "3+ Family Apt. Building", "Incident Zip": 11233, "Incident Address": "396 SARATOGA AVENUE", "Street Name": "SARATOGA AVENUE", "Cross Street 1": "PROSPECT PLACE", "Cross Street 2": "PARK PLACE", "Intersection Street 1": "PROSPECT PLACE", "Intersection Street 2": "PARK PLACE", "Address Type": "ADDRESS", "City": "BROOKLYN", "Landmark": "SARATOGA AVENUE", "Facility Type": "N/A", "Status": "Closed", "Due Date": null, "Resolution Description": "The Department of Health and Mental Hygiene found violations on the property you reported. Follow-up inspections will be scheduled.", "Resolution Action Updated Date": "09/03/2025 10:15:07 AM", "Community Board": "16 BROOKLYN", "BBL": 3014630041, "Borough": "BROOKLYN", "X Coordinate (State Plane)": 1007302, "Y Coordinate (State Plane)": 184173, "Open Data Channel Type": "MOBILE", "Park Facility Name": "Unspecified", "Park Borough": "BROOKLYN", "Vehicle Type": null, "Taxi Company Borough": null, "Taxi Pick Up Location": null, "Bridge Highway Name": null, "Bridge Highway Direction": null, "Road Ramp": null, "Bridge Highway Segment": null, "Latitude": 40.672159075708095, "Longitude": -73.916898759383983, "Location": "(40.672159075708095, -73.91689875938398)", "Zip Codes": 13516, "Community Districts": 55, "Borough Boundaries": 2, "City Council Districts": 17, "Police Precincts": 46, "Police Precinct": 46 }, "geometry": { "type": "Point", "coordinates": [ -73.916898759383983, 40.672159075708095 ] } },
{ "type": "Feature", "properties": { "Unique Key": 66029525, "Created Date": "09/02/2025 12:59:15 PM", "Closed Date": "09/04/2025 01:29:58 PM", "Agency": "DOHMH", "Agency Name": "Department of Health and Mental Hygiene", "Complaint Type": "Rodent", "Descriptor": "Mouse Sighting", "Location Type": "3+ Family Apt. Building", "Incident Zip": 11221, "Incident Address": "808 QUINCY STREET", "Street Name": "QUINCY STREET", "Cross Street 1": "PATCHEN AVENUE", "Cross Street 2": "RALPH AVENUE", "Intersection Street 1": "PATCHEN AVENUE", "Intersection Street 2": "RALPH AVENUE", "Address Type": "ADDRESS", "City": "BROOKLYN", "Landmark": "QUINCY STREET", "Facility Type": "N/A", "Status": "Closed", "Due Date": null, "Resolution Description": "This service request was closed because the Department of Health and Mental Hygiene received an earlier complaint about the same location.  You can find inspection results for this address by going to the online Rat Portal at www.nyc.gov/rats.", "Resolution Action Updated Date": "09/02/2025 12:59:15 PM", "Community Board": "03 BROOKLYN", "BBL": 3016330002, "Borough": "BROOKLYN", "X Coordinate (State Plane)": 1004495, "Y Coordinate (State Plane)": 190550, "Open Data Channel Type": "PHONE", "Park Facility Name": "Unspecified", "Park Borough": "BROOKLYN", "Vehicle Type": null, "Taxi Company Borough": null, "Taxi Pick Up Location": null, "Bridge Highway Name": null, "Bridge Highway Direction": null, "Road Ramp": null, "Bridge Highway Segment": null, "Latitude": 40.689669350454189, "Longitude": -73.926998682656333, "Location": "(40.68966935045419, -73.92699868265633)", "Zip Codes": 18181, "Community Districts": 69, "Borough Boundaries": 2, "City Council Districts": 17, "Police Precincts": 52, "Police Precinct": 52 }, "geometry": { "type": "Point", "coordinates": [ -73.926998682656333, 40.689669350454189 ] } },
{ "type": "Feature", "properties": { "Unique Key": 66088970, "Created Date": "09/08/2025 08:35:10 PM", "Closed Date": "09/08/2025 08:35:10 PM", "Agency": "DOHMH", "Agency Name": "Department of Health and Mental Hygiene", "Complaint Type": "Rodent", "Descriptor": "Mouse Sighting", "Location Type": "3+ Family Apt. Building", "Incident Zip": 10001, "Incident Address": "127 WEST   25 STREET", "Street Name": "WEST   25 STREET", "Cross Street 1": "AVENUE OF THE AMERICAS", "Cross Street 2": "7 AVENUE", "Intersection Street 1": "AVENUE OF THE AMERICAS", "Intersection Street 2": "7 AVENUE", "Address Type": "ADDRESS", "City": "NEW YORK", "Landmark": "WEST   25 STREET", "Facility Type": "N/A", "Status": "Closed", "Due Date": null, "Resolution Description": "The Department of Health and Mental Hygiene found violations on the property you reported. Follow-up inspections will be scheduled.", "Resolution Action Updated Date": "09/18/2025 11:05:00 AM", "Community Board": "04 MANHATTAN", "BBL": 1008017503, "Borough": "MANHATTAN", "X Coordinate (State Plane)": 986240, "Y Coordinate (State Plane)": 210553, "Open Data Channel Type": "MOBILE", "Park Facility Name": "Unspecified", "Park Borough": "MANHATTAN", "Vehicle Type": null, "Taxi Company Borough": null, "Taxi Pick Up Location": null, "Bridge Highway Name": null, "Bridge Highway Direction": null, "Road Ramp": null, "Bridge Highway Segment": null, "Latitude": 40.744595716545781, "Longitude": -73.992818356492705, "Location": "(40.74459571654578, -73.9928183564927)", "Zip Codes": 11722, "Community Districts": 12, "Borough Boundaries": 4, "City Council Districts": 10, "Police Precincts": 7, "Police Precinct": 7 }, "geometry": { "type": "Point", "coordinates": [ -73.992818356492705, 40.744595716545781 ] } },
{ "type": "Feature", "properties": { "Unique Key": 66094681, "Created Date": "09/08/2025 06:18:08 PM", "Closed Date": "09/08/2025 06:18:08 PM", "Agency": "DOHMH", "Agency Name": "Department of Health and Mental Hygiene", "Complaint Type": "Rodent", "Descriptor": "Mouse Sighting", "Location Type": "1-2 Family Dwelling", "Incident Zip": 10467, "Incident Address": "3017 BARKER AVENUE", "Street Name": "BARKER AVENUE", "Cross Street 1": "ADEE AVENUE", "Cross Street 2": "LESTER STREET", "Intersection Street 1": "ADEE AVENUE", "Intersection Street 2": "LESTER STREET", "Address Type": "ADDRESS", "City": "BRONX", "Landmark": "BARKER AVENUE", "Facility Type": "N/A", "Status": "Closed", "Due Date": null, "Resolution Description": "The Department of Health and Mental Hygiene found violations on the property you reported. Follow-up inspections will be scheduled.", "Resolution Action Updated Date": "09/16/2025 12:24:54 PM", "Community Board": "12 BRONX", "BBL": 2045430042, "Borough": "BRONX", "X Coordinate (State Plane)": 1020396, "Y Coordinate (State Plane)": 256283, "Open Data Channel Type": "PHONE", "Park Facility Name": "Unspecified", "Park Borough": "BRONX", "Vehicle Type": null, "Taxi Company Borough": null, "Taxi Pick Up Location": null, "Bridge Highway Name": null, "Bridge Highway Direction": null, "Road Ramp": null, "Bridge Highway Segment": null, "Latitude": 40.870038122271055, "Longitude": -73.869307798519714, "Location": "(40.870038122271055, -73.86930779851971)", "Zip Codes": 11605, "Community Districts": 29, "Borough Boundaries": 5, "City Council Districts": 22, "Police Precincts": 30, "Police Precinct": 30 }, "geometry": { "type": "Point", "coordinates": [ -73.869307798519714, 40.870038122271055 ] } },
{ "type": "Feature", "properties": { "Unique Key": 66108845, "Created Date": "09/10/2025 08:03:58 PM", "Closed Date": "09/10/2025 08:03:58 PM", "Agency": "DOHMH", "Agency Name": "Department of Health and Mental Hygiene", "Complaint Type": "Rodent", "Descriptor": "Mouse Sighting", "Location Type": "3+ Family Apt. Building", "Incident Zip": 10459, "Incident Address": "1410 PROSPECT AVENUE", "Street Name": "PROSPECT AVENUE", "Cross Street 1": "JENNINGS STREET", "Cross Street 2": "EAST 170 STREET", "Intersection Street 1": "JENNINGS STREET", "Intersection Street 2": "EAST  170 STREET", "Address Type": "ADDRESS", "City": "BRONX", "Landmark": "PROSPECT AVENUE", "Facility Type": "N/A", "Status": "Closed", "Due Date": null, "Resolution Description": "The Department of Health and Mental Hygiene found violations on the property you reported. Follow-up inspections will be scheduled.", "Resolution Action Updated Date": "09/19/2025 01:33:30 PM", "Community Board": "03 BRONX", "BBL": 2029630005, "Borough": "BRONX", "X Coordinate (State Plane)": 1012868, "Y Coordinate (State Plane)": 242576, "Open Data Channel Type": "ONLINE", "Park Facility Name": "Unspecified", "Park Borough": "BRONX", "Vehicle Type": null, "Taxi Company Borough": null, "Taxi Pick Up Location": null, "Bridge Highway Name": null, "Bridge Highway Direction": null, "Road Ramp": null, "Bridge Highway Segment": null, "Latitude": 40.832444114938312, "Longitude": -73.896585083218696, "Location": "(40.83244411493831, -73.8965850832187)", "Zip Codes": 10937, "Community Districts": 34, "Borough Boundaries": 5, "City Council Districts": 42, "Police Precincts": 25, "Police Precinct": 25 }, "geometry": { "type": "Point", "coordinates": [ -73.896585083218696, 40.832444114938312 ] } },
{ "type": "Feature", "properties": { "Unique Key": 66145318, "Created Date": "09/14/2025 12:09:33 AM", "Closed Date": null, "Agency": "DOHMH", "Agency Name": "Department of Health and Mental Hygiene", "Complaint Type": "Rodent", "Descriptor": "Mouse Sighting", "Location Type": "3+ Family Apt. Building", "Incident Zip": 10031, "Incident Address": "561 WEST  149 STREET", "Street Name": "WEST  149 STREET", "Cross Street 1": "AMSTERDAM AVENUE", "Cross Street 2": "BROADWAY", "Intersection Street 1": "AMSTERDAM AVENUE", "Intersection Street 2": "BROADWAY", "Address Type": "ADDRESS", "City": "NEW YORK", "Landmark": "WEST  149 STREET", "Facility Type": null, "Status": "In Progress", "Due Date": null, "Resolution Description": null, "Resolution Action Updated Date": null, "Community Board": "09 MANHATTAN", "BBL": 1020810006, "Borough": "MANHATTAN", "X Coordinate (State Plane)": 998826, "Y Coordinate (State Plane)": 241109, "Open Data Channel Type": "MOBILE", "Park Facility Name": "Unspecified", "Park Borough": "MANHATTAN", "Vehicle Type": null, "Taxi Company Borough": null, "Taxi Pick Up Location": null, "Bridge Highway Name": null, "Bridge Highway Direction": null, "Road Ramp": null, "Bridge Highway Segment": null, "Latitude": 40.828451959095986, "Longitude": -73.947330871202453, "Location": "(40.828451959095986, -73.94733087120245)", "Zip Codes": 12428, "Community Districts": 37, "Borough Boundaries": 4, "City Council Districts": 23, "Police Precincts": 19, "Police Precinct": 19 }, "geometry": { "type": "Point", "coordinates": [ -73.947330871202453, 40.828451959095986 ] } },
{ "type": "Feature", "properties": { "Unique Key": 66045912, "Created Date": "09/04/2025 08:46:33 PM", "Closed Date": "09/05/2025 01:34:24 PM", "Agency": "DOHMH", "Agency Name": "Department of Health and Mental Hygiene", "Complaint Type": "Rodent", "Descriptor": "Mouse Sighting", "Location Type": "3+ Family Apt. Building", "Incident Zip": 11220, "Incident Address": "5608 6 AVENUE", "Street Name": "6 AVENUE", "Cross Street 1": "56 STREET", "Cross Street 2": "57 STREET", "Intersection Street 1": "56 STREET", "Intersection Street 2": "57 STREET", "Address Type": "ADDRESS", "City": "BROOKLYN", "Landmark": "6 AVENUE", "Facility Type": "N/A", "Status": "Closed", "Due Date": null, "Resolution Description": "This service request was closed because the Department of Health and Mental Hygiene received an earlier complaint about the same location.  You can find inspection results for this address by going to the online Rat Portal at www.nyc.gov/rats.", "Resolution Action Updated Date": "09/04/2025 08:46:33 PM", "Community Board": "07 BROOKLYN", "BBL": 3008400040, "Borough": "BROOKLYN", "X Coordinate (State Plane)": 980992, "Y Coordinate (State Plane)": 172557, "Open Data Channel Type": "MOBILE", "Park Facility Name": "Unspecified", "Park Borough": "BROOKLYN", "Vehicle Type": null, "Taxi Company Borough": null, "Taxi Pick Up Location": null, "Bridge Highway Name": null, "Bridge Highway Direction": null, "Road Ramp": null, "Bridge Highway Segment": null, "Latitude": 40.640305114067807, "Longitude": -74.01173930924179, "Location": "(40.64030511406781, -74.01173930924179)", "Zip Codes": 18180, "Community Districts": 9, "Borough Boundaries": 2, "City Council Districts": 7, "Police Precincts": 45, "Police Precinct": 45 }, "geometry": { "type": "Point", "coordinates": [ -74.01173930924179, 40.640305114067807 ] } },
{ "type": "Feature", "properties": { "Unique Key": 66101825, "Created Date": "09/09/2025 09:02:03 PM", "Closed Date": "09/09/2025 09:02:03 PM", "Agency": "DOHMH", "Agency Name": "Department of Health and Mental Hygiene", "Complaint Type": "Rodent", "Descriptor": "Mouse Sighting", "Location Type": "1-2 Family Mixed Use Building", "Incident Zip": 10461, "Incident Address": "3307 BRUCKNER BOULEVARD", "Street Name": "BRUCKNER BOULEVARD", "Cross Street 1": "CODDINGTON AVENUE", "Cross Street 2": "COUNTRY CLUB ROAD", "Intersection Street 1": "CODDINGTON AVENUE", "Intersection Street 2": "COUNTRY CLUB ROAD", "Address Type": "ADDRESS", "City": "BRONX", "Landmark": "BRUCKNER BOULEVARD", "Facility Type": "N/A", "Status": "Closed", "Due Date": null, "Resolution Description": "The Department of Health and Mental Hygiene found violations on the property you reported. Follow-up inspections will be scheduled.", "Resolution Action Updated Date": "09/17/2025 11:20:33 AM", "Community Board": "10 BRONX", "BBL": 2054030034, "Borough": "BRONX", "X Coordinate (State Plane)": 1032358, "Y Coordinate (State Plane)": 245999, "Open Data Channel Type": "ONLINE", "Park Facility Name": "Unspecified", "Park Borough": "BRONX", "Vehicle Type": null, "Taxi Company Borough": null, "Taxi Pick Up Location": null, "Bridge Highway Name": null, "Bridge Highway Direction": null, "Road Ramp": null, "Bridge Highway Segment": null, "Latitude": 40.841754580303395, "Longitude": -73.826130993886537, "Location": "(40.841754580303395, -73.82613099388654)", "Zip Codes": 11270, "Community Districts": 43, "Borough Boundaries": 5, "City Council Districts": 12, "Police Precincts": 28, "Police Precinct": 28 }, "geometry": { "type": "Point", "coordinates": [ -73.826130993886537, 40.841754580303395 ] } },
{ "type": "Feature", "properties": { "Unique Key": 66103333, "Created Date": "09/09/2025 04:03:40 PM", "Closed Date": "09/09/2025 04:03:40 PM", "Agency": "DOHMH", "Agency Name": "Department of Health and Mental Hygiene", "Complaint Type": "Rodent", "Descriptor": "Mouse Sighting", "Location Type": "1-2 Family Dwelling", "Incident Zip": 10306, "Incident Address": "240 PRESCOTT AVENUE", "Street Name": "PRESCOTT AVENUE", "Cross Street 1": "CLAWSON STREET", "Cross Street 2": "HYLAN BOULEVARD", "Intersection Street 1": "CLAWSON STREET", "Intersection Street 2": "HYLAN BOULEVARD", "Address Type": "ADDRESS", "City": "STATEN ISLAND", "Landmark": "PRESCOTT AVENUE", "Facility Type": "N/A", "Status": "Closed", "Due Date": null, "Resolution Description": "The Department of Health and Mental Hygiene inspected the property you reported and did not find any violations at the time of the inspection. The property passed inspection.", "Resolution Action Updated Date": "09/18/2025 01:25:09 PM", "Community Board": "02 STATEN ISLAND", "BBL": 5036160039, "Borough": "STATEN ISLAND", "X Coordinate (State Plane)": 954532, "Y Coordinate (State Plane)": 149091, "Open Data Channel Type": "MOBILE", "Park Facility Name": "Unspecified", "Park Borough": "STATEN ISLAND", "Vehicle Type": null, "Taxi Company Borough": null, "Taxi Pick Up Location": null, "Bridge Highway Name": null, "Bridge Highway Direction": null, "Road Ramp": null, "Bridge Highway Segment": null, "Latitude": 40.575846544806708, "Longitude": -74.106977347981342, "Location": "(40.57584654480671, -74.10697734798134)", "Zip Codes": 10693, "Community Districts": 30, "Borough Boundaries": 1, "City Council Districts": 14, "Police Precincts": 76, "Police Precinct": 76 }, "geometry": { "type": "Point", "coordinates": [ -74.106977347981342, 40.575846544806708 ] } },
{ "type": "Feature", "properties": { "Unique Key": 66106209, "Created Date": "09/09/2025 10:35:59 AM", "Closed Date": "09/09/2025 10:35:59 AM", "Agency": "DOHMH", "Agency Name": "Department of Health and Mental Hygiene", "Complaint Type": "Rodent", "Descriptor": "Mouse Sighting", "Location Type": "3+ Family Apt. Building", "Incident Zip": 11214, "Incident Address": "2069 85 STREET", "Street Name": "85 STREET", "Cross Street 1": "20 AVENUE", "Cross Street 2": "21 AVENUE", "Intersection Street 1": "20 AVENUE", "Intersection Street 2": "21 AVENUE", "Address Type": "ADDRESS", "City": "BROOKLYN", "Landmark": "85 STREET", "Facility Type": "N/A", "Status": "Closed", "Due Date": null, "Resolution Description": "The Department of Health and Mental Hygiene found violations on the property you reported. Follow-up inspections will be scheduled.", "Resolution Action Updated Date": "09/20/2025 01:17:36 PM", "Community Board": "11 BROOKLYN", "BBL": 3063340045, "Borough": "BROOKLYN", "X Coordinate (State Plane)": 985298, "Y Coordinate (State Plane)": 159465, "Open Data Channel Type": "ONLINE", "Park Facility Name": "Unspecified", "Park Borough": "BROOKLYN", "Vehicle Type": null, "Taxi Company Borough": null, "Taxi Pick Up Location": null, "Bridge Highway Name": null, "Bridge Highway Direction": null, "Road Ramp": null, "Bridge Highway Segment": null, "Latitude": 40.604370845995369, "Longitude": -73.996225851953483, "Location": "(40.60437084599537, -73.99622585195348)", "Zip Codes": 17616, "Community Districts": 1, "Borough Boundaries": 2, "City Council Districts": 45, "Police Precincts": 37, "Police Precinct": 37 }, "geometry": { "type": "Point", "coordinates": [ -73.996225851953483, 40.604370845995369 ] } },
{ "type": "Feature", "properties": { "Unique Key": 66124865, "Created Date": "09/11/2025 08:58:34 PM", "Closed Date": null, "Agency": "DOHMH", "Agency Name": "Department of Health and Mental Hygiene", "Complaint Type": "Rodent", "Descriptor": "Mouse Sighting", "Location Type": "1-2 Family Dwelling", "Incident Zip": 11358, "Incident Address": "161-08 43 AVENUE", "Street Name": "43 AVENUE", "Cross Street 1": "161 STREET", "Cross Street 2": "162 STREET", "Intersection Street 1": "161 STREET", "Intersection Street 2": "162 STREET", "Address Type": "ADDRESS", "City": "FLUSHING", "Landmark": "43 AVENUE", "Facility Type": null, "Status": "In Progress", "Due Date": null, "Resolution Description": null, "Resolution Action Updated Date": null, "Community Board": "07 QUEENS", "BBL": 4054190033, "Borough": "QUEENS", "X Coordinate (State Plane)": 1038287, "Y Coordinate (State Plane)": 215787, "Open Data Channel Type": "MOBILE", "Park Facility Name": "Unspecified", "Park Borough": "QUEENS", "Vehicle Type": null, "Taxi Company Borough": null, "Taxi Pick Up Location": null, "Bridge Highway Name": null, "Bridge Highway Direction": null, "Road Ramp": null, "Bridge Highway Segment": null, "Latitude": 40.758796815384066, "Longitude": -73.804945965306132, "Location": "(40.758796815384066, -73.80494596530613)", "Zip Codes": 14193, "Community Districts": 22, "Borough Boundaries": 3, "City Council Districts": 3, "Police Precincts": 67, "Police Precinct": 67 }, "geometry": { "type": "Point", "coordinates": [ -73.804945965306132, 40.758796815384066 ] } },
{ "type": "Feature", "properties": { "Unique Key": 66110127, "Created Date": "09/10/2025 11:34:46 AM", "Closed Date": "09/10/2025 11:34:46 AM", "Agency": "DOHMH", "Agency Name": "Department of Health and Mental Hygiene", "Complaint Type": "Rodent", "Descriptor": "Mouse Sighting", "Location Type": "Other (Explain Below)", "Incident Zip": 11216, "Incident Address": "668 LAFAYETTE AVENUE", "Street Name": "LAFAYETTE AVENUE", "Cross Street 1": "MARCY AVENUE", "Cross Street 2": "TOMPKINS AVENUE", "Intersection Street 1": "MARCY AVENUE", "Intersection Street 2": "TOMPKINS AVENUE", "Address Type": "ADDRESS", "City": "BROOKLYN", "Landmark": "LAFAYETTE AVENUE", "Facility Type": "N/A", "Status": "Closed", "Due Date": null, "Resolution Description": "The Department of Health and Mental Hygiene tried to inspect the property you reported but could not access the site. If you have information that will help the inspector access the site, please go online to nyc.gov/311 or call 311 and refile your complaint with contact information.", "Resolution Action Updated Date": "09/17/2025 11:36:00 AM", "Community Board": "03 BROOKLYN", "BBL": 3017850069, "Borough": "BROOKLYN", "X Coordinate (State Plane)": 999287, "Y Coordinate (State Plane)": 190858, "Open Data Channel Type": "PHONE", "Park Facility Name": "Unspecified", "Park Borough": "BROOKLYN", "Vehicle Type": null, "Taxi Company Borough": null, "Taxi Pick Up Location": null, "Bridge Highway Name": null, "Bridge Highway Direction": null, "Road Ramp": null, "Bridge Highway Segment": null, "Latitude": 40.69052511998683, "Longitude": -73.945777483792028, "Location": "(40.69052511998683, -73.94577748379203)", "Zip Codes": 18181, "Community Districts": 69, "Borough Boundaries": 2, "City Council Districts": 49, "Police Precincts": 51, "Police Precinct": 51 }, "geometry": { "type": "Point", "coordinates": [ -73.945777483792028, 40.69052511998683 ] } },
{ "type": "Feature", "properties": { "Unique Key": 66112693, "Created Date": "09/10/2025 06:43:30 PM", "Closed Date": null, "Agency": "DOHMH", "Agency Name": "Department of Health and Mental Hygiene", "Complaint Type": "Rodent", "Descriptor": "Mouse Sighting", "Location Type": "3+ Family Apt. Building", "Incident Zip": 10453, "Incident Address": "2234 DAVIDSON AVENUE", "Street Name": "DAVIDSON AVENUE", "Cross Street 1": "WEST  182 STREET", "Cross Street 2": "BUCHANAN PLACE", "Intersection Street 1": "WEST  182 STREET", "Intersection Street 2": "BUCHANAN PLACE", "Address Type": "ADDRESS", "City": "BRONX", "Landmark": "DAVIDSON AVENUE", "Facility Type": null, "Status": "In Progress", "Due Date": null, "Resolution Description": null, "Resolution Action Updated Date": null, "Community Board": "05 BRONX", "BBL": 2031960029, "Borough": "BRONX", "X Coordinate (State Plane)": 1010431, "Y Coordinate (State Plane)": 251838, "Open Data Channel Type": "MOBILE", "Park Facility Name": "Unspecified", "Park Borough": "BRONX", "Vehicle Type": null, "Taxi Company Borough": null, "Taxi Pick Up Location": null, "Bridge Highway Name": null, "Bridge Highway Direction": null, "Road Ramp": null, "Bridge Highway Segment": null, "Latitude": 40.857873131264157, "Longitude": -73.905355334756621, "Location": "(40.85787313126416, -73.90535533475662)", "Zip Codes": 10931, "Community Districts": 6, "Borough Boundaries": 5, "City Council Districts": 29, "Police Precincts": 29, "Police Precinct": 29 }, "geometry": { "type": "Point", "coordinates": [ -73.905355334756621, 40.857873131264157 ] } },
{ "type": "Feature", "properties": { "Unique Key": 66116637, "Created Date": "09/10/2025 10:07:37 AM", "Closed Date": "09/10/2025 10:07:37 AM", "Agency": "DOHMH", "Agency Name": "Department of Health and Mental Hygiene", "Complaint Type": "Rodent", "Descriptor": "Mouse Sighting", "Location Type": "3+ Family Apt. Building", "Incident Zip": 10453, "Incident Address": "2017 MORRIS AVENUE", "Street Name": "MORRIS AVENUE", "Cross Street 1": "EAST 179 STREET", "Cross Street 2": "EAST BURNSIDE AVENUE", "Intersection Street 1": "EAST  179 STREET", "Intersection Street 2": "EAST BURNSIDE AVENUE", "Address Type": "ADDRESS", "City": "BRONX", "Landmark": "MORRIS AVENUE", "Facility Type": "N/A", "Status": "Closed", "Due Date": null, "Resolution Description": "The Department of Health and Mental Hygiene inspected the property you reported and did not find any violations at the time of the inspection. The property passed inspection.", "Resolution Action Updated Date": "09/14/2025 11:00:22 AM", "Community Board": "05 BRONX", "BBL": 2028290062, "Borough": "BRONX", "X Coordinate (State Plane)": 1010137, "Y Coordinate (State Plane)": 249792, "Open Data Channel Type": "MOBILE", "Park Facility Name": "Unspecified", "Park Borough": "BRONX", "Vehicle Type": null, "Taxi Company Borough": null, "Taxi Pick Up Location": null, "Bridge Highway Name": null, "Bridge Highway Direction": null, "Road Ramp": null, "Bridge Highway Segment": null, "Latitude": 40.852258341766877, "Longitude": -73.90642604883837, "Location": "(40.85225834176688, -73.90642604883837)", "Zip Codes": 10931, "Community Districts": 6, "Borough Boundaries": 5, "City Council Districts": 29, "Police Precincts": 29, "Police Precinct": 29 }, "geometry": { "type": "Point", "coordinates": [ -73.90642604883837, 40.852258341766877 ] } },
{ "type": "Feature", "properties": { "Unique Key": 66142746, "Created Date": "09/13/2025 08:27:37 PM", "Closed Date": null, "Agency": "DOHMH", "Agency Name": "Department of Health and Mental Hygiene", "Complaint Type": "Rodent", "Descriptor": "Mouse Sighting", "Location Type": "Other (Explain Below)", "Incident Zip": 11231, "Incident Address": "HUGH L CAREY TUNNEL", "Street Name": "HUGH L CAREY TUNNEL", "Cross Street 1": "HUGH L CAREY TUNNEL", "Cross Street 2": "IMLAY STREET", "Intersection Street 1": "HUGH L CAREY TUNNEL", "Intersection Street 2": "IMLAY STREET", "Address Type": "PLACE", "City": "BROOKLYN", "Landmark": "HUGH L CAREY TUNNEL", "Facility Type": null, "Status": "In Progress", "Due Date": null, "Resolution Description": null, "Resolution Action Updated Date": null, "Community Board": "06 BROOKLYN", "BBL": 3240019996, "Borough": "BROOKLYN", "X Coordinate (State Plane)": 982094, "Y Coordinate (State Plane)": 188953, "Open Data Channel Type": "ONLINE", "Park Facility Name": "Unspecified", "Park Borough": "BROOKLYN", "Vehicle Type": null, "Taxi Company Borough": null, "Taxi Pick Up Location": null, "Bridge Highway Name": null, "Bridge Highway Direction": null, "Road Ramp": null, "Bridge Highway Segment": null, "Latitude": 40.685308843549151, "Longitude": -74.00777379748439, "Location": "(40.68530884354915, -74.00777379748439)", "Zip Codes": 13514, "Community Districts": 14, "Borough Boundaries": 2, "City Council Districts": 27, "Police Precincts": 48, "Police Precinct": 48 }, "geometry": { "type": "Point", "coordinates": [ -74.00777379748439, 40.685308843549151 ] } },
{ "type": "Feature", "properties": { "Unique Key": 66142745, "Created Date": "09/14/2025 12:02:02 AM", "Closed Date": null, "Agency": "DOHMH", "Agency Name": "Department of Health and Mental Hygiene", "Complaint Type": "Rodent", "Descriptor": "Mouse Sighting", "Location Type": "3+ Family Apt. Building", "Incident Zip": 10031, "Incident Address": "562 WEST  149 STREET", "Street Name": "WEST  149 STREET", "Cross Street 1": "AMSTERDAM AVENUE", "Cross Street 2": "BROADWAY", "Intersection Street 1": "AMSTERDAM AVENUE", "Intersection Street 2": "BROADWAY", "Address Type": "ADDRESS", "City": "NEW YORK", "Landmark": "WEST  149 STREET", "Facility Type": null, "Status": "In Progress", "Due Date": null, "Resolution Description": null, "Resolution Action Updated Date": null, "Community Board": "09 MANHATTAN", "BBL": 1020800056, "Borough": "MANHATTAN", "X Coordinate (State Plane)": 998813, "Y Coordinate (State Plane)": 241110, "Open Data Channel Type": "MOBILE", "Park Facility Name": "Unspecified", "Park Borough": "MANHATTAN", "Vehicle Type": null, "Taxi Company Borough": null, "Taxi Pick Up Location": null, "Bridge Highway Name": null, "Bridge Highway Direction": null, "Road Ramp": null, "Bridge Highway Segment": null, "Latitude": 40.828454725254055, "Longitude": -73.947377843408091, "Location": "(40.828454725254055, -73.94737784340809)", "Zip Codes": 12428, "Community Districts": 37, "Borough Boundaries": 4, "City Council Districts": 23, "Police Precincts": 19, "Police Precinct": 19 }, "geometry": { "type": "Point", "coordinates": [ -73.947377843408091, 40.828454725254055 ] } },
{ "type": "Feature", "properties": { "Unique Key": 66142747, "Created Date": "09/13/2025 08:17:16 AM", "Closed Date": "09/13/2025 08:17:16 AM", "Agency": "DOHMH", "Agency Name": "Department of Health and Mental Hygiene", "Complaint Type": "Rodent", "Descriptor": "Mouse Sighting", "Location Type": "3+ Family Mixed Use Building", "Incident Zip": 11216, "Incident Address": "778 PARK PLACE", "Street Name": "PARK PLACE", "Cross Street 1": "ROGERS AVENUE", "Cross Street 2": "NOSTRAND AVENUE", "Intersection Street 1": "ROGERS AVENUE", "Intersection Street 2": "NOSTRAND AVENUE", "Address Type": "ADDRESS", "City": "BROOKLYN", "Landmark": "PARK PLACE", "Facility Type": "N/A", "Status": "Closed", "Due Date": null, "Resolution Description": "The Department of Health and Mental Hygiene found violations on the property you reported. Follow-up inspections will be scheduled.", "Resolution Action Updated Date": "09/24/2025 02:04:51 PM", "Community Board": "08 BROOKLYN", "BBL": 3012400017, "Borough": "BROOKLYN", "X Coordinate (State Plane)": 997608, "Y Coordinate (State Plane)": 184656, "Open Data Channel Type": "ONLINE", "Park Facility Name": "Unspecified", "Park Borough": "BROOKLYN", "Vehicle Type": null, "Taxi Company Borough": null, "Taxi Pick Up Location": null, "Bridge Highway Name": null, "Bridge Highway Direction": null, "Road Ramp": null, "Bridge Highway Segment": null, "Latitude": 40.673504736787137, "Longitude": -73.951844149799612, "Location": "(40.67350473678714, -73.95184414979961)", "Zip Codes": 17618, "Community Districts": 16, "Borough Boundaries": 2, "City Council Districts": 49, "Police Precincts": 49, "Police Precinct": 49 }, "geometry": { "type": "Point", "coordinates": [ -73.951844149799612, 40.673504736787137 ] } },
{ "type": "Feature", "properties": { "Unique Key": 66118007, "Created Date": "09/11/2025 07:02:26 PM", "Closed Date": "09/11/2025 07:02:26 PM", "Agency": "DOHMH", "Agency Name": "Department of Health and Mental Hygiene", "Complaint Type": "Rodent", "Descriptor": "Mouse Sighting", "Location Type": "3+ Family Apt. Building", "Incident Zip": 11211, "Incident Address": "278 SOUTH SECOND STREET", "Street Name": "SOUTH SECOND STREET", "Cross Street 1": "HAVEMEYER STREET", "Cross Street 2": "MARCY AVENUE", "Intersection Street 1": "HAVEMEYER STREET", "Intersection Street 2": "MARCY AVENUE", "Address Type": "ADDRESS", "City": "BROOKLYN", "Landmark": "SOUTH    2 STREET", "Facility Type": "N/A", "Status": "Closed", "Due Date": null, "Resolution Description": "The Department of Health and Mental Hygiene inspected the property you reported and did not find any violations at the time of the inspection. The property passed inspection.", "Resolution Action Updated Date": "09/22/2025 12:33:00 PM", "Community Board": "01 BROOKLYN", "BBL": 3024210014, "Borough": "BROOKLYN", "X Coordinate (State Plane)": 996233, "Y Coordinate (State Plane)": 198432, "Open Data Channel Type": "MOBILE", "Park Facility Name": "Unspecified", "Park Borough": "BROOKLYN", "Vehicle Type": null, "Taxi Company Borough": null, "Taxi Pick Up Location": null, "Bridge Highway Name": null, "Bridge Highway Direction": null, "Road Ramp": null, "Bridge Highway Segment": null, "Latitude": 40.711318636898199, "Longitude": -73.956776545444754, "Location": "(40.7113186368982, -73.95677654544475)", "Zip Codes": 17613, "Community Districts": 36, "Borough Boundaries": 2, "City Council Districts": 30, "Police Precincts": 56, "Police Precinct": 56 }, "geometry": { "type": "Point", "coordinates": [ -73.956776545444754, 40.711318636898199 ] } },
{ "type": "Feature", "properties": { "Unique Key": 66124866, "Created Date": "09/11/2025 11:43:03 AM", "Closed Date": "09/11/2025 11:43:03 AM", "Agency": "DOHMH", "Agency Name": "Department of Health and Mental Hygiene", "Complaint Type": "Rodent", "Descriptor": "Mouse Sighting", "Location Type": "3+ Family Apt. Building", "Incident Zip": 11375, "Incident Address": "68-12 YELLOWSTONE BOULEVARD", "Street Name": "YELLOWSTONE BOULEVARD", "Cross Street 1": "68 AVENUE", "Cross Street 2": "68 ROAD", "Intersection Street 1": "68 AVENUE", "Intersection Street 2": "68 ROAD", "Address Type": "ADDRESS", "City": "FOREST HILLS", "Landmark": "YELLOWSTONE BOULEVARD", "Facility Type": "N/A", "Status": "Closed", "Due Date": null, "Resolution Description": "The Department of Health and Mental Hygiene tried to inspect the property you reported but could not access the site. If you have information that will help the inspector access the site, please go online to nyc.gov/311 or call 311 and refile your complaint with contact information.", "Resolution Action Updated Date": "09/22/2025 11:31:52 AM", "Community Board": "06 QUEENS", "BBL": 4021370027, "Borough": "QUEENS", "X Coordinate (State Plane)": 1026289, "Y Coordinate (State Plane)": 203836, "Open Data Channel Type": "MOBILE", "Park Facility Name": "Unspecified", "Park Borough": "QUEENS", "Vehicle Type": null, "Taxi Company Borough": null, "Taxi Pick Up Location": null, "Bridge Highway Name": null, "Bridge Highway Direction": null, "Road Ramp": null, "Bridge Highway Segment": null, "Latitude": 40.726059538480236, "Longitude": -73.848329001827921, "Location": "(40.726059538480236, -73.84832900182792)", "Zip Codes": 14786, "Community Districts": 40, "Borough Boundaries": 3, "City Council Districts": 28, "Police Precincts": 70, "Police Precinct": 70 }, "geometry": { "type": "Point", "coordinates": [ -73.848329001827921, 40.726059538480236 ] } },
{ "type": "Feature", "properties": { "Unique Key": 66077164, "Created Date": "09/07/2025 10:32:58 PM", "Closed Date": "09/08/2025 10:13:55 AM", "Agency": "DOHMH", "Agency Name": "Department of Health and Mental Hygiene", "Complaint Type": "Rodent", "Descriptor": "Mouse Sighting", "Location Type": "3+ Family Apt. Building", "Incident Zip": 10021, "Incident Address": "490 EAST   74 STREET", "Street Name": "EAST   74 STREET", "Cross Street 1": "1 AVENUE", "Cross Street 2": "YORK AVENUE", "Intersection Street 1": "1 AVENUE", "Intersection Street 2": "YORK AVENUE", "Address Type": "ADDRESS", "City": "NEW YORK", "Landmark": "EAST   74 STREET", "Facility Type": "N/A", "Status": "Closed", "Due Date": null, "Resolution Description": "This service request was closed because the Department of Health and Mental Hygiene received an earlier complaint about the same location.  You can find inspection results for this address by going to the online Rat Portal at www.nyc.gov/rats.", "Resolution Action Updated Date": "09/07/2025 10:32:58 PM", "Community Board": "08 MANHATTAN", "BBL": 1014680031, "Borough": "MANHATTAN", "X Coordinate (State Plane)": 997197, "Y Coordinate (State Plane)": 219214, "Open Data Channel Type": "ONLINE", "Park Facility Name": "Unspecified", "Park Borough": "MANHATTAN", "Vehicle Type": null, "Taxi Company Borough": null, "Taxi Pick Up Location": null, "Bridge Highway Name": null, "Bridge Highway Direction": null, "Road Ramp": null, "Bridge Highway Segment": null, "Latitude": 40.768358696873278, "Longitude": -73.953259337164852, "Location": "(40.76835869687328, -73.95325933716485)", "Zip Codes": 12083, "Community Districts": 23, "Borough Boundaries": 4, "City Council Districts": 1, "Police Precincts": 11, "Police Precinct": 11 }, "geometry": { "type": "Point", "coordinates": [ -73.953259337164852, 40.768358696873278 ] } },
{ "type": "Feature", "properties": { "Unique Key": 66088969, "Created Date": "09/08/2025 04:02:18 AM", "Closed Date": "09/08/2025 11:30:53 AM", "Agency": "DOHMH", "Agency Name": "Department of Health and Mental Hygiene", "Complaint Type": "Rodent", "Descriptor": "Mouse Sighting", "Location Type": "1-2 Family Dwelling", "Incident Zip": 11435, "Incident Address": "107-21 SUTPHIN BOULEVARD", "Street Name": "SUTPHIN BOULEVARD", "Cross Street 1": "150 STREET", "Cross Street 2": "SHORE AVENUE", "Intersection Street 1": "150 STREET", "Intersection Street 2": "SHORE AVENUE", "Address Type": "ADDRESS", "City": "JAMAICA", "Landmark": "SUTPHIN BOULEVARD", "Facility Type": "N/A", "Status": "Closed", "Due Date": null, "Resolution Description": "This service request was closed because the Department of Health and Mental Hygiene received an earlier complaint about the same location.  You can find inspection results for this address by going to the online Rat Portal at www.nyc.gov/rats.", "Resolution Action Updated Date": "09/08/2025 04:02:18 AM", "Community Board": "12 QUEENS", "BBL": 4101300001, "Borough": "QUEENS", "X Coordinate (State Plane)": 1039564, "Y Coordinate (State Plane)": 192106, "Open Data Channel Type": "MOBILE", "Park Facility Name": "Unspecified", "Park Borough": "QUEENS", "Vehicle Type": null, "Taxi Company Borough": null, "Taxi Pick Up Location": null, "Bridge Highway Name": null, "Bridge Highway Direction": null, "Road Ramp": null, "Bridge Highway Segment": null, "Latitude": 40.693790505230133, "Longitude": -73.800531119754211, "Location": "(40.69379050523013, -73.80053111975421)", "Zip Codes": 24670, "Community Districts": 41, "Borough Boundaries": 3, "City Council Districts": 46, "Police Precincts": 61, "Police Precinct": 61 }, "geometry": { "type": "Point", "coordinates": [ -73.800531119754211, 40.693790505230133 ] } },
{ "type": "Feature", "properties": { "Unique Key": 66134393, "Created Date": "09/12/2025 06:39:05 AM", "Closed Date": null, "Agency": "DOHMH", "Agency Name": "Department of Health and Mental Hygiene", "Complaint Type": "Rodent", "Descriptor": "Mouse Sighting", "Location Type": "1-2 Family Dwelling", "Incident Zip": 10303, "Incident Address": "383 SIMONSON AVENUE", "Street Name": "SIMONSON AVENUE", "Cross Street 1": "WENLOCK STREET", "Cross Street 2": "FOREST AVENUE", "Intersection Street 1": "WENLOCK STREET", "Intersection Street 2": "FOREST AVENUE", "Address Type": "ADDRESS", "City": "STATEN ISLAND", "Landmark": "SIMONSON AVENUE", "Facility Type": null, "Status": "In Progress", "Due Date": null, "Resolution Description": null, "Resolution Action Updated Date": null, "Community Board": "01 STATEN ISLAND", "BBL": 5011830043, "Borough": "STATEN ISLAND", "X Coordinate (State Plane)": 941792, "Y Coordinate (State Plane)": 167650, "Open Data Channel Type": "ONLINE", "Park Facility Name": "Unspecified", "Park Borough": "STATEN ISLAND", "Vehicle Type": null, "Taxi Company Borough": null, "Taxi Pick Up Location": null, "Bridge Highway Name": null, "Bridge Highway Direction": null, "Road Ramp": null, "Bridge Highway Segment": null, "Latitude": 40.626735294597722, "Longitude": -74.152954727962083, "Location": "(40.62673529459772, -74.15295472796208)", "Zip Codes": 10371, "Community Districts": 4, "Borough Boundaries": 1, "City Council Districts": 13, "Police Precincts": 75, "Police Precinct": 75 }, "geometry": { "type": "Point", "coordinates": [ -74.152954727962083, 40.626735294597722 ] } },
{ "type": "Feature", "properties": { "Unique Key": 66137199, "Created Date": "09/12/2025 08:54:38 PM", "Closed Date": "09/12/2025 08:54:38 PM", "Agency": "DOHMH", "Agency Name": "Department of Health and Mental Hygiene", "Complaint Type": "Rodent", "Descriptor": "Mouse Sighting", "Location Type": "3+ Family Apt. Building", "Incident Zip": 10461, "Incident Address": "1755 JARVIS AVENUE", "Street Name": "JARVIS AVENUE", "Cross Street 1": "ROBERTS AVENUE", "Cross Street 2": "BUHRE AVENUE", "Intersection Street 1": "ROBERTS AVENUE", "Intersection Street 2": "BUHRE AVENUE", "Address Type": "ADDRESS", "City": "BRONX", "Landmark": "JARVIS AVENUE", "Facility Type": "N/A", "Status": "Closed", "Due Date": null, "Resolution Description": "The Department of Health and Mental Hygiene tried to inspect the property you reported but could not access the site. If you have information that will help the inspector access the site, please go online to nyc.gov/311 or call 311 and refile your complaint with contact information.", "Resolution Action Updated Date": "09/17/2025 11:55:33 AM", "Community Board": "10 BRONX", "BBL": 2041750007, "Borough": "BRONX", "X Coordinate (State Plane)": 1031279, "Y Coordinate (State Plane)": 247859, "Open Data Channel Type": "MOBILE", "Park Facility Name": "Unspecified", "Park Borough": "BRONX", "Vehicle Type": null, "Taxi Company Borough": null, "Taxi Pick Up Location": null, "Bridge Highway Name": null, "Bridge Highway Direction": null, "Road Ramp": null, "Bridge Highway Segment": null, "Latitude": 40.846865537730736, "Longitude": -73.830017595522861, "Location": "(40.846865537730736, -73.83001759552286)", "Zip Codes": 11270, "Community Districts": 43, "Borough Boundaries": 5, "City Council Districts": 12, "Police Precincts": 28, "Police Precinct": 28 }, "geometry": { "type": "Point", "coordinates": [ -73.830017595522861, 40.846865537730736 ] } },
{ "type": "Feature", "properties": { "Unique Key": 66041800, "Created Date": "09/03/2025 09:52:23 PM", "Closed Date": "09/03/2025 09:52:23 PM", "Agency": "DOHMH", "Agency Name": "Department of Health and Mental Hygiene", "Complaint Type": "Rodent", "Descriptor": "Mouse Sighting", "Location Type": "1-2 Family Dwelling", "Incident Zip": 11208, "Incident Address": "381 LOGAN STREET", "Street Name": "LOGAN STREET", "Cross Street 1": "LIBERTY AVENUE", "Cross Street 2": "GLENMORE AVENUE", "Intersection Street 1": "LIBERTY AVENUE", "Intersection Street 2": "GLENMORE AVENUE", "Address Type": "ADDRESS", "City": "BROOKLYN", "Landmark": "LOGAN STREET", "Facility Type": "N/A", "Status": "Closed", "Due Date": null, "Resolution Description": "The Department of Health and Mental Hygiene inspected the property you reported and did not find any violations at the time of the inspection. The property passed inspection.", "Resolution Action Updated Date": "09/08/2025 12:14:00 PM", "Community Board": "05 BROOKLYN", "BBL": 3041900017, "Borough": "BROOKLYN", "X Coordinate (State Plane)": 1018450, "Y Coordinate (State Plane)": 185908, "Open Data Channel Type": "MOBILE", "Park Facility Name": "Unspecified", "Park Borough": "BROOKLYN", "Vehicle Type": null, "Taxi Company Borough": null, "Taxi Pick Up Location": null, "Bridge Highway Name": null, "Bridge Highway Direction": null, "Road Ramp": null, "Bridge Highway Segment": null, "Latitude": 40.676885208367544, "Longitude": -73.876702049840802, "Location": "(40.676885208367544, -73.8767020498408)", "Zip Codes": 17215, "Community Districts": 45, "Borough Boundaries": 2, "City Council Districts": 37, "Police Precincts": 47, "Police Precinct": 47 }, "geometry": { "type": "Point", "coordinates": [ -73.876702049840802, 40.676885208367544 ] } },
{ "type": "Feature", "properties": { "Unique Key": 66091801, "Created Date": "09/08/2025 11:15:51 PM", "Closed Date": "09/09/2025 07:58:09 AM", "Agency": "DOHMH", "Agency Name": "Department of Health and Mental Hygiene", "Complaint Type": "Rodent", "Descriptor": "Mouse Sighting", "Location Type": "3+ Family Apt. Building", "Incident Zip": 10458, "Incident Address": "480 EAST  188 STREET", "Street Name": "EAST  188 STREET", "Cross Street 1": "WASHINGTON AVENUE", "Cross Street 2": "BATHGATE AVENUE", "Intersection Street 1": "WASHINGTON AVENUE", "Intersection Street 2": "BATHGATE AVENUE", "Address Type": "ADDRESS", "City": "BRONX", "Landmark": "EAST  188 STREET", "Facility Type": "N/A", "Status": "Closed", "Due Date": null, "Resolution Description": "This service request was closed because the Department of Health and Mental Hygiene received an earlier complaint about the same location.  You can find inspection results for this address by going to the online Rat Portal at www.nyc.gov/rats.", "Resolution Action Updated Date": "09/08/2025 11:15:51 PM", "Community Board": "06 BRONX", "BBL": 2030570011, "Borough": "BRONX", "X Coordinate (State Plane)": 1014570, "Y Coordinate (State Plane)": 251994, "Open Data Channel Type": "MOBILE", "Park Facility Name": "Unspecified", "Park Borough": "BRONX", "Vehicle Type": null, "Taxi Company Borough": null, "Taxi Pick Up Location": null, "Bridge Highway Name": null, "Bridge Highway Direction": null, "Road Ramp": null, "Bridge Highway Segment": null, "Latitude": 40.85828805965668, "Longitude": -73.890392103293465, "Location": "(40.85828805965668, -73.89039210329346)", "Zip Codes": 10936, "Community Districts": 35, "Borough Boundaries": 5, "City Council Districts": 22, "Police Precincts": 31, "Police Precinct": 31 }, "geometry": { "type": "Point", "coordinates": [ -73.890392103293465, 40.85828805965668 ] } },
{ "type": "Feature", "properties": { "Unique Key": 66141319, "Created Date": "09/13/2025 08:58:26 PM", "Closed Date": "09/13/2025 08:58:26 PM", "Agency": "DOHMH", "Agency Name": "Department of Health and Mental Hygiene", "Complaint Type": "Rodent", "Descriptor": "Mouse Sighting", "Location Type": "3+ Family Apt. Building", "Incident Zip": 10468, "Incident Address": "3121 VILLA AVENUE", "Street Name": "VILLA AVENUE", "Cross Street 1": "EAST 204 STREET", "Cross Street 2": "EAST 205 STREET", "Intersection Street 1": "EAST  204 STREET", "Intersection Street 2": "EAST  205 STREET", "Address Type": "ADDRESS", "City": "BRONX", "Landmark": "VILLA AVENUE", "Facility Type": "N/A", "Status": "Closed", "Due Date": null, "Resolution Description": "The Department of Health and Mental Hygiene found violations on the property you reported. Follow-up inspections will be scheduled.", "Resolution Action Updated Date": "09/22/2025 11:05:00 AM", "Community Board": "07 BRONX", "BBL": 2033220057, "Borough": "BRONX", "X Coordinate (State Plane)": 1015354, "Y Coordinate (State Plane)": 258137, "Open Data Channel Type": "PHONE", "Park Facility Name": "Unspecified", "Park Borough": "BRONX", "Vehicle Type": null, "Taxi Company Borough": null, "Taxi Pick Up Location": null, "Bridge Highway Name": null, "Bridge Highway Direction": null, "Road Ramp": null, "Bridge Highway Segment": null, "Latitude": 40.875145986063572, "Longitude": -73.887529405100238, "Location": "(40.87514598606357, -73.88752940510024)", "Zip Codes": 11606, "Community Districts": 24, "Borough Boundaries": 5, "City Council Districts": 40, "Police Precincts": 34, "Police Precinct": 34 }, "geometry": { "type": "Point", "coordinates": [ -73.887529405100238, 40.875145986063572 ] } },
{ "type": "Feature", "properties": { "Unique Key": 66145317, "Created Date": "09/13/2025 08:31:03 AM", "Closed Date": null, "Agency": "DOHMH", "Agency Name": "Department of Health and Mental Hygiene", "Complaint Type": "Rodent", "Descriptor": "Mouse Sighting", "Location Type": "1-2 Family Dwelling", "Incident Zip": 10314, "Incident Address": "171 CHANDLER AVENUE", "Street Name": "CHANDLER AVENUE", "Cross Street 1": "WESTCOTT BOULEVARD", "Cross Street 2": "JEWETT AVENUE", "Intersection Street 1": "WESTCOTT BOULEVARD", "Intersection Street 2": "JEWETT AVENUE", "Address Type": "ADDRESS", "City": "STATEN ISLAND", "Landmark": "CHANDLER AVENUE", "Facility Type": null, "Status": "In Progress", "Due Date": null, "Resolution Description": null, "Resolution Action Updated Date": null, "Community Board": "01 STATEN ISLAND", "BBL": 5003770404, "Borough": "STATEN ISLAND", "X Coordinate (State Plane)": 948450, "Y Coordinate (State Plane)": 163039, "Open Data Channel Type": "MOBILE", "Park Facility Name": "Unspecified", "Park Borough": "STATEN ISLAND", "Vehicle Type": null, "Taxi Company Borough": null, "Taxi Pick Up Location": null, "Bridge Highway Name": null, "Bridge Highway Direction": null, "Road Ramp": null, "Bridge Highway Segment": null, "Latitude": 40.614108481706715, "Longitude": -74.128944903009227, "Location": "(40.614108481706715, -74.12894490300923)", "Zip Codes": 10700, "Community Districts": 4, "Borough Boundaries": 1, "City Council Districts": 14, "Police Precincts": 74, "Police Precinct": 74 }, "geometry": { "type": "Point", "coordinates": [ -74.128944903009227, 40.614108481706715 ] } },
{ "type": "Feature", "properties": { "Unique Key": 66147899, "Created Date": "09/13/2025 09:40:54 PM", "Closed Date": "09/13/2025 09:40:54 PM", "Agency": "DOHMH", "Agency Name": "Department of Health and Mental Hygiene", "Complaint Type": "Rodent", "Descriptor": "Mouse Sighting", "Location Type": "1-2 Family Dwelling", "Incident Zip": 10128, "Incident Address": "1743 1 AVENUE", "Street Name": "1 AVENUE", "Cross Street 1": "EAST 90 STREET", "Cross Street 2": "EAST 91 STREET", "Intersection Street 1": "EAST   90 STREET", "Intersection Street 2": "EAST   91 STREET", "Address Type": "ADDRESS", "City": "NEW YORK", "Landmark": "1 AVENUE", "Facility Type": "N/A", "Status": "Closed", "Due Date": null, "Resolution Description": "The Department of Health and Mental Hygiene inspected the property you reported and did not find any violations at the time of the inspection. The property passed inspection.", "Resolution Action Updated Date": "09/22/2025 11:03:44 AM", "Community Board": "08 MANHATTAN", "BBL": 1015530024, "Borough": "MANHATTAN", "X Coordinate (State Plane)": 998827, "Y Coordinate (State Plane)": 223327, "Open Data Channel Type": "MOBILE", "Park Facility Name": "Unspecified", "Park Borough": "MANHATTAN", "Vehicle Type": null, "Taxi Company Borough": null, "Taxi Pick Up Location": null, "Bridge Highway Name": null, "Bridge Highway Direction": null, "Road Ramp": null, "Bridge Highway Segment": null, "Latitude": 40.779645264662122, "Longitude": -73.947365865623084, "Location": "(40.77964526466212, -73.94736586562308)", "Zip Codes": 10099, "Community Districts": 23, "Borough Boundaries": 4, "City Council Districts": 1, "Police Precincts": 11, "Police Precinct": 11 }, "geometry": { "type": "Point", "coordinates": [ -73.947365865623084, 40.779645264662122 ] } },
{ "type": "Feature", "properties": { "Unique Key": 66169786, "Created Date": "09/15/2025 08:04:16 PM", "Closed Date": "09/15/2025 08:04:16 PM", "Agency": "DOHMH", "Agency Name": "Department of Health and Mental Hygiene", "Complaint Type": "Rodent", "Descriptor": "Mouse Sighting", "Location Type": "3+ Family Apt. Building", "Incident Zip": 10034, "Incident Address": "583 WEST  215 STREET", "Street Name": "WEST  215 STREET", "Cross Street 1": "SEAMAN AVENUE", "Cross Street 2": "INDIAN ROAD", "Intersection Street 1": "SEAMAN AVENUE", "Intersection Street 2": "INDIAN ROAD", "Address Type": "ADDRESS", "City": "NEW YORK", "Landmark": "WEST  215 STREET", "Facility Type": "N/A", "Status": "Closed", "Due Date": null, "Resolution Description": "The Department of Health and Mental Hygiene found violations on the property you reported. Follow-up inspections will be scheduled.", "Resolution Action Updated Date": "09/18/2025 12:36:59 PM", "Community Board": "12 MANHATTAN", "BBL": 1022500050, "Borough": "MANHATTAN", "X Coordinate (State Plane)": 1006657, "Y Coordinate (State Plane)": 256927, "Open Data Channel Type": "MOBILE", "Park Facility Name": "Unspecified", "Park Borough": "MANHATTAN", "Vehicle Type": null, "Taxi Company Borough": null, "Taxi Pick Up Location": null, "Bridge Highway Name": null, "Bridge Highway Direction": null, "Road Ramp": null, "Bridge Highway Segment": null, "Latitude": 40.871851273179466, "Longitude": -73.918981371622451, "Location": "(40.871851273179466, -73.91898137162245)", "Zip Codes": 13092, "Community Districts": 47, "Borough Boundaries": 4, "City Council Districts": 39, "Police Precincts": 22, "Police Precinct": 22 }, "geometry": { "type": "Point", "coordinates": [ -73.918981371622451, 40.871851273179466 ] } },
{ "type": "Feature", "properties": { "Unique Key": 66091799, "Created Date": "09/08/2025 11:49:41 AM", "Closed Date": "09/10/2025 01:44:10 PM", "Agency": "DOHMH", "Agency Name": "Department of Health and Mental Hygiene", "Complaint Type": "Rodent", "Descriptor": "Mouse Sighting", "Location Type": "1-2 Family Dwelling", "Incident Zip": 10467, "Incident Address": "851 EAST  217 STREET", "Street Name": "EAST  217 STREET", "Cross Street 1": "BARNES AVENUE", "Cross Street 2": "BRONXWOOD AVENUE", "Intersection Street 1": "BARNES AVENUE", "Intersection Street 2": "BRONXWOOD AVENUE", "Address Type": "ADDRESS", "City": "BRONX", "Landmark": "EAST  217 STREET", "Facility Type": "N/A", "Status": "Closed", "Due Date": null, "Resolution Description": "This service request was closed because the Department of Health and Mental Hygiene received an earlier complaint about the same location.  You can find inspection results for this address by going to the online Rat Portal at www.nyc.gov/rats.", "Resolution Action Updated Date": "09/08/2025 11:49:41 AM", "Community Board": "12 BRONX", "BBL": 2046760110, "Borough": "BRONX", "X Coordinate (State Plane)": 1023174, "Y Coordinate (State Plane)": 260206, "Open Data Channel Type": "MOBILE", "Park Facility Name": "Unspecified", "Park Borough": "BRONX", "Vehicle Type": null, "Taxi Company Borough": null, "Taxi Pick Up Location": null, "Bridge Highway Name": null, "Bridge Highway Direction": null, "Road Ramp": null, "Bridge Highway Segment": null, "Latitude": 40.880793720967809, "Longitude": -73.859240676431284, "Location": "(40.88079372096781, -73.85924067643128)", "Zip Codes": 11605, "Community Districts": 29, "Borough Boundaries": 5, "City Council Districts": 2, "Police Precincts": 30, "Police Precinct": 30 }, "geometry": { "type": "Point", "coordinates": [ -73.859240676431284, 40.880793720967809 ] } },
{ "type": "Feature", "properties": { "Unique Key": 66116638, "Created Date": "09/10/2025 07:19:01 PM", "Closed Date": "09/11/2025 11:03:47 AM", "Agency": "DOHMH", "Agency Name": "Department of Health and Mental Hygiene", "Complaint Type": "Rodent", "Descriptor": "Mouse Sighting", "Location Type": "3+ Family Apt. Building", "Incident Zip": 11355, "Incident Address": "143-25 41 AVENUE", "Street Name": "41 AVENUE", "Cross Street 1": "BOWNE STREET", "Cross Street 2": "PARSONS BOULEVARD", "Intersection Street 1": "BOWNE STREET", "Intersection Street 2": "PARSONS BOULEVARD", "Address Type": "ADDRESS", "City": "FLUSHING", "Landmark": "41 AVENUE", "Facility Type": "N/A", "Status": "Closed", "Due Date": null, "Resolution Description": "This service request was closed because the Department of Health and Mental Hygiene received an earlier complaint about the same location.  You can find inspection results for this address by going to the online Rat Portal at www.nyc.gov/rats.", "Resolution Action Updated Date": "09/10/2025 07:19:01 PM", "Community Board": "07 QUEENS", "BBL": 4050230045, "Borough": "QUEENS", "X Coordinate (State Plane)": 1033236, "Y Coordinate (State Plane)": 216254, "Open Data Channel Type": "PHONE", "Park Facility Name": "Unspecified", "Park Borough": "QUEENS", "Vehicle Type": null, "Taxi Company Borough": null, "Taxi Pick Up Location": null, "Bridge Highway Name": null, "Bridge Highway Direction": null, "Road Ramp": null, "Bridge Highway Segment": null, "Latitude": 40.760108035893211, "Longitude": -73.823174794422059, "Location": "(40.76010803589321, -73.82317479442206)", "Zip Codes": 14190, "Community Districts": 22, "Borough Boundaries": 3, "City Council Districts": 3, "Police Precincts": 67, "Police Precinct": 67 }, "geometry": { "type": "Point", "coordinates": [ -73.823174794422059, 40.760108035893211 ] } },
{ "type": "Feature", "properties": { "Unique Key": 66158773, "Created Date": "09/14/2025 01:55:56 AM", "Closed Date": "09/14/2025 01:55:56 AM", "Agency": "DOHMH", "Agency Name": "Department of Health and Mental Hygiene", "Complaint Type": "Rodent", "Descriptor": "Mouse Sighting", "Location Type": "Commercial Building", "Incident Zip": 10065, "Incident Address": "1126 3 AVENUE", "Street Name": "3 AVENUE", "Cross Street 1": "EAST 65 STREET", "Cross Street 2": "EAST 66 STREET", "Intersection Street 1": "EAST   65 STREET", "Intersection Street 2": "EAST   66 STREET", "Address Type": "ADDRESS", "City": "NEW YORK", "Landmark": "3 AVENUE", "Facility Type": "N/A", "Status": "Closed", "Due Date": null, "Resolution Description": "The Department of Health and Mental Hygiene found violations on the property you reported. Follow-up inspections will be scheduled.", "Resolution Action Updated Date": "09/24/2025 09:45:04 AM", "Community Board": "08 MANHATTAN", "BBL": 1014000039, "Borough": "MANHATTAN", "X Coordinate (State Plane)": 994358, "Y Coordinate (State Plane)": 218273, "Open Data Channel Type": "MOBILE", "Park Facility Name": "Unspecified", "Park Borough": "MANHATTAN", "Vehicle Type": null, "Taxi Company Borough": null, "Taxi Pick Up Location": null, "Bridge Highway Name": null, "Bridge Highway Direction": null, "Road Ramp": null, "Bridge Highway Segment": null, "Latitude": 40.765779597977556, "Longitude": -73.963509977937591, "Location": "(40.765779597977556, -73.96350997793759)", "Zip Codes": 10090, "Community Districts": 23, "Borough Boundaries": 4, "City Council Districts": 51, "Police Precincts": 11, "Police Precinct": 11 }, "geometry": { "type": "Point", "coordinates": [ -73.963509977937591, 40.765779597977556 ] } },
{ "type": "Feature", "properties": { "Unique Key": 66169788, "Created Date": "09/15/2025 12:59:42 PM", "Closed Date": "09/15/2025 12:59:42 PM", "Agency": "DOHMH", "Agency Name": "Department of Health and Mental Hygiene", "Complaint Type": "Rodent", "Descriptor": "Mouse Sighting", "Location Type": "3+ Family Apt. Building", "Incident Zip": 10472, "Incident Address": "1007 WARD AVENUE", "Street Name": "WARD AVENUE", "Cross Street 1": "BRUCKNER BOULEVARD", "Cross Street 2": "WATSON AVENUE", "Intersection Street 1": "BRUCKNER BOULEVARD", "Intersection Street 2": "WATSON AVENUE", "Address Type": "ADDRESS", "City": "BRONX", "Landmark": "WARD AVENUE", "Facility Type": "N/A", "Status": "Closed", "Due Date": null, "Resolution Description": "The Department of Health and Mental Hygiene found violations on the property you reported. Follow-up inspections will be scheduled.", "Resolution Action Updated Date": "09/20/2025 11:30:00 AM", "Community Board": "09 BRONX", "BBL": 2037150064, "Borough": "BRONX", "X Coordinate (State Plane)": 1018479, "Y Coordinate (State Plane)": 239692, "Open Data Channel Type": "PHONE", "Park Facility Name": "Unspecified", "Park Borough": "BRONX", "Vehicle Type": null, "Taxi Company Borough": null, "Taxi Pick Up Location": null, "Bridge Highway Name": null, "Bridge Highway Direction": null, "Road Ramp": null, "Bridge Highway Segment": null, "Latitude": 40.824508403171443, "Longitude": -73.876323733689958, "Location": "(40.82450840317144, -73.87632373368996)", "Zip Codes": 11610, "Community Districts": 58, "Borough Boundaries": 5, "City Council Districts": 31, "Police Precincts": 26, "Police Precinct": 26 }, "geometry": { "type": "Point", "coordinates": [ -73.876323733689958, 40.824508403171443 ] } },
{ "type": "Feature", "properties": { "Unique Key": 66068643, "Created Date": "09/06/2025 01:59:41 AM", "Closed Date": "09/12/2025 06:37:55 PM", "Agency": "DOHMH", "Agency Name": "Department of Health and Mental Hygiene", "Complaint Type": "Rodent", "Descriptor": "Mouse Sighting", "Location Type": "3+ Family Apt. Building", "Incident Zip": 11225, "Incident Address": "211 CROWN STREET", "Street Name": "CROWN STREET", "Cross Street 1": "ROGERS AVENUE", "Cross Street 2": "DEARBORN COURT", "Intersection Street 1": "ROGERS AVENUE", "Intersection Street 2": "DEARBORN COURT", "Address Type": "ADDRESS", "City": "BROOKLYN", "Landmark": "CROWN STREET", "Facility Type": "N/A", "Status": "Closed", "Due Date": null, "Resolution Description": "This service request was closed because the Department of Health and Mental Hygiene received an earlier complaint about the same location.  You can find inspection results for this address by going to the online Rat Portal at www.nyc.gov/rats.", "Resolution Action Updated Date": "09/06/2025 01:59:41 AM", "Community Board": "09 BROOKLYN", "BBL": 3012890001, "Borough": "BROOKLYN", "X Coordinate (State Plane)": 997178, "Y Coordinate (State Plane)": 182081, "Open Data Channel Type": "MOBILE", "Park Facility Name": "Unspecified", "Park Borough": "BROOKLYN", "Vehicle Type": null, "Taxi Company Borough": null, "Taxi Pick Up Location": null, "Bridge Highway Name": null, "Bridge Highway Direction": null, "Road Ramp": null, "Bridge Highway Segment": null, "Latitude": 40.666437576626898, "Longitude": -73.953399246290843, "Location": "(40.6664375766269, -73.95339924629084)", "Zip Codes": 13509, "Community Districts": 17, "Borough Boundaries": 2, "City Council Districts": 48, "Police Precincts": 44, "Police Precinct": 44 }, "geometry": { "type": "Point", "coordinates": [ -73.953399246290843, 40.666437576626898 ] } },
{ "type": "Feature", "properties": { "Unique Key": 66083340, "Created Date": "09/07/2025 09:37:59 PM", "Closed Date": "09/07/2025 09:37:59 PM", "Agency": "DOHMH", "Agency Name": "Department of Health and Mental Hygiene", "Complaint Type": "Rodent", "Descriptor": "Mouse Sighting", "Location Type": "3+ Family Mixed Use Building", "Incident Zip": 11237, "Incident Address": "125 IRVING AVENUE", "Street Name": "IRVING AVENUE", "Cross Street 1": "SUYDAM STREET", "Cross Street 2": "HART STREET", "Intersection Street 1": "SUYDAM STREET", "Intersection Street 2": "HART STREET", "Address Type": "ADDRESS", "City": "BROOKLYN", "Landmark": "IRVING AVENUE", "Facility Type": "N/A", "Status": "Closed", "Due Date": null, "Resolution Description": "The Department of Health and Mental Hygiene inspected the property you reported and did not find any violations at the time of the inspection. The property passed inspection.", "Resolution Action Updated Date": "09/11/2025 12:26:05 PM", "Community Board": "04 BROOKLYN", "BBL": 3032210004, "Borough": "BROOKLYN", "X Coordinate (State Plane)": 1005899, "Y Coordinate (State Plane)": 195524, "Open Data Channel Type": "ONLINE", "Park Facility Name": "Unspecified", "Park Borough": "BROOKLYN", "Vehicle Type": null, "Taxi Company Borough": null, "Taxi Pick Up Location": null, "Bridge Highway Name": null, "Bridge Highway Direction": null, "Road Ramp": null, "Bridge Highway Segment": null, "Latitude": 40.703318495935065, "Longitude": -73.92192002350474, "Location": "(40.703318495935065, -73.92192002350474)", "Zip Codes": 13828, "Community Districts": 42, "Borough Boundaries": 2, "City Council Districts": 30, "Police Precincts": 53, "Police Precinct": 53 }, "geometry": { "type": "Point", "coordinates": [ -73.92192002350474, 40.703318495935065 ] } },
{ "type": "Feature", "properties": { "Unique Key": 66091802, "Created Date": "09/08/2025 02:39:11 PM", "Closed Date": "09/08/2025 02:39:11 PM", "Agency": "DOHMH", "Agency Name": "Department of Health and Mental Hygiene", "Complaint Type": "Rodent", "Descriptor": "Mouse Sighting", "Location Type": "3+ Family Apt. Building", "Incident Zip": 10032, "Incident Address": "527 WEST  158 STREET", "Street Name": "WEST  158 STREET", "Cross Street 1": "AMSTERDAM AVENUE", "Cross Street 2": "BROADWAY", "Intersection Street 1": "AMSTERDAM AVENUE", "Intersection Street 2": "BROADWAY", "Address Type": "ADDRESS", "City": "NEW YORK", "Landmark": "WEST  158 STREET", "Facility Type": "N/A", "Status": "Closed", "Due Date": null, "Resolution Description": "The Department of Health and Mental Hygiene tried to inspect the property you reported but could not access the site. If you have information that will help the inspector access the site, please go online to nyc.gov/311 or call 311 and refile your complaint with contact information.", "Resolution Action Updated Date": "09/11/2025 12:05:03 PM", "Community Board": "12 MANHATTAN", "BBL": 1021170051, "Borough": "MANHATTAN", "X Coordinate (State Plane)": 1000164, "Y Coordinate (State Plane)": 243088, "Open Data Channel Type": "MOBILE", "Park Facility Name": "Unspecified", "Park Borough": "MANHATTAN", "Vehicle Type": null, "Taxi Company Borough": null, "Taxi Pick Up Location": null, "Bridge Highway Name": null, "Bridge Highway Direction": null, "Road Ramp": null, "Bridge Highway Segment": null, "Latitude": 40.8338814354371, "Longitude": -73.94249142934288, "Location": "(40.8338814354371, -73.94249142934288)", "Zip Codes": 13090, "Community Districts": 47, "Borough Boundaries": 4, "City Council Districts": 23, "Police Precincts": 21, "Police Precinct": 21 }, "geometry": { "type": "Point", "coordinates": [ -73.94249142934288, 40.8338814354371 ] } },
{ "type": "Feature", "properties": { "Unique Key": 66173649, "Created Date": "09/16/2025 09:44:21 PM", "Closed Date": "09/16/2025 09:44:21 PM", "Agency": "DOHMH", "Agency Name": "Department of Health and Mental Hygiene", "Complaint Type": "Rodent", "Descriptor": "Mouse Sighting", "Location Type": "3+ Family Apt. Building", "Incident Zip": 11215, "Incident Address": "188 8 STREET", "Street Name": "8 STREET", "Cross Street 1": "3 AVENUE", "Cross Street 2": "4 AVENUE", "Intersection Street 1": "3 AVENUE", "Intersection Street 2": "4 AVENUE", "Address Type": "ADDRESS", "City": "BROOKLYN", "Landmark": "8 STREET", "Facility Type": "N/A", "Status": "Closed", "Due Date": null, "Resolution Description": "The Department of Health and Mental Hygiene tried to inspect the property you reported but could not access the site. If you have information that will help the inspector access the site, please go online to nyc.gov/311 or call 311 and refile your complaint with contact information.", "Resolution Action Updated Date": "09/25/2025 03:10:00 PM", "Community Board": "06 BROOKLYN", "BBL": 3010030024, "Borough": "BROOKLYN", "X Coordinate (State Plane)": 987231, "Y Coordinate (State Plane)": 183904, "Open Data Channel Type": "ONLINE", "Park Facility Name": "Unspecified", "Park Borough": "BROOKLYN", "Vehicle Type": null, "Taxi Company Borough": null, "Taxi Pick Up Location": null, "Bridge Highway Name": null, "Bridge Highway Direction": null, "Road Ramp": null, "Bridge Highway Segment": null, "Latitude": 40.671450241633366, "Longitude": -73.989253768480765, "Location": "(40.671450241633366, -73.98925376848076)", "Zip Codes": 17617, "Community Districts": 14, "Borough Boundaries": 2, "City Council Districts": 27, "Police Precincts": 50, "Police Precinct": 50 }, "geometry": { "type": "Point", "coordinates": [ -73.989253768480765, 40.671450241633366 ] } },
{ "type": "Feature", "properties": { "Unique Key": 66203533, "Created Date": "09/19/2025 05:41:02 PM", "Closed Date": null, "Agency": "DOHMH", "Agency Name": "Department of Health and Mental Hygiene", "Complaint Type": "Rodent", "Descriptor": "Mouse Sighting", "Location Type": "Street", "Incident Zip": 11232, "Incident Address": "717 41 STREET", "Street Name": "41 STREET", "Cross Street 1": "7 AVENUE", "Cross Street 2": "8 AVENUE", "Intersection Street 1": "7 AVENUE", "Intersection Street 2": "8 AVENUE", "Address Type": "ADDRESS", "City": "BROOKLYN", "Landmark": "41 STREET", "Facility Type": null, "Status": "In Progress", "Due Date": null, "Resolution Description": null, "Resolution Action Updated Date": null, "Community Board": "07 BROOKLYN", "BBL": 3009190061, "Borough": "BROOKLYN", "X Coordinate (State Plane)": 984229, "Y Coordinate (State Plane)": 175048, "Open Data Channel Type": "PHONE", "Park Facility Name": "Unspecified", "Park Borough": "BROOKLYN", "Vehicle Type": null, "Taxi Company Borough": null, "Taxi Pick Up Location": null, "Bridge Highway Name": null, "Bridge Highway Direction": null, "Road Ramp": null, "Bridge Highway Segment": null, "Latitude": 40.647142972252581, "Longitude": -74.000075675493662, "Location": "(40.64714297225258, -74.00007567549366)", "Zip Codes": 13515, "Community Districts": 9, "Borough Boundaries": 2, "City Council Districts": 7, "Police Precincts": 45, "Police Precinct": 45 }, "geometry": { "type": "Point", "coordinates": [ -74.000075675493662, 40.647142972252581 ] } },
{ "type": "Feature", "properties": { "Unique Key": 66214908, "Created Date": "09/20/2025 05:12:07 PM", "Closed Date": null, "Agency": "DOHMH", "Agency Name": "Department of Health and Mental Hygiene", "Complaint Type": "Rodent", "Descriptor": "Mouse Sighting", "Location Type": "1-2 Family Dwelling", "Incident Zip": 11428, "Incident Address": "93-34 SPRINGFIELD BOULEVARD", "Street Name": "SPRINGFIELD BOULEVARD", "Cross Street 1": "93 ROAD", "Cross Street 2": "94 AVENUE", "Intersection Street 1": "93 ROAD", "Intersection Street 2": "94 AVENUE", "Address Type": "ADDRESS", "City": "QUEENS VILLAGE", "Landmark": "SPRINGFIELD BOULEVARD", "Facility Type": null, "Status": "In Progress", "Due Date": null, "Resolution Description": null, "Resolution Action Updated Date": null, "Community Board": "13 QUEENS", "BBL": 4107000041, "Borough": "QUEENS", "X Coordinate (State Plane)": 1057279, "Y Coordinate (State Plane)": 202301, "Open Data Channel Type": "ONLINE", "Park Facility Name": "Unspecified", "Park Borough": "QUEENS", "Vehicle Type": null, "Taxi Company Borough": null, "Taxi Pick Up Location": null, "Bridge Highway Name": null, "Bridge Highway Direction": null, "Road Ramp": null, "Bridge Highway Segment": null, "Latitude": 40.7216447922873, "Longitude": -73.736538481657078, "Location": "(40.7216447922873, -73.73653848165708)", "Zip Codes": 24337, "Community Districts": 63, "Borough Boundaries": 3, "City Council Districts": 16, "Police Precincts": 63, "Police Precinct": 63 }, "geometry": { "type": "Point", "coordinates": [ -73.736538481657078, 40.7216447922873 ] } },
{ "type": "Feature", "properties": { "Unique Key": 66191396, "Created Date": "09/17/2025 07:55:53 AM", "Closed Date": null, "Agency": "DOHMH", "Agency Name": "Department of Health and Mental Hygiene", "Complaint Type": "Rodent", "Descriptor": "Mouse Sighting", "Location Type": "Sidewalk", "Incident Zip": 11214, "Incident Address": "2231 86 STREET", "Street Name": "86 STREET", "Cross Street 1": "BAY   31 STREET", "Cross Street 2": "BAY   32 STREET", "Intersection Street 1": "BAY   31 STREET", "Intersection Street 2": "BAY   32 STREET", "Address Type": "ADDRESS", "City": "BROOKLYN", "Landmark": "86 STREET", "Facility Type": null, "Status": "In Progress", "Due Date": null, "Resolution Description": null, "Resolution Action Updated Date": null, "Community Board": "11 BROOKLYN", "BBL": 3063480065, "Borough": "BROOKLYN", "X Coordinate (State Plane)": 986230, "Y Coordinate (State Plane)": 158374, "Open Data Channel Type": "ONLINE", "Park Facility Name": "Unspecified", "Park Borough": "BROOKLYN", "Vehicle Type": null, "Taxi Company Borough": null, "Taxi Pick Up Location": null, "Bridge Highway Name": null, "Bridge Highway Direction": null, "Road Ramp": null, "Bridge Highway Segment": null, "Latitude": 40.601376113687095, "Longitude": -73.992869772942015, "Location": "(40.601376113687095, -73.99286977294202)", "Zip Codes": 17616, "Community Districts": 1, "Borough Boundaries": 2, "City Council Districts": 45, "Police Precincts": 37, "Police Precinct": 37 }, "geometry": { "type": "Point", "coordinates": [ -73.992869772942015, 40.601376113687095 ] } },
{ "type": "Feature", "properties": { "Unique Key": 66252976, "Created Date": "09/23/2025 02:25:12 PM", "Closed Date": null, "Agency": "DOHMH", "Agency Name": "Department of Health and Mental Hygiene", "Complaint Type": "Rodent", "Descriptor": "Mouse Sighting", "Location Type": "3+ Family Apt. Building", "Incident Zip": 10036, "Incident Address": "317 WEST   45 STREET", "Street Name": "WEST   45 STREET", "Cross Street 1": "8 AVENUE", "Cross Street 2": "9 AVENUE", "Intersection Street 1": "8 AVENUE", "Intersection Street 2": "9 AVENUE", "Address Type": "ADDRESS", "City": "NEW YORK", "Landmark": "WEST   45 STREET", "Facility Type": null, "Status": "In Progress", "Due Date": null, "Resolution Description": null, "Resolution Action Updated Date": null, "Community Board": "04 MANHATTAN", "BBL": 1010360021, "Borough": "MANHATTAN", "X Coordinate (State Plane)": 987260, "Y Coordinate (State Plane)": 215978, "Open Data Channel Type": "PHONE", "Park Facility Name": "Unspecified", "Park Borough": "MANHATTAN", "Vehicle Type": null, "Taxi Company Borough": null, "Taxi Pick Up Location": null, "Bridge Highway Name": null, "Bridge Highway Direction": null, "Road Ramp": null, "Bridge Highway Segment": null, "Latitude": 40.759485679831123, "Longitude": -73.989134884750456, "Location": "(40.75948567983112, -73.98913488475046)", "Zip Codes": 13094, "Community Districts": 12, "Borough Boundaries": 4, "City Council Districts": 10, "Police Precincts": 10, "Police Precinct": 10 }, "geometry": { "type": "Point", "coordinates": [ -73.989134884750456, 40.759485679831123 ] } },
{ "type": "Feature", "properties": { "Unique Key": 66119397, "Created Date": "09/11/2025 06:49:38 PM", "Closed Date": "09/15/2025 11:06:50 AM", "Agency": "DOHMH", "Agency Name": "Department of Health and Mental Hygiene", "Complaint Type": "Rodent", "Descriptor": "Mouse Sighting", "Location Type": "3+ Family Apt. Building", "Incident Zip": 11375, "Incident Address": "68-12 YELLOWSTONE BOULEVARD", "Street Name": "YELLOWSTONE BOULEVARD", "Cross Street 1": "68 AVENUE", "Cross Street 2": "68 ROAD", "Intersection Street 1": "68 AVENUE", "Intersection Street 2": "68 ROAD", "Address Type": "ADDRESS", "City": "FOREST HILLS", "Landmark": "YELLOWSTONE BOULEVARD", "Facility Type": "N/A", "Status": "Closed", "Due Date": null, "Resolution Description": "This service request was closed because the Department of Health and Mental Hygiene received an earlier complaint about the same location.  You can find inspection results for this address by going to the online Rat Portal at www.nyc.gov/rats.", "Resolution Action Updated Date": "09/11/2025 06:49:38 PM", "Community Board": "06 QUEENS", "BBL": 4021370027, "Borough": "QUEENS", "X Coordinate (State Plane)": 1026289, "Y Coordinate (State Plane)": 203836, "Open Data Channel Type": "MOBILE", "Park Facility Name": "Unspecified", "Park Borough": "QUEENS", "Vehicle Type": null, "Taxi Company Borough": null, "Taxi Pick Up Location": null, "Bridge Highway Name": null, "Bridge Highway Direction": null, "Road Ramp": null, "Bridge Highway Segment": null, "Latitude": 40.726059538480236, "Longitude": -73.848329001827921, "Location": "(40.726059538480236, -73.84832900182792)", "Zip Codes": 14786, "Community Districts": 40, "Borough Boundaries": 3, "City Council Districts": 28, "Police Precincts": 70, "Police Precinct": 70 }, "geometry": { "type": "Point", "coordinates": [ -73.848329001827921, 40.726059538480236 ] } },
{ "type": "Feature", "properties": { "Unique Key": 66137200, "Created Date": "09/12/2025 12:27:15 PM", "Closed Date": "09/15/2025 08:00:35 AM", "Agency": "DOHMH", "Agency Name": "Department of Health and Mental Hygiene", "Complaint Type": "Rodent", "Descriptor": "Mouse Sighting", "Location Type": "3+ Family Apt. Building", "Incident Zip": 10452, "Incident Address": "1419 JESUP AVENUE", "Street Name": "JESUP AVENUE", "Cross Street 1": "EDWARD L GRANT HIGHWAY", "Cross Street 2": "JESUP PLACE", "Intersection Street 1": "EDWARD L GRANT HIGHWAY", "Intersection Street 2": "JESUP PLACE", "Address Type": "ADDRESS", "City": "BRONX", "Landmark": "JESUP AVENUE", "Facility Type": "N/A", "Status": "Closed", "Due Date": null, "Resolution Description": "This service request was closed because the Department of Health and Mental Hygiene received an earlier complaint about the same location.  You can find inspection results for this address by going to the online Rat Portal at www.nyc.gov/rats.", "Resolution Action Updated Date": "09/12/2025 12:27:15 PM", "Community Board": "04 BRONX", "BBL": 2028720029, "Borough": "BRONX", "X Coordinate (State Plane)": 1006262, "Y Coordinate (State Plane)": 245924, "Open Data Channel Type": "MOBILE", "Park Facility Name": "Unspecified", "Park Borough": "BRONX", "Vehicle Type": null, "Taxi Company Borough": null, "Taxi Pick Up Location": null, "Bridge Highway Name": null, "Bridge Highway Direction": null, "Road Ramp": null, "Bridge Highway Segment": null, "Latitude": 40.841652336064243, "Longitude": -73.920445732653633, "Location": "(40.84165233606424, -73.92044573265363)", "Zip Codes": 10930, "Community Districts": 50, "Borough Boundaries": 5, "City Council Districts": 42, "Police Precincts": 27, "Police Precinct": 27 }, "geometry": { "type": "Point", "coordinates": [ -73.920445732653633, 40.841652336064243 ] } },
{ "type": "Feature", "properties": { "Unique Key": 66150497, "Created Date": "09/14/2025 09:26:59 PM", "Closed Date": "09/15/2025 08:28:20 AM", "Agency": "DOHMH", "Agency Name": "Department of Health and Mental Hygiene", "Complaint Type": "Rodent", "Descriptor": "Mouse Sighting", "Location Type": "3+ Family Apt. Building", "Incident Zip": 10039, "Incident Address": "230 WEST  147 STREET", "Street Name": "WEST  147 STREET", "Cross Street 1": "ADAM CLAYTON POWELL JR BOULEVARD", "Cross Street 2": "FREDERICK DOUGLASS BOULEVARD", "Intersection Street 1": "ADAM CLAYTON POWELL JR BOULEVARD", "Intersection Street 2": "FREDERICK DOUGLASS BOULEVARD", "Address Type": "ADDRESS", "City": "NEW YORK", "Landmark": "WEST  147 STREET", "Facility Type": "N/A", "Status": "Closed", "Due Date": null, "Resolution Description": "This service request was closed because the Department of Health and Mental Hygiene received an earlier complaint about the same location.  You can find inspection results for this address by going to the online Rat Portal at www.nyc.gov/rats.", "Resolution Action Updated Date": "09/14/2025 09:26:59 PM", "Community Board": "10 MANHATTAN", "BBL": 1020320055, "Borough": "MANHATTAN", "X Coordinate (State Plane)": 1000905, "Y Coordinate (State Plane)": 239357, "Open Data Channel Type": "MOBILE", "Park Facility Name": "Unspecified", "Park Borough": "MANHATTAN", "Vehicle Type": null, "Taxi Company Borough": null, "Taxi Pick Up Location": null, "Bridge Highway Name": null, "Bridge Highway Direction": null, "Road Ramp": null, "Bridge Highway Segment": null, "Latitude": 40.823639543336192, "Longitude": -73.939822933839679, "Location": "(40.82363954333619, -73.93982293383968)", "Zip Codes": 13097, "Community Districts": 18, "Borough Boundaries": 4, "City Council Districts": 36, "Police Precincts": 20, "Police Precinct": 20 }, "geometry": { "type": "Point", "coordinates": [ -73.939822933839679, 40.823639543336192 ] } },
{ "type": "Feature", "properties": { "Unique Key": 66152792, "Created Date": "09/14/2025 02:48:22 PM", "Closed Date": "09/15/2025 10:00:11 AM", "Agency": "DOHMH", "Agency Name": "Department of Health and Mental Hygiene", "Complaint Type": "Rodent", "Descriptor": "Mouse Sighting", "Location Type": "1-2 Family Dwelling", "Incident Zip": 10462, "Incident Address": "2326 GLEASON AVENUE", "Street Name": "GLEASON AVENUE", "Cross Street 1": "HAVEMEYER AVENUE", "Cross Street 2": "ZEREGA AVENUE", "Intersection Street 1": "HAVEMEYER AVENUE", "Intersection Street 2": "ZEREGA AVENUE", "Address Type": "ADDRESS", "City": "BRONX", "Landmark": "GLEASON AVENUE", "Facility Type": "N/A", "Status": "Closed", "Due Date": null, "Resolution Description": "This service request was closed because the Department of Health and Mental Hygiene received an earlier complaint about the same location.  You can find inspection results for this address by going to the online Rat Portal at www.nyc.gov/rats.", "Resolution Action Updated Date": "09/14/2025 02:48:22 PM", "Community Board": "09 BRONX", "BBL": 2038290020, "Borough": "BRONX", "X Coordinate (State Plane)": 1026604, "Y Coordinate (State Plane)": 242605, "Open Data Channel Type": "MOBILE", "Park Facility Name": "Unspecified", "Park Borough": "BRONX", "Vehicle Type": null, "Taxi Company Borough": null, "Taxi Pick Up Location": null, "Bridge Highway Name": null, "Bridge Highway Direction": null, "Road Ramp": null, "Bridge Highway Segment": null, "Latitude": 40.832468520582381, "Longitude": -73.846948137426679, "Location": "(40.83246852058238, -73.84694813742668)", "Zip Codes": 11271, "Community Districts": 58, "Borough Boundaries": 5, "City Council Districts": 31, "Police Precincts": 26, "Police Precinct": 26 }, "geometry": { "type": "Point", "coordinates": [ -73.846948137426679, 40.832468520582381 ] } },
{ "type": "Feature", "properties": { "Unique Key": 66159989, "Created Date": "09/15/2025 09:42:42 AM", "Closed Date": "09/15/2025 03:54:23 PM", "Agency": "DOHMH", "Agency Name": "Department of Health and Mental Hygiene", "Complaint Type": "Rodent", "Descriptor": "Mouse Sighting", "Location Type": "3+ Family Apt. Building", "Incident Zip": 10467, "Incident Address": "312 EAST  206 STREET", "Street Name": "EAST  206 STREET", "Cross Street 1": "BAINBRIDGE AVENUE", "Cross Street 2": "PERRY AVENUE", "Intersection Street 1": "BAINBRIDGE AVENUE", "Intersection Street 2": "PERRY AVENUE", "Address Type": "ADDRESS", "City": "BRONX", "Landmark": "EAST  206 STREET", "Facility Type": "N/A", "Status": "Closed", "Due Date": null, "Resolution Description": "This service request was closed because the Department of Health and Mental Hygiene received an earlier complaint about the same location.  You can find inspection results for this address by going to the online Rat Portal at www.nyc.gov/rats.", "Resolution Action Updated Date": "09/15/2025 09:42:42 AM", "Community Board": "07 BRONX", "BBL": 2033410057, "Borough": "BRONX", "X Coordinate (State Plane)": 1018021, "Y Coordinate (State Plane)": 258040, "Open Data Channel Type": "MOBILE", "Park Facility Name": "Unspecified", "Park Borough": "BRONX", "Vehicle Type": null, "Taxi Company Borough": null, "Taxi Pick Up Location": null, "Bridge Highway Name": null, "Bridge Highway Direction": null, "Road Ramp": null, "Bridge Highway Segment": null, "Latitude": 40.874869949622308, "Longitude": -73.877886160023209, "Location": "(40.87486994962231, -73.87788616002321)", "Zip Codes": 11605, "Community Districts": 24, "Borough Boundaries": 5, "City Council Districts": 40, "Police Precincts": 34, "Police Precinct": 34 }, "geometry": { "type": "Point", "coordinates": [ -73.877886160023209, 40.874869949622308 ] } },
{ "type": "Feature", "properties": { "Unique Key": 66203505, "Created Date": "09/19/2025 07:06:25 PM", "Closed Date": null, "Agency": "DOHMH", "Agency Name": "Department of Health and Mental Hygiene", "Complaint Type": "Rodent", "Descriptor": "Mouse Sighting", "Location Type": "Commercial Building", "Incident Zip": 11434, "Incident Address": "167-18 FOCH BOULEVARD", "Street Name": "FOCH BOULEVARD", "Cross Street 1": "167 STREET", "Cross Street 2": "168 STREET", "Intersection Street 1": "167 STREET", "Intersection Street 2": "168 STREET", "Address Type": "ADDRESS", "City": "JAMAICA", "Landmark": "FOCH BOULEVARD", "Facility Type": null, "Status": "In Progress", "Due Date": null, "Resolution Description": null, "Resolution Action Updated Date": null, "Community Board": "12 QUEENS", "BBL": 4123640110, "Borough": "QUEENS", "X Coordinate (State Plane)": 1045451, "Y Coordinate (State Plane)": 189095, "Open Data Channel Type": "ONLINE", "Park Facility Name": "Unspecified", "Park Borough": "QUEENS", "Vehicle Type": null, "Taxi Company Borough": null, "Taxi Pick Up Location": null, "Bridge Highway Name": null, "Bridge Highway Direction": null, "Road Ramp": null, "Bridge Highway Segment": null, "Latitude": 40.685487276581512, "Longitude": -73.779329334179096, "Location": "(40.68548727658151, -73.7793293341791)", "Zip Codes": 24669, "Community Districts": 41, "Borough Boundaries": 3, "City Council Districts": 6, "Police Precincts": 71, "Police Precinct": 71 }, "geometry": { "type": "Point", "coordinates": [ -73.779329334179096, 40.685487276581512 ] } },
{ "type": "Feature", "properties": { "Unique Key": 66244698, "Created Date": "09/22/2025 09:09:08 PM", "Closed Date": null, "Agency": "DOHMH", "Agency Name": "Department of Health and Mental Hygiene", "Complaint Type": "Rodent", "Descriptor": "Mouse Sighting", "Location Type": "3+ Family Apt. Building", "Incident Zip": 10021, "Incident Address": "322 EAST   74 STREET", "Street Name": "EAST   74 STREET", "Cross Street 1": "2 AVENUE", "Cross Street 2": "1 AVENUE", "Intersection Street 1": "2 AVENUE", "Intersection Street 2": "1 AVENUE", "Address Type": "ADDRESS", "City": "NEW YORK", "Landmark": "EAST   74 STREET", "Facility Type": null, "Status": "In Progress", "Due Date": null, "Resolution Description": null, "Resolution Action Updated Date": null, "Community Board": "08 MANHATTAN", "BBL": 1014480044, "Borough": "MANHATTAN", "X Coordinate (State Plane)": 996249, "Y Coordinate (State Plane)": 219740, "Open Data Channel Type": "ONLINE", "Park Facility Name": "Unspecified", "Park Borough": "MANHATTAN", "Vehicle Type": null, "Taxi Company Borough": null, "Taxi Pick Up Location": null, "Bridge Highway Name": null, "Bridge Highway Direction": null, "Road Ramp": null, "Bridge Highway Segment": null, "Latitude": 40.769803767511526, "Longitude": -73.956680823426282, "Location": "(40.769803767511526, -73.95668082342628)", "Zip Codes": 12083, "Community Districts": 23, "Borough Boundaries": 4, "City Council Districts": 1, "Police Precincts": 11, "Police Precinct": 11 }, "geometry": { "type": "Point", "coordinates": [ -73.956680823426282, 40.769803767511526 ] } },
{ "type": "Feature", "properties": { "Unique Key": 66162834, "Created Date": "09/15/2025 02:26:06 PM", "Closed Date": "09/16/2025 10:49:54 AM", "Agency": "DOHMH", "Agency Name": "Department of Health and Mental Hygiene", "Complaint Type": "Rodent", "Descriptor": "Mouse Sighting", "Location Type": "3+ Family Apt. Building", "Incident Zip": 11375, "Incident Address": "68-12 YELLOWSTONE BOULEVARD", "Street Name": "YELLOWSTONE BOULEVARD", "Cross Street 1": "68 AVENUE", "Cross Street 2": "68 ROAD", "Intersection Street 1": "68 AVENUE", "Intersection Street 2": "68 ROAD", "Address Type": "ADDRESS", "City": "FOREST HILLS", "Landmark": "YELLOWSTONE BOULEVARD", "Facility Type": "N/A", "Status": "Closed", "Due Date": null, "Resolution Description": "This service request was closed because the Department of Health and Mental Hygiene received an earlier complaint about the same location.  You can find inspection results for this address by going to the online Rat Portal at www.nyc.gov/rats.", "Resolution Action Updated Date": "09/15/2025 02:26:06 PM", "Community Board": "06 QUEENS", "BBL": 4021370027, "Borough": "QUEENS", "X Coordinate (State Plane)": 1026289, "Y Coordinate (State Plane)": 203836, "Open Data Channel Type": "MOBILE", "Park Facility Name": "Unspecified", "Park Borough": "QUEENS", "Vehicle Type": null, "Taxi Company Borough": null, "Taxi Pick Up Location": null, "Bridge Highway Name": null, "Bridge Highway Direction": null, "Road Ramp": null, "Bridge Highway Segment": null, "Latitude": 40.726059538480236, "Longitude": -73.848329001827921, "Location": "(40.726059538480236, -73.84832900182792)", "Zip Codes": 14786, "Community Districts": 40, "Borough Boundaries": 3, "City Council Districts": 28, "Police Precincts": 70, "Police Precinct": 70 }, "geometry": { "type": "Point", "coordinates": [ -73.848329001827921, 40.726059538480236 ] } },
{ "type": "Feature", "properties": { "Unique Key": 66169787, "Created Date": "09/15/2025 07:57:28 PM", "Closed Date": "09/16/2025 08:47:29 AM", "Agency": "DOHMH", "Agency Name": "Department of Health and Mental Hygiene", "Complaint Type": "Rodent", "Descriptor": "Mouse Sighting", "Location Type": "Commercial Building", "Incident Zip": 11237, "Incident Address": "36 WILSON AVENUE", "Street Name": "WILSON AVENUE", "Cross Street 1": "GEORGE STREET", "Cross Street 2": "MELROSE STREET", "Intersection Street 1": "GEORGE STREET", "Intersection Street 2": "MELROSE STREET", "Address Type": "ADDRESS", "City": "BROOKLYN", "Landmark": "WILSON AVENUE", "Facility Type": "N/A", "Status": "Closed", "Due Date": null, "Resolution Description": "This service request was closed because the Department of Health and Mental Hygiene received an earlier complaint about the same location.  You can find inspection results for this address by going to the online Rat Portal at www.nyc.gov/rats.", "Resolution Action Updated Date": "09/15/2025 07:57:28 PM", "Community Board": "04 BROOKLYN", "BBL": 3031570027, "Borough": "BROOKLYN", "X Coordinate (State Plane)": 1003764, "Y Coordinate (State Plane)": 195373, "Open Data Channel Type": "MOBILE", "Park Facility Name": "Unspecified", "Park Borough": "BROOKLYN", "Vehicle Type": null, "Taxi Company Borough": null, "Taxi Pick Up Location": null, "Bridge Highway Name": null, "Bridge Highway Direction": null, "Road Ramp": null, "Bridge Highway Segment": null, "Latitude": 40.702909002345699, "Longitude": -73.9296206169181, "Location": "(40.7029090023457, -73.9296206169181)", "Zip Codes": 17213, "Community Districts": 42, "Borough Boundaries": 2, "City Council Districts": 30, "Police Precincts": 53, "Police Precinct": 53 }, "geometry": { "type": "Point", "coordinates": [ -73.9296206169181, 40.702909002345699 ] } },
{ "type": "Feature", "properties": { "Unique Key": 66026874, "Created Date": "09/02/2025 08:44:53 AM", "Closed Date": "09/02/2025 08:44:53 AM", "Agency": "DOHMH", "Agency Name": "Department of Health and Mental Hygiene", "Complaint Type": "Rodent", "Descriptor": "Mouse Sighting", "Location Type": "1-2 Family Dwelling", "Incident Zip": 11358, "Incident Address": "33-76 164 STREET", "Street Name": "164 STREET", "Cross Street 1": "33 AVENUE", "Cross Street 2": "35 AVENUE", "Intersection Street 1": "33 AVENUE", "Intersection Street 2": "35 AVENUE", "Address Type": "ADDRESS", "City": "FLUSHING", "Landmark": "164 STREET", "Facility Type": "N/A", "Status": "Closed", "Due Date": null, "Resolution Description": "The Department of Health and Mental Hygiene inspected the property you reported and did not find any violations at the time of the inspection. The property passed inspection.", "Resolution Action Updated Date": "09/17/2025 10:05:00 AM", "Community Board": "07 QUEENS", "BBL": 4052480081, "Borough": "QUEENS", "X Coordinate (State Plane)": 1039328, "Y Coordinate (State Plane)": 218892, "Open Data Channel Type": "PHONE", "Park Facility Name": "Unspecified", "Park Borough": "QUEENS", "Vehicle Type": null, "Taxi Company Borough": null, "Taxi Pick Up Location": null, "Bridge Highway Name": null, "Bridge Highway Direction": null, "Road Ramp": null, "Bridge Highway Segment": null, "Latitude": 40.767312795166255, "Longitude": -73.801162903580007, "Location": "(40.767312795166255, -73.80116290358)", "Zip Codes": 14193, "Community Districts": 22, "Borough Boundaries": 3, "City Council Districts": 20, "Police Precincts": 67, "Police Precinct": 67 }, "geometry": { "type": "Point", "coordinates": [ -73.801162903580007, 40.767312795166255 ] } },
{ "type": "Feature", "properties": { "Unique Key": 66164257, "Created Date": "09/15/2025 12:29:07 PM", "Closed Date": "09/15/2025 12:29:07 PM", "Agency": "DOHMH", "Agency Name": "Department of Health and Mental Hygiene", "Complaint Type": "Rodent", "Descriptor": "Mouse Sighting", "Location Type": "3+ Family Apt. Building", "Incident Zip": 10459, "Incident Address": "741 JENNINGS STREET", "Street Name": "JENNINGS STREET", "Cross Street 1": "UNION AVENUE", "Cross Street 2": "PROSPECT AVENUE", "Intersection Street 1": "UNION AVENUE", "Intersection Street 2": "PROSPECT AVENUE", "Address Type": "ADDRESS", "City": "BRONX", "Landmark": "JENNINGS STREET", "Facility Type": "N/A", "Status": "Closed", "Due Date": null, "Resolution Description": "The Department of Health and Mental Hygiene found violations on the property you reported. Follow-up inspections will be scheduled.", "Resolution Action Updated Date": "09/19/2025 01:39:03 PM", "Community Board": "03 BRONX", "BBL": 2029620064, "Borough": "BRONX", "X Coordinate (State Plane)": 1012303, "Y Coordinate (State Plane)": 242334, "Open Data Channel Type": "MOBILE", "Park Facility Name": "Unspecified", "Park Borough": "BRONX", "Vehicle Type": null, "Taxi Company Borough": null, "Taxi Pick Up Location": null, "Bridge Highway Name": null, "Bridge Highway Direction": null, "Road Ramp": null, "Bridge Highway Segment": null, "Latitude": 40.831781707666551, "Longitude": -73.898627795399022, "Location": "(40.83178170766655, -73.89862779539902)", "Zip Codes": 10937, "Community Districts": 34, "Borough Boundaries": 5, "City Council Districts": 42, "Police Precincts": 25, "Police Precinct": 25 }, "geometry": { "type": "Point", "coordinates": [ -73.898627795399022, 40.831781707666551 ] } },
{ "type": "Feature", "properties": { "Unique Key": 66164258, "Created Date": "09/15/2025 06:25:25 AM", "Closed Date": "09/15/2025 06:25:25 AM", "Agency": "DOHMH", "Agency Name": "Department of Health and Mental Hygiene", "Complaint Type": "Rodent", "Descriptor": "Mouse Sighting", "Location Type": "3+ Family Apt. Building", "Incident Zip": 10470, "Incident Address": "272 EAST  237 STREET", "Street Name": "EAST  237 STREET", "Cross Street 1": "KEPLER AVENUE", "Cross Street 2": "KATONAH AVENUE", "Intersection Street 1": "KEPLER AVENUE", "Intersection Street 2": "KATONAH AVENUE", "Address Type": "ADDRESS", "City": "BRONX", "Landmark": "EAST  237 STREET", "Facility Type": "N/A", "Status": "Closed", "Due Date": null, "Resolution Description": "The Department of Health and Mental Hygiene inspected the property you reported and did not find any violations at the time of the inspection. The property passed inspection.", "Resolution Action Updated Date": "09/19/2025 10:20:21 AM", "Community Board": "12 BRONX", "BBL": 2033770050, "Borough": "BRONX", "X Coordinate (State Plane)": 1020579, "Y Coordinate (State Plane)": 266771, "Open Data Channel Type": "MOBILE", "Park Facility Name": "Unspecified", "Park Borough": "BRONX", "Vehicle Type": null, "Taxi Company Borough": null, "Taxi Pick Up Location": null, "Bridge Highway Name": null, "Bridge Highway Direction": null, "Road Ramp": null, "Bridge Highway Segment": null, "Latitude": 40.898823617628764, "Longitude": -73.868589242701503, "Location": "(40.898823617628764, -73.8685892427015)", "Zip Codes": 11608, "Community Districts": 29, "Borough Boundaries": 5, "City Council Districts": 40, "Police Precincts": 30, "Police Precinct": 30 }, "geometry": { "type": "Point", "coordinates": [ -73.868589242701503, 40.898823617628764 ] } },
{ "type": "Feature", "properties": { "Unique Key": 66191395, "Created Date": "09/17/2025 07:44:38 PM", "Closed Date": "09/17/2025 07:44:38 PM", "Agency": "DOHMH", "Agency Name": "Department of Health and Mental Hygiene", "Complaint Type": "Rodent", "Descriptor": "Mouse Sighting", "Location Type": "Commercial Building", "Incident Zip": 10454, "Incident Address": "549 EAST  139 STREET", "Street Name": "EAST  139 STREET", "Cross Street 1": "BROOK AVENUE", "Cross Street 2": "ST ANNS AVENUE", "Intersection Street 1": "BROOK AVENUE", "Intersection Street 2": "ST ANNS AVENUE", "Address Type": "ADDRESS", "City": "BRONX", "Landmark": "EAST  139 STREET", "Facility Type": "N/A", "Status": "Closed", "Due Date": null, "Resolution Description": "The Department of Health and Mental Hygiene inspected the property you reported and did not find any violations at the time of the inspection. The property passed inspection.", "Resolution Action Updated Date": "09/19/2025 10:15:48 AM", "Community Board": "01 BRONX", "BBL": 2022670057, "Borough": "BRONX", "X Coordinate (State Plane)": 1007030, "Y Coordinate (State Plane)": 233595, "Open Data Channel Type": "PHONE", "Park Facility Name": "Unspecified", "Park Borough": "BRONX", "Vehicle Type": null, "Taxi Company Borough": null, "Taxi Pick Up Location": null, "Bridge Highway Name": null, "Bridge Highway Direction": null, "Road Ramp": null, "Bridge Highway Segment": null, "Latitude": 40.807810801137272, "Longitude": -73.917711939070813, "Location": "(40.80781080113727, -73.91771193907081)", "Zip Codes": 10932, "Community Districts": 49, "Borough Boundaries": 5, "City Council Districts": 35, "Police Precincts": 23, "Police Precinct": 23 }, "geometry": { "type": "Point", "coordinates": [ -73.917711939070813, 40.807810801137272 ] } },
{ "type": "Feature", "properties": { "Unique Key": 66207749, "Created Date": "09/19/2025 08:42:00 PM", "Closed Date": "09/23/2025 02:27:13 PM", "Agency": "DOHMH", "Agency Name": "Department of Health and Mental Hygiene", "Complaint Type": "Rodent", "Descriptor": "Mouse Sighting", "Location Type": "3+ Family Apt. Building", "Incident Zip": 11230, "Incident Address": "1347 OCEAN AVENUE", "Street Name": "OCEAN AVENUE", "Cross Street 1": "LIRR BAY RIDGE LINE", "Cross Street 2": "AVENUE I", "Intersection Street 1": "LIRR BAY RIDGE LINE", "Intersection Street 2": "AVENUE I", "Address Type": "ADDRESS", "City": "BROOKLYN", "Landmark": "OCEAN AVENUE", "Facility Type": "N/A", "Status": "Closed", "Due Date": null, "Resolution Description": "This service request was closed because the Department of Health and Mental Hygiene received an earlier complaint about the same location.  You can find inspection results for this address by going to the online Rat Portal at www.nyc.gov/rats.", "Resolution Action Updated Date": "09/19/2025 08:42:00 PM", "Community Board": "14 BROOKLYN", "BBL": 3075660020, "Borough": "BROOKLYN", "X Coordinate (State Plane)": 996176, "Y Coordinate (State Plane)": 168502, "Open Data Channel Type": "PHONE", "Park Facility Name": "Unspecified", "Park Borough": "BROOKLYN", "Vehicle Type": null, "Taxi Company Borough": null, "Taxi Pick Up Location": null, "Bridge Highway Name": null, "Bridge Highway Direction": null, "Road Ramp": null, "Bridge Highway Segment": null, "Latitude": 40.629167572035811, "Longitude": -73.957035100293282, "Location": "(40.62916757203581, -73.95703510029328)", "Zip Codes": 13513, "Community Districts": 60, "Borough Boundaries": 2, "City Council Districts": 26, "Police Precincts": 43, "Police Precinct": 43 }, "geometry": { "type": "Point", "coordinates": [ -73.957035100293282, 40.629167572035811 ] } },
{ "type": "Feature", "properties": { "Unique Key": 66250299, "Created Date": "09/23/2025 01:41:05 PM", "Closed Date": "09/23/2025 01:41:05 PM", "Agency": "DOHMH", "Agency Name": "Department of Health and Mental Hygiene", "Complaint Type": "Rodent", "Descriptor": "Mouse Sighting", "Location Type": "1-2 Family Dwelling", "Incident Zip": 11238, "Incident Address": "302 ST JAMES PLACE", "Street Name": "ST JAMES PLACE", "Cross Street 1": "LEFFERTS PLACE", "Cross Street 2": "ATLANTIC AVENUE", "Intersection Street 1": "LEFFERTS PLACE", "Intersection Street 2": "ATLANTIC AVENUE", "Address Type": "ADDRESS", "City": "BROOKLYN", "Landmark": "ST JAMES PLACE", "Facility Type": "N/A", "Status": "Closed", "Due Date": null, "Resolution Description": "The Department of Health and Mental Hygiene inspected the property you reported and did not find any violations at the time of the inspection. The property passed inspection.", "Resolution Action Updated Date": "09/24/2025 12:10:00 PM", "Community Board": "02 BROOKLYN", "BBL": 3020130062, "Borough": "BROOKLYN", "X Coordinate (State Plane)": 994406, "Y Coordinate (State Plane)": 187501, "Open Data Channel Type": "PHONE", "Park Facility Name": "Unspecified", "Park Borough": "BROOKLYN", "Vehicle Type": null, "Taxi Company Borough": null, "Taxi Pick Up Location": null, "Bridge Highway Name": null, "Bridge Highway Direction": null, "Road Ramp": null, "Bridge Highway Segment": null, "Latitude": 40.681317870802332, "Longitude": -73.963383133346539, "Location": "(40.68131787080233, -73.96338313334654)", "Zip Codes": 13829, "Community Districts": 68, "Borough Boundaries": 2, "City Council Districts": 48, "Police Precincts": 55, "Police Precinct": 55 }, "geometry": { "type": "Point", "coordinates": [ -73.963383133346539, 40.681317870802332 ] } },
{ "type": "Feature", "properties": { "Unique Key": 66257108, "Created Date": "09/23/2025 08:31:51 PM", "Closed Date": "09/24/2025 10:29:06 AM", "Agency": "DOHMH", "Agency Name": "Department of Health and Mental Hygiene", "Complaint Type": "Rodent", "Descriptor": "Mouse Sighting", "Location Type": "3+ Family Apt. Building", "Incident Zip": 10459, "Incident Address": "937 WESTCHESTER AVENUE", "Street Name": "WESTCHESTER AVENUE", "Cross Street 1": "ROGERS PLACE", "Cross Street 2": "INTERVALE AVENUE", "Intersection Street 1": "ROGERS PLACE", "Intersection Street 2": "INTERVALE AVENUE", "Address Type": "ADDRESS", "City": "BRONX", "Landmark": "WESTCHESTER AVENUE", "Facility Type": "N/A", "Status": "Closed", "Due Date": null, "Resolution Description": "This service request was closed because the Department of Health and Mental Hygiene received an earlier complaint about the same location.  You can find inspection results for this address by going to the online Rat Portal at www.nyc.gov/rats.", "Resolution Action Updated Date": "09/23/2025 08:31:51 PM", "Community Board": "02 BRONX", "BBL": 2026990060, "Borough": "BRONX", "X Coordinate (State Plane)": 1012725, "Y Coordinate (State Plane)": 238771, "Open Data Channel Type": "PHONE", "Park Facility Name": "Unspecified", "Park Borough": "BRONX", "Vehicle Type": null, "Taxi Company Borough": null, "Taxi Pick Up Location": null, "Bridge Highway Name": null, "Bridge Highway Direction": null, "Road Ramp": null, "Bridge Highway Segment": null, "Latitude": 40.822000944629295, "Longitude": -73.897117981167597, "Location": "(40.822000944629295, -73.8971179811676)", "Zip Codes": 10937, "Community Districts": 8, "Borough Boundaries": 5, "City Council Districts": 43, "Police Precincts": 24, "Police Precinct": 24 }, "geometry": { "type": "Point", "coordinates": [ -73.897117981167597, 40.822000944629295 ] } },
{ "type": "Feature", "properties": { "Unique Key": 66284767, "Created Date": "09/26/2025 02:36:35 PM", "Closed Date": null, "Agency": "DOHMH", "Agency Name": "Department of Health and Mental Hygiene", "Complaint Type": "Rodent", "Descriptor": "Mouse Sighting", "Location Type": "Sidewalk", "Incident Zip": 10128, "Incident Address": "236 EAST   88 STREET", "Street Name": "EAST   88 STREET", "Cross Street 1": "3 AVENUE", "Cross Street 2": "2 AVENUE", "Intersection Street 1": "3 AVENUE", "Intersection Street 2": "2 AVENUE", "Address Type": "ADDRESS", "City": "NEW YORK", "Landmark": "EAST   88 STREET", "Facility Type": null, "Status": "In Progress", "Due Date": null, "Resolution Description": null, "Resolution Action Updated Date": null, "Community Board": "08 MANHATTAN", "BBL": 1015330129, "Borough": "MANHATTAN", "X Coordinate (State Plane)": 997584, "Y Coordinate (State Plane)": 223316, "Open Data Channel Type": "ONLINE", "Park Facility Name": "Unspecified", "Park Borough": "MANHATTAN", "Vehicle Type": null, "Taxi Company Borough": null, "Taxi Pick Up Location": null, "Bridge Highway Name": null, "Bridge Highway Direction": null, "Road Ramp": null, "Bridge Highway Segment": null, "Latitude": 40.779617035148362, "Longitude": -73.951854068508567, "Location": "(40.77961703514836, -73.95185406850857)", "Zip Codes": 10099, "Community Districts": 23, "Borough Boundaries": 4, "City Council Districts": 1, "Police Precincts": 11, "Police Precinct": 11 }, "geometry": { "type": "Point", "coordinates": [ -73.951854068508567, 40.779617035148362 ] } },
{ "type": "Feature", "properties": { "Unique Key": 66286274, "Created Date": "09/27/2025 01:02:43 AM", "Closed Date": null, "Agency": "DOHMH", "Agency Name": "Department of Health and Mental Hygiene", "Complaint Type": "Rodent", "Descriptor": "Mouse Sighting", "Location Type": "3+ Family Apt. Building", "Incident Zip": 10301, "Incident Address": "45 WINTER AVENUE", "Street Name": "WINTER AVENUE", "Cross Street 1": "WESTERVELT AVENUE", "Cross Street 2": "BISMARK AVENUE", "Intersection Street 1": "WESTERVELT AVENUE", "Intersection Street 2": "BISMARK AVENUE", "Address Type": "ADDRESS", "City": "STATEN ISLAND", "Landmark": "WINTER AVENUE", "Facility Type": null, "Status": "In Progress", "Due Date": null, "Resolution Description": null, "Resolution Action Updated Date": null, "Community Board": "01 STATEN ISLAND", "BBL": 5000380068, "Borough": "STATEN ISLAND", "X Coordinate (State Plane)": 961147, "Y Coordinate (State Plane)": 172114, "Open Data Channel Type": "ONLINE", "Park Facility Name": "Unspecified", "Park Borough": "STATEN ISLAND", "Vehicle Type": null, "Taxi Company Borough": null, "Taxi Pick Up Location": null, "Bridge Highway Name": null, "Bridge Highway Direction": null, "Road Ramp": null, "Bridge Highway Segment": null, "Latitude": 40.639059642421614, "Longitude": -74.083243781258005, "Location": "(40.639059642421614, -74.083243781258)", "Zip Codes": 10369, "Community Districts": 4, "Borough Boundaries": 1, "City Council Districts": 13, "Police Precincts": 74, "Police Precinct": 74 }, "geometry": { "type": "Point", "coordinates": [ -74.083243781258005, 40.639059642421614 ] } }
]
}
