{
"type": "FeatureCollection",
"name": "signs",
"crs": { "type": "name", "properties": { "name": "urn:ogc:def:crs:OGC:1.3:CRS84" } },
"features": [
{ "type": "Feature", "properties": { "Unique Key": 66036388, "Created Date": "09/03/2025 06:56:02 PM", "Closed Date": "09/03/2025 06:56:02 PM", "Agency": "DOHMH", "Agency Name": "Department of Health and Mental Hygiene", "Complaint Type": "Rodent", "Descriptor": "Signs of Rodents", "Location Type": "3+ Family Apt. Building", "Incident Zip": 11216, "Incident Address": "107A HALSEY STREET", "Street Name": "HALSEY STREET", "Cross Street 1": "NOSTRAND AVENUE", "Cross Street 2": "MARCY AVENUE", "Intersection Street 1": "NOSTRAND AVENUE", "Intersection Street 2": "MARCY AVENUE", "Address Type": "ADDRESS", "City": "BROOKLYN", "Landmark": "HALSEY STREET", "Facility Type": "N/A", "Status": "Closed", "Due Date": null, "Resolution Description": "The Department of Health and Mental Hygiene found violations on the property you reported. Follow-up inspections will be scheduled.", "Resolution Action Updated Date": "09/08/2025 11:39:14 AM", "Community Board": "03 BROOKLYN", "BBL": 3018380083, "Borough": "BROOKLYN", "X Coordinate (State Plane)": 998395, "Y Coordinate (State Plane)": 187719, "Open Data Channel Type": "ONLINE", "Park Facility Name": "Unspecified", "Park Borough": "BROOKLYN", "Vehicle Type": null, "Taxi Company Borough": null, "Taxi Pick Up Location": null, "Bridge Highway Name": null, "Bridge Highway Direction": null, "Road Ramp": null, "Bridge Highway Segment": null, "Latitude": 40.681910755529437, "Longitude": -73.949000571298996, "Location": "(40.68191075552944, -73.949000571299)", "Zip Codes": 17618, "Community Districts": 69, "Borough Boundaries": 2, "City Council Districts": 49, "Police Precincts": 51, "Police Precinct": 51 }, "geometry": { "type": "Point", "coordinates": [ -73.949000571298996, 40.681910755529437 ] } },
{ "type": "Feature", "properties": { "Unique Key": 66053988, "Created Date": "09/04/2025 10:05:52 PM", "Closed Date": "09/05/2025 01:31:52 PM", "Agency": "DOHMH", "Agency Name": "Department of Health and Mental Hygiene", "Complaint Type": "Rodent", "Descriptor": "Signs of Rodents", "Location Type": "1-2 Family Dwelling", "Incident Zip": 11222, "Incident Address": "201 RICHARDSON STREET", "Street Name": "RICHARDSON STREET", "Cross Street 1": "HUMBOLDT STREET", "Cross Street 2": "NORTH HENRY STREET", "Intersection Street 1": "HUMBOLDT STREET", "Intersection Street 2": "NORTH HENRY STREET", "Address Type": "ADDRESS", "City": "BROOKLYN", "Landmark": "RICHARDSON STREET", "Facility Type": "N/A", "Status": "Closed", "Due Date": null, "Resolution Description": "This service request was closed because the Department of Health and Mental Hygiene received an earlier complaint about the same location.  You can find inspection results for this address by going to the online Rat Portal at www.nyc.gov/rats.", "Resolution Action Updated Date": "09/04/2025 10:05:52 PM", "Community Board": "01 BROOKLYN", "BBL": 3028310023, "Borough": "BROOKLYN", "X Coordinate (State Plane)": 1000082, "Y Coordinate (State Plane)": 201230, "Open Data Channel Type": "ONLINE", "Park Facility Name": "Unspecified", "Park Borough": "BROOKLYN", "Vehicle Type": null, "Taxi Company Borough": null, "Taxi Pick Up Location": null, "Bridge Highway Name": null, "Bridge Highway Direction": null, "Road Ramp": null, "Bridge Highway Segment": null, "Latitude": 40.718992426113275, "Longitude": -73.942886377052019, "Location": "(40.718992426113275, -73.94288637705202)", "Zip Codes": 17613, "Community Districts": 36, "Borough Boundaries": 2, "City Council Districts": 30, "Police Precincts": 57, "Police Precinct": 57 }, "geometry": { "type": "Point", "coordinates": [ -73.942886377052019, 40.718992426113275 ] } },
{ "type": "Feature", "properties": { "Unique Key": 66013605, "Created Date": "09/02/2025 12:06:16 AM", "Closed Date": "09/02/2025 07:27:33 AM", "Agency": "DOHMH", "Agency Name": "Department of Health and Mental Hygiene", "Complaint Type": "Rodent", "Descriptor": "Signs of Rodents", "Location Type": "3+ Family Apt. Building", "Incident Zip": 10035, "Incident Address": "2400 2 AVENUE", "Street Name": "2 AVENUE", "Cross Street 1": "EAST 123 STREET", "Cross Street 2": "EAST 124 STREET", "Intersection Street 1": "EAST  123 STREET", "Intersection Street 2": "EAST  124 STREET", "Address Type": "ADDRESS", "City": "NEW YORK", "Landmark": "2 AVENUE", "Facility Type": "N/A", "Status": "Closed", "Due Date": null, "Resolution Description": "This service request was closed because the Department of Health and Mental Hygiene received an earlier complaint about the same location.  You can find inspection results for this address by going to the online Rat Portal at www.nyc.gov/rats.", "Resolution Action Updated Date": "09/02/2025 12:06:16 AM", "Community Board": "11 MANHATTAN", "BBL": 1017970001, "Borough": "MANHATTAN", "X Coordinate (State Plane)": 1002403, "Y Coordinate (State Plane)": 231268, "Open Data Channel Type": "MOBILE", "Park Facility Name": "Unspecified", "Park Borough": "MANHATTAN", "Vehicle Type": null, "Taxi Company Borough": null, "Taxi Pick Up Location": null, "Bridge Highway Name": null, "Bridge Highway Direction": null, "Road Ramp": null, "Bridge Highway Segment": null, "Latitude": 40.801434546547569, "Longitude": -73.934432308960851, "Location": "(40.80143454654757, -73.93443230896085)", "Zip Codes": 13093, "Community Districts": 7, "Borough Boundaries": 4, "City Council Districts": 35, "Police Precincts": 16, "Police Precinct": 16 }, "geometry": { "type": "Point", "coordinates": [ -73.934432308960851, 40.801434546547569 ] } },
{ "type": "Feature", "properties": { "Unique Key": 66055314, "Created Date": "09/05/2025 05:34:17 PM", "Closed Date": "09/05/2025 05:34:17 PM", "Agency": "DOHMH", "Agency Name": "Department of Health and Mental Hygiene", "Complaint Type": "Rodent", "Descriptor": "Signs of Rodents", "Location Type": "Commercial Building", "Incident Zip": 11209, "Incident Address": "8415 4 AVENUE", "Street Name": "4 AVENUE", "Cross Street 1": "84 STREET", "Cross Street 2": "85 STREET", "Intersection Street 1": "84 STREET", "Intersection Street 2": "85 STREET", "Address Type": "ADDRESS", "City": "BROOKLYN", "Landmark": "4 AVENUE", "Facility Type": "N/A", "Status": "Closed", "Due Date": null, "Resolution Description": "The Department of Health and Mental Hygiene tried to inspect the property you reported but could not access the site. If you have information that will help the inspector access the site, please go online to nyc.gov/311 or call 311 and refile your complaint with contact information.", "Resolution Action Updated Date": "09/16/2025 09:56:46 AM", "Community Board": "10 BROOKLYN", "BBL": 3060260001, "Borough": "BROOKLYN", "X Coordinate (State Plane)": 976508, "Y Coordinate (State Plane)": 166582, "Open Data Channel Type": "PHONE", "Park Facility Name": "Unspecified", "Park Borough": "BROOKLYN", "Vehicle Type": null, "Taxi Company Borough": null, "Taxi Pick Up Location": null, "Bridge Highway Name": null, "Bridge Highway Direction": null, "Road Ramp": null, "Bridge Highway Segment": null, "Latitude": 40.62390222032294, "Longitude": -74.027889317865231, "Location": "(40.62390222032294, -74.02788931786523)", "Zip Codes": 17216, "Community Districts": 10, "Borough Boundaries": 2, "City Council Districts": 44, "Police Precincts": 41, "Police Precinct": 41 }, "geometry": { "type": "Point", "coordinates": [ -74.027889317865231, 40.62390222032294 ] } },
{ "type": "Feature", "properties": { "Unique Key": 66062015, "Created Date": "09/05/2025 10:27:01 AM", "Closed Date": null, "Agency": "DOHMH", "Agency Name": "Department of Health and Mental Hygiene", "Complaint Type": "Rodent", "Descriptor": "Signs of Rodents", "Location Type": "Vacant Building", "Incident Zip": 11238, "Incident Address": "633 CLASSON AVENUE", "Street Name": "CLASSON AVENUE", "Cross Street 1": "PACIFIC STREET", "Cross Street 2": "DEAN STREET", "Intersection Street 1": "PACIFIC STREET", "Intersection Street 2": "DEAN STREET", "Address Type": "ADDRESS", "City": "BROOKLYN", "Landmark": "CLASSON AVENUE", "Facility Type": null, "Status": "In Progress", "Due Date": null, "Resolution Description": null, "Resolution Action Updated Date": null, "Community Board": "08 BROOKLYN", "BBL": 3011340008, "Borough": "BROOKLYN", "X Coordinate (State Plane)": 995727, "Y Coordinate (State Plane)": 186608, "Open Data Channel Type": "MOBILE", "Park Facility Name": "Unspecified", "Park Borough": "BROOKLYN", "Vehicle Type": null, "Taxi Company Borough": null, "Taxi Pick Up Location": null, "Bridge Highway Name": null, "Bridge Highway Direction": null, "Road Ramp": null, "Bridge Highway Segment": null, "Latitude": 40.678865174406639, "Longitude": -73.958621866295459, "Location": "(40.67886517440664, -73.95862186629546)", "Zip Codes": 13829, "Community Districts": 16, "Borough Boundaries": 2, "City Council Districts": 48, "Police Precincts": 49, "Police Precinct": 49 }, "geometry": { "type": "Point", "coordinates": [ -73.958621866295459, 40.678865174406639 ] } },
{ "type": "Feature", "properties": { "Unique Key": 66022868, "Created Date": "09/02/2025 08:47:32 PM", "Closed Date": "09/02/2025 08:47:32 PM", "Agency": "DOHMH", "Agency Name": "Department of Health and Mental Hygiene", "Complaint Type": "Rodent", "Descriptor": "Signs of Rodents", "Location Type": "3+ Family Apt. Building", "Incident Zip": 11216, "Incident Address": "12 ALBANY AVENUE", "Street Name": "ALBANY AVENUE", "Cross Street 1": "DECATUR STREET", "Cross Street 2": "FULTON STREET", "Intersection Street 1": "DECATUR STREET", "Intersection Street 2": "FULTON STREET", "Address Type": "ADDRESS", "City": "BROOKLYN", "Landmark": "ALBANY AVENUE", "Facility Type": "N/A", "Status": "Closed", "Due Date": null, "Resolution Description": "The Department of Health and Mental Hygiene found violations on the property you reported. Follow-up inspections will be scheduled.", "Resolution Action Updated Date": "09/19/2025 01:11:00 PM", "Community Board": "03 BROOKLYN", "BBL": 3018580024, "Borough": "BROOKLYN", "X Coordinate (State Plane)": 1001321, "Y Coordinate (State Plane)": 187189, "Open Data Channel Type": "MOBILE", "Park Facility Name": "Unspecified", "Park Borough": "BROOKLYN", "Vehicle Type": null, "Taxi Company Borough": null, "Taxi Pick Up Location": null, "Bridge Highway Name": null, "Bridge Highway Direction": null, "Road Ramp": null, "Bridge Highway Segment": null, "Latitude": 40.68045086689186, "Longitude": -73.938452300402517, "Location": "(40.68045086689186, -73.93845230040252)", "Zip Codes": 17618, "Community Districts": 69, "Borough Boundaries": 2, "City Council Districts": 49, "Police Precincts": 51, "Police Precinct": 51 }, "geometry": { "type": "Point", "coordinates": [ -73.938452300402517, 40.68045086689186 ] } },
{ "type": "Feature", "properties": { "Unique Key": 66022870, "Created Date": "09/02/2025 12:04:30 PM", "Closed Date": "09/02/2025 12:04:30 PM", "Agency": "DOHMH", "Agency Name": "Department of Health and Mental Hygiene", "Complaint Type": "Rodent", "Descriptor": "Signs of Rodents", "Location Type": "Vacant Lot", "Incident Zip": 11414, "Incident Address": "99-72 RAU COURT", "Street Name": "RAU COURT", "Cross Street 1": "JOEL A MIELE SR PEDESTRIAN BRDG", "Cross Street 2": "104 STREET", "Intersection Street 1": "JOEL A MIELE SR PEDESTRIAN BRDG", "Intersection Street 2": "104 STREET", "Address Type": "ADDRESS", "City": "HOWARD BEACH", "Landmark": "RAU COURT", "Facility Type": "N/A", "Status": "Closed", "Due Date": null, "Resolution Description": "The Department of Health and Mental Hygiene inspected the property you reported and did not find any violations at the time of the inspection. The property passed inspection.", "Resolution Action Updated Date": "09/19/2025 12:59:24 PM", "Community Board": "10 QUEENS", "BBL": 4142310091, "Borough": "QUEENS", "X Coordinate (State Plane)": 1031409, "Y Coordinate (State Plane)": 177558, "Open Data Channel Type": "ONLINE", "Park Facility Name": "Unspecified", "Park Borough": "QUEENS", "Vehicle Type": null, "Taxi Company Borough": null, "Taxi Pick Up Location": null, "Bridge Highway Name": null, "Bridge Highway Direction": null, "Road Ramp": null, "Bridge Highway Segment": null, "Latitude": 40.653906803662622, "Longitude": -73.830040730183697, "Location": "(40.65390680366262, -73.8300407301837)", "Zip Codes": 15314, "Community Districts": 62, "Borough Boundaries": 3, "City Council Districts": 41, "Police Precincts": 64, "Police Precinct": 64 }, "geometry": { "type": "Point", "coordinates": [ -73.830040730183697, 40.653906803662622 ] } },
{ "type": "Feature", "properties": { "Unique Key": 66024191, "Created Date": "09/02/2025 09:39:13 AM", "Closed Date": "09/02/2025 09:39:13 AM", "Agency": "DOHMH", "Agency Name": "Department of Health and Mental Hygiene", "Complaint Type": "Rodent", "Descriptor": "Signs of Rodents", "Location Type": "3+ Family Apt. Building", "Incident Zip": 11219, "Incident Address": "1164 63 STREET", "Street Name": "63 STREET", "Cross Street 1": "11 AVENUE", "Cross Street 2": "12 AVENUE", "Intersection Street 1": "11 AVENUE", "Intersection Street 2": "12 AVENUE", "Address Type": "ADDRESS", "City": "BROOKLYN", "Landmark": "63 STREET", "Facility Type": "N/A", "Status": "Closed", "Due Date": null, "Resolution Description": "The Department of Health and Mental Hygiene inspected the property you reported and did not find any violations at the time of the inspection. The property passed inspection.", "Resolution Action Updated Date": "09/12/2025 09:05:35 AM", "Community Board": "10 BROOKLYN", "BBL": 3057380036, "Borough": "BROOKLYN", "X Coordinate (State Plane)": 983309, "Y Coordinate (State Plane)": 168435, "Open Data Channel Type": "MOBILE", "Park Facility Name": "Unspecified", "Park Borough": "BROOKLYN", "Vehicle Type": null, "Taxi Company Borough": null, "Taxi Pick Up Location": null, "Bridge Highway Name": null, "Bridge Highway Direction": null, "Road Ramp": null, "Bridge Highway Segment": null, "Latitude": 40.628991648993129, "Longitude": -74.003390060576947, "Location": "(40.62899164899313, -74.00339006057695)", "Zip Codes": 17621, "Community Districts": 10, "Borough Boundaries": 2, "City Council Districts": 7, "Police Precincts": 41, "Police Precinct": 41 }, "geometry": { "type": "Point", "coordinates": [ -74.003390060576947, 40.628991648993129 ] } },
{ "type": "Feature", "properties": { "Unique Key": 66026884, "Created Date": "09/02/2025 04:37:50 PM", "Closed Date": "09/02/2025 04:37:50 PM", "Agency": "DOHMH", "Agency Name": "Department of Health and Mental Hygiene", "Complaint Type": "Rodent", "Descriptor": "Signs of Rodents", "Location Type": "Other (Explain Below)", "Incident Zip": 11220, "Incident Address": "358 49 STREET", "Street Name": "49 STREET", "Cross Street 1": "3 AVENUE", "Cross Street 2": "4 AVENUE", "Intersection Street 1": "3 AVENUE", "Intersection Street 2": "4 AVENUE", "Address Type": "ADDRESS", "City": "BROOKLYN", "Landmark": "49 STREET", "Facility Type": "N/A", "Status": "Closed", "Due Date": null, "Resolution Description": "The Department of Health and Mental Hygiene inspected the property you reported and did not find any violations at the time of the inspection. The property passed inspection.", "Resolution Action Updated Date": "09/17/2025 02:15:00 PM", "Community Board": "07 BROOKLYN", "BBL": 3007820031, "Borough": "BROOKLYN", "X Coordinate (State Plane)": 980689, "Y Coordinate (State Plane)": 175186, "Open Data Channel Type": "MOBILE", "Park Facility Name": "Unspecified", "Park Borough": "BROOKLYN", "Vehicle Type": null, "Taxi Company Borough": null, "Taxi Pick Up Location": null, "Bridge Highway Name": null, "Bridge Highway Direction": null, "Road Ramp": null, "Bridge Highway Segment": null, "Latitude": 40.64752103650136, "Longitude": -74.012832474326416, "Location": "(40.64752103650136, -74.01283247432642)", "Zip Codes": 18180, "Community Districts": 9, "Borough Boundaries": 2, "City Council Districts": 7, "Police Precincts": 45, "Police Precinct": 45 }, "geometry": { "type": "Point", "coordinates": [ -74.012832474326416, 40.64752103650136 ] } },
{ "type": "Feature", "properties": { "Unique Key": 66028176, "Created Date": "09/02/2025 04:14:51 PM", "Closed Date": null, "Agency": "DOHMH", "Agency Name": "Department of Health and Mental Hygiene", "Complaint Type": "Rodent", "Descriptor": "Signs of Rodents", "Location Type": "3+ Family Apt. Building", "Incident Zip": 11103, "Incident Address": "30-18 43 STREET", "Street Name": "43 STREET", "Cross Street 1": "30 AVENUE", "Cross Street 2": "31 AVENUE", "Intersection Street 1": "30 AVENUE", "Intersection Street 2": "31 AVENUE", "Address Type": "ADDRESS", "City": "ASTORIA", "Landmark": "43 STREET", "Facility Type": null, "Status": "In Progress", "Due Date": null, "Resolution Description": null, "Resolution Action Updated Date": null, "Community Board": "01 QUEENS", "BBL": 4006960045, "Borough": "QUEENS", "X Coordinate (State Plane)": 1008349, "Y Coordinate (State Plane)": 217008, "Open Data Channel Type": "MOBILE", "Park Facility Name": "Unspecified", "Park Borough": "QUEENS", "Vehicle Type": null, "Taxi Company Borough": null, "Taxi Pick Up Location": null, "Bridge Highway Name": null, "Bridge Highway Direction": null, "Road Ramp": null, "Bridge Highway Segment": null, "Latitude": 40.762280433122264, "Longitude": -73.913006830047109, "Location": "(40.762280433122264, -73.91300683004711)", "Zip Codes": 16860, "Community Districts": 39, "Borough Boundaries": 3, "City Council Districts": 4, "Police Precincts": 72, "Police Precinct": 72 }, "geometry": { "type": "Point", "coordinates": [ -73.913006830047109, 40.762280433122264 ] } },
{ "type": "Feature", "properties": { "Unique Key": 66036389, "Created Date": "09/03/2025 08:35:24 AM", "Closed Date": "09/03/2025 08:35:24 AM", "Agency": "DOHMH", "Agency Name": "Department of Health and Mental Hygiene", "Complaint Type": "Rodent", "Descriptor": "Signs of Rodents", "Location Type": "1-2 Family Dwelling", "Incident Zip": 11233, "Incident Address": "414 HALSEY STREET", "Street Name": "HALSEY STREET", "Cross Street 1": "MARCUS GARVEY BOULEVARD", "Cross Street 2": "LEWIS AVENUE", "Intersection Street 1": "MARCUS GARVEY BOULEVARD", "Intersection Street 2": "LEWIS AVENUE", "Address Type": "ADDRESS", "City": "BROOKLYN", "Landmark": "HALSEY STREET", "Facility Type": "N/A", "Status": "Closed", "Due Date": null, "Resolution Description": "The Department of Health and Mental Hygiene inspected the property you reported and did not find any violations at the time of the inspection. The property passed inspection.", "Resolution Action Updated Date": "09/19/2025 12:38:00 PM", "Community Board": "03 BROOKLYN", "BBL": 3016640014, "Borough": "BROOKLYN", "X Coordinate (State Plane)": 1001638, "Y Coordinate (State Plane)": 188206, "Open Data Channel Type": "MOBILE", "Park Facility Name": "Unspecified", "Park Borough": "BROOKLYN", "Vehicle Type": null, "Taxi Company Borough": null, "Taxi Pick Up Location": null, "Bridge Highway Name": null, "Bridge Highway Direction": null, "Road Ramp": null, "Bridge Highway Segment": null, "Latitude": 40.683241682872115, "Longitude": -73.937306766302441, "Location": "(40.683241682872115, -73.93730676630244)", "Zip Codes": 13516, "Community Districts": 69, "Borough Boundaries": 2, "City Council Districts": 49, "Police Precincts": 52, "Police Precinct": 52 }, "geometry": { "type": "Point", "coordinates": [ -73.937306766302441, 40.683241682872115 ] } },
{ "type": "Feature", "properties": { "Unique Key": 66045926, "Created Date": "09/04/2025 09:37:41 AM", "Closed Date": "09/05/2025 11:56:00 AM", "Agency": "DOHMH", "Agency Name": "Department of Health and Mental Hygiene", "Complaint Type": "Rodent", "Descriptor": "Signs of Rodents", "Location Type": "3+ Family Apt. Building", "Incident Zip": 10009, "Incident Address": "516 EAST   12 STREET", "Street Name": "EAST   12 STREET", "Cross Street 1": "AVENUE A", "Cross Street 2": "AVENUE B", "Intersection Street 1": "AVENUE A", "Intersection Street 2": "AVENUE B", "Address Type": "ADDRESS", "City": "NEW YORK", "Landmark": "EAST   12 STREET", "Facility Type": "N/A", "Status": "Closed", "Due Date": null, "Resolution Description": "This service request was closed because the Department of Health and Mental Hygiene received an earlier complaint about the same location.  You can find inspection results for this address by going to the online Rat Portal at www.nyc.gov/rats.", "Resolution Action Updated Date": "09/04/2025 09:37:41 AM", "Community Board": "03 MANHATTAN", "BBL": 1004050016, "Borough": "MANHATTAN", "X Coordinate (State Plane)": 989595, "Y Coordinate (State Plane)": 204806, "Open Data Channel Type": "MOBILE", "Park Facility Name": "Unspecified", "Park Borough": "MANHATTAN", "Vehicle Type": null, "Taxi Company Borough": null, "Taxi Pick Up Location": null, "Bridge Highway Name": null, "Bridge Highway Direction": null, "Road Ramp": null, "Bridge Highway Segment": null, "Latitude": 40.728820231020052, "Longitude": -73.980715177063118, "Location": "(40.72882023102005, -73.98071517706312)", "Zip Codes": 11729, "Community Districts": 70, "Borough Boundaries": 4, "City Council Districts": 50, "Police Precincts": 5, "Police Precinct": 5 }, "geometry": { "type": "Point", "coordinates": [ -73.980715177063118, 40.728820231020052 ] } },
{ "type": "Feature", "properties": { "Unique Key": 66081307, "Created Date": "09/07/2025 05:02:16 PM", "Closed Date": "09/07/2025 05:02:16 PM", "Agency": "DOHMH", "Agency Name": "Department of Health and Mental Hygiene", "Complaint Type": "Rodent", "Descriptor": "Signs of Rodents", "Location Type": "3+ Family Apt. Building", "Incident Zip": 11226, "Incident Address": "580 EAST   17 STREET", "Street Name": "EAST   17 STREET", "Cross Street 1": "DITMAS AVENUE", "Cross Street 2": "NEWKIRK AVENUE", "Intersection Street 1": "DITMAS AVENUE", "Intersection Street 2": "NEWKIRK AVENUE", "Address Type": "ADDRESS", "City": "BROOKLYN", "Landmark": "EAST   17 STREET", "Facility Type": "N/A", "Status": "Closed", "Due Date": null, "Resolution Description": "The Department of Health and Mental Hygiene found violations on the property you reported. Follow-up inspections will be scheduled.", "Resolution Action Updated Date": "09/23/2025 11:15:48 AM", "Community Board": "14 BROOKLYN", "BBL": 3052020029, "Borough": "BROOKLYN", "X Coordinate (State Plane)": 994894, "Y Coordinate (State Plane)": 171237, "Open Data Channel Type": "MOBILE", "Park Facility Name": "Unspecified", "Park Borough": "BROOKLYN", "Vehicle Type": null, "Taxi Company Borough": null, "Taxi Pick Up Location": null, "Bridge Highway Name": null, "Bridge Highway Direction": null, "Road Ramp": null, "Bridge Highway Segment": null, "Latitude": 40.636676199847464, "Longitude": -73.96164935048148, "Location": "(40.636676199847464, -73.96164935048148)", "Zip Codes": 13510, "Community Districts": 60, "Borough Boundaries": 2, "City Council Districts": 11, "Police Precincts": 43, "Police Precinct": 43 }, "geometry": { "type": "Point", "coordinates": [ -73.96164935048148, 40.636676199847464 ] } },
{ "type": "Feature", "properties": { "Unique Key": 66028175, "Created Date": "09/03/2025 01:22:10 AM", "Closed Date": "09/03/2025 01:22:10 AM", "Agency": "DOHMH", "Agency Name": "Department of Health and Mental Hygiene", "Complaint Type": "Rodent", "Descriptor": "Signs of Rodents", "Location Type": "3+ Family Apt. Building", "Incident Zip": 11211, "Incident Address": "57 MASPETH AVENUE", "Street Name": "MASPETH AVENUE", "Cross Street 1": "CONSELYEA STREET", "Cross Street 2": "KINGSLAND AVENUE", "Intersection Street 1": "CONSELYEA STREET", "Intersection Street 2": "KINGSLAND AVENUE", "Address Type": "ADDRESS", "City": "BROOKLYN", "Landmark": "MASPETH AVENUE", "Facility Type": "N/A", "Status": "Closed", "Due Date": null, "Resolution Description": "The Department of Health and Mental Hygiene found violations on the property you reported. Follow-up inspections will be scheduled.", "Resolution Action Updated Date": "09/19/2025 11:10:00 AM", "Community Board": "01 BROOKLYN", "BBL": 3028937501, "Borough": "BROOKLYN", "X Coordinate (State Plane)": 1000730, "Y Coordinate (State Plane)": 200028, "Open Data Channel Type": "ONLINE", "Park Facility Name": "Unspecified", "Park Borough": "BROOKLYN", "Vehicle Type": null, "Taxi Company Borough": null, "Taxi Pick Up Location": null, "Bridge Highway Name": null, "Bridge Highway Direction": null, "Road Ramp": null, "Bridge Highway Segment": null, "Latitude": 40.715692041850708, "Longitude": -73.94055167351118, "Location": "(40.71569204185071, -73.94055167351118)", "Zip Codes": 17613, "Community Districts": 36, "Borough Boundaries": 2, "City Council Districts": 30, "Police Precincts": 57, "Police Precinct": 57 }, "geometry": { "type": "Point", "coordinates": [ -73.94055167351118, 40.715692041850708 ] } },
{ "type": "Feature", "properties": { "Unique Key": 66033685, "Created Date": "09/03/2025 01:32:01 PM", "Closed Date": "09/03/2025 01:32:01 PM", "Agency": "DOHMH", "Agency Name": "Department of Health and Mental Hygiene", "Complaint Type": "Rodent", "Descriptor": "Signs of Rodents", "Location Type": "3+ Family Apt. Building", "Incident Zip": 11220, "Incident Address": "377 BAYRIDGE AVENUE", "Street Name": "BAYRIDGE AVENUE", "Cross Street 1": "3 AVENUE", "Cross Street 2": "4 AVENUE", "Intersection Street 1": "3 AVENUE", "Intersection Street 2": "4 AVENUE", "Address Type": "ADDRESS", "City": "BROOKLYN", "Landmark": "BAY RIDGE AVENUE", "Facility Type": "N/A", "Status": "Closed", "Due Date": null, "Resolution Description": "The Department of Health and Mental Hygiene inspected the property you reported and did not find any violations at the time of the inspection. The property passed inspection.", "Resolution Action Updated Date": "09/16/2025 11:47:12 AM", "Community Board": "10 BROOKLYN", "BBL": 3058630048, "Borough": "BROOKLYN", "X Coordinate (State Plane)": 977509, "Y Coordinate (State Plane)": 170613, "Open Data Channel Type": "MOBILE", "Park Facility Name": "Unspecified", "Park Borough": "BROOKLYN", "Vehicle Type": null, "Taxi Company Borough": null, "Taxi Pick Up Location": null, "Bridge Highway Name": null, "Bridge Highway Direction": null, "Road Ramp": null, "Bridge Highway Segment": null, "Latitude": 40.634967282963551, "Longitude": -74.024287401652458, "Location": "(40.63496728296355, -74.02428740165246)", "Zip Codes": 18180, "Community Districts": 10, "Borough Boundaries": 2, "City Council Districts": 44, "Police Precincts": 41, "Police Precinct": 41 }, "geometry": { "type": "Point", "coordinates": [ -74.024287401652458, 40.634967282963551 ] } },
{ "type": "Feature", "properties": { "Unique Key": 66036390, "Created Date": "09/03/2025 09:29:23 PM", "Closed Date": "09/17/2025 01:40:18 PM", "Agency": "DOHMH", "Agency Name": "Department of Health and Mental Hygiene", "Complaint Type": "Rodent", "Descriptor": "Signs of Rodents", "Location Type": "1-2 Family Dwelling", "Incident Zip": 11234, "Incident Address": "2033 HENDRICKSON STREET", "Street Name": "HENDRICKSON STREET", "Cross Street 1": "AVENUE S", "Cross Street 2": "AVENUE T", "Intersection Street 1": "AVENUE S", "Intersection Street 2": "AVENUE T", "Address Type": "ADDRESS", "City": "BROOKLYN", "Landmark": "HENDRICKSON STREET", "Facility Type": "N/A", "Status": "Closed", "Due Date": null, "Resolution Description": "This service request was closed because the Department of Health and Mental Hygiene received an earlier complaint about the same location.  You can find inspection results for this address by going to the online Rat Portal at www.nyc.gov/rats.", "Resolution Action Updated Date": "09/03/2025 09:29:23 PM", "Community Board": "18 BROOKLYN", "BBL": 3085280027, "Borough": "BROOKLYN", "X Coordinate (State Plane)": 1004703, "Y Coordinate (State Plane)": 162225, "Open Data Channel Type": "ONLINE", "Park Facility Name": "Unspecified", "Park Borough": "BROOKLYN", "Vehicle Type": null, "Taxi Company Borough": null, "Taxi Pick Up Location": null, "Bridge Highway Name": null, "Bridge Highway Direction": null, "Road Ramp": null, "Bridge Highway Segment": null, "Latitude": 40.611922937243833, "Longitude": -73.926334549815479, "Location": "(40.61192293724383, -73.92633454981548)", "Zip Codes": 13825, "Community Districts": 5, "Borough Boundaries": 2, "City Council Districts": 8, "Police Precincts": 38, "Police Precinct": 38 }, "geometry": { "type": "Point", "coordinates": [ -73.926334549815479, 40.611922937243833 ] } },
{ "type": "Feature", "properties": { "Unique Key": 66041814, "Created Date": "09/03/2025 10:02:32 AM", "Closed Date": "09/11/2025 04:16:13 PM", "Agency": "DOHMH", "Agency Name": "Department of Health and Mental Hygiene", "Complaint Type": "Rodent", "Descriptor": "Signs of Rodents", "Location Type": "1-2 Family Dwelling", "Incident Zip": 11209, "Incident Address": "136 95 STREET", "Street Name": "95 STREET", "Cross Street 1": "SHORE ROAD", "Cross Street 2": "MARINE AVENUE", "Intersection Street 1": "SHORE ROAD", "Intersection Street 2": "MARINE AVENUE", "Address Type": "ADDRESS", "City": "BROOKLYN", "Landmark": "95 STREET", "Facility Type": "N/A", "Status": "Closed", "Due Date": null, "Resolution Description": "This service request was closed because the Department of Health and Mental Hygiene received an earlier complaint about the same location.  You can find inspection results for this address by going to the online Rat Portal at www.nyc.gov/rats.", "Resolution Action Updated Date": "09/03/2025 10:02:32 AM", "Community Board": "10 BROOKLYN", "BBL": 3061200018, "Borough": "BROOKLYN", "X Coordinate (State Plane)": 973859, "Y Coordinate (State Plane)": 164007, "Open Data Channel Type": "ONLINE", "Park Facility Name": "Unspecified", "Park Borough": "BROOKLYN", "Vehicle Type": null, "Taxi Company Borough": null, "Taxi Pick Up Location": null, "Bridge Highway Name": null, "Bridge Highway Direction": null, "Road Ramp": null, "Bridge Highway Segment": null, "Latitude": 40.616831671299302, "Longitude": -74.037427952656671, "Location": "(40.6168316712993, -74.03742795265667)", "Zip Codes": 17216, "Community Districts": 10, "Borough Boundaries": 2, "City Council Districts": 44, "Police Precincts": 41, "Police Precinct": 41 }, "geometry": { "type": "Point", "coordinates": [ -74.037427952656671, 40.616831671299302 ] } },
{ "type": "Feature", "properties": { "Unique Key": 66084641, "Created Date": "09/08/2025 07:03:16 PM", "Closed Date": null, "Agency": "DOHMH", "Agency Name": "Department of Health and Mental Hygiene", "Complaint Type": "Rodent", "Descriptor": "Signs of Rodents", "Location Type": "1-2 Family Dwelling", "Incident Zip": 11379, "Incident Address": "66 ROAD", "Street Name": "66 ROAD", "Cross Street 1": "66 ROAD", "Cross Street 2": "77 STREET", "Intersection Street 1": "66 ROAD", "Intersection Street 2": "77 STREET", "Address Type": "INTERSECTION", "City": null, "Landmark": null, "Facility Type": null, "Status": "In Progress", "Due Date": null, "Resolution Description": null, "Resolution Action Updated Date": null, "Community Board": "05 QUEENS", "BBL": null, "Borough": "QUEENS", "X Coordinate (State Plane)": 1018302, "Y Coordinate (State Plane)": 199637, "Open Data Channel Type": "PHONE", "Park Facility Name": "Unspecified", "Park Borough": "QUEENS", "Vehicle Type": null, "Taxi Company Borough": null, "Taxi Pick Up Location": null, "Bridge Highway Name": null, "Bridge Highway Direction": null, "Road Ramp": null, "Bridge Highway Segment": null, "Latitude": 40.71456865868771, "Longitude": -73.87716621340536, "Location": "(40.71456865868771, -73.87716621340536)", "Zip Codes": 15309, "Community Districts": 54, "Borough Boundaries": 3, "City Council Districts": 34, "Police Precincts": 62, "Police Precinct": 62 }, "geometry": { "type": "Point", "coordinates": [ -73.87716621340536, 40.71456865868771 ] } },
{ "type": "Feature", "properties": { "Unique Key": 66045928, "Created Date": "09/04/2025 12:23:37 PM", "Closed Date": "09/04/2025 12:23:37 PM", "Agency": "DOHMH", "Agency Name": "Department of Health and Mental Hygiene", "Complaint Type": "Rodent", "Descriptor": "Signs of Rodents", "Location Type": "3+ Family Apt. Building", "Incident Zip": 11375, "Incident Address": "1 STATION SQUARE", "Street Name": "STATION SQUARE", "Cross Street 1": "CONTINENTAL AVENUE", "Cross Street 2": "GREENWAY TERRACE", "Intersection Street 1": "CONTINENTAL AVENUE", "Intersection Street 2": "GREENWAY TERRACE", "Address Type": "ADDRESS", "City": "FOREST HILLS", "Landmark": "STATION SQUARE", "Facility Type": "N/A", "Status": "Closed", "Due Date": null, "Resolution Description": "The Department of Health and Mental Hygiene inspected the property you reported and did not find any violations at the time of the inspection. The property passed inspection.", "Resolution Action Updated Date": "09/22/2025 01:50:15 PM", "Community Board": "06 QUEENS", "BBL": 4032530062, "Borough": "QUEENS", "X Coordinate (State Plane)": 1027126, "Y Coordinate (State Plane)": 201353, "Open Data Channel Type": "MOBILE", "Park Facility Name": "Unspecified", "Park Borough": "QUEENS", "Vehicle Type": null, "Taxi Company Borough": null, "Taxi Pick Up Location": null, "Bridge Highway Name": null, "Bridge Highway Direction": null, "Road Ramp": null, "Bridge Highway Segment": null, "Latitude": 40.71924029726528, "Longitude": -73.845325043970576, "Location": "(40.71924029726528, -73.84532504397058)", "Zip Codes": 14786, "Community Districts": 40, "Borough Boundaries": 3, "City Council Districts": 28, "Police Precincts": 70, "Police Precinct": 70 }, "geometry": { "type": "Point", "coordinates": [ -73.845325043970576, 40.71924029726528 ] } },
{ "type": "Feature", "properties": { "Unique Key": 66048641, "Created Date": "09/04/2025 06:21:17 PM", "Closed Date": "09/04/2025 06:21:17 PM", "Agency": "DOHMH", "Agency Name": "Department of Health and Mental Hygiene", "Complaint Type": "Rodent", "Descriptor": "Signs of Rodents", "Location Type": "3+ Family Apt. Building", "Incident Zip": 10028, "Incident Address": "213 EAST   84 STREET", "Street Name": "EAST   84 STREET", "Cross Street 1": "3 AVENUE", "Cross Street 2": "2 AVENUE", "Intersection Street 1": "3 AVENUE", "Intersection Street 2": "2 AVENUE", "Address Type": "ADDRESS", "City": "NEW YORK", "Landmark": "EAST   84 STREET", "Facility Type": "N/A", "Status": "Closed", "Due Date": null, "Resolution Description": "The Department of Health and Mental Hygiene found violations on the property you reported. Follow-up inspections will be scheduled.", "Resolution Action Updated Date": "09/15/2025 10:15:00 AM", "Community Board": "08 MANHATTAN", "BBL": 1015300006, "Borough": "MANHATTAN", "X Coordinate (State Plane)": 996876, "Y Coordinate (State Plane)": 222468, "Open Data Channel Type": "PHONE", "Park Facility Name": "Unspecified", "Park Borough": "MANHATTAN", "Vehicle Type": null, "Taxi Company Borough": null, "Taxi Pick Up Location": null, "Bridge Highway Name": null, "Bridge Highway Direction": null, "Road Ramp": null, "Bridge Highway Segment": null, "Latitude": 40.777290538942204, "Longitude": -73.954412082683461, "Location": "(40.777290538942204, -73.95441208268346)", "Zip Codes": 12425, "Community Districts": 23, "Borough Boundaries": 4, "City Council Districts": 1, "Police Precincts": 11, "Police Precinct": 11 }, "geometry": { "type": "Point", "coordinates": [ -73.954412082683461, 40.777290538942204 ] } },
{ "type": "Feature", "properties": { "Unique Key": 66049921, "Created Date": "09/04/2025 07:06:13 AM", "Closed Date": null, "Agency": "DOHMH", "Agency Name": "Department of Health and Mental Hygiene", "Complaint Type": "Rodent", "Descriptor": "Signs of Rodents", "Location Type": "Other (Explain Below)", "Incident Zip": 11232, "Incident Address": "825 4 AVENUE", "Street Name": "4 AVENUE", "Cross Street 1": "29 STREET", "Cross Street 2": "30 STREET", "Intersection Street 1": "29 STREET", "Intersection Street 2": "30 STREET", "Address Type": "ADDRESS", "City": "BROOKLYN", "Landmark": "4 AVENUE", "Facility Type": null, "Status": "In Progress", "Due Date": null, "Resolution Description": null, "Resolution Action Updated Date": null, "Community Board": "07 BROOKLYN", "BBL": 3006690001, "Borough": "BROOKLYN", "X Coordinate (State Plane)": 984069, "Y Coordinate (State Plane)": 178972, "Open Data Channel Type": "MOBILE", "Park Facility Name": "Unspecified", "Park Borough": "BROOKLYN", "Vehicle Type": null, "Taxi Company Borough": null, "Taxi Pick Up Location": null, "Bridge Highway Name": null, "Bridge Highway Direction": null, "Road Ramp": null, "Bridge Highway Segment": null, "Latitude": 40.657913495394858, "Longitude": -74.000652355990908, "Location": "(40.65791349539486, -74.00065235599091)", "Zip Codes": 13515, "Community Districts": 9, "Borough Boundaries": 2, "City Council Districts": 7, "Police Precincts": 45, "Police Precinct": 45 }, "geometry": { "type": "Point", "coordinates": [ -74.000652355990908, 40.657913495394858 ] } },
{ "type": "Feature", "properties": { "Unique Key": 66096131, "Created Date": "09/09/2025 07:30:16 AM", "Closed Date": "09/09/2025 07:30:16 AM", "Agency": "DOHMH", "Agency Name": "Department of Health and Mental Hygiene", "Complaint Type": "Rodent", "Descriptor": "Signs of Rodents", "Location Type": "3+ Family Apt. Building", "Incident Zip": 10025, "Incident Address": "204 WEST  109 STREET", "Street Name": "WEST  109 STREET", "Cross Street 1": "AMSTERDAM AVENUE", "Cross Street 2": "BROADWAY", "Intersection Street 1": "AMSTERDAM AVENUE", "Intersection Street 2": "BROADWAY", "Address Type": "ADDRESS", "City": "NEW YORK", "Landmark": "WEST  109 STREET", "Facility Type": "N/A", "Status": "Closed", "Due Date": null, "Resolution Description": "The Department of Health and Mental Hygiene found violations on the property you reported. Follow-up inspections will be scheduled.", "Resolution Action Updated Date": "09/15/2025 11:00:00 AM", "Community Board": "07 MANHATTAN", "BBL": 1018800037, "Borough": "MANHATTAN", "X Coordinate (State Plane)": 993911, "Y Coordinate (State Plane)": 231724, "Open Data Channel Type": "MOBILE", "Park Facility Name": "Unspecified", "Park Borough": "MANHATTAN", "Vehicle Type": null, "Taxi Company Borough": null, "Taxi Pick Up Location": null, "Bridge Highway Name": null, "Bridge Highway Direction": null, "Road Ramp": null, "Bridge Highway Segment": null, "Latitude": 40.802699507281019, "Longitude": -73.965104310108899, "Location": "(40.80269950728102, -73.9651043101089)", "Zip Codes": 12422, "Community Districts": 20, "Borough Boundaries": 4, "City Council Districts": 23, "Police Precincts": 15, "Police Precinct": 15 }, "geometry": { "type": "Point", "coordinates": [ -73.965104310108899, 40.802699507281019 ] } },
{ "type": "Feature", "properties": { "Unique Key": 66106223, "Created Date": "09/09/2025 01:46:41 AM", "Closed Date": "09/09/2025 07:39:45 AM", "Agency": "DOHMH", "Agency Name": "Department of Health and Mental Hygiene", "Complaint Type": "Rodent", "Descriptor": "Signs of Rodents", "Location Type": "3+ Family Apt. Building", "Incident Zip": 10035, "Incident Address": "2400 2 AVENUE", "Street Name": "2 AVENUE", "Cross Street 1": "EAST 123 STREET", "Cross Street 2": "EAST 124 STREET", "Intersection Street 1": "EAST  123 STREET", "Intersection Street 2": "EAST  124 STREET", "Address Type": "ADDRESS", "City": "NEW YORK", "Landmark": "2 AVENUE", "Facility Type": "N/A", "Status": "Closed", "Due Date": null, "Resolution Description": "This service request was closed because the Department of Health and Mental Hygiene received an earlier complaint about the same location.  You can find inspection results for this address by going to the online Rat Portal at www.nyc.gov/rats.", "Resolution Action Updated Date": "09/09/2025 01:46:41 AM", "Community Board": "11 MANHATTAN", "BBL": 1017970001, "Borough": "MANHATTAN", "X Coordinate (State Plane)": 1002403, "Y Coordinate (State Plane)": 231268, "Open Data Channel Type": "MOBILE", "Park Facility Name": "Unspecified", "Park Borough": "MANHATTAN", "Vehicle Type": null, "Taxi Company Borough": null, "Taxi Pick Up Location": null, "Bridge Highway Name": null, "Bridge Highway Direction": null, "Road Ramp": null, "Bridge Highway Segment": null, "Latitude": 40.801434546547569, "Longitude": -73.934432308960851, "Location": "(40.80143454654757, -73.93443230896085)", "Zip Codes": 13093, "Community Districts": 7, "Borough Boundaries": 4, "City Council Districts": 35, "Police Precincts": 16, "Police Precinct": 16 }, "geometry": { "type": "Point", "coordinates": [ -73.934432308960851, 40.801434546547569 ] } },
{ "type": "Feature", "properties": { "Unique Key": 66053989, "Created Date": "09/05/2025 12:08:19 AM", "Closed Date": "09/05/2025 12:08:19 AM", "Agency": "DOHMH", "Agency Name": "Department of Health and Mental Hygiene", "Complaint Type": "Rodent", "Descriptor": "Signs of Rodents", "Location Type": "3+ Family Apt. Building", "Incident Zip": 11237, "Incident Address": "127 THAMES STREET", "Street Name": "THAMES STREET", "Cross Street 1": "PORTER AVENUE", "Cross Street 2": "VARICK AVENUE", "Intersection Street 1": "PORTER AVENUE", "Intersection Street 2": "VARICK AVENUE", "Address Type": "ADDRESS", "City": "BROOKLYN", "Landmark": "THAMES STREET", "Facility Type": "N/A", "Status": "Closed", "Due Date": null, "Resolution Description": "The Department of Health and Mental Hygiene found violations on the property you reported. Follow-up inspections will be scheduled.", "Resolution Action Updated Date": "09/12/2025 10:42:00 AM", "Community Board": "01 BROOKLYN", "BBL": 3030100034, "Borough": "BROOKLYN", "X Coordinate (State Plane)": 1004314, "Y Coordinate (State Plane)": 196351, "Open Data Channel Type": "ONLINE", "Park Facility Name": "Unspecified", "Park Borough": "BROOKLYN", "Vehicle Type": null, "Taxi Company Borough": null, "Taxi Pick Up Location": null, "Bridge Highway Name": null, "Bridge Highway Direction": null, "Road Ramp": null, "Bridge Highway Segment": null, "Latitude": 40.705592151440861, "Longitude": -73.927634068486554, "Location": "(40.70559215144086, -73.92763406848655)", "Zip Codes": 13828, "Community Districts": 36, "Borough Boundaries": 2, "City Council Districts": 30, "Police Precincts": 56, "Police Precinct": 56 }, "geometry": { "type": "Point", "coordinates": [ -73.927634068486554, 40.705592151440861 ] } },
{ "type": "Feature", "properties": { "Unique Key": 66056668, "Created Date": "09/05/2025 05:47:20 PM", "Closed Date": null, "Agency": "DOHMH", "Agency Name": "Department of Health and Mental Hygiene", "Complaint Type": "Rodent", "Descriptor": "Signs of Rodents", "Location Type": "Vacant Lot", "Incident Zip": 10027, "Incident Address": "328 ST NICHOLAS AVENUE", "Street Name": "ST NICHOLAS AVENUE", "Cross Street 1": "WEST  126 STREET", "Cross Street 2": "WEST  127 STREET", "Intersection Street 1": "WEST  126 STREET", "Intersection Street 2": "WEST  127 STREET", "Address Type": "ADDRESS", "City": "NEW YORK", "Landmark": "ST NICHOLAS AVENUE", "Facility Type": null, "Status": "In Progress", "Due Date": null, "Resolution Description": null, "Resolution Action Updated Date": null, "Community Board": "10 MANHATTAN", "BBL": 1019530045, "Borough": "MANHATTAN", "X Coordinate (State Plane)": 997579, "Y Coordinate (State Plane)": 234994, "Open Data Channel Type": "MOBILE", "Park Facility Name": "Unspecified", "Park Borough": "MANHATTAN", "Vehicle Type": null, "Taxi Company Borough": null, "Taxi Pick Up Location": null, "Bridge Highway Name": null, "Bridge Highway Direction": null, "Road Ramp": null, "Bridge Highway Segment": null, "Latitude": 40.811669980771875, "Longitude": -73.951848943950097, "Location": "(40.811669980771875, -73.9518489439501)", "Zip Codes": 12424, "Community Districts": 18, "Borough Boundaries": 4, "City Council Districts": 36, "Police Precincts": 18, "Police Precinct": 18 }, "geometry": { "type": "Point", "coordinates": [ -73.951848943950097, 40.811669980771875 ] } },
{ "type": "Feature", "properties": { "Unique Key": 66060672, "Created Date": "09/05/2025 07:24:45 AM", "Closed Date": "09/05/2025 07:24:45 AM", "Agency": "DOHMH", "Agency Name": "Department of Health and Mental Hygiene", "Complaint Type": "Rodent", "Descriptor": "Signs of Rodents", "Location Type": "3+ Family Apt. Building", "Incident Zip": 11237, "Incident Address": "173 WYCKOFF AVENUE", "Street Name": "WYCKOFF AVENUE", "Cross Street 1": "STANHOPE STREET", "Cross Street 2": "HIMROD STREET", "Intersection Street 1": "STANHOPE STREET", "Intersection Street 2": "HIMROD STREET", "Address Type": "ADDRESS", "City": "BROOKLYN", "Landmark": "WYCKOFF AVENUE", "Facility Type": "N/A", "Status": "Closed", "Due Date": null, "Resolution Description": "The Department of Health and Mental Hygiene found violations on the property you reported. Follow-up inspections will be scheduled.", "Resolution Action Updated Date": "09/23/2025 12:42:00 PM", "Community Board": "04 BROOKLYN", "BBL": 3032710005, "Borough": "BROOKLYN", "X Coordinate (State Plane)": 1007140, "Y Coordinate (State Plane)": 195485, "Open Data Channel Type": "MOBILE", "Park Facility Name": "Unspecified", "Park Borough": "BROOKLYN", "Vehicle Type": null, "Taxi Company Borough": null, "Taxi Pick Up Location": null, "Bridge Highway Name": null, "Bridge Highway Direction": null, "Road Ramp": null, "Bridge Highway Segment": null, "Latitude": 40.703208326947703, "Longitude": -73.917444328315597, "Location": "(40.7032083269477, -73.9174443283156)", "Zip Codes": 13828, "Community Districts": 42, "Borough Boundaries": 2, "City Council Districts": 37, "Police Precincts": 53, "Police Precinct": 53 }, "geometry": { "type": "Point", "coordinates": [ -73.917444328315597, 40.703208326947703 ] } },
{ "type": "Feature", "properties": { "Unique Key": 66063341, "Created Date": "09/05/2025 01:43:12 PM", "Closed Date": "09/05/2025 01:43:12 PM", "Agency": "DOHMH", "Agency Name": "Department of Health and Mental Hygiene", "Complaint Type": "Rodent", "Descriptor": "Signs of Rodents", "Location Type": "3+ Family Mixed Use Building", "Incident Zip": 10452, "Incident Address": "1417 GRAND CONCOURSE", "Street Name": "GRAND CONCOURSE", "Cross Street 1": "EAST 170 STREET", "Cross Street 2": "EAST 171 STREET", "Intersection Street 1": "EAST  170 STREET", "Intersection Street 2": "EAST  171 STREET", "Address Type": "ADDRESS", "City": "BRONX", "Landmark": "GRAND CONCOURSE", "Facility Type": "N/A", "Status": "Closed", "Due Date": null, "Resolution Description": "The Department of Health and Mental Hygiene found violations on the property you reported. Follow-up inspections will be scheduled.", "Resolution Action Updated Date": "09/09/2025 11:50:34 AM", "Community Board": "04 BRONX", "BBL": 2028330026, "Borough": "BRONX", "X Coordinate (State Plane)": 1008181, "Y Coordinate (State Plane)": 245024, "Open Data Channel Type": "PHONE", "Park Facility Name": "Unspecified", "Park Borough": "BRONX", "Vehicle Type": null, "Taxi Company Borough": null, "Taxi Pick Up Location": null, "Bridge Highway Name": null, "Bridge Highway Direction": null, "Road Ramp": null, "Bridge Highway Segment": null, "Latitude": 40.839177107478257, "Longitude": -73.91351342969179, "Location": "(40.83917710747826, -73.91351342969179)", "Zip Codes": 10934, "Community Districts": 50, "Borough Boundaries": 5, "City Council Districts": 29, "Police Precincts": 27, "Police Precinct": 27 }, "geometry": { "type": "Point", "coordinates": [ -73.91351342969179, 40.839177107478257 ] } },
{ "type": "Feature", "properties": { "Unique Key": 66019326, "Created Date": "09/02/2025 12:22:38 AM", "Closed Date": "09/02/2025 07:27:32 AM", "Agency": "DOHMH", "Agency Name": "Department of Health and Mental Hygiene", "Complaint Type": "Rodent", "Descriptor": "Signs of Rodents", "Location Type": "3+ Family Apt. Building", "Incident Zip": 10035, "Incident Address": "2400 2 AVENUE", "Street Name": "2 AVENUE", "Cross Street 1": "EAST 123 STREET", "Cross Street 2": "EAST 124 STREET", "Intersection Street 1": "EAST  123 STREET", "Intersection Street 2": "EAST  124 STREET", "Address Type": "ADDRESS", "City": "NEW YORK", "Landmark": "2 AVENUE", "Facility Type": "N/A", "Status": "Closed", "Due Date": null, "Resolution Description": "This service request was closed because the Department of Health and Mental Hygiene received an earlier complaint about the same location.  You can find inspection results for this address by going to the online Rat Portal at www.nyc.gov/rats.", "Resolution Action Updated Date": "09/02/2025 12:22:38 AM", "Community Board": "11 MANHATTAN", "BBL": 1017970001, "Borough": "MANHATTAN", "X Coordinate (State Plane)": 1002403, "Y Coordinate (State Plane)": 231268, "Open Data Channel Type": "MOBILE", "Park Facility Name": "Unspecified", "Park Borough": "MANHATTAN", "Vehicle Type": null, "Taxi Company Borough": null, "Taxi Pick Up Location": null, "Bridge Highway Name": null, "Bridge Highway Direction": null, "Road Ramp": null, "Bridge Highway Segment": null, "Latitude": 40.801434546547569, "Longitude": -73.934432308960851, "Location": "(40.80143454654757, -73.93443230896085)", "Zip Codes": 13093, "Community Districts": 7, "Borough Boundaries": 4, "City Council Districts": 35, "Police Precincts": 16, "Police Precinct": 16 }, "geometry": { "type": "Point", "coordinates": [ -73.934432308960851, 40.801434546547569 ] } },
{ "type": "Feature", "properties": { "Unique Key": 66019327, "Created Date": "09/02/2025 12:17:03 AM", "Closed Date": "09/02/2025 07:27:33 AM", "Agency": "DOHMH", "Agency Name": "Department of Health and Mental Hygiene", "Complaint Type": "Rodent", "Descriptor": "Signs of Rodents", "Location Type": "3+ Family Apt. Building", "Incident Zip": 10035, "Incident Address": "2400 2 AVENUE", "Street Name": "2 AVENUE", "Cross Street 1": "EAST 123 STREET", "Cross Street 2": "EAST 124 STREET", "Intersection Street 1": "EAST  123 STREET", "Intersection Street 2": "EAST  124 STREET", "Address Type": "ADDRESS", "City": "NEW YORK", "Landmark": "2 AVENUE", "Facility Type": "N/A", "Status": "Closed", "Due Date": null, "Resolution Description": "This service request was closed because the Department of Health and Mental Hygiene received an earlier complaint about the same location.  You can find inspection results for this address by going to the online Rat Portal at www.nyc.gov/rats.", "Resolution Action Updated Date": "09/02/2025 12:17:03 AM", "Community Board": "11 MANHATTAN", "BBL": 1017970001, "Borough": "MANHATTAN", "X Coordinate (State Plane)": 1002403, "Y Coordinate (State Plane)": 231268, "Open Data Channel Type": "MOBILE", "Park Facility Name": "Unspecified", "Park Borough": "MANHATTAN", "Vehicle Type": null, "Taxi Company Borough": null, "Taxi Pick Up Location": null, "Bridge Highway Name": null, "Bridge Highway Direction": null, "Road Ramp": null, "Bridge Highway Segment": null, "Latitude": 40.801434546547569, "Longitude": -73.934432308960851, "Location": "(40.80143454654757, -73.93443230896085)", "Zip Codes": 13093, "Community Districts": 7, "Borough Boundaries": 4, "City Council Districts": 35, "Police Precincts": 16, "Police Precinct": 16 }, "geometry": { "type": "Point", "coordinates": [ -73.934432308960851, 40.801434546547569 ] } },
{ "type": "Feature", "properties": { "Unique Key": 66019328, "Created Date": "09/01/2025 11:59:26 PM", "Closed Date": "09/02/2025 07:27:33 AM", "Agency": "DOHMH", "Agency Name": "Department of Health and Mental Hygiene", "Complaint Type": "Rodent", "Descriptor": "Signs of Rodents", "Location Type": "3+ Family Apt. Building", "Incident Zip": 10035, "Incident Address": "2400 2 AVENUE", "Street Name": "2 AVENUE", "Cross Street 1": "EAST 123 STREET", "Cross Street 2": "EAST 124 STREET", "Intersection Street 1": "EAST  123 STREET", "Intersection Street 2": "EAST  124 STREET", "Address Type": "ADDRESS", "City": "NEW YORK", "Landmark": "2 AVENUE", "Facility Type": "N/A", "Status": "Closed", "Due Date": null, "Resolution Description": "This service request was closed because the Department of Health and Mental Hygiene received an earlier complaint about the same location.  You can find inspection results for this address by going to the online Rat Portal at www.nyc.gov/rats.", "Resolution Action Updated Date": "09/01/2025 11:59:26 PM", "Community Board": "11 MANHATTAN", "BBL": 1017970001, "Borough": "MANHATTAN", "X Coordinate (State Plane)": 1002403, "Y Coordinate (State Plane)": 231268, "Open Data Channel Type": "MOBILE", "Park Facility Name": "Unspecified", "Park Borough": "MANHATTAN", "Vehicle Type": null, "Taxi Company Borough": null, "Taxi Pick Up Location": null, "Bridge Highway Name": null, "Bridge Highway Direction": null, "Road Ramp": null, "Bridge Highway Segment": null, "Latitude": 40.801434546547569, "Longitude": -73.934432308960851, "Location": "(40.80143454654757, -73.93443230896085)", "Zip Codes": 13093, "Community Districts": 7, "Borough Boundaries": 4, "City Council Districts": 35, "Police Precincts": 16, "Police Precinct": 16 }, "geometry": { "type": "Point", "coordinates": [ -73.934432308960851, 40.801434546547569 ] } },
{ "type": "Feature", "properties": { "Unique Key": 66020473, "Created Date": "09/02/2025 12:27:55 AM", "Closed Date": "09/02/2025 07:27:32 AM", "Agency": "DOHMH", "Agency Name": "Department of Health and Mental Hygiene", "Complaint Type": "Rodent", "Descriptor": "Signs of Rodents", "Location Type": "3+ Family Apt. Building", "Incident Zip": 10035, "Incident Address": "2400 2 AVENUE", "Street Name": "2 AVENUE", "Cross Street 1": "EAST 123 STREET", "Cross Street 2": "EAST 124 STREET", "Intersection Street 1": "EAST  123 STREET", "Intersection Street 2": "EAST  124 STREET", "Address Type": "ADDRESS", "City": "NEW YORK", "Landmark": "2 AVENUE", "Facility Type": "N/A", "Status": "Closed", "Due Date": null, "Resolution Description": "This service request was closed because the Department of Health and Mental Hygiene received an earlier complaint about the same location.  You can find inspection results for this address by going to the online Rat Portal at www.nyc.gov/rats.", "Resolution Action Updated Date": "09/02/2025 12:27:55 AM", "Community Board": "11 MANHATTAN", "BBL": 1017970001, "Borough": "MANHATTAN", "X Coordinate (State Plane)": 1002403, "Y Coordinate (State Plane)": 231268, "Open Data Channel Type": "MOBILE", "Park Facility Name": "Unspecified", "Park Borough": "MANHATTAN", "Vehicle Type": null, "Taxi Company Borough": null, "Taxi Pick Up Location": null, "Bridge Highway Name": null, "Bridge Highway Direction": null, "Road Ramp": null, "Bridge Highway Segment": null, "Latitude": 40.801434546547569, "Longitude": -73.934432308960851, "Location": "(40.80143454654757, -73.93443230896085)", "Zip Codes": 13093, "Community Districts": 7, "Borough Boundaries": 4, "City Council Districts": 35, "Police Precincts": 16, "Police Precinct": 16 }, "geometry": { "type": "Point", "coordinates": [ -73.934432308960851, 40.801434546547569 ] } },
{ "type": "Feature", "properties": { "Unique Key": 66071183, "Created Date": "09/06/2025 05:12:27 PM", "Closed Date": "09/08/2025 05:37:05 PM", "Agency": "DOHMH", "Agency Name": "Department of Health and Mental Hygiene", "Complaint Type": "Rodent", "Descriptor": "Signs of Rodents", "Location Type": "3+ Family Mixed Use Building", "Incident Zip": 11432, "Incident Address": "89-29 163 STREET", "Street Name": "163 STREET", "Cross Street 1": "89 AVENUE", "Cross Street 2": "JAMAICA AVENUE", "Intersection Street 1": "89 AVENUE", "Intersection Street 2": "JAMAICA AVENUE", "Address Type": "ADDRESS", "City": "JAMAICA", "Landmark": "163 STREET", "Facility Type": "N/A", "Status": "Closed", "Due Date": null, "Resolution Description": "This service request was closed because the Department of Health and Mental Hygiene received an earlier complaint about the same location.  You can find inspection results for this address by going to the online Rat Portal at www.nyc.gov/rats.", "Resolution Action Updated Date": "09/06/2025 05:12:27 PM", "Community Board": "12 QUEENS", "BBL": 4097930033, "Borough": "QUEENS", "X Coordinate (State Plane)": 1040249, "Y Coordinate (State Plane)": 196797, "Open Data Channel Type": "ONLINE", "Park Facility Name": "Unspecified", "Park Borough": "QUEENS", "Vehicle Type": null, "Taxi Company Borough": null, "Taxi Pick Up Location": null, "Bridge Highway Name": null, "Bridge Highway Direction": null, "Road Ramp": null, "Bridge Highway Segment": null, "Latitude": 40.706661861600296, "Longitude": -73.798021931919536, "Location": "(40.706661861600296, -73.79802193191954)", "Zip Codes": 24340, "Community Districts": 41, "Borough Boundaries": 3, "City Council Districts": 24, "Police Precincts": 61, "Police Precinct": 61 }, "geometry": { "type": "Point", "coordinates": [ -73.798021931919536, 40.706661861600296 ] } },
{ "type": "Feature", "properties": { "Unique Key": 66072462, "Created Date": "09/06/2025 10:30:05 AM", "Closed Date": null, "Agency": "DOHMH", "Agency Name": "Department of Health and Mental Hygiene", "Complaint Type": "Rodent", "Descriptor": "Signs of Rodents", "Location Type": "Vacant Lot", "Incident Zip": 11233, "Incident Address": "1742 BERGEN STREET", "Street Name": "BERGEN STREET", "Cross Street 1": "BUFFALO AVENUE", "Cross Street 2": "KINGSBOROUGH    5 WALK", "Intersection Street 1": "BUFFALO AVENUE", "Intersection Street 2": "KINGSBOROUGH    5 WALK", "Address Type": "ADDRESS", "City": "BROOKLYN", "Landmark": "BERGEN STREET", "Facility Type": null, "Status": "In Progress", "Due Date": null, "Resolution Description": null, "Resolution Action Updated Date": null, "Community Board": "08 BROOKLYN", "BBL": 3013570016, "Borough": "BROOKLYN", "X Coordinate (State Plane)": 1005231, "Y Coordinate (State Plane)": 185095, "Open Data Channel Type": "PHONE", "Park Facility Name": "Unspecified", "Park Borough": "BROOKLYN", "Vehicle Type": null, "Taxi Company Borough": null, "Taxi Pick Up Location": null, "Bridge Highway Name": null, "Bridge Highway Direction": null, "Road Ramp": null, "Bridge Highway Segment": null, "Latitude": 40.674694908107455, "Longitude": -73.924361730946572, "Location": "(40.674694908107455, -73.92436173094657)", "Zip Codes": 13516, "Community Districts": 16, "Borough Boundaries": 2, "City Council Districts": 17, "Police Precincts": 49, "Police Precinct": 49 }, "geometry": { "type": "Point", "coordinates": [ -73.924361730946572, 40.674694908107455 ] } },
{ "type": "Feature", "properties": { "Unique Key": 66073699, "Created Date": "09/06/2025 11:35:35 AM", "Closed Date": "09/06/2025 11:35:35 AM", "Agency": "DOHMH", "Agency Name": "Department of Health and Mental Hygiene", "Complaint Type": "Rodent", "Descriptor": "Signs of Rodents", "Location Type": "1-2 Family Dwelling", "Incident Zip": 10306, "Incident Address": "204 ROMA AVENUE", "Street Name": "ROMA AVENUE", "Cross Street 1": "EBBITTS STREET", "Cross Street 2": "JENNIFER LANE", "Intersection Street 1": "EBBITTS STREET", "Intersection Street 2": "JENNIFER LANE", "Address Type": "ADDRESS", "City": "STATEN ISLAND", "Landmark": "ROMA AVENUE", "Facility Type": "N/A", "Status": "Closed", "Due Date": null, "Resolution Description": "An inspection of the property was conducted and it passed with minor violations found.", "Resolution Action Updated Date": "09/18/2025 11:03:00 AM", "Community Board": "03 STATEN ISLAND", "BBL": 5041080038, "Borough": "STATEN ISLAND", "X Coordinate (State Plane)": 955221, "Y Coordinate (State Plane)": 143607, "Open Data Channel Type": "ONLINE", "Park Facility Name": "Unspecified", "Park Borough": "STATEN ISLAND", "Vehicle Type": null, "Taxi Company Borough": null, "Taxi Pick Up Location": null, "Bridge Highway Name": null, "Bridge Highway Direction": null, "Road Ramp": null, "Bridge Highway Segment": null, "Latitude": 40.560796325136344, "Longitude": -74.104473578844448, "Location": "(40.560796325136344, -74.10447357884445)", "Zip Codes": 10693, "Community Districts": 15, "Borough Boundaries": 1, "City Council Districts": 14, "Police Precincts": 76, "Police Precinct": 76 }, "geometry": { "type": "Point", "coordinates": [ -74.104473578844448, 40.560796325136344 ] } },
{ "type": "Feature", "properties": { "Unique Key": 66073701, "Created Date": "09/06/2025 05:46:52 PM", "Closed Date": "09/06/2025 05:46:52 PM", "Agency": "DOHMH", "Agency Name": "Department of Health and Mental Hygiene", "Complaint Type": "Rodent", "Descriptor": "Signs of Rodents", "Location Type": "Other (Explain Below)", "Incident Zip": 10314, "Incident Address": "19 VIRGINIA PLACE", "Street Name": "VIRGINIA PLACE", "Cross Street 1": "MAINE AVENUE", "Cross Street 2": "CONSTANT AVENUE", "Intersection Street 1": "MAINE AVENUE", "Intersection Street 2": "CONSTANT AVENUE", "Address Type": "ADDRESS", "City": "STATEN ISLAND", "Landmark": "VIRGINIA PLACE", "Facility Type": "N/A", "Status": "Closed", "Due Date": null, "Resolution Description": "The Department of Health and Mental Hygiene found violations on the property you reported. Follow-up inspections will be scheduled.", "Resolution Action Updated Date": "09/25/2025 09:25:56 AM", "Community Board": "01 STATEN ISLAND", "BBL": 5003740007, "Borough": "STATEN ISLAND", "X Coordinate (State Plane)": 948216, "Y Coordinate (State Plane)": 165179, "Open Data Channel Type": "ONLINE", "Park Facility Name": "Unspecified", "Park Borough": "STATEN ISLAND", "Vehicle Type": null, "Taxi Company Borough": null, "Taxi Pick Up Location": null, "Bridge Highway Name": null, "Bridge Highway Direction": null, "Road Ramp": null, "Bridge Highway Segment": null, "Latitude": 40.619981383034919, "Longitude": -74.129799147320071, "Location": "(40.61998138303492, -74.12979914732007)", "Zip Codes": 10700, "Community Districts": 4, "Borough Boundaries": 1, "City Council Districts": 14, "Police Precincts": 74, "Police Precinct": 74 }, "geometry": { "type": "Point", "coordinates": [ -74.129799147320071, 40.619981383034919 ] } },
{ "type": "Feature", "properties": { "Unique Key": 66078166, "Created Date": "09/07/2025 08:56:47 PM", "Closed Date": "09/07/2025 08:56:47 PM", "Agency": "DOHMH", "Agency Name": "Department of Health and Mental Hygiene", "Complaint Type": "Rodent", "Descriptor": "Signs of Rodents", "Location Type": "3+ Family Apt. Building", "Incident Zip": 11215, "Incident Address": "127 8 AVENUE", "Street Name": "8 AVENUE", "Cross Street 1": "CARROLL STREET", "Cross Street 2": "MONTGOMERY PLACE", "Intersection Street 1": "CARROLL STREET", "Intersection Street 2": "MONTGOMERY PLACE", "Address Type": "ADDRESS", "City": "BROOKLYN", "Landmark": "8 AVENUE", "Facility Type": "N/A", "Status": "Closed", "Due Date": null, "Resolution Description": "The Department of Health and Mental Hygiene inspected the property you reported and did not find any violations at the time of the inspection. The property passed inspection.", "Resolution Action Updated Date": "09/19/2025 10:39:01 AM", "Community Board": "06 BROOKLYN", "BBL": 3010727503, "Borough": "BROOKLYN", "X Coordinate (State Plane)": 991456, "Y Coordinate (State Plane)": 184093, "Open Data Channel Type": "MOBILE", "Park Facility Name": "Unspecified", "Park Borough": "BROOKLYN", "Vehicle Type": null, "Taxi Company Borough": null, "Taxi Pick Up Location": null, "Bridge Highway Name": null, "Bridge Highway Direction": null, "Road Ramp": null, "Bridge Highway Segment": null, "Latitude": 40.671966573441118, "Longitude": -73.97402282966948, "Location": "(40.67196657344112, -73.97402282966948)", "Zip Codes": 17617, "Community Districts": 14, "Borough Boundaries": 2, "City Council Districts": 27, "Police Precincts": 50, "Police Precinct": 50 }, "geometry": { "type": "Point", "coordinates": [ -73.97402282966948, 40.671966573441118 ] } },
{ "type": "Feature", "properties": { "Unique Key": 66096130, "Created Date": "09/09/2025 02:55:42 AM", "Closed Date": "09/09/2025 07:39:44 AM", "Agency": "DOHMH", "Agency Name": "Department of Health and Mental Hygiene", "Complaint Type": "Rodent", "Descriptor": "Signs of Rodents", "Location Type": "3+ Family Apt. Building", "Incident Zip": 10035, "Incident Address": "2400 2 AVENUE", "Street Name": "2 AVENUE", "Cross Street 1": "EAST 123 STREET", "Cross Street 2": "EAST 124 STREET", "Intersection Street 1": "EAST  123 STREET", "Intersection Street 2": "EAST  124 STREET", "Address Type": "ADDRESS", "City": "NEW YORK", "Landmark": "2 AVENUE", "Facility Type": "N/A", "Status": "Closed", "Due Date": null, "Resolution Description": "This service request was closed because the Department of Health and Mental Hygiene received an earlier complaint about the same location.  You can find inspection results for this address by going to the online Rat Portal at www.nyc.gov/rats.", "Resolution Action Updated Date": "09/09/2025 02:55:42 AM", "Community Board": "11 MANHATTAN", "BBL": 1017970001, "Borough": "MANHATTAN", "X Coordinate (State Plane)": 1002403, "Y Coordinate (State Plane)": 231268, "Open Data Channel Type": "MOBILE", "Park Facility Name": "Unspecified", "Park Borough": "MANHATTAN", "Vehicle Type": null, "Taxi Company Borough": null, "Taxi Pick Up Location": null, "Bridge Highway Name": null, "Bridge Highway Direction": null, "Road Ramp": null, "Bridge Highway Segment": null, "Latitude": 40.801434546547569, "Longitude": -73.934432308960851, "Location": "(40.80143454654757, -73.93443230896085)", "Zip Codes": 13093, "Community Districts": 7, "Borough Boundaries": 4, "City Council Districts": 35, "Police Precincts": 16, "Police Precinct": 16 }, "geometry": { "type": "Point", "coordinates": [ -73.934432308960851, 40.801434546547569 ] } },
{ "type": "Feature", "properties": { "Unique Key": 66096132, "Created Date": "09/09/2025 10:18:57 PM", "Closed Date": "09/10/2025 07:05:05 AM", "Agency": "DOHMH", "Agency Name": "Department of Health and Mental Hygiene", "Complaint Type": "Rodent", "Descriptor": "Signs of Rodents", "Location Type": "3+ Family Apt. Building", "Incident Zip": 10035, "Incident Address": "2400 2 AVENUE", "Street Name": "2 AVENUE", "Cross Street 1": "EAST 123 STREET", "Cross Street 2": "EAST 124 STREET", "Intersection Street 1": "EAST  123 STREET", "Intersection Street 2": "EAST  124 STREET", "Address Type": "ADDRESS", "City": "NEW YORK", "Landmark": "2 AVENUE", "Facility Type": "N/A", "Status": "Closed", "Due Date": null, "Resolution Description": "This service request was closed because the Department of Health and Mental Hygiene received an earlier complaint about the same location.  You can find inspection results for this address by going to the online Rat Portal at www.nyc.gov/rats.", "Resolution Action Updated Date": "09/09/2025 10:18:57 PM", "Community Board": "11 MANHATTAN", "BBL": 1017970001, "Borough": "MANHATTAN", "X Coordinate (State Plane)": 1002403, "Y Coordinate (State Plane)": 231268, "Open Data Channel Type": "MOBILE", "Park Facility Name": "Unspecified", "Park Borough": "MANHATTAN", "Vehicle Type": null, "Taxi Company Borough": null, "Taxi Pick Up Location": null, "Bridge Highway Name": null, "Bridge Highway Direction": null, "Road Ramp": null, "Bridge Highway Segment": null, "Latitude": 40.801434546547569, "Longitude": -73.934432308960851, "Location": "(40.80143454654757, -73.93443230896085)", "Zip Codes": 13093, "Community Districts": 7, "Borough Boundaries": 4, "City Council Districts": 35, "Police Precincts": 16, "Police Precinct": 16 }, "geometry": { "type": "Point", "coordinates": [ -73.934432308960851, 40.801434546547569 ] } },
{ "type": "Feature", "properties": { "Unique Key": 66107552, "Created Date": "09/10/2025 10:02:21 PM", "Closed Date": "09/11/2025 10:05:37 AM", "Agency": "DOHMH", "Agency Name": "Department of Health and Mental Hygiene", "Complaint Type": "Rodent", "Descriptor": "Signs of Rodents", "Location Type": "3+ Family Apt. Building", "Incident Zip": 10459, "Incident Address": "985 EAST  163 STREET", "Street Name": "EAST  163 STREET", "Cross Street 1": "TIFFANY STREET", "Cross Street 2": "FOX STREET", "Intersection Street 1": "TIFFANY STREET", "Intersection Street 2": "FOX STREET", "Address Type": "ADDRESS", "City": "BRONX", "Landmark": "EAST  163 STREET", "Facility Type": "N/A", "Status": "Closed", "Due Date": null, "Resolution Description": "This service request was closed because the Department of Health and Mental Hygiene received an earlier complaint about the same location.  You can find inspection results for this address by going to the online Rat Portal at www.nyc.gov/rats.", "Resolution Action Updated Date": "09/10/2025 10:02:21 PM", "Community Board": "02 BRONX", "BBL": 2027140061, "Borough": "BRONX", "X Coordinate (State Plane)": 1013555, "Y Coordinate (State Plane)": 238404, "Open Data Channel Type": "ONLINE", "Park Facility Name": "Unspecified", "Park Borough": "BRONX", "Vehicle Type": null, "Taxi Company Borough": null, "Taxi Pick Up Location": null, "Bridge Highway Name": null, "Bridge Highway Direction": null, "Road Ramp": null, "Bridge Highway Segment": null, "Latitude": 40.820990919465999, "Longitude": -73.894120743038812, "Location": "(40.820990919466, -73.89412074303881)", "Zip Codes": 10937, "Community Districts": 8, "Borough Boundaries": 5, "City Council Districts": 43, "Police Precincts": 24, "Police Precinct": 24 }, "geometry": { "type": "Point", "coordinates": [ -73.894120743038812, 40.820990919465999 ] } },
{ "type": "Feature", "properties": { "Unique Key": 66110141, "Created Date": "09/10/2025 05:54:55 PM", "Closed Date": null, "Agency": "DOHMH", "Agency Name": "Department of Health and Mental Hygiene", "Complaint Type": "Rodent", "Descriptor": "Signs of Rodents", "Location Type": "3+ Family Mixed Use Building", "Incident Zip": 11433, "Incident Address": "109-20 176 STREET", "Street Name": "176 STREET", "Cross Street 1": "109 AVENUE", "Cross Street 2": "110 AVENUE", "Intersection Street 1": "109 AVENUE", "Intersection Street 2": "110 AVENUE", "Address Type": "ADDRESS", "City": "JAMAICA", "Landmark": "176 STREET", "Facility Type": null, "Status": "In Progress", "Due Date": null, "Resolution Description": null, "Resolution Action Updated Date": null, "Community Board": "12 QUEENS", "BBL": 4102670045, "Borough": "QUEENS", "X Coordinate (State Plane)": 1045503, "Y Coordinate (State Plane)": 194027, "Open Data Channel Type": "PHONE", "Park Facility Name": "Unspecified", "Park Borough": "QUEENS", "Vehicle Type": null, "Taxi Company Borough": null, "Taxi Pick Up Location": null, "Bridge Highway Name": null, "Bridge Highway Direction": null, "Road Ramp": null, "Bridge Highway Segment": null, "Latitude": 40.699024074666731, "Longitude": -73.779096994522348, "Location": "(40.69902407466673, -73.77909699452235)", "Zip Codes": 24668, "Community Districts": 41, "Borough Boundaries": 3, "City Council Districts": 6, "Police Precincts": 61, "Police Precinct": 61 }, "geometry": { "type": "Point", "coordinates": [ -73.779096994522348, 40.699024074666731 ] } },
{ "type": "Feature", "properties": { "Unique Key": 66123562, "Created Date": "09/11/2025 09:43:44 AM", "Closed Date": null, "Agency": "DOHMH", "Agency Name": "Department of Health and Mental Hygiene", "Complaint Type": "Rodent", "Descriptor": "Signs of Rodents", "Location Type": "Commercial Building", "Incident Zip": 11237, "Incident Address": "15 SCOTT AVENUE", "Street Name": "SCOTT AVENUE", "Cross Street 1": "ST NICHOLAS AVENUE", "Cross Street 2": "JEFFERSON STREET", "Intersection Street 1": "ST NICHOLAS AVENUE", "Intersection Street 2": "JEFFERSON STREET", "Address Type": "ADDRESS", "City": "BROOKLYN", "Landmark": "SCOTT AVENUE", "Facility Type": null, "Status": "In Progress", "Due Date": null, "Resolution Description": null, "Resolution Action Updated Date": null, "Community Board": "04 BROOKLYN", "BBL": 3031780017, "Borough": "BROOKLYN", "X Coordinate (State Plane)": 1005888, "Y Coordinate (State Plane)": 197262, "Open Data Channel Type": "MOBILE", "Park Facility Name": "Unspecified", "Park Borough": "BROOKLYN", "Vehicle Type": null, "Taxi Company Borough": null, "Taxi Pick Up Location": null, "Bridge Highway Name": null, "Bridge Highway Direction": null, "Road Ramp": null, "Bridge Highway Segment": null, "Latitude": 40.708088921310292, "Longitude": -73.921954111590637, "Location": "(40.70808892131029, -73.92195411159064)", "Zip Codes": 13828, "Community Districts": 42, "Borough Boundaries": 2, "City Council Districts": 30, "Police Precincts": 53, "Police Precinct": 53 }, "geometry": { "type": "Point", "coordinates": [ -73.921954111590637, 40.708088921310292 ] } },
{ "type": "Feature", "properties": { "Unique Key": 66124853, "Created Date": "09/11/2025 07:37:26 PM", "Closed Date": null, "Agency": "DOHMH", "Agency Name": "Department of Health and Mental Hygiene", "Complaint Type": "Rodent", "Descriptor": "Signs of Rodents", "Location Type": "Other (Explain Below)", "Incident Zip": 11367, "Incident Address": "75 AVENUE", "Street Name": "75 AVENUE", "Cross Street 1": "75 AVENUE", "Cross Street 2": "MAIN STREET", "Intersection Street 1": "75 AVENUE", "Intersection Street 2": "MAIN STREET", "Address Type": "INTERSECTION", "City": null, "Landmark": null, "Facility Type": null, "Status": "In Progress", "Due Date": null, "Resolution Description": null, "Resolution Action Updated Date": null, "Community Board": "08 QUEENS", "BBL": null, "Borough": "QUEENS", "X Coordinate (State Plane)": 1034038, "Y Coordinate (State Plane)": 203100, "Open Data Channel Type": "PHONE", "Park Facility Name": "Unspecified", "Park Borough": "QUEENS", "Vehicle Type": null, "Taxi Company Borough": null, "Taxi Pick Up Location": null, "Bridge Highway Name": null, "Bridge Highway Direction": null, "Road Ramp": null, "Bridge Highway Segment": null, "Latitude": 40.723999180705086, "Longitude": -73.820377180331917, "Location": "(40.723999180705086, -73.82037718033192)", "Zip Codes": 14509, "Community Districts": 25, "Borough Boundaries": 3, "City Council Districts": 24, "Police Precincts": 65, "Police Precinct": 65 }, "geometry": { "type": "Point", "coordinates": [ -73.820377180331917, 40.723999180705086 ] } },
{ "type": "Feature", "properties": { "Unique Key": 66120779, "Created Date": "09/11/2025 10:00:14 AM", "Closed Date": null, "Agency": "DOHMH", "Agency Name": "Department of Health and Mental Hygiene", "Complaint Type": "Rodent", "Descriptor": "Signs of Rodents", "Location Type": "Other (Explain Below)", "Incident Zip": 11102, "Incident Address": "26-38 21 STREET", "Street Name": "21 STREET", "Cross Street 1": "26 ROAD", "Cross Street 2": "27 AVENUE", "Intersection Street 1": "26 ROAD", "Intersection Street 2": "27 AVENUE", "Address Type": "ADDRESS", "City": "ASTORIA", "Landmark": "21 STREET", "Facility Type": null, "Status": "In Progress", "Due Date": null, "Resolution Description": null, "Resolution Action Updated Date": null, "Community Board": "01 QUEENS", "BBL": 4008850001, "Borough": "QUEENS", "X Coordinate (State Plane)": 1004907, "Y Coordinate (State Plane)": 220871, "Open Data Channel Type": "MOBILE", "Park Facility Name": "Unspecified", "Park Borough": "QUEENS", "Vehicle Type": null, "Taxi Company Borough": null, "Taxi Pick Up Location": null, "Bridge Highway Name": null, "Bridge Highway Direction": null, "Road Ramp": null, "Bridge Highway Segment": null, "Latitude": 40.772892074525686, "Longitude": -73.925419968284203, "Location": "(40.772892074525686, -73.9254199682842)", "Zip Codes": 16859, "Community Districts": 39, "Borough Boundaries": 3, "City Council Districts": 4, "Police Precincts": 72, "Police Precinct": 72 }, "geometry": { "type": "Point", "coordinates": [ -73.925419968284203, 40.772892074525686 ] } },
{ "type": "Feature", "properties": { "Unique Key": 66022869, "Created Date": "09/03/2025 12:09:58 AM", "Closed Date": "09/03/2025 07:34:03 AM", "Agency": "DOHMH", "Agency Name": "Department of Health and Mental Hygiene", "Complaint Type": "Rodent", "Descriptor": "Signs of Rodents", "Location Type": "3+ Family Apt. Building", "Incident Zip": 10035, "Incident Address": "2400 2 AVENUE", "Street Name": "2 AVENUE", "Cross Street 1": "EAST 123 STREET", "Cross Street 2": "EAST 124 STREET", "Intersection Street 1": "EAST  123 STREET", "Intersection Street 2": "EAST  124 STREET", "Address Type": "ADDRESS", "City": "NEW YORK", "Landmark": "2 AVENUE", "Facility Type": "N/A", "Status": "Closed", "Due Date": null, "Resolution Description": "This service request was closed because the Department of Health and Mental Hygiene received an earlier complaint about the same location.  You can find inspection results for this address by going to the online Rat Portal at www.nyc.gov/rats.", "Resolution Action Updated Date": "09/03/2025 12:09:58 AM", "Community Board": "11 MANHATTAN", "BBL": 1017970001, "Borough": "MANHATTAN", "X Coordinate (State Plane)": 1002403, "Y Coordinate (State Plane)": 231268, "Open Data Channel Type": "MOBILE", "Park Facility Name": "Unspecified", "Park Borough": "MANHATTAN", "Vehicle Type": null, "Taxi Company Borough": null, "Taxi Pick Up Location": null, "Bridge Highway Name": null, "Bridge Highway Direction": null, "Road Ramp": null, "Bridge Highway Segment": null, "Latitude": 40.801434546547569, "Longitude": -73.934432308960851, "Location": "(40.80143454654757, -73.93443230896085)", "Zip Codes": 13093, "Community Districts": 7, "Borough Boundaries": 4, "City Council Districts": 35, "Police Precincts": 16, "Police Precinct": 16 }, "geometry": { "type": "Point", "coordinates": [ -73.934432308960851, 40.801434546547569 ] } },
{ "type": "Feature", "properties": { "Unique Key": 66024192, "Created Date": "09/02/2025 11:59:30 PM", "Closed Date": "09/03/2025 07:34:04 AM", "Agency": "DOHMH", "Agency Name": "Department of Health and Mental Hygiene", "Complaint Type": "Rodent", "Descriptor": "Signs of Rodents", "Location Type": "3+ Family Apt. Building", "Incident Zip": 10035, "Incident Address": "2400 2 AVENUE", "Street Name": "2 AVENUE", "Cross Street 1": "EAST 123 STREET", "Cross Street 2": "EAST 124 STREET", "Intersection Street 1": "EAST  123 STREET", "Intersection Street 2": "EAST  124 STREET", "Address Type": "ADDRESS", "City": "NEW YORK", "Landmark": "2 AVENUE", "Facility Type": "N/A", "Status": "Closed", "Due Date": null, "Resolution Description": "This service request was closed because the Department of Health and Mental Hygiene received an earlier complaint about the same location.  You can find inspection results for this address by going to the online Rat Portal at www.nyc.gov/rats.", "Resolution Action Updated Date": "09/02/2025 11:59:30 PM", "Community Board": "11 MANHATTAN", "BBL": 1017970001, "Borough": "MANHATTAN", "X Coordinate (State Plane)": 1002403, "Y Coordinate (State Plane)": 231268, "Open Data Channel Type": "MOBILE", "Park Facility Name": "Unspecified", "Park Borough": "MANHATTAN", "Vehicle Type": null, "Taxi Company Borough": null, "Taxi Pick Up Location": null, "Bridge Highway Name": null, "Bridge Highway Direction": null, "Road Ramp": null, "Bridge Highway Segment": null, "Latitude": 40.801434546547569, "Longitude": -73.934432308960851, "Location": "(40.80143454654757, -73.93443230896085)", "Zip Codes": 13093, "Community Districts": 7, "Borough Boundaries": 4, "City Council Districts": 35, "Police Precincts": 16, "Police Precinct": 16 }, "geometry": { "type": "Point", "coordinates": [ -73.934432308960851, 40.801434546547569 ] } },
{ "type": "Feature", "properties": { "Unique Key": 66028177, "Created Date": "09/03/2025 12:04:49 AM", "Closed Date": "09/03/2025 07:34:04 AM", "Agency": "DOHMH", "Agency Name": "Department of Health and Mental Hygiene", "Complaint Type": "Rodent", "Descriptor": "Signs of Rodents", "Location Type": "3+ Family Apt. Building", "Incident Zip": 10035, "Incident Address": "2400 2 AVENUE", "Street Name": "2 AVENUE", "Cross Street 1": "EAST 123 STREET", "Cross Street 2": "EAST 124 STREET", "Intersection Street 1": "EAST  123 STREET", "Intersection Street 2": "EAST  124 STREET", "Address Type": "ADDRESS", "City": "NEW YORK", "Landmark": "2 AVENUE", "Facility Type": "N/A", "Status": "Closed", "Due Date": null, "Resolution Description": "This service request was closed because the Department of Health and Mental Hygiene received an earlier complaint about the same location.  You can find inspection results for this address by going to the online Rat Portal at www.nyc.gov/rats.", "Resolution Action Updated Date": "09/03/2025 12:04:49 AM", "Community Board": "11 MANHATTAN", "BBL": 1017970001, "Borough": "MANHATTAN", "X Coordinate (State Plane)": 1002403, "Y Coordinate (State Plane)": 231268, "Open Data Channel Type": "MOBILE", "Park Facility Name": "Unspecified", "Park Borough": "MANHATTAN", "Vehicle Type": null, "Taxi Company Borough": null, "Taxi Pick Up Location": null, "Bridge Highway Name": null, "Bridge Highway Direction": null, "Road Ramp": null, "Bridge Highway Segment": null, "Latitude": 40.801434546547569, "Longitude": -73.934432308960851, "Location": "(40.80143454654757, -73.93443230896085)", "Zip Codes": 13093, "Community Districts": 7, "Borough Boundaries": 4, "City Council Districts": 35, "Police Precincts": 16, "Police Precinct": 16 }, "geometry": { "type": "Point", "coordinates": [ -73.934432308960851, 40.801434546547569 ] } },
{ "type": "Feature", "properties": { "Unique Key": 66130229, "Created Date": "09/12/2025 09:12:56 PM", "Closed Date": "09/15/2025 07:38:43 AM", "Agency": "DOHMH", "Agency Name": "Department of Health and Mental Hygiene", "Complaint Type": "Rodent", "Descriptor": "Signs of Rodents", "Location Type": "3+ Family Apt. Building", "Incident Zip": 10035, "Incident Address": "2400 2 AVENUE", "Street Name": "2 AVENUE", "Cross Street 1": "EAST 123 STREET", "Cross Street 2": "EAST 124 STREET", "Intersection Street 1": "EAST  123 STREET", "Intersection Street 2": "EAST  124 STREET", "Address Type": "ADDRESS", "City": "NEW YORK", "Landmark": "2 AVENUE", "Facility Type": "N/A", "Status": "Closed", "Due Date": null, "Resolution Description": "This service request was closed because the Department of Health and Mental Hygiene received an earlier complaint about the same location.  You can find inspection results for this address by going to the online Rat Portal at www.nyc.gov/rats.", "Resolution Action Updated Date": "09/12/2025 09:12:56 PM", "Community Board": "11 MANHATTAN", "BBL": 1017970001, "Borough": "MANHATTAN", "X Coordinate (State Plane)": 1002403, "Y Coordinate (State Plane)": 231268, "Open Data Channel Type": "MOBILE", "Park Facility Name": "Unspecified", "Park Borough": "MANHATTAN", "Vehicle Type": null, "Taxi Company Borough": null, "Taxi Pick Up Location": null, "Bridge Highway Name": null, "Bridge Highway Direction": null, "Road Ramp": null, "Bridge Highway Segment": null, "Latitude": 40.801434546547569, "Longitude": -73.934432308960851, "Location": "(40.80143454654757, -73.93443230896085)", "Zip Codes": 13093, "Community Districts": 7, "Borough Boundaries": 4, "City Council Districts": 35, "Police Precincts": 16, "Police Precinct": 16 }, "geometry": { "type": "Point", "coordinates": [ -73.934432308960851, 40.801434546547569 ] } },
{ "type": "Feature", "properties": { "Unique Key": 66130230, "Created Date": "09/12/2025 09:29:01 PM", "Closed Date": "09/15/2025 07:38:43 AM", "Agency": "DOHMH", "Agency Name": "Department of Health and Mental Hygiene", "Complaint Type": "Rodent", "Descriptor": "Signs of Rodents", "Location Type": "3+ Family Apt. Building", "Incident Zip": 10035, "Incident Address": "2400 2 AVENUE", "Street Name": "2 AVENUE", "Cross Street 1": "EAST 123 STREET", "Cross Street 2": "EAST 124 STREET", "Intersection Street 1": "EAST  123 STREET", "Intersection Street 2": "EAST  124 STREET", "Address Type": "ADDRESS", "City": "NEW YORK", "Landmark": "2 AVENUE", "Facility Type": "N/A", "Status": "Closed", "Due Date": null, "Resolution Description": "This service request was closed because the Department of Health and Mental Hygiene received an earlier complaint about the same location.  You can find inspection results for this address by going to the online Rat Portal at www.nyc.gov/rats.", "Resolution Action Updated Date": "09/12/2025 09:29:01 PM", "Community Board": "11 MANHATTAN", "BBL": 1017970001, "Borough": "MANHATTAN", "X Coordinate (State Plane)": 1002403, "Y Coordinate (State Plane)": 231268, "Open Data Channel Type": "MOBILE", "Park Facility Name": "Unspecified", "Park Borough": "MANHATTAN", "Vehicle Type": null, "Taxi Company Borough": null, "Taxi Pick Up Location": null, "Bridge Highway Name": null, "Bridge Highway Direction": null, "Road Ramp": null, "Bridge Highway Segment": null, "Latitude": 40.801434546547569, "Longitude": -73.934432308960851, "Location": "(40.80143454654757, -73.93443230896085)", "Zip Codes": 13093, "Community Districts": 7, "Borough Boundaries": 4, "City Council Districts": 35, "Police Precincts": 16, "Police Precinct": 16 }, "geometry": { "type": "Point", "coordinates": [ -73.934432308960851, 40.801434546547569 ] } },
{ "type": "Feature", "properties": { "Unique Key": 66029535, "Created Date": "09/02/2025 12:25:22 PM", "Closed Date": "09/04/2025 01:09:49 PM", "Agency": "DOHMH", "Agency Name": "Department of Health and Mental Hygiene", "Complaint Type": "Rodent", "Descriptor": "Signs of Rodents", "Location Type": "3+ Family Apt. Building", "Incident Zip": 11221, "Incident Address": "1098 BUSHWICK AVENUE", "Street Name": "BUSHWICK AVENUE", "Cross Street 1": "PALMETTO STREET", "Cross Street 2": "WOODBINE STREET", "Intersection Street 1": "PALMETTO STREET", "Intersection Street 2": "WOODBINE STREET", "Address Type": "ADDRESS", "City": "BROOKLYN", "Landmark": "BUSHWICK AVENUE", "Facility Type": "N/A", "Status": "Closed", "Due Date": null, "Resolution Description": "This service request was closed because the Department of Health and Mental Hygiene received an earlier complaint about the same location.  You can find inspection results for this address by going to the online Rat Portal at www.nyc.gov/rats.", "Resolution Action Updated Date": "09/02/2025 12:25:22 PM", "Community Board": "04 BROOKLYN", "BBL": 3033480042, "Borough": "BROOKLYN", "X Coordinate (State Plane)": 1006637, "Y Coordinate (State Plane)": 190721, "Open Data Channel Type": "MOBILE", "Park Facility Name": "Unspecified", "Park Borough": "BROOKLYN", "Vehicle Type": null, "Taxi Company Borough": null, "Taxi Pick Up Location": null, "Bridge Highway Name": null, "Bridge Highway Direction": null, "Road Ramp": null, "Bridge Highway Segment": null, "Latitude": 40.690133547039736, "Longitude": -73.919274294341449, "Location": "(40.690133547039736, -73.91927429434145)", "Zip Codes": 18181, "Community Districts": 42, "Borough Boundaries": 2, "City Council Districts": 30, "Police Precincts": 53, "Police Precinct": 53 }, "geometry": { "type": "Point", "coordinates": [ -73.919274294341449, 40.690133547039736 ] } },
{ "type": "Feature", "properties": { "Unique Key": 66035004, "Created Date": "09/04/2025 12:03:57 AM", "Closed Date": "09/04/2025 08:43:59 AM", "Agency": "DOHMH", "Agency Name": "Department of Health and Mental Hygiene", "Complaint Type": "Rodent", "Descriptor": "Signs of Rodents", "Location Type": "3+ Family Apt. Building", "Incident Zip": 10035, "Incident Address": "2400 2 AVENUE", "Street Name": "2 AVENUE", "Cross Street 1": "EAST 123 STREET", "Cross Street 2": "EAST 124 STREET", "Intersection Street 1": "EAST  123 STREET", "Intersection Street 2": "EAST  124 STREET", "Address Type": "ADDRESS", "City": "NEW YORK", "Landmark": "2 AVENUE", "Facility Type": "N/A", "Status": "Closed", "Due Date": null, "Resolution Description": "This service request was closed because the Department of Health and Mental Hygiene received an earlier complaint about the same location.  You can find inspection results for this address by going to the online Rat Portal at www.nyc.gov/rats.", "Resolution Action Updated Date": "09/04/2025 12:03:57 AM", "Community Board": "11 MANHATTAN", "BBL": 1017970001, "Borough": "MANHATTAN", "X Coordinate (State Plane)": 1002403, "Y Coordinate (State Plane)": 231268, "Open Data Channel Type": "MOBILE", "Park Facility Name": "Unspecified", "Park Borough": "MANHATTAN", "Vehicle Type": null, "Taxi Company Borough": null, "Taxi Pick Up Location": null, "Bridge Highway Name": null, "Bridge Highway Direction": null, "Road Ramp": null, "Bridge Highway Segment": null, "Latitude": 40.801434546547569, "Longitude": -73.934432308960851, "Location": "(40.80143454654757, -73.93443230896085)", "Zip Codes": 13093, "Community Districts": 7, "Borough Boundaries": 4, "City Council Districts": 35, "Police Precincts": 16, "Police Precinct": 16 }, "geometry": { "type": "Point", "coordinates": [ -73.934432308960851, 40.801434546547569 ] } },
{ "type": "Feature", "properties": { "Unique Key": 66036391, "Created Date": "09/04/2025 12:48:28 AM", "Closed Date": "09/04/2025 08:43:59 AM", "Agency": "DOHMH", "Agency Name": "Department of Health and Mental Hygiene", "Complaint Type": "Rodent", "Descriptor": "Signs of Rodents", "Location Type": "3+ Family Apt. Building", "Incident Zip": 10035, "Incident Address": "2400 2 AVENUE", "Street Name": "2 AVENUE", "Cross Street 1": "EAST 123 STREET", "Cross Street 2": "EAST 124 STREET", "Intersection Street 1": "EAST  123 STREET", "Intersection Street 2": "EAST  124 STREET", "Address Type": "ADDRESS", "City": "NEW YORK", "Landmark": "2 AVENUE", "Facility Type": "N/A", "Status": "Closed", "Due Date": null, "Resolution Description": "This service request was closed because the Department of Health and Mental Hygiene received an earlier complaint about the same location.  You can find inspection results for this address by going to the online Rat Portal at www.nyc.gov/rats.", "Resolution Action Updated Date": "09/04/2025 12:48:28 AM", "Community Board": "11 MANHATTAN", "BBL": 1017970001, "Borough": "MANHATTAN", "X Coordinate (State Plane)": 1002403, "Y Coordinate (State Plane)": 231268, "Open Data Channel Type": "MOBILE", "Park Facility Name": "Unspecified", "Park Borough": "MANHATTAN", "Vehicle Type": null, "Taxi Company Borough": null, "Taxi Pick Up Location": null, "Bridge Highway Name": null, "Bridge Highway Direction": null, "Road Ramp": null, "Bridge Highway Segment": null, "Latitude": 40.801434546547569, "Longitude": -73.934432308960851, "Location": "(40.80143454654757, -73.93443230896085)", "Zip Codes": 13093, "Community Districts": 7, "Borough Boundaries": 4, "City Council Districts": 35, "Police Precincts": 16, "Police Precinct": 16 }, "geometry": { "type": "Point", "coordinates": [ -73.934432308960851, 40.801434546547569 ] } },
{ "type": "Feature", "properties": { "Unique Key": 66037734, "Created Date": "09/04/2025 12:56:18 AM", "Closed Date": "09/04/2025 08:43:59 AM", "Agency": "DOHMH", "Agency Name": "Department of Health and Mental Hygiene", "Complaint Type": "Rodent", "Descriptor": "Signs of Rodents", "Location Type": "3+ Family Apt. Building", "Incident Zip": 10035, "Incident Address": "2400 2 AVENUE", "Street Name": "2 AVENUE", "Cross Street 1": "EAST 123 STREET", "Cross Street 2": "EAST 124 STREET", "Intersection Street 1": "EAST  123 STREET", "Intersection Street 2": "EAST  124 STREET", "Address Type": "ADDRESS", "City": "NEW YORK", "Landmark": "2 AVENUE", "Facility Type": "N/A", "Status": "Closed", "Due Date": null, "Resolution Description": "This service request was closed because the Department of Health and Mental Hygiene received an earlier complaint about the same location.  You can find inspection results for this address by going to the online Rat Portal at www.nyc.gov/rats.", "Resolution Action Updated Date": "09/04/2025 12:56:18 AM", "Community Board": "11 MANHATTAN", "BBL": 1017970001, "Borough": "MANHATTAN", "X Coordinate (State Plane)": 1002403, "Y Coordinate (State Plane)": 231268, "Open Data Channel Type": "MOBILE", "Park Facility Name": "Unspecified", "Park Borough": "MANHATTAN", "Vehicle Type": null, "Taxi Company Borough": null, "Taxi Pick Up Location": null, "Bridge Highway Name": null, "Bridge Highway Direction": null, "Road Ramp": null, "Bridge Highway Segment": null, "Latitude": 40.801434546547569, "Longitude": -73.934432308960851, "Location": "(40.80143454654757, -73.93443230896085)", "Zip Codes": 13093, "Community Districts": 7, "Borough Boundaries": 4, "City Council Districts": 35, "Police Precincts": 16, "Police Precinct": 16 }, "geometry": { "type": "Point", "coordinates": [ -73.934432308960851, 40.801434546547569 ] } },
{ "type": "Feature", "properties": { "Unique Key": 66037735, "Created Date": "09/04/2025 12:28:54 AM", "Closed Date": "09/04/2025 08:43:59 AM", "Agency": "DOHMH", "Agency Name": "Department of Health and Mental Hygiene", "Complaint Type": "Rodent", "Descriptor": "Signs of Rodents", "Location Type": "3+ Family Apt. Building", "Incident Zip": 10035, "Incident Address": "2400 2 AVENUE", "Street Name": "2 AVENUE", "Cross Street 1": "EAST 123 STREET", "Cross Street 2": "EAST 124 STREET", "Intersection Street 1": "EAST  123 STREET", "Intersection Street 2": "EAST  124 STREET", "Address Type": "ADDRESS", "City": "NEW YORK", "Landmark": "2 AVENUE", "Facility Type": "N/A", "Status": "Closed", "Due Date": null, "Resolution Description": "This service request was closed because the Department of Health and Mental Hygiene received an earlier complaint about the same location.  You can find inspection results for this address by going to the online Rat Portal at www.nyc.gov/rats.", "Resolution Action Updated Date": "09/04/2025 12:28:54 AM", "Community Board": "11 MANHATTAN", "BBL": 1017970001, "Borough": "MANHATTAN", "X Coordinate (State Plane)": 1002403, "Y Coordinate (State Plane)": 231268, "Open Data Channel Type": "MOBILE", "Park Facility Name": "Unspecified", "Park Borough": "MANHATTAN", "Vehicle Type": null, "Taxi Company Borough": null, "Taxi Pick Up Location": null, "Bridge Highway Name": null, "Bridge Highway Direction": null, "Road Ramp": null, "Bridge Highway Segment": null, "Latitude": 40.801434546547569, "Longitude": -73.934432308960851, "Location": "(40.80143454654757, -73.93443230896085)", "Zip Codes": 13093, "Community Districts": 7, "Borough Boundaries": 4, "City Council Districts": 35, "Police Precincts": 16, "Police Precinct": 16 }, "geometry": { "type": "Point", "coordinates": [ -73.934432308960851, 40.801434546547569 ] } },
{ "type": "Feature", "properties": { "Unique Key": 66043154, "Created Date": "09/04/2025 12:22:48 AM", "Closed Date": "09/04/2025 08:43:59 AM", "Agency": "DOHMH", "Agency Name": "Department of Health and Mental Hygiene", "Complaint Type": "Rodent", "Descriptor": "Signs of Rodents", "Location Type": "3+ Family Apt. Building", "Incident Zip": 10035, "Incident Address": "2400 2 AVENUE", "Street Name": "2 AVENUE", "Cross Street 1": "EAST 123 STREET", "Cross Street 2": "EAST 124 STREET", "Intersection Street 1": "EAST  123 STREET", "Intersection Street 2": "EAST  124 STREET", "Address Type": "ADDRESS", "City": "NEW YORK", "Landmark": "2 AVENUE", "Facility Type": "N/A", "Status": "Closed", "Due Date": null, "Resolution Description": "This service request was closed because the Department of Health and Mental Hygiene received an earlier complaint about the same location.  You can find inspection results for this address by going to the online Rat Portal at www.nyc.gov/rats.", "Resolution Action Updated Date": "09/04/2025 12:22:48 AM", "Community Board": "11 MANHATTAN", "BBL": 1017970001, "Borough": "MANHATTAN", "X Coordinate (State Plane)": 1002403, "Y Coordinate (State Plane)": 231268, "Open Data Channel Type": "MOBILE", "Park Facility Name": "Unspecified", "Park Borough": "MANHATTAN", "Vehicle Type": null, "Taxi Company Borough": null, "Taxi Pick Up Location": null, "Bridge Highway Name": null, "Bridge Highway Direction": null, "Road Ramp": null, "Bridge Highway Segment": null, "Latitude": 40.801434546547569, "Longitude": -73.934432308960851, "Location": "(40.80143454654757, -73.93443230896085)", "Zip Codes": 13093, "Community Districts": 7, "Borough Boundaries": 4, "City Council Districts": 35, "Police Precincts": 16, "Police Precinct": 16 }, "geometry": { "type": "Point", "coordinates": [ -73.934432308960851, 40.801434546547569 ] } },
{ "type": "Feature", "properties": { "Unique Key": 66086062, "Created Date": "09/08/2025 02:02:08 PM", "Closed Date": null, "Agency": "DOHMH", "Agency Name": "Department of Health and Mental Hygiene", "Complaint Type": "Rodent", "Descriptor": "Signs of Rodents", "Location Type": "1-2 Family Dwelling", "Incident Zip": 11361, "Incident Address": "43-19 208 STREET", "Street Name": "208 STREET", "Cross Street 1": "43 AVENUE", "Cross Street 2": "NORTHERN BOULEVARD", "Intersection Street 1": "43 AVENUE", "Intersection Street 2": "NORTHERN BOULEVARD", "Address Type": "ADDRESS", "City": "BAYSIDE", "Landmark": "208 STREET", "Facility Type": null, "Status": "In Progress", "Due Date": null, "Resolution Description": null, "Resolution Action Updated Date": null, "Community Board": "11 QUEENS", "BBL": 4062750040, "Borough": "QUEENS", "X Coordinate (State Plane)": 1046303, "Y Coordinate (State Plane)": 216115, "Open Data Channel Type": "MOBILE", "Park Facility Name": "Unspecified", "Park Borough": "QUEENS", "Vehicle Type": null, "Taxi Company Borough": null, "Taxi Pick Up Location": null, "Bridge Highway Name": null, "Bridge Highway Direction": null, "Road Ramp": null, "Bridge Highway Segment": null, "Latitude": 40.759644462863363, "Longitude": -73.776008193748822, "Location": "(40.75964446286336, -73.77600819374882)", "Zip Codes": 14196, "Community Districts": 26, "Borough Boundaries": 3, "City Council Districts": 20, "Police Precincts": 69, "Police Precinct": 69 }, "geometry": { "type": "Point", "coordinates": [ -73.776008193748822, 40.759644462863363 ] } },
{ "type": "Feature", "properties": { "Unique Key": 66091814, "Created Date": "09/08/2025 06:12:43 PM", "Closed Date": "09/08/2025 06:12:43 PM", "Agency": "DOHMH", "Agency Name": "Department of Health and Mental Hygiene", "Complaint Type": "Rodent", "Descriptor": "Signs of Rodents", "Location Type": "3+ Family Apt. Building", "Incident Zip": 11238, "Incident Address": "153 LAFAYETTE AVENUE", "Street Name": "LAFAYETTE AVENUE", "Cross Street 1": "CARLTON AVENUE", "Cross Street 2": "ADELPHI STREET", "Intersection Street 1": "CARLTON AVENUE", "Intersection Street 2": "ADELPHI STREET", "Address Type": "ADDRESS", "City": "BROOKLYN", "Landmark": "LAFAYETTE AVENUE", "Facility Type": "N/A", "Status": "Closed", "Due Date": null, "Resolution Description": "The Department of Health and Mental Hygiene inspected the property you reported and did not find any violations at the time of the inspection. The property passed inspection.", "Resolution Action Updated Date": "09/15/2025 10:25:00 AM", "Community Board": "02 BROOKLYN", "BBL": 3021030064, "Borough": "BROOKLYN", "X Coordinate (State Plane)": 992154, "Y Coordinate (State Plane)": 189775, "Open Data Channel Type": "MOBILE", "Park Facility Name": "Unspecified", "Park Borough": "BROOKLYN", "Vehicle Type": null, "Taxi Company Borough": null, "Taxi Pick Up Location": null, "Bridge Highway Name": null, "Bridge Highway Direction": null, "Road Ramp": null, "Bridge Highway Segment": null, "Latitude": 40.687561778697727, "Longitude": -73.971499920065028, "Location": "(40.68756177869773, -73.97149992006503)", "Zip Codes": 17212, "Community Districts": 68, "Borough Boundaries": 2, "City Council Districts": 48, "Police Precincts": 55, "Police Precinct": 55 }, "geometry": { "type": "Point", "coordinates": [ -73.971499920065028, 40.687561778697727 ] } },
{ "type": "Feature", "properties": { "Unique Key": 66093256, "Created Date": "09/08/2025 02:48:23 PM", "Closed Date": "09/08/2025 02:48:23 PM", "Agency": "DOHMH", "Agency Name": "Department of Health and Mental Hygiene", "Complaint Type": "Rodent", "Descriptor": "Signs of Rodents", "Location Type": "Other (Explain Below)", "Incident Zip": 11228, "Incident Address": "922 78 STREET", "Street Name": "78 STREET", "Cross Street 1": "7 AVENUE", "Cross Street 2": "10 AVENUE", "Intersection Street 1": "7 AVENUE", "Intersection Street 2": "10 AVENUE", "Address Type": "ADDRESS", "City": "BROOKLYN", "Landmark": "78 STREET", "Facility Type": "N/A", "Status": "Closed", "Due Date": null, "Resolution Description": "The Department of Health and Mental Hygiene inspected the property you reported and did not find any violations at the time of the inspection. The property passed inspection.", "Resolution Action Updated Date": "09/16/2025 10:25:24 AM", "Community Board": "10 BROOKLYN", "BBL": 3059730001, "Borough": "BROOKLYN", "X Coordinate (State Plane)": 979309, "Y Coordinate (State Plane)": 166530, "Open Data Channel Type": "MOBILE", "Park Facility Name": "Unspecified", "Park Borough": "BROOKLYN", "Vehicle Type": null, "Taxi Company Borough": null, "Taxi Pick Up Location": null, "Bridge Highway Name": null, "Bridge Highway Direction": null, "Road Ramp": null, "Bridge Highway Segment": null, "Latitude": 40.623761496181551, "Longitude": -74.017799125245745, "Location": "(40.62376149618155, -74.01779912524574)", "Zip Codes": 13511, "Community Districts": 10, "Borough Boundaries": 2, "City Council Districts": 44, "Police Precincts": 41, "Police Precinct": 41 }, "geometry": { "type": "Point", "coordinates": [ -74.017799125245745, 40.623761496181551 ] } },
{ "type": "Feature", "properties": { "Unique Key": 66032295, "Created Date": "09/02/2025 08:04:08 PM", "Closed Date": "09/02/2025 08:04:08 PM", "Agency": "DOHMH", "Agency Name": "Department of Health and Mental Hygiene", "Complaint Type": "Rodent", "Descriptor": "Signs of Rodents", "Location Type": "3+ Family Apt. Building", "Incident Zip": 10461, "Incident Address": "1748 JARVIS AVENUE", "Street Name": "JARVIS AVENUE", "Cross Street 1": "ROBERTS AVENUE", "Cross Street 2": "BUHRE AVENUE", "Intersection Street 1": "ROBERTS AVENUE", "Intersection Street 2": "BUHRE AVENUE", "Address Type": "ADDRESS", "City": "BRONX", "Landmark": "JARVIS AVENUE", "Facility Type": "N/A", "Status": "Closed", "Due Date": null, "Resolution Description": "The Department of Health and Mental Hygiene inspected the property you reported and did not find any violations at the time of the inspection. The property passed inspection.", "Resolution Action Updated Date": "09/04/2025 01:22:04 PM", "Community Board": "10 BRONX", "BBL": 2041760053, "Borough": "BRONX", "X Coordinate (State Plane)": 1031297, "Y Coordinate (State Plane)": 247835, "Open Data Channel Type": "MOBILE", "Park Facility Name": "Unspecified", "Park Borough": "BRONX", "Vehicle Type": null, "Taxi Company Borough": null, "Taxi Pick Up Location": null, "Bridge Highway Name": null, "Bridge Highway Direction": null, "Road Ramp": null, "Bridge Highway Segment": null, "Latitude": 40.846799569031568, "Longitude": -73.829952704579739, "Location": "(40.84679956903157, -73.82995270457974)", "Zip Codes": 11270, "Community Districts": 43, "Borough Boundaries": 5, "City Council Districts": 12, "Police Precincts": 28, "Police Precinct": 28 }, "geometry": { "type": "Point", "coordinates": [ -73.829952704579739, 40.846799569031568 ] } },
{ "type": "Feature", "properties": { "Unique Key": 66033684, "Created Date": "09/03/2025 01:55:51 PM", "Closed Date": "09/03/2025 01:55:51 PM", "Agency": "DOHMH", "Agency Name": "Department of Health and Mental Hygiene", "Complaint Type": "Rodent", "Descriptor": "Signs of Rodents", "Location Type": "3+ Family Apt. Building", "Incident Zip": 10451, "Incident Address": "1000 GRAND CONCOURSE", "Street Name": "GRAND CONCOURSE", "Cross Street 1": "EAST 164 STREET", "Cross Street 2": "EAST 165 STREET", "Intersection Street 1": "EAST  164 STREET", "Intersection Street 2": "EAST  165 STREET", "Address Type": "ADDRESS", "City": "BRONX", "Landmark": "GRAND CONCOURSE", "Facility Type": "N/A", "Status": "Closed", "Due Date": null, "Resolution Description": "The Department of Health and Mental Hygiene tried to inspect the property you reported but could not access the site. If you have information that will help the inspector access the site, please go online to nyc.gov/311 or call 311 and refile your complaint with contact information.", "Resolution Action Updated Date": "09/04/2025 02:45:55 PM", "Community Board": "04 BRONX", "BBL": 2024610090, "Borough": "BRONX", "X Coordinate (State Plane)": 1006092, "Y Coordinate (State Plane)": 241602, "Open Data Channel Type": "PHONE", "Park Facility Name": "Unspecified", "Park Borough": "BRONX", "Vehicle Type": null, "Taxi Company Borough": null, "Taxi Pick Up Location": null, "Bridge Highway Name": null, "Bridge Highway Direction": null, "Road Ramp": null, "Bridge Highway Segment": null, "Latitude": 40.829790122707635, "Longitude": -73.921074208700091, "Location": "(40.829790122707635, -73.92107420870009)", "Zip Codes": 10929, "Community Districts": 50, "Borough Boundaries": 5, "City Council Districts": 42, "Police Precincts": 27, "Police Precinct": 27 }, "geometry": { "type": "Point", "coordinates": [ -73.921074208700091, 40.829790122707635 ] } },
{ "type": "Feature", "properties": { "Unique Key": 66045927, "Created Date": "09/04/2025 10:52:07 PM", "Closed Date": "09/05/2025 07:29:28 AM", "Agency": "DOHMH", "Agency Name": "Department of Health and Mental Hygiene", "Complaint Type": "Rodent", "Descriptor": "Signs of Rodents", "Location Type": "3+ Family Apt. Building", "Incident Zip": 10035, "Incident Address": "2400 2 AVENUE", "Street Name": "2 AVENUE", "Cross Street 1": "EAST 123 STREET", "Cross Street 2": "EAST 124 STREET", "Intersection Street 1": "EAST  123 STREET", "Intersection Street 2": "EAST  124 STREET", "Address Type": "ADDRESS", "City": "NEW YORK", "Landmark": "2 AVENUE", "Facility Type": "N/A", "Status": "Closed", "Due Date": null, "Resolution Description": "This service request was closed because the Department of Health and Mental Hygiene received an earlier complaint about the same location.  You can find inspection results for this address by going to the online Rat Portal at www.nyc.gov/rats.", "Resolution Action Updated Date": "09/04/2025 10:52:07 PM", "Community Board": "11 MANHATTAN", "BBL": 1017970001, "Borough": "MANHATTAN", "X Coordinate (State Plane)": 1002403, "Y Coordinate (State Plane)": 231268, "Open Data Channel Type": "MOBILE", "Park Facility Name": "Unspecified", "Park Borough": "MANHATTAN", "Vehicle Type": null, "Taxi Company Borough": null, "Taxi Pick Up Location": null, "Bridge Highway Name": null, "Bridge Highway Direction": null, "Road Ramp": null, "Bridge Highway Segment": null, "Latitude": 40.801434546547569, "Longitude": -73.934432308960851, "Location": "(40.80143454654757, -73.93443230896085)", "Zip Codes": 13093, "Community Districts": 7, "Borough Boundaries": 4, "City Council Districts": 35, "Police Precincts": 16, "Police Precinct": 16 }, "geometry": { "type": "Point", "coordinates": [ -73.934432308960851, 40.801434546547569 ] } },
{ "type": "Feature", "properties": { "Unique Key": 66048643, "Created Date": "09/04/2025 10:32:49 PM", "Closed Date": "09/05/2025 07:29:28 AM", "Agency": "DOHMH", "Agency Name": "Department of Health and Mental Hygiene", "Complaint Type": "Rodent", "Descriptor": "Signs of Rodents", "Location Type": "3+ Family Apt. Building", "Incident Zip": 10035, "Incident Address": "2400 2 AVENUE", "Street Name": "2 AVENUE", "Cross Street 1": "EAST 123 STREET", "Cross Street 2": "EAST 124 STREET", "Intersection Street 1": "EAST  123 STREET", "Intersection Street 2": "EAST  124 STREET", "Address Type": "ADDRESS", "City": "NEW YORK", "Landmark": "2 AVENUE", "Facility Type": "N/A", "Status": "Closed", "Due Date": null, "Resolution Description": "This service request was closed because the Department of Health and Mental Hygiene received an earlier complaint about the same location.  You can find inspection results for this address by going to the online Rat Portal at www.nyc.gov/rats.", "Resolution Action Updated Date": "09/04/2025 10:32:49 PM", "Community Board": "11 MANHATTAN", "BBL": 1017970001, "Borough": "MANHATTAN", "X Coordinate (State Plane)": 1002403, "Y Coordinate (State Plane)": 231268, "Open Data Channel Type": "MOBILE", "Park Facility Name": "Unspecified", "Park Borough": "MANHATTAN", "Vehicle Type": null, "Taxi Company Borough": null, "Taxi Pick Up Location": null, "Bridge Highway Name": null, "Bridge Highway Direction": null, "Road Ramp": null, "Bridge Highway Segment": null, "Latitude": 40.801434546547569, "Longitude": -73.934432308960851, "Location": "(40.80143454654757, -73.93443230896085)", "Zip Codes": 13093, "Community Districts": 7, "Borough Boundaries": 4, "City Council Districts": 35, "Police Precincts": 16, "Police Precinct": 16 }, "geometry": { "type": "Point", "coordinates": [ -73.934432308960851, 40.801434546547569 ] } },
{ "type": "Feature", "properties": { "Unique Key": 66048644, "Created Date": "09/04/2025 11:05:13 PM", "Closed Date": "09/05/2025 07:29:28 AM", "Agency": "DOHMH", "Agency Name": "Department of Health and Mental Hygiene", "Complaint Type": "Rodent", "Descriptor": "Signs of Rodents", "Location Type": "3+ Family Apt. Building", "Incident Zip": 10035, "Incident Address": "2400 2 AVENUE", "Street Name": "2 AVENUE", "Cross Street 1": "EAST 123 STREET", "Cross Street 2": "EAST 124 STREET", "Intersection Street 1": "EAST  123 STREET", "Intersection Street 2": "EAST  124 STREET", "Address Type": "ADDRESS", "City": "NEW YORK", "Landmark": "2 AVENUE", "Facility Type": "N/A", "Status": "Closed", "Due Date": null, "Resolution Description": "This service request was closed because the Department of Health and Mental Hygiene received an earlier complaint about the same location.  You can find inspection results for this address by going to the online Rat Portal at www.nyc.gov/rats.", "Resolution Action Updated Date": "09/04/2025 11:05:13 PM", "Community Board": "11 MANHATTAN", "BBL": 1017970001, "Borough": "MANHATTAN", "X Coordinate (State Plane)": 1002403, "Y Coordinate (State Plane)": 231268, "Open Data Channel Type": "MOBILE", "Park Facility Name": "Unspecified", "Park Borough": "MANHATTAN", "Vehicle Type": null, "Taxi Company Borough": null, "Taxi Pick Up Location": null, "Bridge Highway Name": null, "Bridge Highway Direction": null, "Road Ramp": null, "Bridge Highway Segment": null, "Latitude": 40.801434546547569, "Longitude": -73.934432308960851, "Location": "(40.80143454654757, -73.93443230896085)", "Zip Codes": 13093, "Community Districts": 7, "Borough Boundaries": 4, "City Council Districts": 35, "Police Precincts": 16, "Police Precinct": 16 }, "geometry": { "type": "Point", "coordinates": [ -73.934432308960851, 40.801434546547569 ] } },
{ "type": "Feature", "properties": { "Unique Key": 66049920, "Created Date": "09/04/2025 08:55:50 AM", "Closed Date": "09/05/2025 07:55:37 AM", "Agency": "DOHMH", "Agency Name": "Department of Health and Mental Hygiene", "Complaint Type": "Rodent", "Descriptor": "Signs of Rodents", "Location Type": "Other (Explain Below)", "Incident Zip": 10029, "Incident Address": "347 EAST  116 STREET", "Street Name": "EAST  116 STREET", "Cross Street 1": "2 AVENUE", "Cross Street 2": "1 AVENUE", "Intersection Street 1": "2 AVENUE", "Intersection Street 2": "1 AVENUE", "Address Type": "ADDRESS", "City": "NEW YORK", "Landmark": "EAST  116 STREET", "Facility Type": "N/A", "Status": "Closed", "Due Date": null, "Resolution Description": "This service request was closed because the Department of Health and Mental Hygiene received an earlier complaint about the same location.  You can find inspection results for this address by going to the online Rat Portal at www.nyc.gov/rats.", "Resolution Action Updated Date": "09/04/2025 08:55:50 AM", "Community Board": "11 MANHATTAN", "BBL": 1016880120, "Borough": "MANHATTAN", "X Coordinate (State Plane)": 1001806, "Y Coordinate (State Plane)": 229475, "Open Data Channel Type": "MOBILE", "Park Facility Name": "Unspecified", "Park Borough": "MANHATTAN", "Vehicle Type": null, "Taxi Company Borough": null, "Taxi Pick Up Location": null, "Bridge Highway Name": null, "Bridge Highway Direction": null, "Road Ramp": null, "Bridge Highway Segment": null, "Latitude": 40.796514457971625, "Longitude": -73.936593328887525, "Location": "(40.796514457971625, -73.93659332888753)", "Zip Codes": 13093, "Community Districts": 7, "Borough Boundaries": 4, "City Council Districts": 35, "Police Precincts": 16, "Police Precinct": 16 }, "geometry": { "type": "Point", "coordinates": [ -73.936593328887525, 40.796514457971625 ] } },
{ "type": "Feature", "properties": { "Unique Key": 66052649, "Created Date": "09/04/2025 10:42:19 PM", "Closed Date": "09/05/2025 07:29:28 AM", "Agency": "DOHMH", "Agency Name": "Department of Health and Mental Hygiene", "Complaint Type": "Rodent", "Descriptor": "Signs of Rodents", "Location Type": "3+ Family Apt. Building", "Incident Zip": 10035, "Incident Address": "2400 2 AVENUE", "Street Name": "2 AVENUE", "Cross Street 1": "EAST 123 STREET", "Cross Street 2": "EAST 124 STREET", "Intersection Street 1": "EAST  123 STREET", "Intersection Street 2": "EAST  124 STREET", "Address Type": "ADDRESS", "City": "NEW YORK", "Landmark": "2 AVENUE", "Facility Type": "N/A", "Status": "Closed", "Due Date": null, "Resolution Description": "This service request was closed because the Department of Health and Mental Hygiene received an earlier complaint about the same location.  You can find inspection results for this address by going to the online Rat Portal at www.nyc.gov/rats.", "Resolution Action Updated Date": "09/04/2025 10:42:19 PM", "Community Board": "11 MANHATTAN", "BBL": 1017970001, "Borough": "MANHATTAN", "X Coordinate (State Plane)": 1002403, "Y Coordinate (State Plane)": 231268, "Open Data Channel Type": "MOBILE", "Park Facility Name": "Unspecified", "Park Borough": "MANHATTAN", "Vehicle Type": null, "Taxi Company Borough": null, "Taxi Pick Up Location": null, "Bridge Highway Name": null, "Bridge Highway Direction": null, "Road Ramp": null, "Bridge Highway Segment": null, "Latitude": 40.801434546547569, "Longitude": -73.934432308960851, "Location": "(40.80143454654757, -73.93443230896085)", "Zip Codes": 13093, "Community Districts": 7, "Borough Boundaries": 4, "City Council Districts": 35, "Police Precincts": 16, "Police Precinct": 16 }, "geometry": { "type": "Point", "coordinates": [ -73.934432308960851, 40.801434546547569 ] } },
{ "type": "Feature", "properties": { "Unique Key": 66052650, "Created Date": "09/04/2025 02:09:25 PM", "Closed Date": "09/05/2025 07:52:44 AM", "Agency": "DOHMH", "Agency Name": "Department of Health and Mental Hygiene", "Complaint Type": "Rodent", "Descriptor": "Signs of Rodents", "Location Type": "3+ Family Apt. Building", "Incident Zip": 10037, "Incident Address": "1 WEST  137 STREET", "Street Name": "WEST  137 STREET", "Cross Street 1": "5 AVENUE", "Cross Street 2": "LENOX AVENUE", "Intersection Street 1": "5 AVENUE", "Intersection Street 2": "LENOX AVENUE", "Address Type": "ADDRESS", "City": "NEW YORK", "Landmark": "WEST  137 STREET", "Facility Type": "N/A", "Status": "Closed", "Due Date": null, "Resolution Description": "This service request was closed because the Department of Health and Mental Hygiene received an earlier complaint about the same location.  You can find inspection results for this address by going to the online Rat Portal at www.nyc.gov/rats.", "Resolution Action Updated Date": "09/04/2025 02:09:25 PM", "Community Board": "10 MANHATTAN", "BBL": 1017350034, "Borough": "MANHATTAN", "X Coordinate (State Plane)": 1001646, "Y Coordinate (State Plane)": 235936, "Open Data Channel Type": "MOBILE", "Park Facility Name": "Unspecified", "Park Borough": "MANHATTAN", "Vehicle Type": null, "Taxi Company Borough": null, "Taxi Pick Up Location": null, "Bridge Highway Name": null, "Bridge Highway Direction": null, "Road Ramp": null, "Bridge Highway Segment": null, "Latitude": 40.814248435345348, "Longitude": -73.937154456190058, "Location": "(40.81424843534535, -73.93715445619006)", "Zip Codes": 13095, "Community Districts": 18, "Borough Boundaries": 4, "City Council Districts": 36, "Police Precincts": 20, "Police Precinct": 20 }, "geometry": { "type": "Point", "coordinates": [ -73.937154456190058, 40.814248435345348 ] } },
{ "type": "Feature", "properties": { "Unique Key": 66056663, "Created Date": "09/05/2025 05:48:30 AM", "Closed Date": "09/05/2025 11:13:36 AM", "Agency": "DOHMH", "Agency Name": "Department of Health and Mental Hygiene", "Complaint Type": "Rodent", "Descriptor": "Signs of Rodents", "Location Type": "3+ Family Apt. Building", "Incident Zip": 10471, "Incident Address": "5535 NETHERLAND AVENUE", "Street Name": "NETHERLAND AVENUE", "Cross Street 1": "BEND", "Cross Street 2": "WEST 256 STREET", "Intersection Street 1": "BEND", "Intersection Street 2": "WEST  256 STREET", "Address Type": "ADDRESS", "City": "BRONX", "Landmark": "NETHERLAND AVENUE", "Facility Type": "N/A", "Status": "Closed", "Due Date": null, "Resolution Description": "This service request was closed because the Department of Health and Mental Hygiene received an earlier complaint about the same location.  You can find inspection results for this address by going to the online Rat Portal at www.nyc.gov/rats.", "Resolution Action Updated Date": "09/05/2025 05:48:30 AM", "Community Board": "08 BRONX", "BBL": 2059500430, "Borough": "BRONX", "X Coordinate (State Plane)": 1010114, "Y Coordinate (State Plane)": 268519, "Open Data Channel Type": "PHONE", "Park Facility Name": "Unspecified", "Park Borough": "BRONX", "Vehicle Type": null, "Taxi Company Borough": null, "Taxi Pick Up Location": null, "Bridge Highway Name": null, "Bridge Highway Direction": null, "Road Ramp": null, "Bridge Highway Segment": null, "Latitude": 40.903658196293335, "Longitude": -73.906436884184572, "Location": "(40.903658196293335, -73.90643688418457)", "Zip Codes": 11609, "Community Districts": 48, "Borough Boundaries": 5, "City Council Districts": 40, "Police Precincts": 33, "Police Precinct": 33 }, "geometry": { "type": "Point", "coordinates": [ -73.906436884184572, 40.903658196293335 ] } },
{ "type": "Feature", "properties": { "Unique Key": 66060675, "Created Date": "09/05/2025 10:15:50 PM", "Closed Date": "09/08/2025 07:37:57 AM", "Agency": "DOHMH", "Agency Name": "Department of Health and Mental Hygiene", "Complaint Type": "Rodent", "Descriptor": "Signs of Rodents", "Location Type": "3+ Family Apt. Building", "Incident Zip": 10035, "Incident Address": "2400 2 AVENUE", "Street Name": "2 AVENUE", "Cross Street 1": "EAST 123 STREET", "Cross Street 2": "EAST 124 STREET", "Intersection Street 1": "EAST  123 STREET", "Intersection Street 2": "EAST  124 STREET", "Address Type": "ADDRESS", "City": "NEW YORK", "Landmark": "2 AVENUE", "Facility Type": "N/A", "Status": "Closed", "Due Date": null, "Resolution Description": "This service request was closed because the Department of Health and Mental Hygiene received an earlier complaint about the same location.  You can find inspection results for this address by going to the online Rat Portal at www.nyc.gov/rats.", "Resolution Action Updated Date": "09/05/2025 10:15:50 PM", "Community Board": "11 MANHATTAN", "BBL": 1017970001, "Borough": "MANHATTAN", "X Coordinate (State Plane)": 1002403, "Y Coordinate (State Plane)": 231268, "Open Data Channel Type": "MOBILE", "Park Facility Name": "Unspecified", "Park Borough": "MANHATTAN", "Vehicle Type": null, "Taxi Company Borough": null, "Taxi Pick Up Location": null, "Bridge Highway Name": null, "Bridge Highway Direction": null, "Road Ramp": null, "Bridge Highway Segment": null, "Latitude": 40.801434546547569, "Longitude": -73.934432308960851, "Location": "(40.80143454654757, -73.93443230896085)", "Zip Codes": 13093, "Community Districts": 7, "Borough Boundaries": 4, "City Council Districts": 35, "Police Precincts": 16, "Police Precinct": 16 }, "geometry": { "type": "Point", "coordinates": [ -73.934432308960851, 40.801434546547569 ] } },
{ "type": "Feature", "properties": { "Unique Key": 66087504, "Created Date": "09/09/2025 12:24:58 AM", "Closed Date": null, "Agency": "DOHMH", "Agency Name": "Department of Health and Mental Hygiene", "Complaint Type": "Rodent", "Descriptor": "Signs of Rodents", "Location Type": "1-2 Family Dwelling", "Incident Zip": 11414, "Incident Address": "155-47 HURON STREET", "Street Name": "HURON STREET", "Cross Street 1": "155 AVENUE", "Cross Street 2": "156 AVENUE", "Intersection Street 1": "155 AVENUE", "Intersection Street 2": "156 AVENUE", "Address Type": "ADDRESS", "City": "HOWARD BEACH", "Landmark": "HURON STREET", "Facility Type": null, "Status": "In Progress", "Due Date": null, "Resolution Description": null, "Resolution Action Updated Date": null, "Community Board": "10 QUEENS", "BBL": 4115910054, "Borough": "QUEENS", "X Coordinate (State Plane)": 1029400, "Y Coordinate (State Plane)": 181558, "Open Data Channel Type": "MOBILE", "Park Facility Name": "Unspecified", "Park Borough": "QUEENS", "Vehicle Type": null, "Taxi Company Borough": null, "Taxi Pick Up Location": null, "Bridge Highway Name": null, "Bridge Highway Direction": null, "Road Ramp": null, "Bridge Highway Segment": null, "Latitude": 40.664896375523746, "Longitude": -73.837254290931924, "Location": "(40.664896375523746, -73.83725429093192)", "Zip Codes": 15314, "Community Districts": 62, "Borough Boundaries": 3, "City Council Districts": 41, "Police Precincts": 64, "Police Precinct": 64 }, "geometry": { "type": "Point", "coordinates": [ -73.837254290931924, 40.664896375523746 ] } },
{ "type": "Feature", "properties": { "Unique Key": 66093253, "Created Date": "09/08/2025 10:27:19 PM", "Closed Date": "09/08/2025 10:27:19 PM", "Agency": "DOHMH", "Agency Name": "Department of Health and Mental Hygiene", "Complaint Type": "Rodent", "Descriptor": "Signs of Rodents", "Location Type": "3+ Family Apt. Building", "Incident Zip": 11235, "Incident Address": "701 RIEGELMANN BOARDWALK", "Street Name": "RIEGELMANN BOARDWALK", "Cross Street 1": "CONEY ISLAND AVENUE", "Cross Street 2": "BRIGHTON 15 STREET", "Intersection Street 1": "CONEY ISLAND AVENUE", "Intersection Street 2": "BRIGHTON   15 STREET", "Address Type": "ADDRESS", "City": "BROOKLYN", "Landmark": "BOARDWALK EAST", "Facility Type": "N/A", "Status": "Closed", "Due Date": null, "Resolution Description": "The Department of Health and Mental Hygiene inspected the property you reported and did not find any violations at the time of the inspection. The property passed inspection.", "Resolution Action Updated Date": "09/18/2025 10:06:24 AM", "Community Board": "13 BROOKLYN", "BBL": 3087250001, "Borough": "BROOKLYN", "X Coordinate (State Plane)": 995551, "Y Coordinate (State Plane)": 148832, "Open Data Channel Type": "MOBILE", "Park Facility Name": "Unspecified", "Park Borough": "BROOKLYN", "Vehicle Type": null, "Taxi Company Borough": null, "Taxi Pick Up Location": null, "Bridge Highway Name": null, "Bridge Highway Direction": null, "Road Ramp": null, "Bridge Highway Segment": null, "Latitude": 40.575178246368957, "Longitude": -73.959319649492343, "Location": "(40.57517824636896, -73.95931964949234)", "Zip Codes": 13826, "Community Districts": 21, "Borough Boundaries": 2, "City Council Districts": 15, "Police Precincts": 35, "Police Precinct": 35 }, "geometry": { "type": "Point", "coordinates": [ -73.959319649492343, 40.575178246368957 ] } },
{ "type": "Feature", "properties": { "Unique Key": 66097584, "Created Date": "09/09/2025 11:04:46 AM", "Closed Date": null, "Agency": "DOHMH", "Agency Name": "Department of Health and Mental Hygiene", "Complaint Type": "Rodent", "Descriptor": "Signs of Rodents", "Location Type": "3+ Family Apt. Building", "Incident Zip": 10026, "Incident Address": "357 WEST  117 STREET", "Street Name": "WEST  117 STREET", "Cross Street 1": "MANHATTAN AVENUE", "Cross Street 2": "MORNINGSIDE AVENUE", "Intersection Street 1": "MANHATTAN AVENUE", "Intersection Street 2": "MORNINGSIDE AVENUE", "Address Type": "ADDRESS", "City": "NEW YORK", "Landmark": "WEST  117 STREET", "Facility Type": null, "Status": "In Progress", "Due Date": null, "Resolution Description": null, "Resolution Action Updated Date": null, "Community Board": "10 MANHATTAN", "BBL": 1019447501, "Borough": "MANHATTAN", "X Coordinate (State Plane)": 996273, "Y Coordinate (State Plane)": 232861, "Open Data Channel Type": "MOBILE", "Park Facility Name": "Unspecified", "Park Borough": "MANHATTAN", "Vehicle Type": null, "Taxi Company Borough": null, "Taxi Pick Up Location": null, "Bridge Highway Name": null, "Bridge Highway Direction": null, "Road Ramp": null, "Bridge Highway Segment": null, "Latitude": 40.805817360989622, "Longitude": -73.956570692650345, "Location": "(40.80581736098962, -73.95657069265035)", "Zip Codes": 12423, "Community Districts": 18, "Borough Boundaries": 4, "City Council Districts": 36, "Police Precincts": 18, "Police Precinct": 18 }, "geometry": { "type": "Point", "coordinates": [ -73.956570692650345, 40.805817360989622 ] } },
{ "type": "Feature", "properties": { "Unique Key": 66097586, "Created Date": "09/09/2025 11:24:05 AM", "Closed Date": "09/09/2025 11:24:05 AM", "Agency": "DOHMH", "Agency Name": "Department of Health and Mental Hygiene", "Complaint Type": "Rodent", "Descriptor": "Signs of Rodents", "Location Type": "Other (Explain Below)", "Incident Zip": 11223, "Incident Address": "1959 EAST    2 STREET", "Street Name": "EAST    2 STREET", "Cross Street 1": "AVENUE S", "Cross Street 2": "AVENUE T", "Intersection Street 1": "AVENUE S", "Intersection Street 2": "AVENUE T", "Address Type": "ADDRESS", "City": "BROOKLYN", "Landmark": "EAST    2 STREET", "Facility Type": "N/A", "Status": "Closed", "Due Date": null, "Resolution Description": "The Department of Health and Mental Hygiene inspected the property you reported and did not find any violations at the time of the inspection. The property passed inspection.", "Resolution Action Updated Date": "09/19/2025 09:38:49 AM", "Community Board": "15 BROOKLYN", "BBL": 3071050138, "Borough": "BROOKLYN", "X Coordinate (State Plane)": 992472, "Y Coordinate (State Plane)": 158402, "Open Data Channel Type": "PHONE", "Park Facility Name": "Unspecified", "Park Borough": "BROOKLYN", "Vehicle Type": null, "Taxi Company Borough": null, "Taxi Pick Up Location": null, "Bridge Highway Name": null, "Bridge Highway Direction": null, "Road Ramp": null, "Bridge Highway Segment": null, "Latitude": 40.601449375165011, "Longitude": -73.970391519065899, "Location": "(40.60144937516501, -73.9703915190659)", "Zip Codes": 18183, "Community Districts": 32, "Borough Boundaries": 2, "City Council Districts": 45, "Police Precincts": 36, "Police Precinct": 36 }, "geometry": { "type": "Point", "coordinates": [ -73.970391519065899, 40.601449375165011 ] } },
{ "type": "Feature", "properties": { "Unique Key": 66098951, "Created Date": "09/09/2025 05:55:24 PM", "Closed Date": "09/09/2025 05:55:24 PM", "Agency": "DOHMH", "Agency Name": "Department of Health and Mental Hygiene", "Complaint Type": "Rodent", "Descriptor": "Signs of Rodents", "Location Type": "School/Pre-School", "Incident Zip": 11221, "Incident Address": "468 VAN BUREN STREET", "Street Name": "VAN BUREN STREET", "Cross Street 1": "MALCOLM X BOULEVARD", "Cross Street 2": "PATCHEN AVENUE", "Intersection Street 1": "MALCOLM X BOULEVARD", "Intersection Street 2": "PATCHEN AVENUE", "Address Type": "ADDRESS", "City": "BROOKLYN", "Landmark": "VAN BUREN STREET", "Facility Type": "N/A", "Status": "Closed", "Due Date": null, "Resolution Description": "The Department of Health and Mental Hygiene inspected the property you reported and did not find any violations at the time of the inspection. The property passed inspection.", "Resolution Action Updated Date": "09/16/2025 11:03:00 AM", "Community Board": "03 BROOKLYN", "BBL": 3016170016, "Borough": "BROOKLYN", "X Coordinate (State Plane)": 1003771, "Y Coordinate (State Plane)": 191260, "Open Data Channel Type": "PHONE", "Park Facility Name": "Unspecified", "Park Borough": "BROOKLYN", "Vehicle Type": null, "Taxi Company Borough": null, "Taxi Pick Up Location": null, "Bridge Highway Name": null, "Bridge Highway Direction": null, "Road Ramp": null, "Bridge Highway Segment": null, "Latitude": 40.691619762711724, "Longitude": -73.92960729117712, "Location": "(40.691619762711724, -73.92960729117712)", "Zip Codes": 18181, "Community Districts": 69, "Borough Boundaries": 2, "City Council Districts": 49, "Police Precincts": 52, "Police Precinct": 52 }, "geometry": { "type": "Point", "coordinates": [ -73.92960729117712, 40.691619762711724 ] } },
{ "type": "Feature", "properties": { "Unique Key": 66100435, "Created Date": "09/09/2025 10:29:10 PM", "Closed Date": null, "Agency": "DOHMH", "Agency Name": "Department of Health and Mental Hygiene", "Complaint Type": "Rodent", "Descriptor": "Signs of Rodents", "Location Type": "Other (Explain Below)", "Incident Zip": 11354, "Incident Address": "36-38 MAIN STREET", "Street Name": "MAIN STREET", "Cross Street 1": "NORTHERN BOULEVARD", "Cross Street 2": "37 AVENUE", "Intersection Street 1": "NORTHERN BOULEVARD", "Intersection Street 2": "37 AVENUE", "Address Type": "ADDRESS", "City": "FLUSHING", "Landmark": "MAIN STREET", "Facility Type": null, "Status": "In Progress", "Due Date": null, "Resolution Description": null, "Resolution Action Updated Date": null, "Community Board": "07 QUEENS", "BBL": 4049710050, "Borough": "QUEENS", "X Coordinate (State Plane)": 1030908, "Y Coordinate (State Plane)": 217043, "Open Data Channel Type": "ONLINE", "Park Facility Name": "Unspecified", "Park Borough": "QUEENS", "Vehicle Type": null, "Taxi Company Borough": null, "Taxi Pick Up Location": null, "Bridge Highway Name": null, "Bridge Highway Direction": null, "Road Ramp": null, "Bridge Highway Segment": null, "Latitude": 40.762286226268195, "Longitude": -73.83157269967819, "Location": "(40.762286226268195, -73.83157269967819)", "Zip Codes": 13832, "Community Districts": 22, "Borough Boundaries": 3, "City Council Districts": 3, "Police Precincts": 67, "Police Precinct": 67 }, "geometry": { "type": "Point", "coordinates": [ -73.83157269967819, 40.762286226268195 ] } },
{ "type": "Feature", "properties": { "Unique Key": 66107551, "Created Date": "09/10/2025 04:25:07 PM", "Closed Date": "09/10/2025 04:25:07 PM", "Agency": "DOHMH", "Agency Name": "Department of Health and Mental Hygiene", "Complaint Type": "Rodent", "Descriptor": "Signs of Rodents", "Location Type": "1-2 Family Dwelling", "Incident Zip": 11233, "Incident Address": "483 BAINBRIDGE STREET", "Street Name": "BAINBRIDGE STREET", "Cross Street 1": "HOWARD AVENUE", "Cross Street 2": "SARATOGA AVENUE", "Intersection Street 1": "HOWARD AVENUE", "Intersection Street 2": "SARATOGA AVENUE", "Address Type": "ADDRESS", "City": "BROOKLYN", "Landmark": "BAINBRIDGE STREET", "Facility Type": "N/A", "Status": "Closed", "Due Date": null, "Resolution Description": "The Department of Health and Mental Hygiene found violations on the property you reported. Follow-up inspections will be scheduled.", "Resolution Action Updated Date": "09/17/2025 11:58:00 AM", "Community Board": "03 BROOKLYN", "BBL": 3015050044, "Borough": "BROOKLYN", "X Coordinate (State Plane)": 1007027, "Y Coordinate (State Plane)": 187937, "Open Data Channel Type": "PHONE", "Park Facility Name": "Unspecified", "Park Borough": "BROOKLYN", "Vehicle Type": null, "Taxi Company Borough": null, "Taxi Pick Up Location": null, "Bridge Highway Name": null, "Bridge Highway Direction": null, "Road Ramp": null, "Bridge Highway Segment": null, "Latitude": 40.682491112662717, "Longitude": -73.917877398268899, "Location": "(40.68249111266272, -73.9178773982689)", "Zip Codes": 13516, "Community Districts": 69, "Borough Boundaries": 2, "City Council Districts": 17, "Police Precincts": 52, "Police Precinct": 52 }, "geometry": { "type": "Point", "coordinates": [ -73.917877398268899, 40.682491112662717 ] } },
{ "type": "Feature", "properties": { "Unique Key": 66110143, "Created Date": "09/10/2025 05:10:35 PM", "Closed Date": "09/10/2025 05:10:35 PM", "Agency": "DOHMH", "Agency Name": "Department of Health and Mental Hygiene", "Complaint Type": "Rodent", "Descriptor": "Signs of Rodents", "Location Type": "1-2 Family Dwelling", "Incident Zip": 10306, "Incident Address": "818 NUGENT AVENUE", "Street Name": "NUGENT AVENUE", "Cross Street 1": "BEDFORD AVENUE", "Cross Street 2": "MIDLAND AVENUE", "Intersection Street 1": "BEDFORD AVENUE", "Intersection Street 2": "MIDLAND AVENUE", "Address Type": "ADDRESS", "City": "STATEN ISLAND", "Landmark": "NUGENT AVENUE", "Facility Type": "N/A", "Status": "Closed", "Due Date": null, "Resolution Description": "The Department of Health and Mental Hygiene found violations on the property you reported. Follow-up inspections will be scheduled.", "Resolution Action Updated Date": "09/18/2025 12:15:52 PM", "Community Board": "02 STATEN ISLAND", "BBL": 5037980019, "Borough": "STATEN ISLAND", "X Coordinate (State Plane)": 957873, "Y Coordinate (State Plane)": 148526, "Open Data Channel Type": "PHONE", "Park Facility Name": "Unspecified", "Park Borough": "STATEN ISLAND", "Vehicle Type": null, "Taxi Company Borough": null, "Taxi Pick Up Location": null, "Bridge Highway Name": null, "Bridge Highway Direction": null, "Road Ramp": null, "Bridge Highway Segment": null, "Latitude": 40.574306301287038, "Longitude": -74.094948391240933, "Location": "(40.57430630128704, -74.09494839124093)", "Zip Codes": 10693, "Community Districts": 30, "Borough Boundaries": 1, "City Council Districts": 14, "Police Precincts": 76, "Police Precinct": 76 }, "geometry": { "type": "Point", "coordinates": [ -74.094948391240933, 40.574306301287038 ] } },
{ "type": "Feature", "properties": { "Unique Key": 66110144, "Created Date": "09/10/2025 11:46:49 AM", "Closed Date": "09/10/2025 11:46:49 AM", "Agency": "DOHMH", "Agency Name": "Department of Health and Mental Hygiene", "Complaint Type": "Rodent", "Descriptor": "Signs of Rodents", "Location Type": "1-2 Family Dwelling", "Incident Zip": 10301, "Incident Address": "170 DANIEL LOW TERRACE", "Street Name": "DANIEL LOW TERRACE", "Cross Street 1": "FORT PLACE", "Cross Street 2": "BENZIGER AVENUE", "Intersection Street 1": "FORT PLACE", "Intersection Street 2": "BENZIGER AVENUE", "Address Type": "ADDRESS", "City": "STATEN ISLAND", "Landmark": "DANIEL LOW TERRACE", "Facility Type": "N/A", "Status": "Closed", "Due Date": null, "Resolution Description": "The Department of Health and Mental Hygiene inspected the property you reported and did not find any violations at the time of the inspection. The property passed inspection.", "Resolution Action Updated Date": "09/25/2025 11:20:32 AM", "Community Board": "01 STATEN ISLAND", "BBL": 5000260058, "Borough": "STATEN ISLAND", "X Coordinate (State Plane)": 961969, "Y Coordinate (State Plane)": 172635, "Open Data Channel Type": "ONLINE", "Park Facility Name": "Unspecified", "Park Borough": "STATEN ISLAND", "Vehicle Type": null, "Taxi Company Borough": null, "Taxi Pick Up Location": null, "Bridge Highway Name": null, "Bridge Highway Direction": null, "Road Ramp": null, "Bridge Highway Segment": null, "Latitude": 40.640491781279984, "Longitude": -74.08028370680239, "Location": "(40.640491781279984, -74.08028370680239)", "Zip Codes": 10369, "Community Districts": 4, "Borough Boundaries": 1, "City Council Districts": 13, "Police Precincts": 74, "Police Precinct": 74 }, "geometry": { "type": "Point", "coordinates": [ -74.08028370680239, 40.640491781279984 ] } },
{ "type": "Feature", "properties": { "Unique Key": 66111464, "Created Date": "09/10/2025 09:32:22 PM", "Closed Date": null, "Agency": "DOHMH", "Agency Name": "Department of Health and Mental Hygiene", "Complaint Type": "Rodent", "Descriptor": "Signs of Rodents", "Location Type": "1-2 Family Dwelling", "Incident Zip": 11420, "Incident Address": "123-01 109 AVENUE", "Street Name": "109 AVENUE", "Cross Street 1": "123 STREET", "Cross Street 2": "124 STREET", "Intersection Street 1": "123 STREET", "Intersection Street 2": "124 STREET", "Address Type": "ADDRESS", "City": "SOUTH OZONE PARK", "Landmark": "109 AVENUE", "Facility Type": null, "Status": "In Progress", "Due Date": null, "Resolution Description": null, "Resolution Action Updated Date": null, "Community Board": "10 QUEENS", "BBL": 4096030042, "Borough": "QUEENS", "X Coordinate (State Plane)": 1034567, "Y Coordinate (State Plane)": 188268, "Open Data Channel Type": "ONLINE", "Park Facility Name": "Unspecified", "Park Borough": "QUEENS", "Vehicle Type": null, "Taxi Company Borough": null, "Taxi Pick Up Location": null, "Bridge Highway Name": null, "Bridge Highway Direction": null, "Road Ramp": null, "Bridge Highway Segment": null, "Latitude": 40.683285920665732, "Longitude": -73.818579507793089, "Location": "(40.68328592066573, -73.81857950779309)", "Zip Codes": 24016, "Community Districts": 62, "Borough Boundaries": 3, "City Council Districts": 46, "Police Precincts": 64, "Police Precinct": 64 }, "geometry": { "type": "Point", "coordinates": [ -73.818579507793089, 40.683285920665732 ] } },
{ "type": "Feature", "properties": { "Unique Key": 66114019, "Created Date": "09/10/2025 10:36:18 AM", "Closed Date": "09/10/2025 10:36:18 AM", "Agency": "DOHMH", "Agency Name": "Department of Health and Mental Hygiene", "Complaint Type": "Rodent", "Descriptor": "Signs of Rodents", "Location Type": "Other (Explain Below)", "Incident Zip": 10468, "Incident Address": "2620 UNIVERSITY AVENUE", "Street Name": "UNIVERSITY AVENUE", "Cross Street 1": "WEST 192 STREET", "Cross Street 2": "WEST KINGSBRIDGE ROAD", "Intersection Street 1": "WEST  192 STREET", "Intersection Street 2": "WEST KINGSBRIDGE ROAD", "Address Type": "ADDRESS", "City": "BRONX", "Landmark": "UNIVERSITY AVENUE", "Facility Type": "N/A", "Status": "Closed", "Due Date": null, "Resolution Description": "The Department of Health and Mental Hygiene found violations on the property you reported. Follow-up inspections will be scheduled.", "Resolution Action Updated Date": "09/17/2025 12:15:00 PM", "Community Board": "07 BRONX", "BBL": 2032150014, "Borough": "BRONX", "X Coordinate (State Plane)": 1011424, "Y Coordinate (State Plane)": 255307, "Open Data Channel Type": "PHONE", "Park Facility Name": "Unspecified", "Park Borough": "BRONX", "Vehicle Type": null, "Taxi Company Borough": null, "Taxi Pick Up Location": null, "Bridge Highway Name": null, "Bridge Highway Direction": null, "Road Ramp": null, "Bridge Highway Segment": null, "Latitude": 40.867391482126898, "Longitude": -73.901751564117916, "Location": "(40.8673914821269, -73.90175156411792)", "Zip Codes": 11606, "Community Districts": 24, "Borough Boundaries": 5, "City Council Districts": 29, "Police Precincts": 34, "Police Precinct": 34 }, "geometry": { "type": "Point", "coordinates": [ -73.901751564117916, 40.867391482126898 ] } },
{ "type": "Feature", "properties": { "Unique Key": 66115310, "Created Date": "09/10/2025 05:20:49 PM", "Closed Date": null, "Agency": "DOHMH", "Agency Name": "Department of Health and Mental Hygiene", "Complaint Type": "Rodent", "Descriptor": "Signs of Rodents", "Location Type": "Other (Explain Below)", "Incident Zip": 11377, "Incident Address": "53-11 SKILLMAN AVENUE", "Street Name": "SKILLMAN AVENUE", "Cross Street 1": "53 STREET", "Cross Street 2": "54 STREET", "Intersection Street 1": "53 STREET", "Intersection Street 2": "54 STREET", "Address Type": "ADDRESS", "City": "WOODSIDE", "Landmark": "SKILLMAN AVENUE", "Facility Type": null, "Status": "In Progress", "Due Date": null, "Resolution Description": null, "Resolution Action Updated Date": null, "Community Board": "02 QUEENS", "BBL": 4012380053, "Borough": "QUEENS", "X Coordinate (State Plane)": 1008959, "Y Coordinate (State Plane)": 210982, "Open Data Channel Type": "MOBILE", "Park Facility Name": "Unspecified", "Park Borough": "QUEENS", "Vehicle Type": null, "Taxi Company Borough": null, "Taxi Pick Up Location": null, "Bridge Highway Name": null, "Bridge Highway Direction": null, "Road Ramp": null, "Bridge Highway Segment": null, "Latitude": 40.745738917996356, "Longitude": -73.910826982477374, "Location": "(40.745738917996356, -73.91082698247737)", "Zip Codes": 14787, "Community Districts": 53, "Borough Boundaries": 3, "City Council Districts": 33, "Police Precincts": 66, "Police Precinct": 66 }, "geometry": { "type": "Point", "coordinates": [ -73.910826982477374, 40.745738917996356 ] } },
{ "type": "Feature", "properties": { "Unique Key": 66116652, "Created Date": "09/10/2025 06:42:35 PM", "Closed Date": null, "Agency": "DOHMH", "Agency Name": "Department of Health and Mental Hygiene", "Complaint Type": "Rodent", "Descriptor": "Signs of Rodents", "Location Type": "3+ Family Apt. Building", "Incident Zip": 10031, "Incident Address": "371 EDGECOMBE AVENUE", "Street Name": "EDGECOMBE AVENUE", "Cross Street 1": "WEST  150 STREET", "Cross Street 2": "WEST  155 STREET", "Intersection Street 1": "WEST  150 STREET", "Intersection Street 2": "WEST  155 STREET", "Address Type": "ADDRESS", "City": "NEW YORK", "Landmark": "EDGECOMBE AVENUE", "Facility Type": null, "Status": "In Progress", "Due Date": null, "Resolution Description": null, "Resolution Action Updated Date": null, "Community Board": "09 MANHATTAN", "BBL": 1020540018, "Borough": "MANHATTAN", "X Coordinate (State Plane)": 1000623, "Y Coordinate (State Plane)": 240871, "Open Data Channel Type": "MOBILE", "Park Facility Name": "Unspecified", "Park Borough": "MANHATTAN", "Vehicle Type": null, "Taxi Company Borough": null, "Taxi Pick Up Location": null, "Bridge Highway Name": null, "Bridge Highway Direction": null, "Road Ramp": null, "Bridge Highway Segment": null, "Latitude": 40.827795568830666, "Longitude": -73.940838148155876, "Location": "(40.827795568830666, -73.94083814815588)", "Zip Codes": 12428, "Community Districts": 37, "Borough Boundaries": 4, "City Council Districts": 36, "Police Precincts": 19, "Police Precinct": 19 }, "geometry": { "type": "Point", "coordinates": [ -73.940838148155876, 40.827795568830666 ] } },
{ "type": "Feature", "properties": { "Unique Key": 66116651, "Created Date": "09/10/2025 06:18:57 PM", "Closed Date": "09/10/2025 06:18:57 PM", "Agency": "DOHMH", "Agency Name": "Department of Health and Mental Hygiene", "Complaint Type": "Rodent", "Descriptor": "Signs of Rodents", "Location Type": "1-2 Family Dwelling", "Incident Zip": 10024, "Incident Address": "32 WEST   85 STREET", "Street Name": "WEST   85 STREET", "Cross Street 1": "CENTRAL PARK ENTRANCE W 85 ST", "Cross Street 2": "COLUMBUS AVENUE", "Intersection Street 1": "CENTRAL PARK ENTRANCE W   85 ST", "Intersection Street 2": "COLUMBUS AVENUE", "Address Type": "ADDRESS", "City": "NEW YORK", "Landmark": "WEST   85 STREET", "Facility Type": "N/A", "Status": "Closed", "Due Date": null, "Resolution Description": "The Department of Health and Mental Hygiene found violations on the property you reported. Follow-up inspections will be scheduled.", "Resolution Action Updated Date": "09/17/2025 12:35:37 PM", "Community Board": "07 MANHATTAN", "BBL": 1011980045, "Borough": "MANHATTAN", "X Coordinate (State Plane)": 992312, "Y Coordinate (State Plane)": 225291, "Open Data Channel Type": "ONLINE", "Park Facility Name": "Unspecified", "Park Borough": "MANHATTAN", "Vehicle Type": null, "Taxi Company Borough": null, "Taxi Pick Up Location": null, "Bridge Highway Name": null, "Bridge Highway Direction": null, "Road Ramp": null, "Bridge Highway Segment": null, "Latitude": 40.785044266482736, "Longitude": -73.970887646136589, "Location": "(40.785044266482736, -73.97088764613659)", "Zip Codes": 12421, "Community Districts": 20, "Borough Boundaries": 4, "City Council Districts": 19, "Police Precincts": 12, "Police Precinct": 12 }, "geometry": { "type": "Point", "coordinates": [ -73.970887646136589, 40.785044266482736 ] } },
{ "type": "Feature", "properties": { "Unique Key": 66118019, "Created Date": "09/11/2025 02:56:10 PM", "Closed Date": null, "Agency": "DOHMH", "Agency Name": "Department of Health and Mental Hygiene", "Complaint Type": "Rodent", "Descriptor": "Signs of Rodents", "Location Type": "1-2 Family Dwelling", "Incident Zip": 11417, "Incident Address": "88-08 ARION ROAD", "Street Name": "ARION ROAD", "Cross Street 1": "88 STREET", "Cross Street 2": "WHITELAW STREET", "Intersection Street 1": "88 STREET", "Intersection Street 2": "WHITELAW STREET", "Address Type": "ADDRESS", "City": "OZONE PARK", "Landmark": "ARION ROAD", "Facility Type": null, "Status": "In Progress", "Due Date": null, "Resolution Description": null, "Resolution Action Updated Date": null, "Community Board": "10 QUEENS", "BBL": 4113980002, "Borough": "QUEENS", "X Coordinate (State Plane)": 1026510, "Y Coordinate (State Plane)": 183953, "Open Data Channel Type": "MOBILE", "Park Facility Name": "Unspecified", "Park Borough": "QUEENS", "Vehicle Type": null, "Taxi Company Borough": null, "Taxi Pick Up Location": null, "Bridge Highway Name": null, "Bridge Highway Direction": null, "Road Ramp": null, "Bridge Highway Segment": null, "Latitude": 40.671484372590591, "Longitude": -73.847656422612729, "Location": "(40.67148437259059, -73.84765642261273)", "Zip Codes": 24013, "Community Districts": 62, "Borough Boundaries": 3, "City Council Districts": 41, "Police Precincts": 64, "Police Precinct": 64 }, "geometry": { "type": "Point", "coordinates": [ -73.847656422612729, 40.671484372590591 ] } },
{ "type": "Feature", "properties": { "Unique Key": 66135831, "Created Date": "09/12/2025 03:43:34 PM", "Closed Date": "09/15/2025 03:23:45 PM", "Agency": "DOHMH", "Agency Name": "Department of Health and Mental Hygiene", "Complaint Type": "Rodent", "Descriptor": "Signs of Rodents", "Location Type": "1-2 Family Dwelling", "Incident Zip": 11233, "Incident Address": "414 HALSEY STREET", "Street Name": "HALSEY STREET", "Cross Street 1": "MARCUS GARVEY BOULEVARD", "Cross Street 2": "LEWIS AVENUE", "Intersection Street 1": "MARCUS GARVEY BOULEVARD", "Intersection Street 2": "LEWIS AVENUE", "Address Type": "ADDRESS", "City": "BROOKLYN", "Landmark": "HALSEY STREET", "Facility Type": "N/A", "Status": "Closed", "Due Date": null, "Resolution Description": "This service request was closed because the Department of Health and Mental Hygiene received an earlier complaint about the same location.  You can find inspection results for this address by going to the online Rat Portal at www.nyc.gov/rats.", "Resolution Action Updated Date": "09/12/2025 03:43:34 PM", "Community Board": "03 BROOKLYN", "BBL": 3016640014, "Borough": "BROOKLYN", "X Coordinate (State Plane)": 1001638, "Y Coordinate (State Plane)": 188206, "Open Data Channel Type": "MOBILE", "Park Facility Name": "Unspecified", "Park Borough": "BROOKLYN", "Vehicle Type": null, "Taxi Company Borough": null, "Taxi Pick Up Location": null, "Bridge Highway Name": null, "Bridge Highway Direction": null, "Road Ramp": null, "Bridge Highway Segment": null, "Latitude": 40.683241682872115, "Longitude": -73.937306766302441, "Location": "(40.683241682872115, -73.93730676630244)", "Zip Codes": 13516, "Community Districts": 69, "Borough Boundaries": 2, "City Council Districts": 49, "Police Precincts": 52, "Police Precinct": 52 }, "geometry": { "type": "Point", "coordinates": [ -73.937306766302441, 40.683241682872115 ] } },
{ "type": "Feature", "properties": { "Unique Key": 66086066, "Created Date": "09/09/2025 01:07:58 AM", "Closed Date": "09/09/2025 07:39:45 AM", "Agency": "DOHMH", "Agency Name": "Department of Health and Mental Hygiene", "Complaint Type": "Rodent", "Descriptor": "Signs of Rodents", "Location Type": "3+ Family Apt. Building", "Incident Zip": 10035, "Incident Address": "2400 2 AVENUE", "Street Name": "2 AVENUE", "Cross Street 1": "EAST 123 STREET", "Cross Street 2": "EAST 124 STREET", "Intersection Street 1": "EAST  123 STREET", "Intersection Street 2": "EAST  124 STREET", "Address Type": "ADDRESS", "City": "NEW YORK", "Landmark": "2 AVENUE", "Facility Type": "N/A", "Status": "Closed", "Due Date": null, "Resolution Description": "This service request was closed because the Department of Health and Mental Hygiene received an earlier complaint about the same location.  You can find inspection results for this address by going to the online Rat Portal at www.nyc.gov/rats.", "Resolution Action Updated Date": "09/09/2025 01:07:58 AM", "Community Board": "11 MANHATTAN", "BBL": 1017970001, "Borough": "MANHATTAN", "X Coordinate (State Plane)": 1002403, "Y Coordinate (State Plane)": 231268, "Open Data Channel Type": "MOBILE", "Park Facility Name": "Unspecified", "Park Borough": "MANHATTAN", "Vehicle Type": null, "Taxi Company Borough": null, "Taxi Pick Up Location": null, "Bridge Highway Name": null, "Bridge Highway Direction": null, "Road Ramp": null, "Bridge Highway Segment": null, "Latitude": 40.801434546547569, "Longitude": -73.934432308960851, "Location": "(40.80143454654757, -73.93443230896085)", "Zip Codes": 13093, "Community Districts": 7, "Borough Boundaries": 4, "City Council Districts": 35, "Police Precincts": 16, "Police Precinct": 16 }, "geometry": { "type": "Point", "coordinates": [ -73.934432308960851, 40.801434546547569 ] } },
{ "type": "Feature", "properties": { "Unique Key": 66120778, "Created Date": "09/11/2025 06:00:58 AM", "Closed Date": "09/11/2025 06:00:58 AM", "Agency": "DOHMH", "Agency Name": "Department of Health and Mental Hygiene", "Complaint Type": "Rodent", "Descriptor": "Signs of Rodents", "Location Type": "3+ Family Apt. Building", "Incident Zip": 11220, "Incident Address": "5413 7 AVENUE", "Street Name": "7 AVENUE", "Cross Street 1": "54 STREET", "Cross Street 2": "55 STREET", "Intersection Street 1": "54 STREET", "Intersection Street 2": "55 STREET", "Address Type": "ADDRESS", "City": "BROOKLYN", "Landmark": "7 AVENUE", "Facility Type": "N/A", "Status": "Closed", "Due Date": null, "Resolution Description": "The Department of Health and Mental Hygiene tried to inspect the property you reported but could not access the site. If you have information that will help the inspector access the site, please go online to nyc.gov/311 or call 311 and refile your complaint with contact information.", "Resolution Action Updated Date": "09/17/2025 08:52:00 AM", "Community Board": "07 BROOKLYN", "BBL": 3008260002, "Borough": "BROOKLYN", "X Coordinate (State Plane)": 981927, "Y Coordinate (State Plane)": 172470, "Open Data Channel Type": "MOBILE", "Park Facility Name": "Unspecified", "Park Borough": "BROOKLYN", "Vehicle Type": null, "Taxi Company Borough": null, "Taxi Pick Up Location": null, "Bridge Highway Name": null, "Bridge Highway Direction": null, "Road Ramp": null, "Bridge Highway Segment": null, "Latitude": 40.640066612275554, "Longitude": -74.008370263308095, "Location": "(40.640066612275554, -74.0083702633081)", "Zip Codes": 18180, "Community Districts": 9, "Borough Boundaries": 2, "City Council Districts": 7, "Police Precincts": 45, "Police Precinct": 45 }, "geometry": { "type": "Point", "coordinates": [ -74.008370263308095, 40.640066612275554 ] } },
{ "type": "Feature", "properties": { "Unique Key": 66124883, "Created Date": "09/11/2025 02:59:11 PM", "Closed Date": "09/11/2025 02:59:11 PM", "Agency": "DOHMH", "Agency Name": "Department of Health and Mental Hygiene", "Complaint Type": "Rodent", "Descriptor": "Signs of Rodents", "Location Type": "Commercial Building", "Incident Zip": 11217, "Incident Address": "630 SACKETT STREET", "Street Name": "SACKETT STREET", "Cross Street 1": "3 AVENUE", "Cross Street 2": "4 AVENUE", "Intersection Street 1": "3 AVENUE", "Intersection Street 2": "4 AVENUE", "Address Type": "ADDRESS", "City": "BROOKLYN", "Landmark": "SACKETT STREET", "Facility Type": "N/A", "Status": "Closed", "Due Date": null, "Resolution Description": "The Department of Health and Mental Hygiene found violations on the property you reported. Follow-up inspections will be scheduled.", "Resolution Action Updated Date": "09/19/2025 09:12:00 AM", "Community Board": "06 BROOKLYN", "BBL": 3004340021, "Borough": "BROOKLYN", "X Coordinate (State Plane)": 988698, "Y Coordinate (State Plane)": 186497, "Open Data Channel Type": "MOBILE", "Park Facility Name": "Unspecified", "Park Borough": "BROOKLYN", "Vehicle Type": null, "Taxi Company Borough": null, "Taxi Pick Up Location": null, "Bridge Highway Name": null, "Bridge Highway Direction": null, "Road Ramp": null, "Bridge Highway Segment": null, "Latitude": 40.678566827225133, "Longitude": -73.983963656920849, "Location": "(40.67856682722513, -73.98396365692085)", "Zip Codes": 17617, "Community Districts": 14, "Borough Boundaries": 2, "City Council Districts": 27, "Police Precincts": 50, "Police Precinct": 50 }, "geometry": { "type": "Point", "coordinates": [ -73.983963656920849, 40.678566827225133 ] } },
{ "type": "Feature", "properties": { "Unique Key": 66145324, "Created Date": "09/13/2025 06:35:50 PM", "Closed Date": "09/13/2025 06:35:50 PM", "Agency": "DOHMH", "Agency Name": "Department of Health and Mental Hygiene", "Complaint Type": "Rodent", "Descriptor": "Signs of Rodents", "Location Type": "3+ Family Apt. Building", "Incident Zip": 10460, "Incident Address": "950 JENNINGS STREET", "Street Name": "JENNINGS STREET", "Cross Street 1": "HOE AVENUE", "Cross Street 2": "VYSE AVENUE", "Intersection Street 1": "HOE AVENUE", "Intersection Street 2": "VYSE AVENUE", "Address Type": "ADDRESS", "City": "BRONX", "Landmark": "JENNINGS STREET", "Facility Type": "N/A", "Status": "Closed", "Due Date": null, "Resolution Description": "The Department of Health and Mental Hygiene inspected the property you reported and did not find any violations at the time of the inspection. The property passed inspection.", "Resolution Action Updated Date": "09/22/2025 03:00:19 PM", "Community Board": "03 BRONX", "BBL": 2029870025, "Borough": "BRONX", "X Coordinate (State Plane)": 1014874, "Y Coordinate (State Plane)": 242389, "Open Data Channel Type": "PHONE", "Park Facility Name": "Unspecified", "Park Borough": "BRONX", "Vehicle Type": null, "Taxi Company Borough": null, "Taxi Pick Up Location": null, "Bridge Highway Name": null, "Bridge Highway Direction": null, "Road Ramp": null, "Bridge Highway Segment": null, "Latitude": 40.831924126189669, "Longitude": -73.88933699883728, "Location": "(40.83192412618967, -73.88933699883728)", "Zip Codes": 10937, "Community Districts": 34, "Borough Boundaries": 5, "City Council Districts": 43, "Police Precincts": 25, "Police Precinct": 25 }, "geometry": { "type": "Point", "coordinates": [ -73.88933699883728, 40.831924126189669 ] } },
{ "type": "Feature", "properties": { "Unique Key": 66145325, "Created Date": "09/13/2025 06:20:36 PM", "Closed Date": "09/13/2025 06:20:36 PM", "Agency": "DOHMH", "Agency Name": "Department of Health and Mental Hygiene", "Complaint Type": "Rodent", "Descriptor": "Signs of Rodents", "Location Type": "3+ Family Apt. Building", "Incident Zip": 11220, "Incident Address": "627 BAY RIDGE AVENUE", "Street Name": "BAY RIDGE AVENUE", "Cross Street 1": "6 AVENUE", "Cross Street 2": "7 AVENUE", "Intersection Street 1": "6 AVENUE", "Intersection Street 2": "7 AVENUE", "Address Type": "ADDRESS", "City": "BROOKLYN", "Landmark": "BAY RIDGE AVENUE", "Facility Type": "N/A", "Status": "Closed", "Due Date": null, "Resolution Description": "The Department of Health and Mental Hygiene inspected the property you reported and did not find any violations at the time of the inspection. The property passed inspection.", "Resolution Action Updated Date": "09/16/2025 08:19:12 AM", "Community Board": "10 BROOKLYN", "BBL": 3058660074, "Borough": "BROOKLYN", "X Coordinate (State Plane)": 979331, "Y Coordinate (State Plane)": 169521, "Open Data Channel Type": "MOBILE", "Park Facility Name": "Unspecified", "Park Borough": "BROOKLYN", "Vehicle Type": null, "Taxi Company Borough": null, "Taxi Pick Up Location": null, "Bridge Highway Name": null, "Bridge Highway Direction": null, "Road Ramp": null, "Bridge Highway Segment": null, "Latitude": 40.631971173826706, "Longitude": -74.017722053767642, "Location": "(40.631971173826706, -74.01772205376764)", "Zip Codes": 18180, "Community Districts": 10, "Borough Boundaries": 2, "City Council Districts": 44, "Police Precincts": 41, "Police Precinct": 41 }, "geometry": { "type": "Point", "coordinates": [ -74.017722053767642, 40.631971173826706 ] } },
{ "type": "Feature", "properties": { "Unique Key": 66172518, "Created Date": "09/16/2025 02:48:12 PM", "Closed Date": "09/16/2025 03:59:58 PM", "Agency": "DOHMH", "Agency Name": "Department of Health and Mental Hygiene", "Complaint Type": "Rodent", "Descriptor": "Signs of Rodents", "Location Type": "1-2 Family Dwelling", "Incident Zip": 10038, "Incident Address": "59 MAIDEN LANE", "Street Name": "MAIDEN LANE", "Cross Street 1": "NASSAU STREET", "Cross Street 2": "WILLIAM STREET", "Intersection Street 1": "NASSAU STREET", "Intersection Street 2": "WILLIAM STREET", "Address Type": "ADDRESS", "City": "NEW YORK", "Landmark": "MAIDEN LANE", "Facility Type": "N/A", "Status": "Closed", "Due Date": null, "Resolution Description": "This service request was closed because the Department of Health and Mental Hygiene received an earlier complaint about the same location.  You can find inspection results for this address by going to the online Rat Portal at www.nyc.gov/rats.", "Resolution Action Updated Date": "09/16/2025 02:48:12 PM", "Community Board": "01 MANHATTAN", "BBL": 1000670001, "Borough": "MANHATTAN", "X Coordinate (State Plane)": 981968, "Y Coordinate (State Plane)": 197317, "Open Data Channel Type": "UNKNOWN", "Park Facility Name": "Unspecified", "Park Borough": "MANHATTAN", "Vehicle Type": null, "Taxi Company Borough": null, "Taxi Pick Up Location": null, "Bridge Highway Name": null, "Bridge Highway Direction": null, "Road Ramp": null, "Bridge Highway Segment": null, "Latitude": 40.708266046703514, "Longitude": -74.008230944047199, "Location": "(40.708266046703514, -74.0082309440472)", "Zip Codes": 13096, "Community Districts": 56, "Borough Boundaries": 4, "City Council Districts": 32, "Police Precincts": 1, "Police Precinct": 1 }, "geometry": { "type": "Point", "coordinates": [ -74.008230944047199, 40.708266046703514 ] } },
{ "type": "Feature", "properties": { "Unique Key": 66045925, "Created Date": "09/04/2025 04:32:22 PM", "Closed Date": "09/08/2025 11:41:18 AM", "Agency": "DOHMH", "Agency Name": "Department of Health and Mental Hygiene", "Complaint Type": "Rodent", "Descriptor": "Signs of Rodents", "Location Type": "3+ Family Apt. Building", "Incident Zip": 11385, "Incident Address": "1926 GREENE AVENUE", "Street Name": "GREENE AVENUE", "Cross Street 1": "WOODWARD AVENUE", "Cross Street 2": "FAIRVIEW AVENUE", "Intersection Street 1": "WOODWARD AVENUE", "Intersection Street 2": "FAIRVIEW AVENUE", "Address Type": "ADDRESS", "City": "RIDGEWOOD", "Landmark": "GREENE AVENUE", "Facility Type": "N/A", "Status": "Closed", "Due Date": null, "Resolution Description": "This service request was closed because the Department of Health and Mental Hygiene received an earlier complaint about the same location.  You can find inspection results for this address by going to the online Rat Portal at www.nyc.gov/rats.", "Resolution Action Updated Date": "09/04/2025 04:32:22 PM", "Community Board": "05 QUEENS", "BBL": 4033890029, "Borough": "QUEENS", "X Coordinate (State Plane)": 1009290, "Y Coordinate (State Plane)": 197171, "Open Data Channel Type": "ONLINE", "Park Facility Name": "Unspecified", "Park Borough": "QUEENS", "Vehicle Type": null, "Taxi Company Borough": null, "Taxi Pick Up Location": null, "Bridge Highway Name": null, "Bridge Highway Direction": null, "Road Ramp": null, "Bridge Highway Segment": null, "Latitude": 40.707830174421908, "Longitude": -73.909683817923749, "Location": "(40.70783017442191, -73.90968381792375)", "Zip Codes": 15310, "Community Districts": 54, "Borough Boundaries": 3, "City Council Districts": 34, "Police Precincts": 62, "Police Precinct": 62 }, "geometry": { "type": "Point", "coordinates": [ -73.909683817923749, 40.707830174421908 ] } },
{ "type": "Feature", "properties": { "Unique Key": 66048642, "Created Date": "09/04/2025 01:51:39 PM", "Closed Date": "09/08/2025 11:47:31 AM", "Agency": "DOHMH", "Agency Name": "Department of Health and Mental Hygiene", "Complaint Type": "Rodent", "Descriptor": "Signs of Rodents", "Location Type": "3+ Family Apt. Building", "Incident Zip": 11358, "Incident Address": "45-89 163 STREET", "Street Name": "163 STREET", "Cross Street 1": "45 AVENUE", "Cross Street 2": "46 AVENUE", "Intersection Street 1": "45 AVENUE", "Intersection Street 2": "46 AVENUE", "Address Type": "ADDRESS", "City": "FLUSHING", "Landmark": "163 STREET", "Facility Type": "N/A", "Status": "Closed", "Due Date": null, "Resolution Description": "This service request was closed because the Department of Health and Mental Hygiene received an earlier complaint about the same location.  You can find inspection results for this address by going to the online Rat Portal at www.nyc.gov/rats.", "Resolution Action Updated Date": "09/04/2025 01:51:39 PM", "Community Board": "07 QUEENS", "BBL": 4054420086, "Borough": "QUEENS", "X Coordinate (State Plane)": 1038592, "Y Coordinate (State Plane)": 214142, "Open Data Channel Type": "MOBILE", "Park Facility Name": "Unspecified", "Park Borough": "QUEENS", "Vehicle Type": null, "Taxi Company Borough": null, "Taxi Pick Up Location": null, "Bridge Highway Name": null, "Bridge Highway Direction": null, "Road Ramp": null, "Bridge Highway Segment": null, "Latitude": 40.754279851689368, "Longitude": -73.803858324852428, "Location": "(40.75427985168937, -73.80385832485243)", "Zip Codes": 14193, "Community Districts": 22, "Borough Boundaries": 3, "City Council Districts": 3, "Police Precincts": 67, "Police Precinct": 67 }, "geometry": { "type": "Point", "coordinates": [ -73.803858324852428, 40.754279851689368 ] } },
{ "type": "Feature", "properties": { "Unique Key": 66049919, "Created Date": "09/04/2025 08:10:06 PM", "Closed Date": "09/08/2025 01:04:52 PM", "Agency": "DOHMH", "Agency Name": "Department of Health and Mental Hygiene", "Complaint Type": "Rodent", "Descriptor": "Signs of Rodents", "Location Type": "3+ Family Mixed Use Building", "Incident Zip": 11238, "Incident Address": "446 ST JOHNS PLACE", "Street Name": "ST JOHNS PLACE", "Cross Street 1": "UNDERHILL AVENUE", "Cross Street 2": "WASHINGTON AVENUE", "Intersection Street 1": "UNDERHILL AVENUE", "Intersection Street 2": "WASHINGTON AVENUE", "Address Type": "ADDRESS", "City": "BROOKLYN", "Landmark": "ST JOHNS PLACE", "Facility Type": "N/A", "Status": "Closed", "Due Date": null, "Resolution Description": "This service request was closed because the Department of Health and Mental Hygiene received an earlier complaint about the same location.  You can find inspection results for this address by going to the online Rat Portal at www.nyc.gov/rats.", "Resolution Action Updated Date": "09/04/2025 08:10:06 PM", "Community Board": "08 BROOKLYN", "BBL": 3011760042, "Borough": "BROOKLYN", "X Coordinate (State Plane)": 994302, "Y Coordinate (State Plane)": 184744, "Open Data Channel Type": "ONLINE", "Park Facility Name": "Unspecified", "Park Borough": "BROOKLYN", "Vehicle Type": null, "Taxi Company Borough": null, "Taxi Pick Up Location": null, "Bridge Highway Name": null, "Bridge Highway Direction": null, "Road Ramp": null, "Bridge Highway Segment": null, "Latitude": 40.673750648171179, "Longitude": -73.963762211375197, "Location": "(40.67375064817118, -73.9637622113752)", "Zip Codes": 13829, "Community Districts": 16, "Borough Boundaries": 2, "City Council Districts": 48, "Police Precincts": 49, "Police Precinct": 49 }, "geometry": { "type": "Point", "coordinates": [ -73.963762211375197, 40.673750648171179 ] } },
{ "type": "Feature", "properties": { "Unique Key": 66056665, "Created Date": "09/05/2025 09:28:25 PM", "Closed Date": "09/08/2025 07:37:57 AM", "Agency": "DOHMH", "Agency Name": "Department of Health and Mental Hygiene", "Complaint Type": "Rodent", "Descriptor": "Signs of Rodents", "Location Type": "3+ Family Apt. Building", "Incident Zip": 10035, "Incident Address": "2400 2 AVENUE", "Street Name": "2 AVENUE", "Cross Street 1": "EAST 123 STREET", "Cross Street 2": "EAST 124 STREET", "Intersection Street 1": "EAST  123 STREET", "Intersection Street 2": "EAST  124 STREET", "Address Type": "ADDRESS", "City": "NEW YORK", "Landmark": "2 AVENUE", "Facility Type": "N/A", "Status": "Closed", "Due Date": null, "Resolution Description": "This service request was closed because the Department of Health and Mental Hygiene received an earlier complaint about the same location.  You can find inspection results for this address by going to the online Rat Portal at www.nyc.gov/rats.", "Resolution Action Updated Date": "09/05/2025 09:28:25 PM", "Community Board": "11 MANHATTAN", "BBL": 1017970001, "Borough": "MANHATTAN", "X Coordinate (State Plane)": 1002403, "Y Coordinate (State Plane)": 231268, "Open Data Channel Type": "MOBILE", "Park Facility Name": "Unspecified", "Park Borough": "MANHATTAN", "Vehicle Type": null, "Taxi Company Borough": null, "Taxi Pick Up Location": null, "Bridge Highway Name": null, "Bridge Highway Direction": null, "Road Ramp": null, "Bridge Highway Segment": null, "Latitude": 40.801434546547569, "Longitude": -73.934432308960851, "Location": "(40.80143454654757, -73.93443230896085)", "Zip Codes": 13093, "Community Districts": 7, "Borough Boundaries": 4, "City Council Districts": 35, "Police Precincts": 16, "Police Precinct": 16 }, "geometry": { "type": "Point", "coordinates": [ -73.934432308960851, 40.801434546547569 ] } },
{ "type": "Feature", "properties": { "Unique Key": 66056666, "Created Date": "09/05/2025 10:24:39 PM", "Closed Date": "09/08/2025 07:37:57 AM", "Agency": "DOHMH", "Agency Name": "Department of Health and Mental Hygiene", "Complaint Type": "Rodent", "Descriptor": "Signs of Rodents", "Location Type": "3+ Family Apt. Building", "Incident Zip": 10035, "Incident Address": "2400 2 AVENUE", "Street Name": "2 AVENUE", "Cross Street 1": "EAST 123 STREET", "Cross Street 2": "EAST 124 STREET", "Intersection Street 1": "EAST  123 STREET", "Intersection Street 2": "EAST  124 STREET", "Address Type": "ADDRESS", "City": "NEW YORK", "Landmark": "2 AVENUE", "Facility Type": "N/A", "Status": "Closed", "Due Date": null, "Resolution Description": "This service request was closed because the Department of Health and Mental Hygiene received an earlier complaint about the same location.  You can find inspection results for this address by going to the online Rat Portal at www.nyc.gov/rats.", "Resolution Action Updated Date": "09/05/2025 10:24:39 PM", "Community Board": "11 MANHATTAN", "BBL": 1017970001, "Borough": "MANHATTAN", "X Coordinate (State Plane)": 1002403, "Y Coordinate (State Plane)": 231268, "Open Data Channel Type": "MOBILE", "Park Facility Name": "Unspecified", "Park Borough": "MANHATTAN", "Vehicle Type": null, "Taxi Company Borough": null, "Taxi Pick Up Location": null, "Bridge Highway Name": null, "Bridge Highway Direction": null, "Road Ramp": null, "Bridge Highway Segment": null, "Latitude": 40.801434546547569, "Longitude": -73.934432308960851, "Location": "(40.80143454654757, -73.93443230896085)", "Zip Codes": 13093, "Community Districts": 7, "Borough Boundaries": 4, "City Council Districts": 35, "Police Precincts": 16, "Police Precinct": 16 }, "geometry": { "type": "Point", "coordinates": [ -73.934432308960851, 40.801434546547569 ] } },
{ "type": "Feature", "properties": { "Unique Key": 66056667, "Created Date": "09/05/2025 09:39:13 PM", "Closed Date": "09/08/2025 07:37:57 AM", "Agency": "DOHMH", "Agency Name": "Department of Health and Mental Hygiene", "Complaint Type": "Rodent", "Descriptor": "Signs of Rodents", "Location Type": "3+ Family Apt. Building", "Incident Zip": 10035, "Incident Address": "2400 2 AVENUE", "Street Name": "2 AVENUE", "Cross Street 1": "EAST 123 STREET", "Cross Street 2": "EAST 124 STREET", "Intersection Street 1": "EAST  123 STREET", "Intersection Street 2": "EAST  124 STREET", "Address Type": "ADDRESS", "City": "NEW YORK", "Landmark": "2 AVENUE", "Facility Type": "N/A", "Status": "Closed", "Due Date": null, "Resolution Description": "This service request was closed because the Department of Health and Mental Hygiene received an earlier complaint about the same location.  You can find inspection results for this address by going to the online Rat Portal at www.nyc.gov/rats.", "Resolution Action Updated Date": "09/05/2025 09:39:13 PM", "Community Board": "11 MANHATTAN", "BBL": 1017970001, "Borough": "MANHATTAN", "X Coordinate (State Plane)": 1002403, "Y Coordinate (State Plane)": 231268, "Open Data Channel Type": "MOBILE", "Park Facility Name": "Unspecified", "Park Borough": "MANHATTAN", "Vehicle Type": null, "Taxi Company Borough": null, "Taxi Pick Up Location": null, "Bridge Highway Name": null, "Bridge Highway Direction": null, "Road Ramp": null, "Bridge Highway Segment": null, "Latitude": 40.801434546547569, "Longitude": -73.934432308960851, "Location": "(40.80143454654757, -73.93443230896085)", "Zip Codes": 13093, "Community Districts": 7, "Borough Boundaries": 4, "City Council Districts": 35, "Police Precincts": 16, "Police Precinct": 16 }, "geometry": { "type": "Point", "coordinates": [ -73.934432308960851, 40.801434546547569 ] } },
{ "type": "Feature", "properties": { "Unique Key": 66060673, "Created Date": "09/05/2025 10:43:09 PM", "Closed Date": "09/08/2025 07:37:57 AM", "Agency": "DOHMH", "Agency Name": "Department of Health and Mental Hygiene", "Complaint Type": "Rodent", "Descriptor": "Signs of Rodents", "Location Type": "3+ Family Apt. Building", "Incident Zip": 10035, "Incident Address": "2400 2 AVENUE", "Street Name": "2 AVENUE", "Cross Street 1": "EAST 123 STREET", "Cross Street 2": "EAST 124 STREET", "Intersection Street 1": "EAST  123 STREET", "Intersection Street 2": "EAST  124 STREET", "Address Type": "ADDRESS", "City": "NEW YORK", "Landmark": "2 AVENUE", "Facility Type": "N/A", "Status": "Closed", "Due Date": null, "Resolution Description": "This service request was closed because the Department of Health and Mental Hygiene received an earlier complaint about the same location.  You can find inspection results for this address by going to the online Rat Portal at www.nyc.gov/rats.", "Resolution Action Updated Date": "09/05/2025 10:43:09 PM", "Community Board": "11 MANHATTAN", "BBL": 1017970001, "Borough": "MANHATTAN", "X Coordinate (State Plane)": 1002403, "Y Coordinate (State Plane)": 231268, "Open Data Channel Type": "MOBILE", "Park Facility Name": "Unspecified", "Park Borough": "MANHATTAN", "Vehicle Type": null, "Taxi Company Borough": null, "Taxi Pick Up Location": null, "Bridge Highway Name": null, "Bridge Highway Direction": null, "Road Ramp": null, "Bridge Highway Segment": null, "Latitude": 40.801434546547569, "Longitude": -73.934432308960851, "Location": "(40.80143454654757, -73.93443230896085)", "Zip Codes": 13093, "Community Districts": 7, "Borough Boundaries": 4, "City Council Districts": 35, "Police Precincts": 16, "Police Precinct": 16 }, "geometry": { "type": "Point", "coordinates": [ -73.934432308960851, 40.801434546547569 ] } },
{ "type": "Feature", "properties": { "Unique Key": 66060674, "Created Date": "09/05/2025 09:22:23 PM", "Closed Date": "09/08/2025 07:37:57 AM", "Agency": "DOHMH", "Agency Name": "Department of Health and Mental Hygiene", "Complaint Type": "Rodent", "Descriptor": "Signs of Rodents", "Location Type": "3+ Family Apt. Building", "Incident Zip": 10035, "Incident Address": "2400 2 AVENUE", "Street Name": "2 AVENUE", "Cross Street 1": "EAST 123 STREET", "Cross Street 2": "EAST 124 STREET", "Intersection Street 1": "EAST  123 STREET", "Intersection Street 2": "EAST  124 STREET", "Address Type": "ADDRESS", "City": "NEW YORK", "Landmark": "2 AVENUE", "Facility Type": "N/A", "Status": "Closed", "Due Date": null, "Resolution Description": "This service request was closed because the Department of Health and Mental Hygiene received an earlier complaint about the same location.  You can find inspection results for this address by going to the online Rat Portal at www.nyc.gov/rats.", "Resolution Action Updated Date": "09/05/2025 09:22:23 PM", "Community Board": "11 MANHATTAN", "BBL": 1017970001, "Borough": "MANHATTAN", "X Coordinate (State Plane)": 1002403, "Y Coordinate (State Plane)": 231268, "Open Data Channel Type": "MOBILE", "Park Facility Name": "Unspecified", "Park Borough": "MANHATTAN", "Vehicle Type": null, "Taxi Company Borough": null, "Taxi Pick Up Location": null, "Bridge Highway Name": null, "Bridge Highway Direction": null, "Road Ramp": null, "Bridge Highway Segment": null, "Latitude": 40.801434546547569, "Longitude": -73.934432308960851, "Location": "(40.80143454654757, -73.93443230896085)", "Zip Codes": 13093, "Community Districts": 7, "Borough Boundaries": 4, "City Council Districts": 35, "Police Precincts": 16, "Police Precinct": 16 }, "geometry": { "type": "Point", "coordinates": [ -73.934432308960851, 40.801434546547569 ] } },
{ "type": "Feature", "properties": { "Unique Key": 66066172, "Created Date": "09/06/2025 08:07:07 PM", "Closed Date": "09/08/2025 07:37:56 AM", "Agency": "DOHMH", "Agency Name": "Department of Health and Mental Hygiene", "Complaint Type": "Rodent", "Descriptor": "Signs of Rodents", "Location Type": "3+ Family Apt. Building", "Incident Zip": 10035, "Incident Address": "2400 2 AVENUE", "Street Name": "2 AVENUE", "Cross Street 1": "EAST 123 STREET", "Cross Street 2": "EAST 124 STREET", "Intersection Street 1": "EAST  123 STREET", "Intersection Street 2": "EAST  124 STREET", "Address Type": "ADDRESS", "City": "NEW YORK", "Landmark": "2 AVENUE", "Facility Type": "N/A", "Status": "Closed", "Due Date": null, "Resolution Description": "This service request was closed because the Department of Health and Mental Hygiene received an earlier complaint about the same location.  You can find inspection results for this address by going to the online Rat Portal at www.nyc.gov/rats.", "Resolution Action Updated Date": "09/06/2025 08:07:07 PM", "Community Board": "11 MANHATTAN", "BBL": 1017970001, "Borough": "MANHATTAN", "X Coordinate (State Plane)": 1002403, "Y Coordinate (State Plane)": 231268, "Open Data Channel Type": "MOBILE", "Park Facility Name": "Unspecified", "Park Borough": "MANHATTAN", "Vehicle Type": null, "Taxi Company Borough": null, "Taxi Pick Up Location": null, "Bridge Highway Name": null, "Bridge Highway Direction": null, "Road Ramp": null, "Bridge Highway Segment": null, "Latitude": 40.801434546547569, "Longitude": -73.934432308960851, "Location": "(40.80143454654757, -73.93443230896085)", "Zip Codes": 13093, "Community Districts": 7, "Borough Boundaries": 4, "City Council Districts": 35, "Police Precincts": 16, "Police Precinct": 16 }, "geometry": { "type": "Point", "coordinates": [ -73.934432308960851, 40.801434546547569 ] } },
{ "type": "Feature", "properties": { "Unique Key": 66068653, "Created Date": "09/06/2025 06:28:52 PM", "Closed Date": "09/08/2025 07:37:57 AM", "Agency": "DOHMH", "Agency Name": "Department of Health and Mental Hygiene", "Complaint Type": "Rodent", "Descriptor": "Signs of Rodents", "Location Type": "3+ Family Apt. Building", "Incident Zip": 10035, "Incident Address": "2400 2 AVENUE", "Street Name": "2 AVENUE", "Cross Street 1": "EAST 123 STREET", "Cross Street 2": "EAST 124 STREET", "Intersection Street 1": "EAST  123 STREET", "Intersection Street 2": "EAST  124 STREET", "Address Type": "ADDRESS", "City": "NEW YORK", "Landmark": "2 AVENUE", "Facility Type": "N/A", "Status": "Closed", "Due Date": null, "Resolution Description": "This service request was closed because the Department of Health and Mental Hygiene received an earlier complaint about the same location.  You can find inspection results for this address by going to the online Rat Portal at www.nyc.gov/rats.", "Resolution Action Updated Date": "09/06/2025 06:28:52 PM", "Community Board": "11 MANHATTAN", "BBL": 1017970001, "Borough": "MANHATTAN", "X Coordinate (State Plane)": 1002403, "Y Coordinate (State Plane)": 231268, "Open Data Channel Type": "MOBILE", "Park Facility Name": "Unspecified", "Park Borough": "MANHATTAN", "Vehicle Type": null, "Taxi Company Borough": null, "Taxi Pick Up Location": null, "Bridge Highway Name": null, "Bridge Highway Direction": null, "Road Ramp": null, "Bridge Highway Segment": null, "Latitude": 40.801434546547569, "Longitude": -73.934432308960851, "Location": "(40.80143454654757, -73.93443230896085)", "Zip Codes": 13093, "Community Districts": 7, "Borough Boundaries": 4, "City Council Districts": 35, "Police Precincts": 16, "Police Precinct": 16 }, "geometry": { "type": "Point", "coordinates": [ -73.934432308960851, 40.801434546547569 ] } },
{ "type": "Feature", "properties": { "Unique Key": 66069901, "Created Date": "09/06/2025 07:07:38 PM", "Closed Date": "09/08/2025 07:37:56 AM", "Agency": "DOHMH", "Agency Name": "Department of Health and Mental Hygiene", "Complaint Type": "Rodent", "Descriptor": "Signs of Rodents", "Location Type": "3+ Family Apt. Building", "Incident Zip": 10035, "Incident Address": "2400 2 AVENUE", "Street Name": "2 AVENUE", "Cross Street 1": "EAST 123 STREET", "Cross Street 2": "EAST 124 STREET", "Intersection Street 1": "EAST  123 STREET", "Intersection Street 2": "EAST  124 STREET", "Address Type": "ADDRESS", "City": "NEW YORK", "Landmark": "2 AVENUE", "Facility Type": "N/A", "Status": "Closed", "Due Date": null, "Resolution Description": "This service request was closed because the Department of Health and Mental Hygiene received an earlier complaint about the same location.  You can find inspection results for this address by going to the online Rat Portal at www.nyc.gov/rats.", "Resolution Action Updated Date": "09/06/2025 07:07:38 PM", "Community Board": "11 MANHATTAN", "BBL": 1017970001, "Borough": "MANHATTAN", "X Coordinate (State Plane)": 1002403, "Y Coordinate (State Plane)": 231268, "Open Data Channel Type": "MOBILE", "Park Facility Name": "Unspecified", "Park Borough": "MANHATTAN", "Vehicle Type": null, "Taxi Company Borough": null, "Taxi Pick Up Location": null, "Bridge Highway Name": null, "Bridge Highway Direction": null, "Road Ramp": null, "Bridge Highway Segment": null, "Latitude": 40.801434546547569, "Longitude": -73.934432308960851, "Location": "(40.80143454654757, -73.93443230896085)", "Zip Codes": 13093, "Community Districts": 7, "Borough Boundaries": 4, "City Council Districts": 35, "Police Precincts": 16, "Police Precinct": 16 }, "geometry": { "type": "Point", "coordinates": [ -73.934432308960851, 40.801434546547569 ] } },
{ "type": "Feature", "properties": { "Unique Key": 66071190, "Created Date": "09/06/2025 10:08:11 AM", "Closed Date": "09/08/2025 01:02:44 PM", "Agency": "DOHMH", "Agency Name": "Department of Health and Mental Hygiene", "Complaint Type": "Rodent", "Descriptor": "Signs of Rodents", "Location Type": "3+ Family Apt. Building", "Incident Zip": 11233, "Incident Address": "401 MACON STREET", "Street Name": "MACON STREET", "Cross Street 1": "MARCUS GARVEY BOULEVARD", "Cross Street 2": "LEWIS AVENUE", "Intersection Street 1": "MARCUS GARVEY BOULEVARD", "Intersection Street 2": "LEWIS AVENUE", "Address Type": "ADDRESS", "City": "BROOKLYN", "Landmark": "MACON STREET", "Facility Type": "N/A", "Status": "Closed", "Due Date": null, "Resolution Description": "This service request was closed because the Department of Health and Mental Hygiene received an earlier complaint about the same location.  You can find inspection results for this address by going to the online Rat Portal at www.nyc.gov/rats.", "Resolution Action Updated Date": "09/06/2025 10:08:11 AM", "Community Board": "03 BROOKLYN", "BBL": 3016640057, "Borough": "BROOKLYN", "X Coordinate (State Plane)": 1002046, "Y Coordinate (State Plane)": 188000, "Open Data Channel Type": "ONLINE", "Park Facility Name": "Unspecified", "Park Borough": "BROOKLYN", "Vehicle Type": null, "Taxi Company Borough": null, "Taxi Pick Up Location": null, "Bridge Highway Name": null, "Bridge Highway Direction": null, "Road Ramp": null, "Bridge Highway Segment": null, "Latitude": 40.682675449058223, "Longitude": -73.935836248106583, "Location": "(40.68267544905822, -73.93583624810658)", "Zip Codes": 13516, "Community Districts": 69, "Borough Boundaries": 2, "City Council Districts": 49, "Police Precincts": 52, "Police Precinct": 52 }, "geometry": { "type": "Point", "coordinates": [ -73.935836248106583, 40.682675449058223 ] } },
{ "type": "Feature", "properties": { "Unique Key": 66071191, "Created Date": "09/06/2025 08:22:33 PM", "Closed Date": "09/08/2025 07:37:56 AM", "Agency": "DOHMH", "Agency Name": "Department of Health and Mental Hygiene", "Complaint Type": "Rodent", "Descriptor": "Signs of Rodents", "Location Type": "3+ Family Apt. Building", "Incident Zip": 10035, "Incident Address": "2400 2 AVENUE", "Street Name": "2 AVENUE", "Cross Street 1": "EAST 123 STREET", "Cross Street 2": "EAST 124 STREET", "Intersection Street 1": "EAST  123 STREET", "Intersection Street 2": "EAST  124 STREET", "Address Type": "ADDRESS", "City": "NEW YORK", "Landmark": "2 AVENUE", "Facility Type": "N/A", "Status": "Closed", "Due Date": null, "Resolution Description": "This service request was closed because the Department of Health and Mental Hygiene received an earlier complaint about the same location.  You can find inspection results for this address by going to the online Rat Portal at www.nyc.gov/rats.", "Resolution Action Updated Date": "09/06/2025 08:22:33 PM", "Community Board": "11 MANHATTAN", "BBL": 1017970001, "Borough": "MANHATTAN", "X Coordinate (State Plane)": 1002403, "Y Coordinate (State Plane)": 231268, "Open Data Channel Type": "MOBILE", "Park Facility Name": "Unspecified", "Park Borough": "MANHATTAN", "Vehicle Type": null, "Taxi Company Borough": null, "Taxi Pick Up Location": null, "Bridge Highway Name": null, "Bridge Highway Direction": null, "Road Ramp": null, "Bridge Highway Segment": null, "Latitude": 40.801434546547569, "Longitude": -73.934432308960851, "Location": "(40.80143454654757, -73.93443230896085)", "Zip Codes": 13093, "Community Districts": 7, "Borough Boundaries": 4, "City Council Districts": 35, "Police Precincts": 16, "Police Precinct": 16 }, "geometry": { "type": "Point", "coordinates": [ -73.934432308960851, 40.801434546547569 ] } },
{ "type": "Feature", "properties": { "Unique Key": 66072459, "Created Date": "09/06/2025 07:51:43 PM", "Closed Date": "09/08/2025 07:37:56 AM", "Agency": "DOHMH", "Agency Name": "Department of Health and Mental Hygiene", "Complaint Type": "Rodent", "Descriptor": "Signs of Rodents", "Location Type": "3+ Family Apt. Building", "Incident Zip": 10035, "Incident Address": "2400 2 AVENUE", "Street Name": "2 AVENUE", "Cross Street 1": "EAST 123 STREET", "Cross Street 2": "EAST 124 STREET", "Intersection Street 1": "EAST  123 STREET", "Intersection Street 2": "EAST  124 STREET", "Address Type": "ADDRESS", "City": "NEW YORK", "Landmark": "2 AVENUE", "Facility Type": "N/A", "Status": "Closed", "Due Date": null, "Resolution Description": "This service request was closed because the Department of Health and Mental Hygiene received an earlier complaint about the same location.  You can find inspection results for this address by going to the online Rat Portal at www.nyc.gov/rats.", "Resolution Action Updated Date": "09/06/2025 07:51:43 PM", "Community Board": "11 MANHATTAN", "BBL": 1017970001, "Borough": "MANHATTAN", "X Coordinate (State Plane)": 1002403, "Y Coordinate (State Plane)": 231268, "Open Data Channel Type": "MOBILE", "Park Facility Name": "Unspecified", "Park Borough": "MANHATTAN", "Vehicle Type": null, "Taxi Company Borough": null, "Taxi Pick Up Location": null, "Bridge Highway Name": null, "Bridge Highway Direction": null, "Road Ramp": null, "Bridge Highway Segment": null, "Latitude": 40.801434546547569, "Longitude": -73.934432308960851, "Location": "(40.80143454654757, -73.93443230896085)", "Zip Codes": 13093, "Community Districts": 7, "Borough Boundaries": 4, "City Council Districts": 35, "Police Precincts": 16, "Police Precinct": 16 }, "geometry": { "type": "Point", "coordinates": [ -73.934432308960851, 40.801434546547569 ] } },
{ "type": "Feature", "properties": { "Unique Key": 66072460, "Created Date": "09/06/2025 06:59:19 PM", "Closed Date": "09/08/2025 07:37:56 AM", "Agency": "DOHMH", "Agency Name": "Department of Health and Mental Hygiene", "Complaint Type": "Rodent", "Descriptor": "Signs of Rodents", "Location Type": "3+ Family Apt. Building", "Incident Zip": 10035, "Incident Address": "2400 2 AVENUE", "Street Name": "2 AVENUE", "Cross Street 1": "EAST 123 STREET", "Cross Street 2": "EAST 124 STREET", "Intersection Street 1": "EAST  123 STREET", "Intersection Street 2": "EAST  124 STREET", "Address Type": "ADDRESS", "City": "NEW YORK", "Landmark": "2 AVENUE", "Facility Type": "N/A", "Status": "Closed", "Due Date": null, "Resolution Description": "This service request was closed because the Department of Health and Mental Hygiene received an earlier complaint about the same location.  You can find inspection results for this address by going to the online Rat Portal at www.nyc.gov/rats.", "Resolution Action Updated Date": "09/06/2025 06:59:19 PM", "Community Board": "11 MANHATTAN", "BBL": 1017970001, "Borough": "MANHATTAN", "X Coordinate (State Plane)": 1002403, "Y Coordinate (State Plane)": 231268, "Open Data Channel Type": "MOBILE", "Park Facility Name": "Unspecified", "Park Borough": "MANHATTAN", "Vehicle Type": null, "Taxi Company Borough": null, "Taxi Pick Up Location": null, "Bridge Highway Name": null, "Bridge Highway Direction": null, "Road Ramp": null, "Bridge Highway Segment": null, "Latitude": 40.801434546547569, "Longitude": -73.934432308960851, "Location": "(40.80143454654757, -73.93443230896085)", "Zip Codes": 13093, "Community Districts": 7, "Borough Boundaries": 4, "City Council Districts": 35, "Police Precincts": 16, "Police Precinct": 16 }, "geometry": { "type": "Point", "coordinates": [ -73.934432308960851, 40.801434546547569 ] } },
{ "type": "Feature", "properties": { "Unique Key": 66072461, "Created Date": "09/06/2025 06:47:23 PM", "Closed Date": "09/08/2025 07:37:56 AM", "Agency": "DOHMH", "Agency Name": "Department of Health and Mental Hygiene", "Complaint Type": "Rodent", "Descriptor": "Signs of Rodents", "Location Type": "3+ Family Apt. Building", "Incident Zip": 10035, "Incident Address": "2400 2 AVENUE", "Street Name": "2 AVENUE", "Cross Street 1": "EAST 123 STREET", "Cross Street 2": "EAST 124 STREET", "Intersection Street 1": "EAST  123 STREET", "Intersection Street 2": "EAST  124 STREET", "Address Type": "ADDRESS", "City": "NEW YORK", "Landmark": "2 AVENUE", "Facility Type": "N/A", "Status": "Closed", "Due Date": null, "Resolution Description": "This service request was closed because the Department of Health and Mental Hygiene received an earlier complaint about the same location.  You can find inspection results for this address by going to the online Rat Portal at www.nyc.gov/rats.", "Resolution Action Updated Date": "09/06/2025 06:47:23 PM", "Community Board": "11 MANHATTAN", "BBL": 1017970001, "Borough": "MANHATTAN", "X Coordinate (State Plane)": 1002403, "Y Coordinate (State Plane)": 231268, "Open Data Channel Type": "MOBILE", "Park Facility Name": "Unspecified", "Park Borough": "MANHATTAN", "Vehicle Type": null, "Taxi Company Borough": null, "Taxi Pick Up Location": null, "Bridge Highway Name": null, "Bridge Highway Direction": null, "Road Ramp": null, "Bridge Highway Segment": null, "Latitude": 40.801434546547569, "Longitude": -73.934432308960851, "Location": "(40.80143454654757, -73.93443230896085)", "Zip Codes": 13093, "Community Districts": 7, "Borough Boundaries": 4, "City Council Districts": 35, "Police Precincts": 16, "Police Precinct": 16 }, "geometry": { "type": "Point", "coordinates": [ -73.934432308960851, 40.801434546547569 ] } },
{ "type": "Feature", "properties": { "Unique Key": 66073700, "Created Date": "09/06/2025 07:34:08 PM", "Closed Date": "09/08/2025 07:37:56 AM", "Agency": "DOHMH", "Agency Name": "Department of Health and Mental Hygiene", "Complaint Type": "Rodent", "Descriptor": "Signs of Rodents", "Location Type": "3+ Family Apt. Building", "Incident Zip": 10035, "Incident Address": "2400 2 AVENUE", "Street Name": "2 AVENUE", "Cross Street 1": "EAST 123 STREET", "Cross Street 2": "EAST 124 STREET", "Intersection Street 1": "EAST  123 STREET", "Intersection Street 2": "EAST  124 STREET", "Address Type": "ADDRESS", "City": "NEW YORK", "Landmark": "2 AVENUE", "Facility Type": "N/A", "Status": "Closed", "Due Date": null, "Resolution Description": "This service request was closed because the Department of Health and Mental Hygiene received an earlier complaint about the same location.  You can find inspection results for this address by going to the online Rat Portal at www.nyc.gov/rats.", "Resolution Action Updated Date": "09/06/2025 07:34:08 PM", "Community Board": "11 MANHATTAN", "BBL": 1017970001, "Borough": "MANHATTAN", "X Coordinate (State Plane)": 1002403, "Y Coordinate (State Plane)": 231268, "Open Data Channel Type": "MOBILE", "Park Facility Name": "Unspecified", "Park Borough": "MANHATTAN", "Vehicle Type": null, "Taxi Company Borough": null, "Taxi Pick Up Location": null, "Bridge Highway Name": null, "Bridge Highway Direction": null, "Road Ramp": null, "Bridge Highway Segment": null, "Latitude": 40.801434546547569, "Longitude": -73.934432308960851, "Location": "(40.80143454654757, -73.93443230896085)", "Zip Codes": 13093, "Community Districts": 7, "Borough Boundaries": 4, "City Council Districts": 35, "Police Precincts": 16, "Police Precinct": 16 }, "geometry": { "type": "Point", "coordinates": [ -73.934432308960851, 40.801434546547569 ] } },
{ "type": "Feature", "properties": { "Unique Key": 66077176, "Created Date": "09/07/2025 09:56:08 PM", "Closed Date": "09/08/2025 07:37:56 AM", "Agency": "DOHMH", "Agency Name": "Department of Health and Mental Hygiene", "Complaint Type": "Rodent", "Descriptor": "Signs of Rodents", "Location Type": "3+ Family Apt. Building", "Incident Zip": 10035, "Incident Address": "2400 2 AVENUE", "Street Name": "2 AVENUE", "Cross Street 1": "EAST 123 STREET", "Cross Street 2": "EAST 124 STREET", "Intersection Street 1": "EAST  123 STREET", "Intersection Street 2": "EAST  124 STREET", "Address Type": "ADDRESS", "City": "NEW YORK", "Landmark": "2 AVENUE", "Facility Type": "N/A", "Status": "Closed", "Due Date": null, "Resolution Description": "This service request was closed because the Department of Health and Mental Hygiene received an earlier complaint about the same location.  You can find inspection results for this address by going to the online Rat Portal at www.nyc.gov/rats.", "Resolution Action Updated Date": "09/07/2025 09:56:08 PM", "Community Board": "11 MANHATTAN", "BBL": 1017970001, "Borough": "MANHATTAN", "X Coordinate (State Plane)": 1002403, "Y Coordinate (State Plane)": 231268, "Open Data Channel Type": "MOBILE", "Park Facility Name": "Unspecified", "Park Borough": "MANHATTAN", "Vehicle Type": null, "Taxi Company Borough": null, "Taxi Pick Up Location": null, "Bridge Highway Name": null, "Bridge Highway Direction": null, "Road Ramp": null, "Bridge Highway Segment": null, "Latitude": 40.801434546547569, "Longitude": -73.934432308960851, "Location": "(40.80143454654757, -73.93443230896085)", "Zip Codes": 13093, "Community Districts": 7, "Borough Boundaries": 4, "City Council Districts": 35, "Police Precincts": 16, "Police Precinct": 16 }, "geometry": { "type": "Point", "coordinates": [ -73.934432308960851, 40.801434546547569 ] } },
{ "type": "Feature", "properties": { "Unique Key": 66077177, "Created Date": "09/07/2025 10:53:07 PM", "Closed Date": "09/08/2025 07:37:55 AM", "Agency": "DOHMH", "Agency Name": "Department of Health and Mental Hygiene", "Complaint Type": "Rodent", "Descriptor": "Signs of Rodents", "Location Type": "3+ Family Apt. Building", "Incident Zip": 10035, "Incident Address": "2400 2 AVENUE", "Street Name": "2 AVENUE", "Cross Street 1": "EAST 123 STREET", "Cross Street 2": "EAST 124 STREET", "Intersection Street 1": "EAST  123 STREET", "Intersection Street 2": "EAST  124 STREET", "Address Type": "ADDRESS", "City": "NEW YORK", "Landmark": "2 AVENUE", "Facility Type": "N/A", "Status": "Closed", "Due Date": null, "Resolution Description": "This service request was closed because the Department of Health and Mental Hygiene received an earlier complaint about the same location.  You can find inspection results for this address by going to the online Rat Portal at www.nyc.gov/rats.", "Resolution Action Updated Date": "09/07/2025 10:53:07 PM", "Community Board": "11 MANHATTAN", "BBL": 1017970001, "Borough": "MANHATTAN", "X Coordinate (State Plane)": 1002403, "Y Coordinate (State Plane)": 231268, "Open Data Channel Type": "MOBILE", "Park Facility Name": "Unspecified", "Park Borough": "MANHATTAN", "Vehicle Type": null, "Taxi Company Borough": null, "Taxi Pick Up Location": null, "Bridge Highway Name": null, "Bridge Highway Direction": null, "Road Ramp": null, "Bridge Highway Segment": null, "Latitude": 40.801434546547569, "Longitude": -73.934432308960851, "Location": "(40.80143454654757, -73.93443230896085)", "Zip Codes": 13093, "Community Districts": 7, "Borough Boundaries": 4, "City Council Districts": 35, "Police Precincts": 16, "Police Precinct": 16 }, "geometry": { "type": "Point", "coordinates": [ -73.934432308960851, 40.801434546547569 ] } },
{ "type": "Feature", "properties": { "Unique Key": 66078167, "Created Date": "09/07/2025 10:05:21 PM", "Closed Date": "09/08/2025 07:37:56 AM", "Agency": "DOHMH", "Agency Name": "Department of Health and Mental Hygiene", "Complaint Type": "Rodent", "Descriptor": "Signs of Rodents", "Location Type": "3+ Family Apt. Building", "Incident Zip": 10035, "Incident Address": "2400 2 AVENUE", "Street Name": "2 AVENUE", "Cross Street 1": "EAST 123 STREET", "Cross Street 2": "EAST 124 STREET", "Intersection Street 1": "EAST  123 STREET", "Intersection Street 2": "EAST  124 STREET", "Address Type": "ADDRESS", "City": "NEW YORK", "Landmark": "2 AVENUE", "Facility Type": "N/A", "Status": "Closed", "Due Date": null, "Resolution Description": "This service request was closed because the Department of Health and Mental Hygiene received an earlier complaint about the same location.  You can find inspection results for this address by going to the online Rat Portal at www.nyc.gov/rats.", "Resolution Action Updated Date": "09/07/2025 10:05:21 PM", "Community Board": "11 MANHATTAN", "BBL": 1017970001, "Borough": "MANHATTAN", "X Coordinate (State Plane)": 1002403, "Y Coordinate (State Plane)": 231268, "Open Data Channel Type": "MOBILE", "Park Facility Name": "Unspecified", "Park Borough": "MANHATTAN", "Vehicle Type": null, "Taxi Company Borough": null, "Taxi Pick Up Location": null, "Bridge Highway Name": null, "Bridge Highway Direction": null, "Road Ramp": null, "Bridge Highway Segment": null, "Latitude": 40.801434546547569, "Longitude": -73.934432308960851, "Location": "(40.80143454654757, -73.93443230896085)", "Zip Codes": 13093, "Community Districts": 7, "Borough Boundaries": 4, "City Council Districts": 35, "Police Precincts": 16, "Police Precinct": 16 }, "geometry": { "type": "Point", "coordinates": [ -73.934432308960851, 40.801434546547569 ] } },
{ "type": "Feature", "properties": { "Unique Key": 66078168, "Created Date": "09/07/2025 11:01:13 PM", "Closed Date": "09/08/2025 07:37:55 AM", "Agency": "DOHMH", "Agency Name": "Department of Health and Mental Hygiene", "Complaint Type": "Rodent", "Descriptor": "Signs of Rodents", "Location Type": "3+ Family Apt. Building", "Incident Zip": 10035, "Incident Address": "2400 2 AVENUE", "Street Name": "2 AVENUE", "Cross Street 1": "EAST 123 STREET", "Cross Street 2": "EAST 124 STREET", "Intersection Street 1": "EAST  123 STREET", "Intersection Street 2": "EAST  124 STREET", "Address Type": "ADDRESS", "City": "NEW YORK", "Landmark": "2 AVENUE", "Facility Type": "N/A", "Status": "Closed", "Due Date": null, "Resolution Description": "This service request was closed because the Department of Health and Mental Hygiene received an earlier complaint about the same location.  You can find inspection results for this address by going to the online Rat Portal at www.nyc.gov/rats.", "Resolution Action Updated Date": "09/07/2025 11:01:13 PM", "Community Board": "11 MANHATTAN", "BBL": 1017970001, "Borough": "MANHATTAN", "X Coordinate (State Plane)": 1002403, "Y Coordinate (State Plane)": 231268, "Open Data Channel Type": "MOBILE", "Park Facility Name": "Unspecified", "Park Borough": "MANHATTAN", "Vehicle Type": null, "Taxi Company Borough": null, "Taxi Pick Up Location": null, "Bridge Highway Name": null, "Bridge Highway Direction": null, "Road Ramp": null, "Bridge Highway Segment": null, "Latitude": 40.801434546547569, "Longitude": -73.934432308960851, "Location": "(40.80143454654757, -73.93443230896085)", "Zip Codes": 13093, "Community Districts": 7, "Borough Boundaries": 4, "City Council Districts": 35, "Police Precincts": 16, "Police Precinct": 16 }, "geometry": { "type": "Point", "coordinates": [ -73.934432308960851, 40.801434546547569 ] } },
{ "type": "Feature", "properties": { "Unique Key": 66079245, "Created Date": "09/07/2025 10:16:11 PM", "Closed Date": "09/08/2025 07:37:56 AM", "Agency": "DOHMH", "Agency Name": "Department of Health and Mental Hygiene", "Complaint Type": "Rodent", "Descriptor": "Signs of Rodents", "Location Type": "3+ Family Apt. Building", "Incident Zip": 10035, "Incident Address": "2400 2 AVENUE", "Street Name": "2 AVENUE", "Cross Street 1": "EAST 123 STREET", "Cross Street 2": "EAST 124 STREET", "Intersection Street 1": "EAST  123 STREET", "Intersection Street 2": "EAST  124 STREET", "Address Type": "ADDRESS", "City": "NEW YORK", "Landmark": "2 AVENUE", "Facility Type": "N/A", "Status": "Closed", "Due Date": null, "Resolution Description": "This service request was closed because the Department of Health and Mental Hygiene received an earlier complaint about the same location.  You can find inspection results for this address by going to the online Rat Portal at www.nyc.gov/rats.", "Resolution Action Updated Date": "09/07/2025 10:16:11 PM", "Community Board": "11 MANHATTAN", "BBL": 1017970001, "Borough": "MANHATTAN", "X Coordinate (State Plane)": 1002403, "Y Coordinate (State Plane)": 231268, "Open Data Channel Type": "MOBILE", "Park Facility Name": "Unspecified", "Park Borough": "MANHATTAN", "Vehicle Type": null, "Taxi Company Borough": null, "Taxi Pick Up Location": null, "Bridge Highway Name": null, "Bridge Highway Direction": null, "Road Ramp": null, "Bridge Highway Segment": null, "Latitude": 40.801434546547569, "Longitude": -73.934432308960851, "Location": "(40.80143454654757, -73.93443230896085)", "Zip Codes": 13093, "Community Districts": 7, "Borough Boundaries": 4, "City Council Districts": 35, "Police Precincts": 16, "Police Precinct": 16 }, "geometry": { "type": "Point", "coordinates": [ -73.934432308960851, 40.801434546547569 ] } },
{ "type": "Feature", "properties": { "Unique Key": 66079246, "Created Date": "09/07/2025 11:15:22 PM", "Closed Date": "09/08/2025 07:37:55 AM", "Agency": "DOHMH", "Agency Name": "Department of Health and Mental Hygiene", "Complaint Type": "Rodent", "Descriptor": "Signs of Rodents", "Location Type": "3+ Family Apt. Building", "Incident Zip": 10035, "Incident Address": "2400 2 AVENUE", "Street Name": "2 AVENUE", "Cross Street 1": "EAST 123 STREET", "Cross Street 2": "EAST 124 STREET", "Intersection Street 1": "EAST  123 STREET", "Intersection Street 2": "EAST  124 STREET", "Address Type": "ADDRESS", "City": "NEW YORK", "Landmark": "2 AVENUE", "Facility Type": "N/A", "Status": "Closed", "Due Date": null, "Resolution Description": "This service request was closed because the Department of Health and Mental Hygiene received an earlier complaint about the same location.  You can find inspection results for this address by going to the online Rat Portal at www.nyc.gov/rats.", "Resolution Action Updated Date": "09/07/2025 11:15:22 PM", "Community Board": "11 MANHATTAN", "BBL": 1017970001, "Borough": "MANHATTAN", "X Coordinate (State Plane)": 1002403, "Y Coordinate (State Plane)": 231268, "Open Data Channel Type": "MOBILE", "Park Facility Name": "Unspecified", "Park Borough": "MANHATTAN", "Vehicle Type": null, "Taxi Company Borough": null, "Taxi Pick Up Location": null, "Bridge Highway Name": null, "Bridge Highway Direction": null, "Road Ramp": null, "Bridge Highway Segment": null, "Latitude": 40.801434546547569, "Longitude": -73.934432308960851, "Location": "(40.80143454654757, -73.93443230896085)", "Zip Codes": 13093, "Community Districts": 7, "Borough Boundaries": 4, "City Council Districts": 35, "Police Precincts": 16, "Police Precinct": 16 }, "geometry": { "type": "Point", "coordinates": [ -73.934432308960851, 40.801434546547569 ] } },
{ "type": "Feature", "properties": { "Unique Key": 66082310, "Created Date": "09/07/2025 10:44:59 PM", "Closed Date": "09/08/2025 07:37:56 AM", "Agency": "DOHMH", "Agency Name": "Department of Health and Mental Hygiene", "Complaint Type": "Rodent", "Descriptor": "Signs of Rodents", "Location Type": "3+ Family Apt. Building", "Incident Zip": 10035, "Incident Address": "2400 2 AVENUE", "Street Name": "2 AVENUE", "Cross Street 1": "EAST 123 STREET", "Cross Street 2": "EAST 124 STREET", "Intersection Street 1": "EAST  123 STREET", "Intersection Street 2": "EAST  124 STREET", "Address Type": "ADDRESS", "City": "NEW YORK", "Landmark": "2 AVENUE", "Facility Type": "N/A", "Status": "Closed", "Due Date": null, "Resolution Description": "This service request was closed because the Department of Health and Mental Hygiene received an earlier complaint about the same location.  You can find inspection results for this address by going to the online Rat Portal at www.nyc.gov/rats.", "Resolution Action Updated Date": "09/07/2025 10:44:59 PM", "Community Board": "11 MANHATTAN", "BBL": 1017970001, "Borough": "MANHATTAN", "X Coordinate (State Plane)": 1002403, "Y Coordinate (State Plane)": 231268, "Open Data Channel Type": "MOBILE", "Park Facility Name": "Unspecified", "Park Borough": "MANHATTAN", "Vehicle Type": null, "Taxi Company Borough": null, "Taxi Pick Up Location": null, "Bridge Highway Name": null, "Bridge Highway Direction": null, "Road Ramp": null, "Bridge Highway Segment": null, "Latitude": 40.801434546547569, "Longitude": -73.934432308960851, "Location": "(40.80143454654757, -73.93443230896085)", "Zip Codes": 13093, "Community Districts": 7, "Borough Boundaries": 4, "City Council Districts": 35, "Police Precincts": 16, "Police Precinct": 16 }, "geometry": { "type": "Point", "coordinates": [ -73.934432308960851, 40.801434546547569 ] } },
{ "type": "Feature", "properties": { "Unique Key": 66086063, "Created Date": "09/08/2025 07:37:12 AM", "Closed Date": "09/08/2025 12:49:52 PM", "Agency": "DOHMH", "Agency Name": "Department of Health and Mental Hygiene", "Complaint Type": "Rodent", "Descriptor": "Signs of Rodents", "Location Type": "3+ Family Apt. Building", "Incident Zip": 11249, "Incident Address": "118 SOUTH    3 STREET", "Street Name": "SOUTH    3 STREET", "Cross Street 1": "BERRY STREET", "Cross Street 2": "BEDFORD AVENUE", "Intersection Street 1": "BERRY STREET", "Intersection Street 2": "BEDFORD AVENUE", "Address Type": "ADDRESS", "City": "BROOKLYN", "Landmark": "SOUTH    3 STREET", "Facility Type": "N/A", "Status": "Closed", "Due Date": null, "Resolution Description": "This service request was closed because the Department of Health and Mental Hygiene received an earlier complaint about the same location.  You can find inspection results for this address by going to the online Rat Portal at www.nyc.gov/rats.", "Resolution Action Updated Date": "09/08/2025 07:37:12 AM", "Community Board": "01 BROOKLYN", "BBL": 3024300016, "Borough": "BROOKLYN", "X Coordinate (State Plane)": 994463, "Y Coordinate (State Plane)": 198949, "Open Data Channel Type": "MOBILE", "Park Facility Name": "Unspecified", "Park Borough": "BROOKLYN", "Vehicle Type": null, "Taxi Company Borough": null, "Taxi Pick Up Location": null, "Bridge Highway Name": null, "Bridge Highway Direction": null, "Road Ramp": null, "Bridge Highway Segment": null, "Latitude": 40.712739898913277, "Longitude": -73.96316026460903, "Location": "(40.71273989891328, -73.96316026460903)", "Zip Codes": 17613, "Community Districts": 36, "Borough Boundaries": 2, "City Council Districts": 30, "Police Precincts": 56, "Police Precinct": 56 }, "geometry": { "type": "Point", "coordinates": [ -73.96316026460903, 40.712739898913277 ] } },
{ "type": "Feature", "properties": { "Unique Key": 66093252, "Created Date": "09/08/2025 12:12:35 PM", "Closed Date": "09/08/2025 12:43:50 PM", "Agency": "DOHMH", "Agency Name": "Department of Health and Mental Hygiene", "Complaint Type": "Rodent", "Descriptor": "Signs of Rodents", "Location Type": "3+ Family Apt. Building", "Incident Zip": 11238, "Incident Address": "348 CLASSON AVENUE", "Street Name": "CLASSON AVENUE", "Cross Street 1": "LAFAYETTE AVENUE", "Cross Street 2": "CLIFTON PLACE", "Intersection Street 1": "LAFAYETTE AVENUE", "Intersection Street 2": "CLIFTON PLACE", "Address Type": "ADDRESS", "City": "BROOKLYN", "Landmark": "CLASSON AVENUE", "Facility Type": "N/A", "Status": "Closed", "Due Date": null, "Resolution Description": "This service request was closed because the Department of Health and Mental Hygiene received an earlier complaint about the same location.  You can find inspection results for this address by going to the online Rat Portal at www.nyc.gov/rats.", "Resolution Action Updated Date": "09/08/2025 12:12:35 PM", "Community Board": "02 BROOKLYN", "BBL": 3019480034, "Borough": "BROOKLYN", "X Coordinate (State Plane)": 995353, "Y Coordinate (State Plane)": 190163, "Open Data Channel Type": "ONLINE", "Park Facility Name": "Unspecified", "Park Borough": "BROOKLYN", "Vehicle Type": null, "Taxi Company Borough": null, "Taxi Pick Up Location": null, "Bridge Highway Name": null, "Bridge Highway Direction": null, "Road Ramp": null, "Bridge Highway Segment": null, "Latitude": 40.688623314637695, "Longitude": -73.959964393897508, "Location": "(40.688623314637695, -73.95996439389751)", "Zip Codes": 13829, "Community Districts": 68, "Borough Boundaries": 2, "City Council Districts": 48, "Police Precincts": 55, "Police Precinct": 55 }, "geometry": { "type": "Point", "coordinates": [ -73.959964393897508, 40.688623314637695 ] } },
{ "type": "Feature", "properties": { "Unique Key": 66130228, "Created Date": "09/12/2025 10:20:40 AM", "Closed Date": null, "Agency": "DOHMH", "Agency Name": "Department of Health and Mental Hygiene", "Complaint Type": "Rodent", "Descriptor": "Signs of Rodents", "Location Type": "3+ Family Apt. Building", "Incident Zip": 11358, "Incident Address": "34-04 158 STREET", "Street Name": "158 STREET", "Cross Street 1": "33 AVENUE", "Cross Street 2": "35 AVENUE", "Intersection Street 1": "33 AVENUE", "Intersection Street 2": "35 AVENUE", "Address Type": "ADDRESS", "City": "FLUSHING", "Landmark": "158 STREET", "Facility Type": null, "Status": "In Progress", "Due Date": null, "Resolution Description": null, "Resolution Action Updated Date": null, "Community Board": "07 QUEENS", "BBL": null, "Borough": "QUEENS", "X Coordinate (State Plane)": 1037705, "Y Coordinate (State Plane)": 218352, "Open Data Channel Type": "PHONE", "Park Facility Name": "Unspecified", "Park Borough": "QUEENS", "Vehicle Type": null, "Taxi Company Borough": null, "Taxi Pick Up Location": null, "Bridge Highway Name": null, "Bridge Highway Direction": null, "Road Ramp": null, "Bridge Highway Segment": null, "Latitude": 40.765840601376105, "Longitude": -73.807026371461248, "Location": "(40.765840601376105, -73.80702637146125)", "Zip Codes": 14193, "Community Districts": 22, "Borough Boundaries": 3, "City Council Districts": 20, "Police Precincts": 67, "Police Precinct": 67 }, "geometry": { "type": "Point", "coordinates": [ -73.807026371461248, 40.765840601376105 ] } },
{ "type": "Feature", "properties": { "Unique Key": 66132974, "Created Date": "09/12/2025 02:14:00 PM", "Closed Date": null, "Agency": "DOHMH", "Agency Name": "Department of Health and Mental Hygiene", "Complaint Type": "Rodent", "Descriptor": "Signs of Rodents", "Location Type": "3+ Family Apt. Building", "Incident Zip": 11101, "Incident Address": "34-35 42 STREET", "Street Name": "42 STREET", "Cross Street 1": "34 AVENUE", "Cross Street 2": "35 AVENUE", "Intersection Street 1": "34 AVENUE", "Intersection Street 2": "35 AVENUE", "Address Type": "ADDRESS", "City": "LONG ISLAND CITY", "Landmark": "42 STREET", "Facility Type": null, "Status": "In Progress", "Due Date": null, "Resolution Description": null, "Resolution Action Updated Date": null, "Community Board": "01 QUEENS", "BBL": 4006750007, "Borough": "QUEENS", "X Coordinate (State Plane)": 1006483, "Y Coordinate (State Plane)": 214470, "Open Data Channel Type": "MOBILE", "Park Facility Name": "Unspecified", "Park Borough": "QUEENS", "Vehicle Type": null, "Taxi Company Borough": null, "Taxi Pick Up Location": null, "Bridge Highway Name": null, "Bridge Highway Direction": null, "Road Ramp": null, "Bridge Highway Segment": null, "Latitude": 40.755319164769176, "Longitude": -73.919751152529756, "Location": "(40.755319164769176, -73.91975115252976)", "Zip Codes": 16858, "Community Districts": 39, "Borough Boundaries": 3, "City Council Districts": 33, "Police Precincts": 72, "Police Precinct": 72 }, "geometry": { "type": "Point", "coordinates": [ -73.919751152529756, 40.755319164769176 ] } },
{ "type": "Feature", "properties": { "Unique Key": 66173256, "Created Date": "09/16/2025 07:22:54 AM", "Closed Date": null, "Agency": "DOHMH", "Agency Name": "Department of Health and Mental Hygiene", "Complaint Type": "Rodent", "Descriptor": "Signs of Rodents", "Location Type": "1-2 Family Dwelling", "Incident Zip": 11691, "Incident Address": "23-92 MOTT AVENUE", "Street Name": "MOTT AVENUE", "Cross Street 1": "SAMANTHA DRIVE", "Cross Street 2": "BAY   24 STREET", "Intersection Street 1": "SAMANTHA DRIVE", "Intersection Street 2": "BAY   24 STREET", "Address Type": "ADDRESS", "City": "FAR ROCKAWAY", "Landmark": "MOTT AVENUE", "Facility Type": null, "Status": "In Progress", "Due Date": null, "Resolution Description": null, "Resolution Action Updated Date": null, "Community Board": "14 QUEENS", "BBL": 4156700020, "Borough": "QUEENS", "X Coordinate (State Plane)": 1050279, "Y Coordinate (State Plane)": 160543, "Open Data Channel Type": "MOBILE", "Park Facility Name": "Unspecified", "Park Borough": "QUEENS", "Vehicle Type": null, "Taxi Company Borough": null, "Taxi Pick Up Location": null, "Bridge Highway Name": null, "Bridge Highway Direction": null, "Road Ramp": null, "Bridge Highway Segment": null, "Latitude": 40.60708379780106, "Longitude": -73.762200711691747, "Location": "(40.60708379780106, -73.76220071169175)", "Zip Codes": 20529, "Community Districts": 51, "Borough Boundaries": 3, "City Council Districts": 47, "Police Precincts": 59, "Police Precinct": 59 }, "geometry": { "type": "Point", "coordinates": [ -73.762200711691747, 40.60708379780106 ] } },
{ "type": "Feature", "properties": { "Unique Key": 66173255, "Created Date": "09/16/2025 09:33:31 AM", "Closed Date": "09/16/2025 09:33:31 AM", "Agency": "DOHMH", "Agency Name": "Department of Health and Mental Hygiene", "Complaint Type": "Rodent", "Descriptor": "Signs of Rodents", "Location Type": "1-2 Family Dwelling", "Incident Zip": 10466, "Incident Address": "4379 GRACE AVENUE", "Street Name": "GRACE AVENUE", "Cross Street 1": "PITMAN AVENUE", "Cross Street 2": "NEREID AVENUE", "Intersection Street 1": "PITMAN AVENUE", "Intersection Street 2": "NEREID AVENUE", "Address Type": "ADDRESS", "City": "BRONX", "Landmark": "GRACE AVENUE", "Facility Type": "N/A", "Status": "Closed", "Due Date": null, "Resolution Description": "The Department of Health and Mental Hygiene found violations on the property you reported. Follow-up inspections will be scheduled.", "Resolution Action Updated Date": "09/22/2025 10:05:41 AM", "Community Board": "12 BRONX", "BBL": 2050540048, "Borough": "BRONX", "X Coordinate (State Plane)": 1026388, "Y Coordinate (State Plane)": 266519, "Open Data Channel Type": "MOBILE", "Park Facility Name": "Unspecified", "Park Borough": "BRONX", "Vehicle Type": null, "Taxi Company Borough": null, "Taxi Pick Up Location": null, "Bridge Highway Name": null, "Bridge Highway Direction": null, "Road Ramp": null, "Bridge Highway Segment": null, "Latitude": 40.89810612856359, "Longitude": -73.847578313894346, "Location": "(40.89810612856359, -73.84757831389435)", "Zip Codes": 11275, "Community Districts": 29, "Borough Boundaries": 5, "City Council Districts": 2, "Police Precincts": 30, "Police Precinct": 30 }, "geometry": { "type": "Point", "coordinates": [ -73.847578313894346, 40.89810612856359 ] } },
{ "type": "Feature", "properties": { "Unique Key": 66086064, "Created Date": "09/08/2025 10:20:48 PM", "Closed Date": "09/09/2025 07:39:45 AM", "Agency": "DOHMH", "Agency Name": "Department of Health and Mental Hygiene", "Complaint Type": "Rodent", "Descriptor": "Signs of Rodents", "Location Type": "3+ Family Apt. Building", "Incident Zip": 10035, "Incident Address": "2400 2 AVENUE", "Street Name": "2 AVENUE", "Cross Street 1": "EAST 123 STREET", "Cross Street 2": "EAST 124 STREET", "Intersection Street 1": "EAST  123 STREET", "Intersection Street 2": "EAST  124 STREET", "Address Type": "ADDRESS", "City": "NEW YORK", "Landmark": "2 AVENUE", "Facility Type": "N/A", "Status": "Closed", "Due Date": null, "Resolution Description": "This service request was closed because the Department of Health and Mental Hygiene received an earlier complaint about the same location.  You can find inspection results for this address by going to the online Rat Portal at www.nyc.gov/rats.", "Resolution Action Updated Date": "09/08/2025 10:20:48 PM", "Community Board": "11 MANHATTAN", "BBL": 1017970001, "Borough": "MANHATTAN", "X Coordinate (State Plane)": 1002403, "Y Coordinate (State Plane)": 231268, "Open Data Channel Type": "MOBILE", "Park Facility Name": "Unspecified", "Park Borough": "MANHATTAN", "Vehicle Type": null, "Taxi Company Borough": null, "Taxi Pick Up Location": null, "Bridge Highway Name": null, "Bridge Highway Direction": null, "Road Ramp": null, "Bridge Highway Segment": null, "Latitude": 40.801434546547569, "Longitude": -73.934432308960851, "Location": "(40.80143454654757, -73.93443230896085)", "Zip Codes": 13093, "Community Districts": 7, "Borough Boundaries": 4, "City Council Districts": 35, "Police Precincts": 16, "Police Precinct": 16 }, "geometry": { "type": "Point", "coordinates": [ -73.934432308960851, 40.801434546547569 ] } },
{ "type": "Feature", "properties": { "Unique Key": 66086065, "Created Date": "09/08/2025 09:59:48 PM", "Closed Date": "09/09/2025 07:39:45 AM", "Agency": "DOHMH", "Agency Name": "Department of Health and Mental Hygiene", "Complaint Type": "Rodent", "Descriptor": "Signs of Rodents", "Location Type": "3+ Family Apt. Building", "Incident Zip": 10035, "Incident Address": "2400 2 AVENUE", "Street Name": "2 AVENUE", "Cross Street 1": "EAST 123 STREET", "Cross Street 2": "EAST 124 STREET", "Intersection Street 1": "EAST  123 STREET", "Intersection Street 2": "EAST  124 STREET", "Address Type": "ADDRESS", "City": "NEW YORK", "Landmark": "2 AVENUE", "Facility Type": "N/A", "Status": "Closed", "Due Date": null, "Resolution Description": "This service request was closed because the Department of Health and Mental Hygiene received an earlier complaint about the same location.  You can find inspection results for this address by going to the online Rat Portal at www.nyc.gov/rats.", "Resolution Action Updated Date": "09/08/2025 09:59:48 PM", "Community Board": "11 MANHATTAN", "BBL": 1017970001, "Borough": "MANHATTAN", "X Coordinate (State Plane)": 1002403, "Y Coordinate (State Plane)": 231268, "Open Data Channel Type": "MOBILE", "Park Facility Name": "Unspecified", "Park Borough": "MANHATTAN", "Vehicle Type": null, "Taxi Company Borough": null, "Taxi Pick Up Location": null, "Bridge Highway Name": null, "Bridge Highway Direction": null, "Road Ramp": null, "Bridge Highway Segment": null, "Latitude": 40.801434546547569, "Longitude": -73.934432308960851, "Location": "(40.80143454654757, -73.93443230896085)", "Zip Codes": 13093, "Community Districts": 7, "Borough Boundaries": 4, "City Council Districts": 35, "Police Precincts": 16, "Police Precinct": 16 }, "geometry": { "type": "Point", "coordinates": [ -73.934432308960851, 40.801434546547569 ] } },
{ "type": "Feature", "properties": { "Unique Key": 66091815, "Created Date": "09/08/2025 09:51:22 PM", "Closed Date": "09/09/2025 07:39:45 AM", "Agency": "DOHMH", "Agency Name": "Department of Health and Mental Hygiene", "Complaint Type": "Rodent", "Descriptor": "Signs of Rodents", "Location Type": "3+ Family Apt. Building", "Incident Zip": 10035, "Incident Address": "2400 2 AVENUE", "Street Name": "2 AVENUE", "Cross Street 1": "EAST 123 STREET", "Cross Street 2": "EAST 124 STREET", "Intersection Street 1": "EAST  123 STREET", "Intersection Street 2": "EAST  124 STREET", "Address Type": "ADDRESS", "City": "NEW YORK", "Landmark": "2 AVENUE", "Facility Type": "N/A", "Status": "Closed", "Due Date": null, "Resolution Description": "This service request was closed because the Department of Health and Mental Hygiene received an earlier complaint about the same location.  You can find inspection results for this address by going to the online Rat Portal at www.nyc.gov/rats.", "Resolution Action Updated Date": "09/08/2025 09:51:22 PM", "Community Board": "11 MANHATTAN", "BBL": 1017970001, "Borough": "MANHATTAN", "X Coordinate (State Plane)": 1002403, "Y Coordinate (State Plane)": 231268, "Open Data Channel Type": "MOBILE", "Park Facility Name": "Unspecified", "Park Borough": "MANHATTAN", "Vehicle Type": null, "Taxi Company Borough": null, "Taxi Pick Up Location": null, "Bridge Highway Name": null, "Bridge Highway Direction": null, "Road Ramp": null, "Bridge Highway Segment": null, "Latitude": 40.801434546547569, "Longitude": -73.934432308960851, "Location": "(40.80143454654757, -73.93443230896085)", "Zip Codes": 13093, "Community Districts": 7, "Borough Boundaries": 4, "City Council Districts": 35, "Police Precincts": 16, "Police Precinct": 16 }, "geometry": { "type": "Point", "coordinates": [ -73.934432308960851, 40.801434546547569 ] } },
{ "type": "Feature", "properties": { "Unique Key": 66093254, "Created Date": "09/09/2025 12:48:00 AM", "Closed Date": "09/09/2025 07:39:45 AM", "Agency": "DOHMH", "Agency Name": "Department of Health and Mental Hygiene", "Complaint Type": "Rodent", "Descriptor": "Signs of Rodents", "Location Type": "3+ Family Apt. Building", "Incident Zip": 10035, "Incident Address": "2400 2 AVENUE", "Street Name": "2 AVENUE", "Cross Street 1": "EAST 123 STREET", "Cross Street 2": "EAST 124 STREET", "Intersection Street 1": "EAST  123 STREET", "Intersection Street 2": "EAST  124 STREET", "Address Type": "ADDRESS", "City": "NEW YORK", "Landmark": "2 AVENUE", "Facility Type": "N/A", "Status": "Closed", "Due Date": null, "Resolution Description": "This service request was closed because the Department of Health and Mental Hygiene received an earlier complaint about the same location.  You can find inspection results for this address by going to the online Rat Portal at www.nyc.gov/rats.", "Resolution Action Updated Date": "09/09/2025 12:48:00 AM", "Community Board": "11 MANHATTAN", "BBL": 1017970001, "Borough": "MANHATTAN", "X Coordinate (State Plane)": 1002403, "Y Coordinate (State Plane)": 231268, "Open Data Channel Type": "MOBILE", "Park Facility Name": "Unspecified", "Park Borough": "MANHATTAN", "Vehicle Type": null, "Taxi Company Borough": null, "Taxi Pick Up Location": null, "Bridge Highway Name": null, "Bridge Highway Direction": null, "Road Ramp": null, "Bridge Highway Segment": null, "Latitude": 40.801434546547569, "Longitude": -73.934432308960851, "Location": "(40.80143454654757, -73.93443230896085)", "Zip Codes": 13093, "Community Districts": 7, "Borough Boundaries": 4, "City Council Districts": 35, "Police Precincts": 16, "Police Precinct": 16 }, "geometry": { "type": "Point", "coordinates": [ -73.934432308960851, 40.801434546547569 ] } },
{ "type": "Feature", "properties": { "Unique Key": 66093255, "Created Date": "09/08/2025 09:47:32 AM", "Closed Date": "09/09/2025 08:11:18 AM", "Agency": "DOHMH", "Agency Name": "Department of Health and Mental Hygiene", "Complaint Type": "Rodent", "Descriptor": "Signs of Rodents", "Location Type": "3+ Family Apt. Building", "Incident Zip": 10039, "Incident Address": "210 WEST  147 STREET", "Street Name": "WEST  147 STREET", "Cross Street 1": "ADAM CLAYTON POWELL JR BOULEVARD", "Cross Street 2": "FREDERICK DOUGLASS BOULEVARD", "Intersection Street 1": "ADAM CLAYTON POWELL JR BOULEVARD", "Intersection Street 2": "FREDERICK DOUGLASS BOULEVARD", "Address Type": "ADDRESS", "City": "NEW YORK", "Landmark": "WEST  147 STREET", "Facility Type": "N/A", "Status": "Closed", "Due Date": null, "Resolution Description": "This service request was closed because the Department of Health and Mental Hygiene received an earlier complaint about the same location.  You can find inspection results for this address by going to the online Rat Portal at www.nyc.gov/rats.", "Resolution Action Updated Date": "09/08/2025 09:47:32 AM", "Community Board": "10 MANHATTAN", "BBL": 1020320043, "Borough": "MANHATTAN", "X Coordinate (State Plane)": 1001136, "Y Coordinate (State Plane)": 239229, "Open Data Channel Type": "MOBILE", "Park Facility Name": "Unspecified", "Park Borough": "MANHATTAN", "Vehicle Type": null, "Taxi Company Borough": null, "Taxi Pick Up Location": null, "Bridge Highway Name": null, "Bridge Highway Direction": null, "Road Ramp": null, "Bridge Highway Segment": null, "Latitude": 40.823287781127171, "Longitude": -73.938988617843208, "Location": "(40.82328778112717, -73.93898861784321)", "Zip Codes": 13097, "Community Districts": 18, "Borough Boundaries": 4, "City Council Districts": 36, "Police Precincts": 20, "Police Precinct": 20 }, "geometry": { "type": "Point", "coordinates": [ -73.938988617843208, 40.823287781127171 ] } },
{ "type": "Feature", "properties": { "Unique Key": 66094693, "Created Date": "09/09/2025 01:27:40 AM", "Closed Date": "09/09/2025 07:39:45 AM", "Agency": "DOHMH", "Agency Name": "Department of Health and Mental Hygiene", "Complaint Type": "Rodent", "Descriptor": "Signs of Rodents", "Location Type": "3+ Family Apt. Building", "Incident Zip": 10035, "Incident Address": "2400 2 AVENUE", "Street Name": "2 AVENUE", "Cross Street 1": "EAST 123 STREET", "Cross Street 2": "EAST 124 STREET", "Intersection Street 1": "EAST  123 STREET", "Intersection Street 2": "EAST  124 STREET", "Address Type": "ADDRESS", "City": "NEW YORK", "Landmark": "2 AVENUE", "Facility Type": "N/A", "Status": "Closed", "Due Date": null, "Resolution Description": "This service request was closed because the Department of Health and Mental Hygiene received an earlier complaint about the same location.  You can find inspection results for this address by going to the online Rat Portal at www.nyc.gov/rats.", "Resolution Action Updated Date": "09/09/2025 01:27:40 AM", "Community Board": "11 MANHATTAN", "BBL": 1017970001, "Borough": "MANHATTAN", "X Coordinate (State Plane)": 1002403, "Y Coordinate (State Plane)": 231268, "Open Data Channel Type": "MOBILE", "Park Facility Name": "Unspecified", "Park Borough": "MANHATTAN", "Vehicle Type": null, "Taxi Company Borough": null, "Taxi Pick Up Location": null, "Bridge Highway Name": null, "Bridge Highway Direction": null, "Road Ramp": null, "Bridge Highway Segment": null, "Latitude": 40.801434546547569, "Longitude": -73.934432308960851, "Location": "(40.80143454654757, -73.93443230896085)", "Zip Codes": 13093, "Community Districts": 7, "Borough Boundaries": 4, "City Council Districts": 35, "Police Precincts": 16, "Police Precinct": 16 }, "geometry": { "type": "Point", "coordinates": [ -73.934432308960851, 40.801434546547569 ] } },
{ "type": "Feature", "properties": { "Unique Key": 66094694, "Created Date": "09/08/2025 10:33:16 PM", "Closed Date": "09/09/2025 07:39:45 AM", "Agency": "DOHMH", "Agency Name": "Department of Health and Mental Hygiene", "Complaint Type": "Rodent", "Descriptor": "Signs of Rodents", "Location Type": "3+ Family Apt. Building", "Incident Zip": 10035, "Incident Address": "2400 2 AVENUE", "Street Name": "2 AVENUE", "Cross Street 1": "EAST 123 STREET", "Cross Street 2": "EAST 124 STREET", "Intersection Street 1": "EAST  123 STREET", "Intersection Street 2": "EAST  124 STREET", "Address Type": "ADDRESS", "City": "NEW YORK", "Landmark": "2 AVENUE", "Facility Type": "N/A", "Status": "Closed", "Due Date": null, "Resolution Description": "This service request was closed because the Department of Health and Mental Hygiene received an earlier complaint about the same location.  You can find inspection results for this address by going to the online Rat Portal at www.nyc.gov/rats.", "Resolution Action Updated Date": "09/08/2025 10:33:16 PM", "Community Board": "11 MANHATTAN", "BBL": 1017970001, "Borough": "MANHATTAN", "X Coordinate (State Plane)": 1002403, "Y Coordinate (State Plane)": 231268, "Open Data Channel Type": "MOBILE", "Park Facility Name": "Unspecified", "Park Borough": "MANHATTAN", "Vehicle Type": null, "Taxi Company Borough": null, "Taxi Pick Up Location": null, "Bridge Highway Name": null, "Bridge Highway Direction": null, "Road Ramp": null, "Bridge Highway Segment": null, "Latitude": 40.801434546547569, "Longitude": -73.934432308960851, "Location": "(40.80143454654757, -73.93443230896085)", "Zip Codes": 13093, "Community Districts": 7, "Borough Boundaries": 4, "City Council Districts": 35, "Police Precincts": 16, "Police Precinct": 16 }, "geometry": { "type": "Point", "coordinates": [ -73.934432308960851, 40.801434546547569 ] } },
{ "type": "Feature", "properties": { "Unique Key": 66094695, "Created Date": "09/08/2025 10:13:59 PM", "Closed Date": "09/09/2025 07:39:45 AM", "Agency": "DOHMH", "Agency Name": "Department of Health and Mental Hygiene", "Complaint Type": "Rodent", "Descriptor": "Signs of Rodents", "Location Type": "3+ Family Apt. Building", "Incident Zip": 10035, "Incident Address": "2400 2 AVENUE", "Street Name": "2 AVENUE", "Cross Street 1": "EAST 123 STREET", "Cross Street 2": "EAST 124 STREET", "Intersection Street 1": "EAST  123 STREET", "Intersection Street 2": "EAST  124 STREET", "Address Type": "ADDRESS", "City": "NEW YORK", "Landmark": "2 AVENUE", "Facility Type": "N/A", "Status": "Closed", "Due Date": null, "Resolution Description": "This service request was closed because the Department of Health and Mental Hygiene received an earlier complaint about the same location.  You can find inspection results for this address by going to the online Rat Portal at www.nyc.gov/rats.", "Resolution Action Updated Date": "09/08/2025 10:13:59 PM", "Community Board": "11 MANHATTAN", "BBL": 1017970001, "Borough": "MANHATTAN", "X Coordinate (State Plane)": 1002403, "Y Coordinate (State Plane)": 231268, "Open Data Channel Type": "MOBILE", "Park Facility Name": "Unspecified", "Park Borough": "MANHATTAN", "Vehicle Type": null, "Taxi Company Borough": null, "Taxi Pick Up Location": null, "Bridge Highway Name": null, "Bridge Highway Direction": null, "Road Ramp": null, "Bridge Highway Segment": null, "Latitude": 40.801434546547569, "Longitude": -73.934432308960851, "Location": "(40.80143454654757, -73.93443230896085)", "Zip Codes": 13093, "Community Districts": 7, "Borough Boundaries": 4, "City Council Districts": 35, "Police Precincts": 16, "Police Precinct": 16 }, "geometry": { "type": "Point", "coordinates": [ -73.934432308960851, 40.801434546547569 ] } },
{ "type": "Feature", "properties": { "Unique Key": 66097585, "Created Date": "09/09/2025 02:16:06 AM", "Closed Date": "09/09/2025 07:39:45 AM", "Agency": "DOHMH", "Agency Name": "Department of Health and Mental Hygiene", "Complaint Type": "Rodent", "Descriptor": "Signs of Rodents", "Location Type": "3+ Family Apt. Building", "Incident Zip": 10035, "Incident Address": "2400 2 AVENUE", "Street Name": "2 AVENUE", "Cross Street 1": "EAST 123 STREET", "Cross Street 2": "EAST 124 STREET", "Intersection Street 1": "EAST  123 STREET", "Intersection Street 2": "EAST  124 STREET", "Address Type": "ADDRESS", "City": "NEW YORK", "Landmark": "2 AVENUE", "Facility Type": "N/A", "Status": "Closed", "Due Date": null, "Resolution Description": "This service request was closed because the Department of Health and Mental Hygiene received an earlier complaint about the same location.  You can find inspection results for this address by going to the online Rat Portal at www.nyc.gov/rats.", "Resolution Action Updated Date": "09/09/2025 02:16:06 AM", "Community Board": "11 MANHATTAN", "BBL": 1017970001, "Borough": "MANHATTAN", "X Coordinate (State Plane)": 1002403, "Y Coordinate (State Plane)": 231268, "Open Data Channel Type": "MOBILE", "Park Facility Name": "Unspecified", "Park Borough": "MANHATTAN", "Vehicle Type": null, "Taxi Company Borough": null, "Taxi Pick Up Location": null, "Bridge Highway Name": null, "Bridge Highway Direction": null, "Road Ramp": null, "Bridge Highway Segment": null, "Latitude": 40.801434546547569, "Longitude": -73.934432308960851, "Location": "(40.80143454654757, -73.93443230896085)", "Zip Codes": 13093, "Community Districts": 7, "Borough Boundaries": 4, "City Council Districts": 35, "Police Precincts": 16, "Police Precinct": 16 }, "geometry": { "type": "Point", "coordinates": [ -73.934432308960851, 40.801434546547569 ] } },
{ "type": "Feature", "properties": { "Unique Key": 66100434, "Created Date": "09/09/2025 02:02:02 AM", "Closed Date": "09/09/2025 07:39:45 AM", "Agency": "DOHMH", "Agency Name": "Department of Health and Mental Hygiene", "Complaint Type": "Rodent", "Descriptor": "Signs of Rodents", "Location Type": "3+ Family Apt. Building", "Incident Zip": 10035, "Incident Address": "2400 2 AVENUE", "Street Name": "2 AVENUE", "Cross Street 1": "EAST 123 STREET", "Cross Street 2": "EAST 124 STREET", "Intersection Street 1": "EAST  123 STREET", "Intersection Street 2": "EAST  124 STREET", "Address Type": "ADDRESS", "City": "NEW YORK", "Landmark": "2 AVENUE", "Facility Type": "N/A", "Status": "Closed", "Due Date": null, "Resolution Description": "This service request was closed because the Department of Health and Mental Hygiene received an earlier complaint about the same location.  You can find inspection results for this address by going to the online Rat Portal at www.nyc.gov/rats.", "Resolution Action Updated Date": "09/09/2025 02:02:02 AM", "Community Board": "11 MANHATTAN", "BBL": 1017970001, "Borough": "MANHATTAN", "X Coordinate (State Plane)": 1002403, "Y Coordinate (State Plane)": 231268, "Open Data Channel Type": "MOBILE", "Park Facility Name": "Unspecified", "Park Borough": "MANHATTAN", "Vehicle Type": null, "Taxi Company Borough": null, "Taxi Pick Up Location": null, "Bridge Highway Name": null, "Bridge Highway Direction": null, "Road Ramp": null, "Bridge Highway Segment": null, "Latitude": 40.801434546547569, "Longitude": -73.934432308960851, "Location": "(40.80143454654757, -73.93443230896085)", "Zip Codes": 13093, "Community Districts": 7, "Borough Boundaries": 4, "City Council Districts": 35, "Police Precincts": 16, "Police Precinct": 16 }, "geometry": { "type": "Point", "coordinates": [ -73.934432308960851, 40.801434546547569 ] } },
{ "type": "Feature", "properties": { "Unique Key": 66122173, "Created Date": "09/11/2025 10:51:24 AM", "Closed Date": "09/12/2025 04:21:08 PM", "Agency": "DOHMH", "Agency Name": "Department of Health and Mental Hygiene", "Complaint Type": "Rodent", "Descriptor": "Signs of Rodents", "Location Type": "3+ Family Apt. Building", "Incident Zip": 11216, "Incident Address": "223 HANCOCK STREET", "Street Name": "HANCOCK STREET", "Cross Street 1": "NOSTRAND AVENUE", "Cross Street 2": "MARCY AVENUE", "Intersection Street 1": "NOSTRAND AVENUE", "Intersection Street 2": "MARCY AVENUE", "Address Type": "ADDRESS", "City": "BROOKLYN", "Landmark": "HANCOCK STREET", "Facility Type": "N/A", "Status": "Closed", "Due Date": null, "Resolution Description": "This service request was closed because the Department of Health and Mental Hygiene received an earlier complaint about the same location.  You can find inspection results for this address by going to the online Rat Portal at www.nyc.gov/rats.", "Resolution Action Updated Date": "09/11/2025 10:51:24 AM", "Community Board": "03 BROOKLYN", "BBL": 3018330051, "Borough": "BROOKLYN", "X Coordinate (State Plane)": 998812, "Y Coordinate (State Plane)": 188056, "Open Data Channel Type": "ONLINE", "Park Facility Name": "Unspecified", "Park Borough": "BROOKLYN", "Vehicle Type": null, "Taxi Company Borough": null, "Taxi Pick Up Location": null, "Bridge Highway Name": null, "Bridge Highway Direction": null, "Road Ramp": null, "Bridge Highway Segment": null, "Latitude": 40.682835067468794, "Longitude": -73.947496360758237, "Location": "(40.682835067468794, -73.94749636075824)", "Zip Codes": 17618, "Community Districts": 69, "Borough Boundaries": 2, "City Council Districts": 49, "Police Precincts": 51, "Police Precinct": 51 }, "geometry": { "type": "Point", "coordinates": [ -73.947496360758237, 40.682835067468794 ] } },
{ "type": "Feature", "properties": { "Unique Key": 66169796, "Created Date": "09/15/2025 09:41:05 AM", "Closed Date": null, "Agency": "DOHMH", "Agency Name": "Department of Health and Mental Hygiene", "Complaint Type": "Rodent", "Descriptor": "Signs of Rodents", "Location Type": "Other (Explain Below)", "Incident Zip": 11432, "Incident Address": "155-10 JAMAICA AVENUE", "Street Name": "JAMAICA AVENUE", "Cross Street 1": "153 STREET", "Cross Street 2": "PARSONS BOULEVARD", "Intersection Street 1": "153 STREET", "Intersection Street 2": "PARSONS BOULEVARD", "Address Type": "ADDRESS", "City": "JAMAICA", "Landmark": "JAMAICA AVENUE", "Facility Type": null, "Status": "In Progress", "Due Date": null, "Resolution Description": null, "Resolution Action Updated Date": null, "Community Board": "12 QUEENS", "BBL": 4100970020, "Borough": "QUEENS", "X Coordinate (State Plane)": 1039450, "Y Coordinate (State Plane)": 195507, "Open Data Channel Type": "MOBILE", "Park Facility Name": "Unspecified", "Park Borough": "QUEENS", "Vehicle Type": null, "Taxi Company Borough": null, "Taxi Pick Up Location": null, "Bridge Highway Name": null, "Bridge Highway Direction": null, "Road Ramp": null, "Bridge Highway Segment": null, "Latitude": 40.703126145022168, "Longitude": -73.800914342171126, "Location": "(40.70312614502217, -73.80091434217113)", "Zip Codes": 24340, "Community Districts": 41, "Borough Boundaries": 3, "City Council Districts": 6, "Police Precincts": 61, "Police Precinct": 61 }, "geometry": { "type": "Point", "coordinates": [ -73.800914342171126, 40.703126145022168 ] } },
{ "type": "Feature", "properties": { "Unique Key": 66171395, "Created Date": "09/16/2025 12:23:41 PM", "Closed Date": "09/16/2025 12:23:41 PM", "Agency": "DOHMH", "Agency Name": "Department of Health and Mental Hygiene", "Complaint Type": "Rodent", "Descriptor": "Signs of Rodents", "Location Type": "3+ Family Mixed Use Building", "Incident Zip": 10468, "Incident Address": "20 EAST  190 STREET", "Street Name": "EAST  190 STREET", "Cross Street 1": "JEROME AVENUE", "Cross Street 2": "MORRIS AVENUE", "Intersection Street 1": "JEROME AVENUE", "Intersection Street 2": "MORRIS AVENUE", "Address Type": "ADDRESS", "City": "BRONX", "Landmark": "EAST  190 STREET", "Facility Type": "N/A", "Status": "Closed", "Due Date": null, "Resolution Description": "This service request was closed because the Department of Health and Mental Hygiene received an earlier complaint about the same location.  You can find inspection results for this address by going to the online Rat Portal at www.nyc.gov/rats.", "Resolution Action Updated Date": "09/17/2025 08:23:13 AM", "Community Board": "07 BRONX", "BBL": 2031890020, "Borough": "BRONX", "X Coordinate (State Plane)": 1012012, "Y Coordinate (State Plane)": 253892, "Open Data Channel Type": "ONLINE", "Park Facility Name": "Unspecified", "Park Borough": "BRONX", "Vehicle Type": null, "Taxi Company Borough": null, "Taxi Pick Up Location": null, "Bridge Highway Name": null, "Bridge Highway Direction": null, "Road Ramp": null, "Bridge Highway Segment": null, "Latitude": 40.863505909212762, "Longitude": -73.899631495666441, "Location": "(40.86350590921276, -73.89963149566644)", "Zip Codes": 11606, "Community Districts": 24, "Borough Boundaries": 5, "City Council Districts": 29, "Police Precincts": 34, "Police Precinct": 34 }, "geometry": { "type": "Point", "coordinates": [ -73.899631495666441, 40.863505909212762 ] } },
{ "type": "Feature", "properties": { "Unique Key": 66035003, "Created Date": "09/03/2025 11:32:33 AM", "Closed Date": "09/10/2025 11:48:54 AM", "Agency": "DOHMH", "Agency Name": "Department of Health and Mental Hygiene", "Complaint Type": "Rodent", "Descriptor": "Signs of Rodents", "Location Type": "Vacant Lot", "Incident Zip": 11238, "Incident Address": "910 BERGEN STREET", "Street Name": "BERGEN STREET", "Cross Street 1": "CLASSON AVENUE", "Cross Street 2": "FRANKLIN AVENUE SHUTTLE LINE", "Intersection Street 1": "CLASSON AVENUE", "Intersection Street 2": "FRANKLIN AVENUE SHUTTLE LINE", "Address Type": "ADDRESS", "City": "BROOKLYN", "Landmark": "BERGEN STREET", "Facility Type": "N/A", "Status": "Closed", "Due Date": null, "Resolution Description": "This service request was closed because the Department of Health and Mental Hygiene received an earlier complaint about the same location.  You can find inspection results for this address by going to the online Rat Portal at www.nyc.gov/rats.", "Resolution Action Updated Date": "09/03/2025 11:32:33 AM", "Community Board": "08 BROOKLYN", "BBL": 3011490033, "Borough": "BROOKLYN", "X Coordinate (State Plane)": 996070, "Y Coordinate (State Plane)": 185978, "Open Data Channel Type": "ONLINE", "Park Facility Name": "Unspecified", "Park Borough": "BROOKLYN", "Vehicle Type": null, "Taxi Company Borough": null, "Taxi Pick Up Location": null, "Bridge Highway Name": null, "Bridge Highway Direction": null, "Road Ramp": null, "Bridge Highway Segment": null, "Latitude": 40.677135515711257, "Longitude": -73.957386350378499, "Location": "(40.67713551571126, -73.9573863503785)", "Zip Codes": 13829, "Community Districts": 16, "Borough Boundaries": 2, "City Council Districts": 48, "Police Precincts": 49, "Police Precinct": 49 }, "geometry": { "type": "Point", "coordinates": [ -73.957386350378499, 40.677135515711257 ] } },
{ "type": "Feature", "properties": { "Unique Key": 66056664, "Created Date": "09/05/2025 10:27:18 AM", "Closed Date": "09/10/2025 10:30:57 AM", "Agency": "DOHMH", "Agency Name": "Department of Health and Mental Hygiene", "Complaint Type": "Rodent", "Descriptor": "Signs of Rodents", "Location Type": "3+ Family Apt. Building", "Incident Zip": 10452, "Incident Address": "1460 MACOMBS ROAD", "Street Name": "MACOMBS ROAD", "Cross Street 1": "PLAZA DRIVE", "Cross Street 2": "INWOOD AVENUE", "Intersection Street 1": "PLAZA DRIVE", "Intersection Street 2": "INWOOD AVENUE", "Address Type": "ADDRESS", "City": "BRONX", "Landmark": "MACOMBS ROAD", "Facility Type": "N/A", "Status": "Closed", "Due Date": null, "Resolution Description": "This service request was closed because the Department of Health and Mental Hygiene received an earlier complaint about the same location.  You can find inspection results for this address by going to the online Rat Portal at www.nyc.gov/rats.", "Resolution Action Updated Date": "09/05/2025 10:27:18 AM", "Community Board": "04 BRONX", "BBL": 2028580001, "Borough": "BRONX", "X Coordinate (State Plane)": 1007012, "Y Coordinate (State Plane)": 245876, "Open Data Channel Type": "PHONE", "Park Facility Name": "Unspecified", "Park Borough": "BRONX", "Vehicle Type": null, "Taxi Company Borough": null, "Taxi Pick Up Location": null, "Bridge Highway Name": null, "Bridge Highway Direction": null, "Road Ramp": null, "Bridge Highway Segment": null, "Latitude": 40.841518688761987, "Longitude": -73.917735298351332, "Location": "(40.84151868876199, -73.91773529835133)", "Zip Codes": 10930, "Community Districts": 50, "Borough Boundaries": 5, "City Council Districts": 42, "Police Precincts": 27, "Police Precinct": 27 }, "geometry": { "type": "Point", "coordinates": [ -73.917735298351332, 40.841518688761987 ] } },
{ "type": "Feature", "properties": { "Unique Key": 66067364, "Created Date": "09/06/2025 06:39:25 PM", "Closed Date": "09/06/2025 06:39:25 PM", "Agency": "DOHMH", "Agency Name": "Department of Health and Mental Hygiene", "Complaint Type": "Rodent", "Descriptor": "Signs of Rodents", "Location Type": "1-2 Family Mixed Use Building", "Incident Zip": 10128, "Incident Address": "244 EAST   90 STREET", "Street Name": "EAST   90 STREET", "Cross Street 1": "3 AVENUE", "Cross Street 2": "2 AVENUE", "Intersection Street 1": "3 AVENUE", "Intersection Street 2": "2 AVENUE", "Address Type": "ADDRESS", "City": "NEW YORK", "Landmark": "EAST   90 STREET", "Facility Type": "N/A", "Status": "Closed", "Due Date": null, "Resolution Description": "The Department of Health and Mental Hygiene found violations on the property you reported. Follow-up inspections will be scheduled.", "Resolution Action Updated Date": "09/10/2025 11:20:00 AM", "Community Board": "08 MANHATTAN", "BBL": 1015350030, "Borough": "MANHATTAN", "X Coordinate (State Plane)": 997796, "Y Coordinate (State Plane)": 223798, "Open Data Channel Type": "PHONE", "Park Facility Name": "Unspecified", "Park Borough": "MANHATTAN", "Vehicle Type": null, "Taxi Company Borough": null, "Taxi Pick Up Location": null, "Bridge Highway Name": null, "Bridge Highway Direction": null, "Road Ramp": null, "Bridge Highway Segment": null, "Latitude": 40.780939675029586, "Longitude": -73.951087614834933, "Location": "(40.780939675029586, -73.95108761483493)", "Zip Codes": 10099, "Community Districts": 23, "Borough Boundaries": 4, "City Council Districts": 1, "Police Precincts": 11, "Police Precinct": 11 }, "geometry": { "type": "Point", "coordinates": [ -73.951087614834933, 40.780939675029586 ] } },
{ "type": "Feature", "properties": { "Unique Key": 66081306, "Created Date": "09/07/2025 09:27:05 AM", "Closed Date": "09/11/2025 04:17:17 PM", "Agency": "DOHMH", "Agency Name": "Department of Health and Mental Hygiene", "Complaint Type": "Rodent", "Descriptor": "Signs of Rodents", "Location Type": "3+ Family Apt. Building", "Incident Zip": 11238, "Incident Address": "440 ST JOHNS PLACE", "Street Name": "ST JOHNS PLACE", "Cross Street 1": "UNDERHILL AVENUE", "Cross Street 2": "WASHINGTON AVENUE", "Intersection Street 1": "UNDERHILL AVENUE", "Intersection Street 2": "WASHINGTON AVENUE", "Address Type": "ADDRESS", "City": "BROOKLYN", "Landmark": "ST JOHNS PLACE", "Facility Type": "N/A", "Status": "Closed", "Due Date": null, "Resolution Description": "This service request was closed because the Department of Health and Mental Hygiene received an earlier complaint about the same location.  You can find inspection results for this address by going to the online Rat Portal at www.nyc.gov/rats.", "Resolution Action Updated Date": "09/07/2025 09:27:05 AM", "Community Board": "08 BROOKLYN", "BBL": 3011760040, "Borough": "BROOKLYN", "X Coordinate (State Plane)": 994267, "Y Coordinate (State Plane)": 184754, "Open Data Channel Type": "MOBILE", "Park Facility Name": "Unspecified", "Park Borough": "BROOKLYN", "Vehicle Type": null, "Taxi Company Borough": null, "Taxi Pick Up Location": null, "Bridge Highway Name": null, "Bridge Highway Direction": null, "Road Ramp": null, "Bridge Highway Segment": null, "Latitude": 40.673778135594127, "Longitude": -73.963888372643524, "Location": "(40.67377813559413, -73.96388837264352)", "Zip Codes": 13829, "Community Districts": 16, "Borough Boundaries": 2, "City Council Districts": 48, "Police Precincts": 49, "Police Precinct": 49 }, "geometry": { "type": "Point", "coordinates": [ -73.963888372643524, 40.673778135594127 ] } },
{ "type": "Feature", "properties": { "Unique Key": 66087503, "Created Date": "09/08/2025 07:01:27 PM", "Closed Date": "09/10/2025 09:15:31 AM", "Agency": "DOHMH", "Agency Name": "Department of Health and Mental Hygiene", "Complaint Type": "Rodent", "Descriptor": "Signs of Rodents", "Location Type": "3+ Family Apt. Building", "Incident Zip": 11206, "Incident Address": "220 THROOP AVENUE", "Street Name": "THROOP AVENUE", "Cross Street 1": "PARK AVENUE", "Cross Street 2": "MYRTLE AVENUE", "Intersection Street 1": "PARK AVENUE", "Intersection Street 2": "MYRTLE AVENUE", "Address Type": "ADDRESS", "City": "BROOKLYN", "Landmark": "THROOP AVENUE", "Facility Type": "N/A", "Status": "Closed", "Due Date": null, "Resolution Description": "This service request was closed because the Department of Health and Mental Hygiene received an earlier complaint about the same location.  You can find inspection results for this address by going to the online Rat Portal at www.nyc.gov/rats.", "Resolution Action Updated Date": "09/08/2025 07:01:27 PM", "Community Board": "03 BROOKLYN", "BBL": 3017400001, "Borough": "BROOKLYN", "X Coordinate (State Plane)": 999879, "Y Coordinate (State Plane)": 193060, "Open Data Channel Type": "MOBILE", "Park Facility Name": "Unspecified", "Park Borough": "BROOKLYN", "Vehicle Type": null, "Taxi Company Borough": null, "Taxi Pick Up Location": null, "Bridge Highway Name": null, "Bridge Highway Direction": null, "Road Ramp": null, "Bridge Highway Segment": null, "Latitude": 40.696568073543148, "Longitude": -73.943637659048647, "Location": "(40.69656807354315, -73.94363765904865)", "Zip Codes": 17213, "Community Districts": 69, "Borough Boundaries": 2, "City Council Districts": 49, "Police Precincts": 51, "Police Precinct": 51 }, "geometry": { "type": "Point", "coordinates": [ -73.943637659048647, 40.696568073543148 ] } },
{ "type": "Feature", "properties": { "Unique Key": 66093257, "Created Date": "09/08/2025 01:52:40 PM", "Closed Date": "09/08/2025 01:52:40 PM", "Agency": "DOHMH", "Agency Name": "Department of Health and Mental Hygiene", "Complaint Type": "Rodent", "Descriptor": "Signs of Rodents", "Location Type": "Other (Explain Below)", "Incident Zip": 11237, "Incident Address": "165 STANHOPE STREET", "Street Name": "STANHOPE STREET", "Cross Street 1": "WILSON AVENUE", "Cross Street 2": "KNICKERBOCKER AVENUE", "Intersection Street 1": "WILSON AVENUE", "Intersection Street 2": "KNICKERBOCKER AVENUE", "Address Type": "ADDRESS", "City": "BROOKLYN", "Landmark": "STANHOPE STREET", "Facility Type": "N/A", "Status": "Closed", "Due Date": null, "Resolution Description": "The Department of Health and Mental Hygiene found violations on the property you reported. Follow-up inspections will be scheduled.", "Resolution Action Updated Date": "09/10/2025 12:40:02 PM", "Community Board": "04 BROOKLYN", "BBL": 3032570051, "Borough": "BROOKLYN", "X Coordinate (State Plane)": 1005903, "Y Coordinate (State Plane)": 194028, "Open Data Channel Type": "ONLINE", "Park Facility Name": "Unspecified", "Park Borough": "BROOKLYN", "Vehicle Type": null, "Taxi Company Borough": null, "Taxi Pick Up Location": null, "Bridge Highway Name": null, "Bridge Highway Direction": null, "Road Ramp": null, "Bridge Highway Segment": null, "Latitude": 40.699212318020699, "Longitude": -73.921910406884876, "Location": "(40.6992123180207, -73.92191040688488)", "Zip Codes": 13828, "Community Districts": 42, "Borough Boundaries": 2, "City Council Districts": 37, "Police Precincts": 53, "Police Precinct": 53 }, "geometry": { "type": "Point", "coordinates": [ -73.921910406884876, 40.699212318020699 ] } },
{ "type": "Feature", "properties": { "Unique Key": 66103343, "Created Date": "09/09/2025 10:58:03 PM", "Closed Date": "09/10/2025 07:05:05 AM", "Agency": "DOHMH", "Agency Name": "Department of Health and Mental Hygiene", "Complaint Type": "Rodent", "Descriptor": "Signs of Rodents", "Location Type": "3+ Family Apt. Building", "Incident Zip": 10035, "Incident Address": "2400 2 AVENUE", "Street Name": "2 AVENUE", "Cross Street 1": "EAST 123 STREET", "Cross Street 2": "EAST 124 STREET", "Intersection Street 1": "EAST  123 STREET", "Intersection Street 2": "EAST  124 STREET", "Address Type": "ADDRESS", "City": "NEW YORK", "Landmark": "2 AVENUE", "Facility Type": "N/A", "Status": "Closed", "Due Date": null, "Resolution Description": "This service request was closed because the Department of Health and Mental Hygiene received an earlier complaint about the same location.  You can find inspection results for this address by going to the online Rat Portal at www.nyc.gov/rats.", "Resolution Action Updated Date": "09/09/2025 10:58:03 PM", "Community Board": "11 MANHATTAN", "BBL": 1017970001, "Borough": "MANHATTAN", "X Coordinate (State Plane)": 1002403, "Y Coordinate (State Plane)": 231268, "Open Data Channel Type": "MOBILE", "Park Facility Name": "Unspecified", "Park Borough": "MANHATTAN", "Vehicle Type": null, "Taxi Company Borough": null, "Taxi Pick Up Location": null, "Bridge Highway Name": null, "Bridge Highway Direction": null, "Road Ramp": null, "Bridge Highway Segment": null, "Latitude": 40.801434546547569, "Longitude": -73.934432308960851, "Location": "(40.80143454654757, -73.93443230896085)", "Zip Codes": 13093, "Community Districts": 7, "Borough Boundaries": 4, "City Council Districts": 35, "Police Precincts": 16, "Police Precinct": 16 }, "geometry": { "type": "Point", "coordinates": [ -73.934432308960851, 40.801434546547569 ] } },
{ "type": "Feature", "properties": { "Unique Key": 66106224, "Created Date": "09/09/2025 10:27:52 PM", "Closed Date": "09/10/2025 07:05:05 AM", "Agency": "DOHMH", "Agency Name": "Department of Health and Mental Hygiene", "Complaint Type": "Rodent", "Descriptor": "Signs of Rodents", "Location Type": "3+ Family Apt. Building", "Incident Zip": 10035, "Incident Address": "2400 2 AVENUE", "Street Name": "2 AVENUE", "Cross Street 1": "EAST 123 STREET", "Cross Street 2": "EAST 124 STREET", "Intersection Street 1": "EAST  123 STREET", "Intersection Street 2": "EAST  124 STREET", "Address Type": "ADDRESS", "City": "NEW YORK", "Landmark": "2 AVENUE", "Facility Type": "N/A", "Status": "Closed", "Due Date": null, "Resolution Description": "This service request was closed because the Department of Health and Mental Hygiene received an earlier complaint about the same location.  You can find inspection results for this address by going to the online Rat Portal at www.nyc.gov/rats.", "Resolution Action Updated Date": "09/09/2025 10:27:52 PM", "Community Board": "11 MANHATTAN", "BBL": 1017970001, "Borough": "MANHATTAN", "X Coordinate (State Plane)": 1002403, "Y Coordinate (State Plane)": 231268, "Open Data Channel Type": "MOBILE", "Park Facility Name": "Unspecified", "Park Borough": "MANHATTAN", "Vehicle Type": null, "Taxi Company Borough": null, "Taxi Pick Up Location": null, "Bridge Highway Name": null, "Bridge Highway Direction": null, "Road Ramp": null, "Bridge Highway Segment": null, "Latitude": 40.801434546547569, "Longitude": -73.934432308960851, "Location": "(40.80143454654757, -73.93443230896085)", "Zip Codes": 13093, "Community Districts": 7, "Borough Boundaries": 4, "City Council Districts": 35, "Police Precincts": 16, "Police Precinct": 16 }, "geometry": { "type": "Point", "coordinates": [ -73.934432308960851, 40.801434546547569 ] } },
{ "type": "Feature", "properties": { "Unique Key": 66106225, "Created Date": "09/09/2025 10:03:25 PM", "Closed Date": "09/10/2025 07:05:05 AM", "Agency": "DOHMH", "Agency Name": "Department of Health and Mental Hygiene", "Complaint Type": "Rodent", "Descriptor": "Signs of Rodents", "Location Type": "3+ Family Apt. Building", "Incident Zip": 10035, "Incident Address": "2400 2 AVENUE", "Street Name": "2 AVENUE", "Cross Street 1": "EAST 123 STREET", "Cross Street 2": "EAST 124 STREET", "Intersection Street 1": "EAST  123 STREET", "Intersection Street 2": "EAST  124 STREET", "Address Type": "ADDRESS", "City": "NEW YORK", "Landmark": "2 AVENUE", "Facility Type": "N/A", "Status": "Closed", "Due Date": null, "Resolution Description": "This service request was closed because the Department of Health and Mental Hygiene received an earlier complaint about the same location.  You can find inspection results for this address by going to the online Rat Portal at www.nyc.gov/rats.", "Resolution Action Updated Date": "09/09/2025 10:03:25 PM", "Community Board": "11 MANHATTAN", "BBL": 1017970001, "Borough": "MANHATTAN", "X Coordinate (State Plane)": 1002403, "Y Coordinate (State Plane)": 231268, "Open Data Channel Type": "MOBILE", "Park Facility Name": "Unspecified", "Park Borough": "MANHATTAN", "Vehicle Type": null, "Taxi Company Borough": null, "Taxi Pick Up Location": null, "Bridge Highway Name": null, "Bridge Highway Direction": null, "Road Ramp": null, "Bridge Highway Segment": null, "Latitude": 40.801434546547569, "Longitude": -73.934432308960851, "Location": "(40.80143454654757, -73.93443230896085)", "Zip Codes": 13093, "Community Districts": 7, "Borough Boundaries": 4, "City Council Districts": 35, "Police Precincts": 16, "Police Precinct": 16 }, "geometry": { "type": "Point", "coordinates": [ -73.934432308960851, 40.801434546547569 ] } },
{ "type": "Feature", "properties": { "Unique Key": 66108856, "Created Date": "09/10/2025 09:49:30 PM", "Closed Date": "09/11/2025 07:35:17 AM", "Agency": "DOHMH", "Agency Name": "Department of Health and Mental Hygiene", "Complaint Type": "Rodent", "Descriptor": "Signs of Rodents", "Location Type": "3+ Family Apt. Building", "Incident Zip": 10035, "Incident Address": "2400 2 AVENUE", "Street Name": "2 AVENUE", "Cross Street 1": "EAST 123 STREET", "Cross Street 2": "EAST 124 STREET", "Intersection Street 1": "EAST  123 STREET", "Intersection Street 2": "EAST  124 STREET", "Address Type": "ADDRESS", "City": "NEW YORK", "Landmark": "2 AVENUE", "Facility Type": "N/A", "Status": "Closed", "Due Date": null, "Resolution Description": "This service request was closed because the Department of Health and Mental Hygiene received an earlier complaint about the same location.  You can find inspection results for this address by going to the online Rat Portal at www.nyc.gov/rats.", "Resolution Action Updated Date": "09/10/2025 09:49:30 PM", "Community Board": "11 MANHATTAN", "BBL": 1017970001, "Borough": "MANHATTAN", "X Coordinate (State Plane)": 1002403, "Y Coordinate (State Plane)": 231268, "Open Data Channel Type": "MOBILE", "Park Facility Name": "Unspecified", "Park Borough": "MANHATTAN", "Vehicle Type": null, "Taxi Company Borough": null, "Taxi Pick Up Location": null, "Bridge Highway Name": null, "Bridge Highway Direction": null, "Road Ramp": null, "Bridge Highway Segment": null, "Latitude": 40.801434546547569, "Longitude": -73.934432308960851, "Location": "(40.80143454654757, -73.93443230896085)", "Zip Codes": 13093, "Community Districts": 7, "Borough Boundaries": 4, "City Council Districts": 35, "Police Precincts": 16, "Police Precinct": 16 }, "geometry": { "type": "Point", "coordinates": [ -73.934432308960851, 40.801434546547569 ] } },
{ "type": "Feature", "properties": { "Unique Key": 66110142, "Created Date": "09/10/2025 03:38:57 AM", "Closed Date": "09/10/2025 07:39:28 AM", "Agency": "DOHMH", "Agency Name": "Department of Health and Mental Hygiene", "Complaint Type": "Rodent", "Descriptor": "Signs of Rodents", "Location Type": "3+ Family Mixed Use Building", "Incident Zip": 10029, "Incident Address": "1309 5 AVENUE", "Street Name": "5 AVENUE", "Cross Street 1": "FRAWLEY CIRCLE", "Cross Street 2": "EAST 111 STREET", "Intersection Street 1": "FRAWLEY CIRCLE", "Intersection Street 2": "EAST  111 STREET", "Address Type": "ADDRESS", "City": "NEW YORK", "Landmark": "5 AVENUE", "Facility Type": "N/A", "Status": "Closed", "Due Date": null, "Resolution Description": "This service request was closed because the Department of Health and Mental Hygiene received an earlier complaint about the same location.  You can find inspection results for this address by going to the online Rat Portal at www.nyc.gov/rats.", "Resolution Action Updated Date": "09/10/2025 03:38:57 AM", "Community Board": "11 MANHATTAN", "BBL": 1016160001, "Borough": "MANHATTAN", "X Coordinate (State Plane)": 998398, "Y Coordinate (State Plane)": 229762, "Open Data Channel Type": "ONLINE", "Park Facility Name": "Unspecified", "Park Borough": "MANHATTAN", "Vehicle Type": null, "Taxi Company Borough": null, "Taxi Pick Up Location": null, "Bridge Highway Name": null, "Bridge Highway Direction": null, "Road Ramp": null, "Bridge Highway Segment": null, "Latitude": 40.797308308526034, "Longitude": -73.948901329846464, "Location": "(40.797308308526034, -73.94890132984646)", "Zip Codes": 12426, "Community Districts": 7, "Borough Boundaries": 4, "City Council Districts": 36, "Police Precincts": 14, "Police Precinct": 14 }, "geometry": { "type": "Point", "coordinates": [ -73.948901329846464, 40.797308308526034 ] } },
{ "type": "Feature", "properties": { "Unique Key": 66110145, "Created Date": "09/10/2025 09:58:30 PM", "Closed Date": "09/11/2025 07:35:17 AM", "Agency": "DOHMH", "Agency Name": "Department of Health and Mental Hygiene", "Complaint Type": "Rodent", "Descriptor": "Signs of Rodents", "Location Type": "3+ Family Apt. Building", "Incident Zip": 10035, "Incident Address": "2400 2 AVENUE", "Street Name": "2 AVENUE", "Cross Street 1": "EAST 123 STREET", "Cross Street 2": "EAST 124 STREET", "Intersection Street 1": "EAST  123 STREET", "Intersection Street 2": "EAST  124 STREET", "Address Type": "ADDRESS", "City": "NEW YORK", "Landmark": "2 AVENUE", "Facility Type": "N/A", "Status": "Closed", "Due Date": null, "Resolution Description": "This service request was closed because the Department of Health and Mental Hygiene received an earlier complaint about the same location.  You can find inspection results for this address by going to the online Rat Portal at www.nyc.gov/rats.", "Resolution Action Updated Date": "09/10/2025 09:58:30 PM", "Community Board": "11 MANHATTAN", "BBL": 1017970001, "Borough": "MANHATTAN", "X Coordinate (State Plane)": 1002403, "Y Coordinate (State Plane)": 231268, "Open Data Channel Type": "MOBILE", "Park Facility Name": "Unspecified", "Park Borough": "MANHATTAN", "Vehicle Type": null, "Taxi Company Borough": null, "Taxi Pick Up Location": null, "Bridge Highway Name": null, "Bridge Highway Direction": null, "Road Ramp": null, "Bridge Highway Segment": null, "Latitude": 40.801434546547569, "Longitude": -73.934432308960851, "Location": "(40.80143454654757, -73.93443230896085)", "Zip Codes": 13093, "Community Districts": 7, "Borough Boundaries": 4, "City Council Districts": 35, "Police Precincts": 16, "Police Precinct": 16 }, "geometry": { "type": "Point", "coordinates": [ -73.934432308960851, 40.801434546547569 ] } },
{ "type": "Feature", "properties": { "Unique Key": 66116653, "Created Date": "09/10/2025 10:16:16 PM", "Closed Date": "09/11/2025 07:35:17 AM", "Agency": "DOHMH", "Agency Name": "Department of Health and Mental Hygiene", "Complaint Type": "Rodent", "Descriptor": "Signs of Rodents", "Location Type": "3+ Family Apt. Building", "Incident Zip": 10035, "Incident Address": "2400 2 AVENUE", "Street Name": "2 AVENUE", "Cross Street 1": "EAST 123 STREET", "Cross Street 2": "EAST 124 STREET", "Intersection Street 1": "EAST  123 STREET", "Intersection Street 2": "EAST  124 STREET", "Address Type": "ADDRESS", "City": "NEW YORK", "Landmark": "2 AVENUE", "Facility Type": "N/A", "Status": "Closed", "Due Date": null, "Resolution Description": "This service request was closed because the Department of Health and Mental Hygiene received an earlier complaint about the same location.  You can find inspection results for this address by going to the online Rat Portal at www.nyc.gov/rats.", "Resolution Action Updated Date": "09/10/2025 10:16:16 PM", "Community Board": "11 MANHATTAN", "BBL": 1017970001, "Borough": "MANHATTAN", "X Coordinate (State Plane)": 1002403, "Y Coordinate (State Plane)": 231268, "Open Data Channel Type": "MOBILE", "Park Facility Name": "Unspecified", "Park Borough": "MANHATTAN", "Vehicle Type": null, "Taxi Company Borough": null, "Taxi Pick Up Location": null, "Bridge Highway Name": null, "Bridge Highway Direction": null, "Road Ramp": null, "Bridge Highway Segment": null, "Latitude": 40.801434546547569, "Longitude": -73.934432308960851, "Location": "(40.80143454654757, -73.93443230896085)", "Zip Codes": 13093, "Community Districts": 7, "Borough Boundaries": 4, "City Council Districts": 35, "Police Precincts": 16, "Police Precinct": 16 }, "geometry": { "type": "Point", "coordinates": [ -73.934432308960851, 40.801434546547569 ] } },
{ "type": "Feature", "properties": { "Unique Key": 66124882, "Created Date": "09/11/2025 02:20:14 PM", "Closed Date": "09/11/2025 04:29:46 PM", "Agency": "DOHMH", "Agency Name": "Department of Health and Mental Hygiene", "Complaint Type": "Rodent", "Descriptor": "Signs of Rodents", "Location Type": "3+ Family Apt. Building", "Incident Zip": 11238, "Incident Address": "406 ST JOHNS PLACE", "Street Name": "ST JOHNS PLACE", "Cross Street 1": "UNDERHILL AVENUE", "Cross Street 2": "WASHINGTON AVENUE", "Intersection Street 1": "UNDERHILL AVENUE", "Intersection Street 2": "WASHINGTON AVENUE", "Address Type": "ADDRESS", "City": "BROOKLYN", "Landmark": "ST JOHNS PLACE", "Facility Type": "N/A", "Status": "Closed", "Due Date": null, "Resolution Description": "This service request was closed because the Department of Health and Mental Hygiene received an earlier complaint about the same location.  You can find inspection results for this address by going to the online Rat Portal at www.nyc.gov/rats.", "Resolution Action Updated Date": "09/11/2025 02:20:14 PM", "Community Board": "08 BROOKLYN", "BBL": 3011760027, "Borough": "BROOKLYN", "X Coordinate (State Plane)": 994067, "Y Coordinate (State Plane)": 184809, "Open Data Channel Type": "ONLINE", "Park Facility Name": "Unspecified", "Park Borough": "BROOKLYN", "Vehicle Type": null, "Taxi Company Borough": null, "Taxi Pick Up Location": null, "Bridge Highway Name": null, "Bridge Highway Direction": null, "Road Ramp": null, "Bridge Highway Segment": null, "Latitude": 40.673929322266012, "Longitude": -73.964609299292704, "Location": "(40.67392932226601, -73.9646092992927)", "Zip Codes": 13829, "Community Districts": 16, "Borough Boundaries": 2, "City Council Districts": 48, "Police Precincts": 49, "Police Precinct": 49 }, "geometry": { "type": "Point", "coordinates": [ -73.964609299292704, 40.673929322266012 ] } },
{ "type": "Feature", "properties": { "Unique Key": 66126214, "Created Date": "09/11/2025 04:43:45 PM", "Closed Date": "09/11/2025 04:43:45 PM", "Agency": "DOHMH", "Agency Name": "Department of Health and Mental Hygiene", "Complaint Type": "Rodent", "Descriptor": "Signs of Rodents", "Location Type": "1-2 Family Dwelling", "Incident Zip": 10009, "Incident Address": "202 EAST    7 STREET", "Street Name": "EAST    7 STREET", "Cross Street 1": "AVENUE B", "Cross Street 2": "AVENUE C", "Intersection Street 1": "AVENUE B", "Intersection Street 2": "AVENUE C", "Address Type": "ADDRESS", "City": "NEW YORK", "Landmark": "EAST    7 STREET", "Facility Type": "N/A", "Status": "Closed", "Due Date": null, "Resolution Description": "This service request was closed because the Department of Health and Mental Hygiene received an earlier complaint about the same location.  You can find inspection results for this address by going to the online Rat Portal at www.nyc.gov/rats.", "Resolution Action Updated Date": "09/11/2025 08:55:45 PM", "Community Board": "03 MANHATTAN", "BBL": 1003890019, "Borough": "MANHATTAN", "X Coordinate (State Plane)": 989706, "Y Coordinate (State Plane)": 203300, "Open Data Channel Type": "MOBILE", "Park Facility Name": "Unspecified", "Park Borough": "MANHATTAN", "Vehicle Type": null, "Taxi Company Borough": null, "Taxi Pick Up Location": null, "Bridge Highway Name": null, "Bridge Highway Direction": null, "Road Ramp": null, "Bridge Highway Segment": null, "Latitude": 40.724686559901322, "Longitude": -73.980315908775751, "Location": "(40.72468655990132, -73.98031590877575)", "Zip Codes": 11729, "Community Districts": 70, "Borough Boundaries": 4, "City Council Districts": 50, "Police Precincts": 5, "Police Precinct": 5 }, "geometry": { "type": "Point", "coordinates": [ -73.980315908775751, 40.724686559901322 ] } },
{ "type": "Feature", "properties": { "Unique Key": 66132975, "Created Date": "09/12/2025 06:56:42 AM", "Closed Date": "09/12/2025 07:53:39 AM", "Agency": "DOHMH", "Agency Name": "Department of Health and Mental Hygiene", "Complaint Type": "Rodent", "Descriptor": "Signs of Rodents", "Location Type": "3+ Family Apt. Building", "Incident Zip": 10039, "Incident Address": "208 WEST  151 STREET", "Street Name": "WEST  151 STREET", "Cross Street 1": "ADAM CLAYTON POWELL JR BOULEVARD", "Cross Street 2": "MACOMBS PLACE", "Intersection Street 1": "ADAM CLAYTON POWELL JR BOULEVARD", "Intersection Street 2": "MACOMBS PLACE", "Address Type": "ADDRESS", "City": "NEW YORK", "Landmark": "WEST  151 STREET", "Facility Type": "N/A", "Status": "Closed", "Due Date": null, "Resolution Description": "This service request was closed because the Department of Health and Mental Hygiene received an earlier complaint about the same location.  You can find inspection results for this address by going to the online Rat Portal at www.nyc.gov/rats.", "Resolution Action Updated Date": "09/12/2025 06:56:42 AM", "Community Board": "10 MANHATTAN", "BBL": 1020360038, "Borough": "MANHATTAN", "X Coordinate (State Plane)": 1001791, "Y Coordinate (State Plane)": 240054, "Open Data Channel Type": "PHONE", "Park Facility Name": "Unspecified", "Park Borough": "MANHATTAN", "Vehicle Type": null, "Taxi Company Borough": null, "Taxi Pick Up Location": null, "Bridge Highway Name": null, "Bridge Highway Direction": null, "Road Ramp": null, "Bridge Highway Segment": null, "Latitude": 40.825550894841491, "Longitude": -73.936619859073332, "Location": "(40.82555089484149, -73.93661985907333)", "Zip Codes": 13097, "Community Districts": 18, "Borough Boundaries": 4, "City Council Districts": 36, "Police Precincts": 20, "Police Precinct": 20 }, "geometry": { "type": "Point", "coordinates": [ -73.936619859073332, 40.825550894841491 ] } },
{ "type": "Feature", "properties": { "Unique Key": 66150504, "Created Date": "09/14/2025 03:28:46 PM", "Closed Date": null, "Agency": "DOHMH", "Agency Name": "Department of Health and Mental Hygiene", "Complaint Type": "Rodent", "Descriptor": "Signs of Rodents", "Location Type": "3+ Family Apt. Building", "Incident Zip": 11238, "Incident Address": "358 WASHINGTON AVENUE", "Street Name": "WASHINGTON AVENUE", "Cross Street 1": "LAFAYETTE AVENUE", "Cross Street 2": "GREENE AVENUE", "Intersection Street 1": "LAFAYETTE AVENUE", "Intersection Street 2": "GREENE AVENUE", "Address Type": "ADDRESS", "City": "BROOKLYN", "Landmark": "WASHINGTON AVENUE", "Facility Type": null, "Status": "In Progress", "Due Date": null, "Resolution Description": null, "Resolution Action Updated Date": null, "Community Board": "02 BROOKLYN", "BBL": 3019450027, "Borough": "BROOKLYN", "X Coordinate (State Plane)": 993743, "Y Coordinate (State Plane)": 189902, "Open Data Channel Type": "MOBILE", "Park Facility Name": "Unspecified", "Park Borough": "BROOKLYN", "Vehicle Type": null, "Taxi Company Borough": null, "Taxi Pick Up Location": null, "Bridge Highway Name": null, "Bridge Highway Direction": null, "Road Ramp": null, "Bridge Highway Segment": null, "Latitude": 40.687908802887591, "Longitude": -73.965770158277778, "Location": "(40.68790880288759, -73.96577015827778)", "Zip Codes": 13829, "Community Districts": 68, "Borough Boundaries": 2, "City Council Districts": 48, "Police Precincts": 55, "Police Precinct": 55 }, "geometry": { "type": "Point", "coordinates": [ -73.965770158277778, 40.687908802887591 ] } },
{ "type": "Feature", "properties": { "Unique Key": 66155168, "Created Date": "09/14/2025 10:29:38 AM", "Closed Date": null, "Agency": "DOHMH", "Agency Name": "Department of Health and Mental Hygiene", "Complaint Type": "Rodent", "Descriptor": "Signs of Rodents", "Location Type": "Hospital", "Incident Zip": 10029, "Incident Address": "5 EAST   98 STREET", "Street Name": "EAST   98 STREET", "Cross Street 1": "5 AVENUE", "Cross Street 2": "MADISON AVENUE", "Intersection Street 1": "5 AVENUE", "Intersection Street 2": "MADISON AVENUE", "Address Type": "ADDRESS", "City": "NEW YORK", "Landmark": "EAST   98 STREET", "Facility Type": null, "Status": "In Progress", "Due Date": null, "Resolution Description": null, "Resolution Action Updated Date": null, "Community Board": "11 MANHATTAN", "BBL": 1016040006, "Borough": "MANHATTAN", "X Coordinate (State Plane)": 996856, "Y Coordinate (State Plane)": 226761, "Open Data Channel Type": "PHONE", "Park Facility Name": "Unspecified", "Park Borough": "MANHATTAN", "Vehicle Type": null, "Taxi Company Borough": null, "Taxi Pick Up Location": null, "Bridge Highway Name": null, "Bridge Highway Direction": null, "Road Ramp": null, "Bridge Highway Segment": null, "Latitude": 40.789073709594149, "Longitude": -73.954476239932291, "Location": "(40.78907370959415, -73.95447623993229)", "Zip Codes": 12426, "Community Districts": 7, "Borough Boundaries": 4, "City Council Districts": 35, "Police Precincts": 14, "Police Precinct": 14 }, "geometry": { "type": "Point", "coordinates": [ -73.954476239932291, 40.789073709594149 ] } },
{ "type": "Feature", "properties": { "Unique Key": 66156415, "Created Date": "09/14/2025 06:34:51 PM", "Closed Date": null, "Agency": "DOHMH", "Agency Name": "Department of Health and Mental Hygiene", "Complaint Type": "Rodent", "Descriptor": "Signs of Rodents", "Location Type": "3+ Family Apt. Building", "Incident Zip": 11249, "Incident Address": "320 KENT AVENUE", "Street Name": "KENT AVENUE", "Cross Street 1": "SOUTH    3 STREET", "Cross Street 2": "SOUTH    4 STREET", "Intersection Street 1": "SOUTH    3 STREET", "Intersection Street 2": "SOUTH    4 STREET", "Address Type": "ADDRESS", "City": "BROOKLYN", "Landmark": "KENT AVENUE", "Facility Type": null, "Status": "In Progress", "Due Date": null, "Resolution Description": null, "Resolution Action Updated Date": null, "Community Board": "01 BROOKLYN", "BBL": 3024140026, "Borough": "BROOKLYN", "X Coordinate (State Plane)": 993340, "Y Coordinate (State Plane)": 199328, "Open Data Channel Type": "MOBILE", "Park Facility Name": "Unspecified", "Park Borough": "BROOKLYN", "Vehicle Type": null, "Taxi Company Borough": null, "Taxi Pick Up Location": null, "Bridge Highway Name": null, "Bridge Highway Direction": null, "Road Ramp": null, "Bridge Highway Segment": null, "Latitude": 40.713781388526236, "Longitude": -73.967210572293652, "Location": "(40.713781388526236, -73.96721057229365)", "Zip Codes": 17613, "Community Districts": 36, "Borough Boundaries": 2, "City Council Districts": 38, "Police Precincts": 56, "Police Precinct": 56 }, "geometry": { "type": "Point", "coordinates": [ -73.967210572293652, 40.713781388526236 ] } },
{ "type": "Feature", "properties": { "Unique Key": 66156416, "Created Date": "09/14/2025 05:25:05 PM", "Closed Date": null, "Agency": "DOHMH", "Agency Name": "Department of Health and Mental Hygiene", "Complaint Type": "Rodent", "Descriptor": "Signs of Rodents", "Location Type": "Vacant Lot", "Incident Zip": 10027, "Incident Address": "310 WEST  121 STREET", "Street Name": "WEST  121 STREET", "Cross Street 1": "FREDERICK DOUGLASS BOULEVARD", "Cross Street 2": "MANHATTAN AVENUE", "Intersection Street 1": "FREDERICK DOUGLASS BOULEVARD", "Intersection Street 2": "MANHATTAN AVENUE", "Address Type": "ADDRESS", "City": "NEW YORK", "Landmark": "WEST  121 STREET", "Facility Type": null, "Status": "In Progress", "Due Date": null, "Resolution Description": null, "Resolution Action Updated Date": null, "Community Board": "10 MANHATTAN", "BBL": 1019470041, "Borough": "MANHATTAN", "X Coordinate (State Plane)": 997080, "Y Coordinate (State Plane)": 233605, "Open Data Channel Type": "ONLINE", "Park Facility Name": "Unspecified", "Park Borough": "MANHATTAN", "Vehicle Type": null, "Taxi Company Borough": null, "Taxi Pick Up Location": null, "Bridge Highway Name": null, "Bridge Highway Direction": null, "Road Ramp": null, "Bridge Highway Segment": null, "Latitude": 40.807858300308531, "Longitude": -73.953654237527132, "Location": "(40.80785830030853, -73.95365423752713)", "Zip Codes": 12424, "Community Districts": 18, "Borough Boundaries": 4, "City Council Districts": 36, "Police Precincts": 18, "Police Precinct": 18 }, "geometry": { "type": "Point", "coordinates": [ -73.953654237527132, 40.807858300308531 ] } },
{ "type": "Feature", "properties": { "Unique Key": 66156418, "Created Date": "09/14/2025 08:54:29 PM", "Closed Date": null, "Agency": "DOHMH", "Agency Name": "Department of Health and Mental Hygiene", "Complaint Type": "Rodent", "Descriptor": "Signs of Rodents", "Location Type": "Other (Explain Below)", "Incident Zip": 10011, "Incident Address": "116 WEST   11 STREET", "Street Name": "WEST   11 STREET", "Cross Street 1": "AVENUE OF THE AMERICAS", "Cross Street 2": "7 AVENUE", "Intersection Street 1": "AVENUE OF THE AMERICAS", "Intersection Street 2": "7 AVENUE", "Address Type": "ADDRESS", "City": "NEW YORK", "Landmark": "WEST   11 STREET", "Facility Type": null, "Status": "In Progress", "Due Date": null, "Resolution Description": null, "Resolution Action Updated Date": null, "Community Board": "02 MANHATTAN", "BBL": 1006060049, "Borough": "MANHATTAN", "X Coordinate (State Plane)": 984527, "Y Coordinate (State Plane)": 207307, "Open Data Channel Type": "MOBILE", "Park Facility Name": "Unspecified", "Park Borough": "MANHATTAN", "Vehicle Type": null, "Taxi Company Borough": null, "Taxi Pick Up Location": null, "Bridge Highway Name": null, "Bridge Highway Direction": null, "Road Ramp": null, "Bridge Highway Segment": null, "Latitude": 40.735686472679795, "Longitude": -73.999000477758642, "Location": "(40.735686472679795, -73.99900047775864)", "Zip Codes": 12074, "Community Districts": 57, "Borough Boundaries": 4, "City Council Districts": 10, "Police Precincts": 3, "Police Precinct": 3 }, "geometry": { "type": "Point", "coordinates": [ -73.999000477758642, 40.735686472679795 ] } },
{ "type": "Feature", "properties": { "Unique Key": 66157608, "Created Date": "09/14/2025 10:34:06 AM", "Closed Date": null, "Agency": "DOHMH", "Agency Name": "Department of Health and Mental Hygiene", "Complaint Type": "Rodent", "Descriptor": "Signs of Rodents", "Location Type": "Other (Explain Below)", "Incident Zip": 11238, "Incident Address": "221 LAFAYETTE AVENUE", "Street Name": "LAFAYETTE AVENUE", "Cross Street 1": "VANDERBILT AVENUE", "Cross Street 2": "CLINTON AVENUE", "Intersection Street 1": "VANDERBILT AVENUE", "Intersection Street 2": "CLINTON AVENUE", "Address Type": "ADDRESS", "City": "BROOKLYN", "Landmark": "LAFAYETTE AVENUE", "Facility Type": null, "Status": "In Progress", "Due Date": null, "Resolution Description": null, "Resolution Action Updated Date": null, "Community Board": "02 BROOKLYN", "BBL": 3019290047, "Borough": "BROOKLYN", "X Coordinate (State Plane)": 993056, "Y Coordinate (State Plane)": 189913, "Open Data Channel Type": "MOBILE", "Park Facility Name": "Unspecified", "Park Borough": "BROOKLYN", "Vehicle Type": null, "Taxi Company Borough": null, "Taxi Pick Up Location": null, "Bridge Highway Name": null, "Bridge Highway Direction": null, "Road Ramp": null, "Bridge Highway Segment": null, "Latitude": 40.687939705545801, "Longitude": -73.968247326995467, "Location": "(40.6879397055458, -73.96824732699547)", "Zip Codes": 17212, "Community Districts": 68, "Borough Boundaries": 2, "City Council Districts": 48, "Police Precincts": 55, "Police Precinct": 55 }, "geometry": { "type": "Point", "coordinates": [ -73.968247326995467, 40.687939705545801 ] } },
{ "type": "Feature", "properties": { "Unique Key": 66158779, "Created Date": "09/14/2025 05:59:01 PM", "Closed Date": null, "Agency": "DOHMH", "Agency Name": "Department of Health and Mental Hygiene", "Complaint Type": "Rodent", "Descriptor": "Signs of Rodents", "Location Type": "3+ Family Apt. Building", "Incident Zip": 11238, "Incident Address": "1015 ATLANTIC AVENUE", "Street Name": "ATLANTIC AVENUE", "Cross Street 1": "GRAND AVENUE", "Cross Street 2": "CLASSON AVENUE", "Intersection Street 1": "GRAND AVENUE", "Intersection Street 2": "CLASSON AVENUE", "Address Type": "ADDRESS", "City": "BROOKLYN", "Landmark": "ATLANTIC AVENUE", "Facility Type": null, "Status": "In Progress", "Due Date": null, "Resolution Description": null, "Resolution Action Updated Date": null, "Community Board": "02 BROOKLYN", "BBL": 3020190051, "Borough": "BROOKLYN", "X Coordinate (State Plane)": 995646, "Y Coordinate (State Plane)": 187010, "Open Data Channel Type": "MOBILE", "Park Facility Name": "Unspecified", "Park Borough": "BROOKLYN", "Vehicle Type": null, "Taxi Company Borough": null, "Taxi Pick Up Location": null, "Bridge Highway Name": null, "Bridge Highway Direction": null, "Road Ramp": null, "Bridge Highway Segment": null, "Latitude": 40.67996867784143, "Longitude": -73.958913216499127, "Location": "(40.67996867784143, -73.95891321649913)", "Zip Codes": 13829, "Community Districts": 68, "Borough Boundaries": 2, "City Council Districts": 49, "Police Precincts": 55, "Police Precinct": 55 }, "geometry": { "type": "Point", "coordinates": [ -73.958913216499127, 40.67996867784143 ] } },
{ "type": "Feature", "properties": { "Unique Key": 66168416, "Created Date": "09/15/2025 12:37:45 PM", "Closed Date": null, "Agency": "DOHMH", "Agency Name": "Department of Health and Mental Hygiene", "Complaint Type": "Rodent", "Descriptor": "Signs of Rodents", "Location Type": "3+ Family Apt. Building", "Incident Zip": 10027, "Incident Address": "109 WEST  128 STREET", "Street Name": "WEST  128 STREET", "Cross Street 1": "LENOX AVENUE", "Cross Street 2": "ADAM CLAYTON POWELL JR BOULEVARD", "Intersection Street 1": "LENOX AVENUE", "Intersection Street 2": "ADAM CLAYTON POWELL JR BOULEVARD", "Address Type": "ADDRESS", "City": "NEW YORK", "Landmark": "WEST  128 STREET", "Facility Type": null, "Status": "In Progress", "Due Date": null, "Resolution Description": null, "Resolution Action Updated Date": null, "Community Board": "10 MANHATTAN", "BBL": 1019130026, "Borough": "MANHATTAN", "X Coordinate (State Plane)": 999562, "Y Coordinate (State Plane)": 234371, "Open Data Channel Type": "ONLINE", "Park Facility Name": "Unspecified", "Park Borough": "MANHATTAN", "Vehicle Type": null, "Taxi Company Borough": null, "Taxi Pick Up Location": null, "Bridge Highway Name": null, "Bridge Highway Direction": null, "Road Ramp": null, "Bridge Highway Segment": null, "Latitude": 40.809956804810739, "Longitude": -73.944686772885419, "Location": "(40.80995680481074, -73.94468677288542)", "Zip Codes": 12424, "Community Districts": 18, "Borough Boundaries": 4, "City Council Districts": 36, "Police Precincts": 20, "Police Precinct": 20 }, "geometry": { "type": "Point", "coordinates": [ -73.944686772885419, 40.809956804810739 ] } },
{ "type": "Feature", "properties": { "Unique Key": 66169793, "Created Date": "09/15/2025 07:55:25 AM", "Closed Date": null, "Agency": "DOHMH", "Agency Name": "Department of Health and Mental Hygiene", "Complaint Type": "Rodent", "Descriptor": "Signs of Rodents", "Location Type": "3+ Family Apt. Building", "Incident Zip": 11231, "Incident Address": "45 3 STREET", "Street Name": "3 STREET", "Cross Street 1": "SMITH STREET", "Cross Street 2": "HOYT STREET", "Intersection Street 1": "SMITH STREET", "Intersection Street 2": "HOYT STREET", "Address Type": "ADDRESS", "City": "BROOKLYN", "Landmark": "3 STREET", "Facility Type": null, "Status": "In Progress", "Due Date": null, "Resolution Description": null, "Resolution Action Updated Date": null, "Community Board": "06 BROOKLYN", "BBL": 3004600042, "Borough": "BROOKLYN", "X Coordinate (State Plane)": 985790, "Y Coordinate (State Plane)": 186363, "Open Data Channel Type": "MOBILE", "Park Facility Name": "Unspecified", "Park Borough": "BROOKLYN", "Vehicle Type": null, "Taxi Company Borough": null, "Taxi Pick Up Location": null, "Bridge Highway Name": null, "Bridge Highway Direction": null, "Road Ramp": null, "Bridge Highway Segment": null, "Latitude": 40.678200011108636, "Longitude": -73.994447879410018, "Location": "(40.678200011108636, -73.99444787941002)", "Zip Codes": 13514, "Community Districts": 14, "Borough Boundaries": 2, "City Council Districts": 27, "Police Precincts": 48, "Police Precinct": 48 }, "geometry": { "type": "Point", "coordinates": [ -73.994447879410018, 40.678200011108636 ] } },
{ "type": "Feature", "properties": { "Unique Key": 66169794, "Created Date": "09/15/2025 06:52:38 PM", "Closed Date": "09/15/2025 06:52:38 PM", "Agency": "DOHMH", "Agency Name": "Department of Health and Mental Hygiene", "Complaint Type": "Rodent", "Descriptor": "Signs of Rodents", "Location Type": "3+ Family Apt. Building", "Incident Zip": 11207, "Incident Address": "157 MILLER AVENUE", "Street Name": "MILLER AVENUE", "Cross Street 1": "FULTON STREET", "Cross Street 2": "ATLANTIC AVENUE", "Intersection Street 1": "FULTON STREET", "Intersection Street 2": "ATLANTIC AVENUE", "Address Type": "ADDRESS", "City": "BROOKLYN", "Landmark": "MILLER AVENUE", "Facility Type": "N/A", "Status": "Closed", "Due Date": null, "Resolution Description": "The Department of Health and Mental Hygiene found violations on the property you reported. Follow-up inspections will be scheduled.", "Resolution Action Updated Date": "09/25/2025 11:27:42 AM", "Community Board": "05 BROOKLYN", "BBL": 3039460011, "Borough": "BROOKLYN", "X Coordinate (State Plane)": 1014087, "Y Coordinate (State Plane)": 186080, "Open Data Channel Type": "MOBILE", "Park Facility Name": "Unspecified", "Park Borough": "BROOKLYN", "Vehicle Type": null, "Taxi Company Borough": null, "Taxi Pick Up Location": null, "Bridge Highway Name": null, "Bridge Highway Direction": null, "Road Ramp": null, "Bridge Highway Segment": null, "Latitude": 40.67737309007974, "Longitude": -73.892430773049938, "Location": "(40.67737309007974, -73.89243077304994)", "Zip Codes": 17214, "Community Districts": 45, "Borough Boundaries": 2, "City Council Districts": 37, "Police Precincts": 47, "Police Precinct": 47 }, "geometry": { "type": "Point", "coordinates": [ -73.892430773049938, 40.67737309007974 ] } },
{ "type": "Feature", "properties": { "Unique Key": 66119410, "Created Date": "09/11/2025 08:35:57 PM", "Closed Date": "09/12/2025 07:46:11 AM", "Agency": "DOHMH", "Agency Name": "Department of Health and Mental Hygiene", "Complaint Type": "Rodent", "Descriptor": "Signs of Rodents", "Location Type": "3+ Family Apt. Building", "Incident Zip": 10035, "Incident Address": "2400 2 AVENUE", "Street Name": "2 AVENUE", "Cross Street 1": "EAST 123 STREET", "Cross Street 2": "EAST 124 STREET", "Intersection Street 1": "EAST  123 STREET", "Intersection Street 2": "EAST  124 STREET", "Address Type": "ADDRESS", "City": "NEW YORK", "Landmark": "2 AVENUE", "Facility Type": "N/A", "Status": "Closed", "Due Date": null, "Resolution Description": "This service request was closed because the Department of Health and Mental Hygiene received an earlier complaint about the same location.  You can find inspection results for this address by going to the online Rat Portal at www.nyc.gov/rats.", "Resolution Action Updated Date": "09/11/2025 08:35:57 PM", "Community Board": "11 MANHATTAN", "BBL": 1017970001, "Borough": "MANHATTAN", "X Coordinate (State Plane)": 1002403, "Y Coordinate (State Plane)": 231268, "Open Data Channel Type": "MOBILE", "Park Facility Name": "Unspecified", "Park Borough": "MANHATTAN", "Vehicle Type": null, "Taxi Company Borough": null, "Taxi Pick Up Location": null, "Bridge Highway Name": null, "Bridge Highway Direction": null, "Road Ramp": null, "Bridge Highway Segment": null, "Latitude": 40.801434546547569, "Longitude": -73.934432308960851, "Location": "(40.80143454654757, -73.93443230896085)", "Zip Codes": 13093, "Community Districts": 7, "Borough Boundaries": 4, "City Council Districts": 35, "Police Precincts": 16, "Police Precinct": 16 }, "geometry": { "type": "Point", "coordinates": [ -73.934432308960851, 40.801434546547569 ] } },
{ "type": "Feature", "properties": { "Unique Key": 66122174, "Created Date": "09/11/2025 08:10:03 PM", "Closed Date": "09/12/2025 07:46:11 AM", "Agency": "DOHMH", "Agency Name": "Department of Health and Mental Hygiene", "Complaint Type": "Rodent", "Descriptor": "Signs of Rodents", "Location Type": "3+ Family Apt. Building", "Incident Zip": 10035, "Incident Address": "2400 2 AVENUE", "Street Name": "2 AVENUE", "Cross Street 1": "EAST 123 STREET", "Cross Street 2": "EAST 124 STREET", "Intersection Street 1": "EAST  123 STREET", "Intersection Street 2": "EAST  124 STREET", "Address Type": "ADDRESS", "City": "NEW YORK", "Landmark": "2 AVENUE", "Facility Type": "N/A", "Status": "Closed", "Due Date": null, "Resolution Description": "This service request was closed because the Department of Health and Mental Hygiene received an earlier complaint about the same location.  You can find inspection results for this address by going to the online Rat Portal at www.nyc.gov/rats.", "Resolution Action Updated Date": "09/11/2025 08:10:03 PM", "Community Board": "11 MANHATTAN", "BBL": 1017970001, "Borough": "MANHATTAN", "X Coordinate (State Plane)": 1002403, "Y Coordinate (State Plane)": 231268, "Open Data Channel Type": "MOBILE", "Park Facility Name": "Unspecified", "Park Borough": "MANHATTAN", "Vehicle Type": null, "Taxi Company Borough": null, "Taxi Pick Up Location": null, "Bridge Highway Name": null, "Bridge Highway Direction": null, "Road Ramp": null, "Bridge Highway Segment": null, "Latitude": 40.801434546547569, "Longitude": -73.934432308960851, "Location": "(40.80143454654757, -73.93443230896085)", "Zip Codes": 13093, "Community Districts": 7, "Borough Boundaries": 4, "City Council Districts": 35, "Police Precincts": 16, "Police Precinct": 16 }, "geometry": { "type": "Point", "coordinates": [ -73.934432308960851, 40.801434546547569 ] } },
{ "type": "Feature", "properties": { "Unique Key": 66124884, "Created Date": "09/11/2025 08:07:00 PM", "Closed Date": "09/12/2025 07:46:11 AM", "Agency": "DOHMH", "Agency Name": "Department of Health and Mental Hygiene", "Complaint Type": "Rodent", "Descriptor": "Signs of Rodents", "Location Type": "3+ Family Apt. Building", "Incident Zip": 10035, "Incident Address": "2400 2 AVENUE", "Street Name": "2 AVENUE", "Cross Street 1": "EAST 123 STREET", "Cross Street 2": "EAST 124 STREET", "Intersection Street 1": "EAST  123 STREET", "Intersection Street 2": "EAST  124 STREET", "Address Type": "ADDRESS", "City": "NEW YORK", "Landmark": "2 AVENUE", "Facility Type": "N/A", "Status": "Closed", "Due Date": null, "Resolution Description": "This service request was closed because the Department of Health and Mental Hygiene received an earlier complaint about the same location.  You can find inspection results for this address by going to the online Rat Portal at www.nyc.gov/rats.", "Resolution Action Updated Date": "09/11/2025 08:07:00 PM", "Community Board": "11 MANHATTAN", "BBL": 1017970001, "Borough": "MANHATTAN", "X Coordinate (State Plane)": 1002403, "Y Coordinate (State Plane)": 231268, "Open Data Channel Type": "MOBILE", "Park Facility Name": "Unspecified", "Park Borough": "MANHATTAN", "Vehicle Type": null, "Taxi Company Borough": null, "Taxi Pick Up Location": null, "Bridge Highway Name": null, "Bridge Highway Direction": null, "Road Ramp": null, "Bridge Highway Segment": null, "Latitude": 40.801434546547569, "Longitude": -73.934432308960851, "Location": "(40.80143454654757, -73.93443230896085)", "Zip Codes": 13093, "Community Districts": 7, "Borough Boundaries": 4, "City Council Districts": 35, "Police Precincts": 16, "Police Precinct": 16 }, "geometry": { "type": "Point", "coordinates": [ -73.934432308960851, 40.801434546547569 ] } },
{ "type": "Feature", "properties": { "Unique Key": 66126215, "Created Date": "09/11/2025 09:43:04 PM", "Closed Date": "09/12/2025 07:46:11 AM", "Agency": "DOHMH", "Agency Name": "Department of Health and Mental Hygiene", "Complaint Type": "Rodent", "Descriptor": "Signs of Rodents", "Location Type": "3+ Family Apt. Building", "Incident Zip": 10035, "Incident Address": "2400 2 AVENUE", "Street Name": "2 AVENUE", "Cross Street 1": "EAST 123 STREET", "Cross Street 2": "EAST 124 STREET", "Intersection Street 1": "EAST  123 STREET", "Intersection Street 2": "EAST  124 STREET", "Address Type": "ADDRESS", "City": "NEW YORK", "Landmark": "2 AVENUE", "Facility Type": "N/A", "Status": "Closed", "Due Date": null, "Resolution Description": "This service request was closed because the Department of Health and Mental Hygiene received an earlier complaint about the same location.  You can find inspection results for this address by going to the online Rat Portal at www.nyc.gov/rats.", "Resolution Action Updated Date": "09/11/2025 09:43:04 PM", "Community Board": "11 MANHATTAN", "BBL": 1017970001, "Borough": "MANHATTAN", "X Coordinate (State Plane)": 1002403, "Y Coordinate (State Plane)": 231268, "Open Data Channel Type": "MOBILE", "Park Facility Name": "Unspecified", "Park Borough": "MANHATTAN", "Vehicle Type": null, "Taxi Company Borough": null, "Taxi Pick Up Location": null, "Bridge Highway Name": null, "Bridge Highway Direction": null, "Road Ramp": null, "Bridge Highway Segment": null, "Latitude": 40.801434546547569, "Longitude": -73.934432308960851, "Location": "(40.80143454654757, -73.93443230896085)", "Zip Codes": 13093, "Community Districts": 7, "Borough Boundaries": 4, "City Council Districts": 35, "Police Precincts": 16, "Police Precinct": 16 }, "geometry": { "type": "Point", "coordinates": [ -73.934432308960851, 40.801434546547569 ] } },
{ "type": "Feature", "properties": { "Unique Key": 66174816, "Created Date": "09/16/2025 04:18:16 PM", "Closed Date": null, "Agency": "DOHMH", "Agency Name": "Department of Health and Mental Hygiene", "Complaint Type": "Rodent", "Descriptor": "Signs of Rodents", "Location Type": "1-2 Family Dwelling", "Incident Zip": 11236, "Incident Address": "8812 AVENUE A", "Street Name": "AVENUE A", "Cross Street 1": "EAST   88 STREET", "Cross Street 2": "EAST   89 STREET", "Intersection Street 1": "EAST   88 STREET", "Intersection Street 2": "EAST   89 STREET", "Address Type": "ADDRESS", "City": "BROOKLYN", "Landmark": "AVENUE A", "Facility Type": null, "Status": "In Progress", "Due Date": null, "Resolution Description": null, "Resolution Action Updated Date": null, "Community Board": "17 BROOKLYN", "BBL": 3047480040, "Borough": "BROOKLYN", "X Coordinate (State Plane)": 1006602, "Y Coordinate (State Plane)": 176209, "Open Data Channel Type": "PHONE", "Park Facility Name": "Unspecified", "Park Borough": "BROOKLYN", "Vehicle Type": null, "Taxi Company Borough": null, "Taxi Pick Up Location": null, "Bridge Highway Name": null, "Bridge Highway Direction": null, "Road Ramp": null, "Bridge Highway Segment": null, "Latitude": 40.650301457364776, "Longitude": -73.919448621439685, "Location": "(40.650301457364776, -73.91944862143968)", "Zip Codes": 13827, "Community Districts": 61, "Borough Boundaries": 2, "City Council Districts": 26, "Police Precincts": 40, "Police Precinct": 40 }, "geometry": { "type": "Point", "coordinates": [ -73.919448621439685, 40.650301457364776 ] } },
{ "type": "Feature", "properties": { "Unique Key": 66179559, "Created Date": "09/16/2025 06:48:15 AM", "Closed Date": null, "Agency": "DOHMH", "Agency Name": "Department of Health and Mental Hygiene", "Complaint Type": "Rodent", "Descriptor": "Signs of Rodents", "Location Type": "3+ Family Apt. Building", "Incident Zip": 10454, "Incident Address": "372 ST ANNS AVENUE", "Street Name": "ST ANNS AVENUE", "Cross Street 1": "EAST  142 STREET", "Cross Street 2": "ST MARYS STREET", "Intersection Street 1": "EAST  142 STREET", "Intersection Street 2": "ST MARYS STREET", "Address Type": "ADDRESS", "City": "BRONX", "Landmark": "ST ANNS AVENUE", "Facility Type": null, "Status": "In Progress", "Due Date": null, "Resolution Description": null, "Resolution Action Updated Date": null, "Community Board": "01 BRONX", "BBL": 2025560023, "Borough": "BRONX", "X Coordinate (State Plane)": 1007698, "Y Coordinate (State Plane)": 234470, "Open Data Channel Type": "MOBILE", "Park Facility Name": "Unspecified", "Park Borough": "BRONX", "Vehicle Type": null, "Taxi Company Borough": null, "Taxi Pick Up Location": null, "Bridge Highway Name": null, "Bridge Highway Direction": null, "Road Ramp": null, "Bridge Highway Segment": null, "Latitude": 40.810210685025424, "Longitude": -73.915295871690574, "Location": "(40.810210685025424, -73.91529587169057)", "Zip Codes": 10932, "Community Districts": 49, "Borough Boundaries": 5, "City Council Districts": 35, "Police Precincts": 23, "Police Precinct": 23 }, "geometry": { "type": "Point", "coordinates": [ -73.915295871690574, 40.810210685025424 ] } },
{ "type": "Feature", "properties": { "Unique Key": 66205952, "Created Date": "09/19/2025 08:21:15 PM", "Closed Date": "09/19/2025 08:21:15 PM", "Agency": "DOHMH", "Agency Name": "Department of Health and Mental Hygiene", "Complaint Type": "Rodent", "Descriptor": "Signs of Rodents", "Location Type": "1-2 Family Dwelling", "Incident Zip": 10464, "Incident Address": "425 KING AVENUE", "Street Name": "KING AVENUE", "Cross Street 1": "KIRBY STREET", "Cross Street 2": "BOWNE STREET", "Intersection Street 1": "KIRBY STREET", "Intersection Street 2": "BOWNE STREET", "Address Type": "ADDRESS", "City": "BRONX", "Landmark": "KING AVENUE", "Facility Type": "N/A", "Status": "Closed", "Due Date": null, "Resolution Description": "The Department of Health and Mental Hygiene found violations on the property you reported. Follow-up inspections will be scheduled.", "Resolution Action Updated Date": "09/24/2025 10:05:06 AM", "Community Board": "10 BRONX", "BBL": 2056450074, "Borough": "BRONX", "X Coordinate (State Plane)": 1043383, "Y Coordinate (State Plane)": 249331, "Open Data Channel Type": "ONLINE", "Park Facility Name": "Unspecified", "Park Borough": "BRONX", "Vehicle Type": null, "Taxi Company Borough": null, "Taxi Pick Up Location": null, "Bridge Highway Name": null, "Bridge Highway Direction": null, "Road Ramp": null, "Bridge Highway Segment": null, "Latitude": 40.850832967919992, "Longitude": -73.786255869052141, "Location": "(40.85083296791999, -73.78625586905214)", "Zip Codes": 11273, "Community Districts": 43, "Borough Boundaries": 5, "City Council Districts": 12, "Police Precincts": 28, "Police Precinct": 28 }, "geometry": { "type": "Point", "coordinates": [ -73.786255869052141, 40.850832967919992 ] } },
{ "type": "Feature", "properties": { "Unique Key": 66119409, "Created Date": "09/11/2025 10:39:06 AM", "Closed Date": "09/11/2025 10:39:06 AM", "Agency": "DOHMH", "Agency Name": "Department of Health and Mental Hygiene", "Complaint Type": "Rodent", "Descriptor": "Signs of Rodents", "Location Type": "1-2 Family Dwelling", "Incident Zip": 11236, "Incident Address": "10106 AVENUE L", "Street Name": "AVENUE L", "Cross Street 1": "EAST 101 STREET", "Cross Street 2": "EAST 102 STREET", "Intersection Street 1": "EAST  101 STREET", "Intersection Street 2": "EAST  102 STREET", "Address Type": "ADDRESS", "City": "BROOKLYN", "Landmark": "AVENUE L", "Facility Type": "N/A", "Status": "Closed", "Due Date": null, "Resolution Description": "The Department of Health and Mental Hygiene inspected the property you reported and did not find any violations at the time of the inspection. The property passed inspection.", "Resolution Action Updated Date": "09/16/2025 01:10:02 PM", "Community Board": "18 BROOKLYN", "BBL": 3082660039, "Borough": "BROOKLYN", "X Coordinate (State Plane)": 1014224, "Y Coordinate (State Plane)": 172754, "Open Data Channel Type": "MOBILE", "Park Facility Name": "Unspecified", "Park Borough": "BROOKLYN", "Vehicle Type": null, "Taxi Company Borough": null, "Taxi Pick Up Location": null, "Bridge Highway Name": null, "Bridge Highway Direction": null, "Road Ramp": null, "Bridge Highway Segment": null, "Latitude": 40.640795716891674, "Longitude": -73.891996092568178, "Location": "(40.640795716891674, -73.89199609256818)", "Zip Codes": 13827, "Community Districts": 5, "Borough Boundaries": 2, "City Council Districts": 8, "Police Precincts": 42, "Police Precinct": 42 }, "geometry": { "type": "Point", "coordinates": [ -73.891996092568178, 40.640795716891674 ] } },
{ "type": "Feature", "properties": { "Unique Key": 66162849, "Created Date": "09/15/2025 07:57:21 PM", "Closed Date": "09/16/2025 07:35:54 AM", "Agency": "DOHMH", "Agency Name": "Department of Health and Mental Hygiene", "Complaint Type": "Rodent", "Descriptor": "Signs of Rodents", "Location Type": "3+ Family Apt. Building", "Incident Zip": 10035, "Incident Address": "2400 2 AVENUE", "Street Name": "2 AVENUE", "Cross Street 1": "EAST 123 STREET", "Cross Street 2": "EAST 124 STREET", "Intersection Street 1": "EAST  123 STREET", "Intersection Street 2": "EAST  124 STREET", "Address Type": "ADDRESS", "City": "NEW YORK", "Landmark": "2 AVENUE", "Facility Type": "N/A", "Status": "Closed", "Due Date": null, "Resolution Description": "This service request was closed because the Department of Health and Mental Hygiene received an earlier complaint about the same location.  You can find inspection results for this address by going to the online Rat Portal at www.nyc.gov/rats.", "Resolution Action Updated Date": "09/15/2025 07:57:21 PM", "Community Board": "11 MANHATTAN", "BBL": 1017970001, "Borough": "MANHATTAN", "X Coordinate (State Plane)": 1002403, "Y Coordinate (State Plane)": 231268, "Open Data Channel Type": "MOBILE", "Park Facility Name": "Unspecified", "Park Borough": "MANHATTAN", "Vehicle Type": null, "Taxi Company Borough": null, "Taxi Pick Up Location": null, "Bridge Highway Name": null, "Bridge Highway Direction": null, "Road Ramp": null, "Bridge Highway Segment": null, "Latitude": 40.801434546547569, "Longitude": -73.934432308960851, "Location": "(40.80143454654757, -73.93443230896085)", "Zip Codes": 13093, "Community Districts": 7, "Borough Boundaries": 4, "City Council Districts": 35, "Police Precincts": 16, "Police Precinct": 16 }, "geometry": { "type": "Point", "coordinates": [ -73.934432308960851, 40.801434546547569 ] } },
{ "type": "Feature", "properties": { "Unique Key": 66240246, "Created Date": "09/22/2025 11:07:52 PM", "Closed Date": "09/22/2025 11:07:52 PM", "Agency": "DOHMH", "Agency Name": "Department of Health and Mental Hygiene", "Complaint Type": "Rodent", "Descriptor": "Signs of Rodents", "Location Type": "3+ Family Mixed Use Building", "Incident Zip": 10009, "Incident Address": "516 EAST   12 STREET", "Street Name": "EAST   12 STREET", "Cross Street 1": "AVENUE A", "Cross Street 2": "AVENUE B", "Intersection Street 1": "AVENUE A", "Intersection Street 2": "AVENUE B", "Address Type": "ADDRESS", "City": "NEW YORK", "Landmark": "EAST   12 STREET", "Facility Type": "N/A", "Status": "Closed", "Due Date": null, "Resolution Description": "This service request was closed because the Department of Health and Mental Hygiene received an earlier complaint about the same location.  You can find inspection results for this address by going to the online Rat Portal at www.nyc.gov/rats.", "Resolution Action Updated Date": "09/23/2025 09:22:11 AM", "Community Board": "03 MANHATTAN", "BBL": 1004050016, "Borough": "MANHATTAN", "X Coordinate (State Plane)": 989595, "Y Coordinate (State Plane)": 204806, "Open Data Channel Type": "ONLINE", "Park Facility Name": "Unspecified", "Park Borough": "MANHATTAN", "Vehicle Type": null, "Taxi Company Borough": null, "Taxi Pick Up Location": null, "Bridge Highway Name": null, "Bridge Highway Direction": null, "Road Ramp": null, "Bridge Highway Segment": null, "Latitude": 40.728820231020052, "Longitude": -73.980715177063118, "Location": "(40.72882023102005, -73.98071517706312)", "Zip Codes": 11729, "Community Districts": 70, "Borough Boundaries": 4, "City Council Districts": 50, "Police Precincts": 5, "Police Precinct": 5 }, "geometry": { "type": "Point", "coordinates": [ -73.980715177063118, 40.728820231020052 ] } },
{ "type": "Feature", "properties": { "Unique Key": 66106222, "Created Date": "09/09/2025 05:29:08 PM", "Closed Date": "09/09/2025 05:29:08 PM", "Agency": "DOHMH", "Agency Name": "Department of Health and Mental Hygiene", "Complaint Type": "Rodent", "Descriptor": "Signs of Rodents", "Location Type": "3+ Family Apt. Building", "Incident Zip": 11210, "Incident Address": "3620 BEDFORD AVENUE", "Street Name": "BEDFORD AVENUE", "Cross Street 1": "AVENUE O", "Cross Street 2": "KINGS HIGHWAY", "Intersection Street 1": "AVENUE O", "Intersection Street 2": "KINGS HIGHWAY", "Address Type": "ADDRESS", "City": "BROOKLYN", "Landmark": "BEDFORD AVENUE", "Facility Type": "N/A", "Status": "Closed", "Due Date": null, "Resolution Description": "The Department of Health and Mental Hygiene found violations on the property you reported. Follow-up inspections will be scheduled.", "Resolution Action Updated Date": "09/13/2025 08:54:04 AM", "Community Board": "14 BROOKLYN", "BBL": 3067710006, "Borough": "BROOKLYN", "X Coordinate (State Plane)": 998328, "Y Coordinate (State Plane)": 162943, "Open Data Channel Type": "MOBILE", "Park Facility Name": "Unspecified", "Park Borough": "BROOKLYN", "Vehicle Type": null, "Taxi Company Borough": null, "Taxi Pick Up Location": null, "Bridge Highway Name": null, "Bridge Highway Direction": null, "Road Ramp": null, "Bridge Highway Segment": null, "Latitude": 40.613906120715122, "Longitude": -73.949293846718774, "Location": "(40.61390612071512, -73.94929384671877)", "Zip Codes": 13512, "Community Districts": 60, "Borough Boundaries": 2, "City Council Districts": 15, "Police Precincts": 43, "Police Precinct": 43 }, "geometry": { "type": "Point", "coordinates": [ -73.949293846718774, 40.613906120715122 ] } },
{ "type": "Feature", "properties": { "Unique Key": 66158780, "Created Date": "09/14/2025 10:08:26 AM", "Closed Date": "09/15/2025 07:38:42 AM", "Agency": "DOHMH", "Agency Name": "Department of Health and Mental Hygiene", "Complaint Type": "Rodent", "Descriptor": "Signs of Rodents", "Location Type": "3+ Family Apt. Building", "Incident Zip": 10035, "Incident Address": "2400 2 AVENUE", "Street Name": "2 AVENUE", "Cross Street 1": "EAST 123 STREET", "Cross Street 2": "EAST 124 STREET", "Intersection Street 1": "EAST  123 STREET", "Intersection Street 2": "EAST  124 STREET", "Address Type": "ADDRESS", "City": "NEW YORK", "Landmark": "2 AVENUE", "Facility Type": "N/A", "Status": "Closed", "Due Date": null, "Resolution Description": "This service request was closed because the Department of Health and Mental Hygiene received an earlier complaint about the same location.  You can find inspection results for this address by going to the online Rat Portal at www.nyc.gov/rats.", "Resolution Action Updated Date": "09/14/2025 10:08:26 AM", "Community Board": "11 MANHATTAN", "BBL": 1017970001, "Borough": "MANHATTAN", "X Coordinate (State Plane)": 1002403, "Y Coordinate (State Plane)": 231268, "Open Data Channel Type": "MOBILE", "Park Facility Name": "Unspecified", "Park Borough": "MANHATTAN", "Vehicle Type": null, "Taxi Company Borough": null, "Taxi Pick Up Location": null, "Bridge Highway Name": null, "Bridge Highway Direction": null, "Road Ramp": null, "Bridge Highway Segment": null, "Latitude": 40.801434546547569, "Longitude": -73.934432308960851, "Location": "(40.80143454654757, -73.93443230896085)", "Zip Codes": 13093, "Community Districts": 7, "Borough Boundaries": 4, "City Council Districts": 35, "Police Precincts": 16, "Police Precinct": 16 }, "geometry": { "type": "Point", "coordinates": [ -73.934432308960851, 40.801434546547569 ] } },
{ "type": "Feature", "properties": { "Unique Key": 66194062, "Created Date": "09/18/2025 04:51:07 PM", "Closed Date": "09/18/2025 04:51:07 PM", "Agency": "DOHMH", "Agency Name": "Department of Health and Mental Hygiene", "Complaint Type": "Rodent", "Descriptor": "Signs of Rodents", "Location Type": "3+ Family Apt. Building", "Incident Zip": 11226, "Incident Address": "22 CLARKSON AVENUE", "Street Name": "CLARKSON AVENUE", "Cross Street 1": "FLATBUSH AVENUE", "Cross Street 2": "BEDFORD AVENUE", "Intersection Street 1": "FLATBUSH AVENUE", "Intersection Street 2": "BEDFORD AVENUE", "Address Type": "ADDRESS", "City": "BROOKLYN", "Landmark": "CLARKSON AVENUE", "Facility Type": "N/A", "Status": "Closed", "Due Date": null, "Resolution Description": "The Department of Health and Mental Hygiene inspected the property you reported and did not find any violations at the time of the inspection. The property passed inspection.", "Resolution Action Updated Date": "09/24/2025 03:10:58 PM", "Community Board": "14 BROOKLYN", "BBL": 3050640025, "Borough": "BROOKLYN", "X Coordinate (State Plane)": 995704, "Y Coordinate (State Plane)": 177874, "Open Data Channel Type": "ONLINE", "Park Facility Name": "Unspecified", "Park Borough": "BROOKLYN", "Vehicle Type": null, "Taxi Company Borough": null, "Taxi Pick Up Location": null, "Bridge Highway Name": null, "Bridge Highway Direction": null, "Road Ramp": null, "Bridge Highway Segment": null, "Latitude": 40.65489232004915, "Longitude": -73.958719627540717, "Location": "(40.65489232004915, -73.95871962754072)", "Zip Codes": 13510, "Community Districts": 60, "Borough Boundaries": 2, "City Council Districts": 11, "Police Precincts": 43, "Police Precinct": 43 }, "geometry": { "type": "Point", "coordinates": [ -73.958719627540717, 40.65489232004915 ] } },
{ "type": "Feature", "properties": { "Unique Key": 66197779, "Created Date": "09/18/2025 05:00:18 PM", "Closed Date": null, "Agency": "DOHMH", "Agency Name": "Department of Health and Mental Hygiene", "Complaint Type": "Rodent", "Descriptor": "Signs of Rodents", "Location Type": "3+ Family Apt. Building", "Incident Zip": 10470, "Incident Address": "278 EAST  237 STREET", "Street Name": "EAST  237 STREET", "Cross Street 1": "KEPLER AVENUE", "Cross Street 2": "KATONAH AVENUE", "Intersection Street 1": "KEPLER AVENUE", "Intersection Street 2": "KATONAH AVENUE", "Address Type": "ADDRESS", "City": "BRONX", "Landmark": "EAST  237 STREET", "Facility Type": null, "Status": "In Progress", "Due Date": null, "Resolution Description": null, "Resolution Action Updated Date": null, "Community Board": "12 BRONX", "BBL": 2033770051, "Borough": "BRONX", "X Coordinate (State Plane)": 1020619, "Y Coordinate (State Plane)": 266776, "Open Data Channel Type": "PHONE", "Park Facility Name": "Unspecified", "Park Borough": "BRONX", "Vehicle Type": null, "Taxi Company Borough": null, "Taxi Pick Up Location": null, "Bridge Highway Name": null, "Bridge Highway Direction": null, "Road Ramp": null, "Bridge Highway Segment": null, "Latitude": 40.898837176222301, "Longitude": -73.868444526106785, "Location": "(40.8988371762223, -73.86844452610679)", "Zip Codes": 11608, "Community Districts": 29, "Borough Boundaries": 5, "City Council Districts": 40, "Police Precincts": 30, "Police Precinct": 30 }, "geometry": { "type": "Point", "coordinates": [ -73.868444526106785, 40.898837176222301 ] } },
{ "type": "Feature", "properties": { "Unique Key": 66198182, "Created Date": "09/18/2025 07:07:53 PM", "Closed Date": null, "Agency": "DOHMH", "Agency Name": "Department of Health and Mental Hygiene", "Complaint Type": "Rodent", "Descriptor": "Signs of Rodents", "Location Type": "3+ Family Apt. Building", "Incident Zip": 11226, "Incident Address": "430 EAST   22 STREET", "Street Name": "EAST   22 STREET", "Cross Street 1": "DEAD END", "Cross Street 2": "DITMAS AVENUE", "Intersection Street 1": "DEAD END", "Intersection Street 2": "DITMAS AVENUE", "Address Type": "ADDRESS", "City": "BROOKLYN", "Landmark": "EAST   22 STREET", "Facility Type": null, "Status": "In Progress", "Due Date": null, "Resolution Description": null, "Resolution Action Updated Date": null, "Community Board": "14 BROOKLYN", "BBL": 3051850016, "Borough": "BROOKLYN", "X Coordinate (State Plane)": 996094, "Y Coordinate (State Plane)": 172868, "Open Data Channel Type": "PHONE", "Park Facility Name": "Unspecified", "Park Borough": "BROOKLYN", "Vehicle Type": null, "Taxi Company Borough": null, "Taxi Pick Up Location": null, "Bridge Highway Name": null, "Bridge Highway Direction": null, "Road Ramp": null, "Bridge Highway Segment": null, "Latitude": 40.641151422435208, "Longitude": -73.95732285229812, "Location": "(40.64115142243521, -73.95732285229812)", "Zip Codes": 13510, "Community Districts": 60, "Borough Boundaries": 2, "City Council Districts": 11, "Police Precincts": 43, "Police Precinct": 43 }, "geometry": { "type": "Point", "coordinates": [ -73.95732285229812, 40.641151422435208 ] } },
{ "type": "Feature", "properties": { "Unique Key": 66234178, "Created Date": "09/21/2025 10:22:43 PM", "Closed Date": "09/23/2025 02:32:45 PM", "Agency": "DOHMH", "Agency Name": "Department of Health and Mental Hygiene", "Complaint Type": "Rodent", "Descriptor": "Signs of Rodents", "Location Type": "1-2 Family Dwelling", "Incident Zip": 11207, "Incident Address": "21 ELDERT STREET", "Street Name": "ELDERT STREET", "Cross Street 1": "BROADWAY", "Cross Street 2": "BUSHWICK AVENUE", "Intersection Street 1": "BROADWAY", "Intersection Street 2": "BUSHWICK AVENUE", "Address Type": "ADDRESS", "City": "BROOKLYN", "Landmark": "ELDERT STREET", "Facility Type": "N/A", "Status": "Closed", "Due Date": null, "Resolution Description": "This service request was closed because the Department of Health and Mental Hygiene received an earlier complaint about the same location.  You can find inspection results for this address by going to the online Rat Portal at www.nyc.gov/rats.", "Resolution Action Updated Date": "09/21/2025 10:22:43 PM", "Community Board": "04 BROOKLYN", "BBL": 3034080056, "Borough": "BROOKLYN", "X Coordinate (State Plane)": 1008108, "Y Coordinate (State Plane)": 189149, "Open Data Channel Type": "ONLINE", "Park Facility Name": "Unspecified", "Park Borough": "BROOKLYN", "Vehicle Type": null, "Taxi Company Borough": null, "Taxi Pick Up Location": null, "Bridge Highway Name": null, "Bridge Highway Direction": null, "Road Ramp": null, "Bridge Highway Segment": null, "Latitude": 40.68581492681475, "Longitude": -73.913975557720647, "Location": "(40.68581492681475, -73.91397555772065)", "Zip Codes": 17214, "Community Districts": 42, "Borough Boundaries": 2, "City Council Districts": 37, "Police Precincts": 53, "Police Precinct": 53 }, "geometry": { "type": "Point", "coordinates": [ -73.913975557720647, 40.68581492681475 ] } },
{ "type": "Feature", "properties": { "Unique Key": 66238721, "Created Date": "09/22/2025 10:30:51 AM", "Closed Date": "09/24/2025 10:18:36 AM", "Agency": "DOHMH", "Agency Name": "Department of Health and Mental Hygiene", "Complaint Type": "Rodent", "Descriptor": "Signs of Rodents", "Location Type": "Sidewalk", "Incident Zip": 10024, "Incident Address": "589 AMSTERDAM AVENUE", "Street Name": "AMSTERDAM AVENUE", "Cross Street 1": "WEST 88 STREET", "Cross Street 2": "WEST 89 STREET", "Intersection Street 1": "WEST   88 STREET", "Intersection Street 2": "WEST   89 STREET", "Address Type": "ADDRESS", "City": "NEW YORK", "Landmark": "AMSTERDAM AVENUE", "Facility Type": "N/A", "Status": "Closed", "Due Date": null, "Resolution Description": "This service request was closed because the Department of Health and Mental Hygiene received an earlier complaint about the same location.  You can find inspection results for this address by going to the online Rat Portal at www.nyc.gov/rats.", "Resolution Action Updated Date": "09/22/2025 10:30:51 AM", "Community Board": "07 MANHATTAN", "BBL": 1012190001, "Borough": "MANHATTAN", "X Coordinate (State Plane)": 991491, "Y Coordinate (State Plane)": 226827, "Open Data Channel Type": "ONLINE", "Park Facility Name": "Unspecified", "Park Borough": "MANHATTAN", "Vehicle Type": null, "Taxi Company Borough": null, "Taxi Pick Up Location": null, "Bridge Highway Name": null, "Bridge Highway Direction": null, "Road Ramp": null, "Bridge Highway Segment": null, "Latitude": 40.789260886149705, "Longitude": -73.973850669248591, "Location": "(40.789260886149705, -73.97385066924859)", "Zip Codes": 12421, "Community Districts": 20, "Borough Boundaries": 4, "City Council Districts": 19, "Police Precincts": 15, "Police Precinct": 15 }, "geometry": { "type": "Point", "coordinates": [ -73.973850669248591, 40.789260886149705 ] } },
{ "type": "Feature", "properties": { "Unique Key": 66254365, "Created Date": "09/23/2025 11:21:52 AM", "Closed Date": null, "Agency": "DOHMH", "Agency Name": "Department of Health and Mental Hygiene", "Complaint Type": "Rodent", "Descriptor": "Signs of Rodents", "Location Type": "3+ Family Apt. Building", "Incident Zip": 11233, "Incident Address": "1920 PACIFIC STREET", "Street Name": "PACIFIC STREET", "Cross Street 1": "BUFFALO AVENUE", "Cross Street 2": "RALPH AVENUE", "Intersection Street 1": "BUFFALO AVENUE", "Intersection Street 2": "RALPH AVENUE", "Address Type": "ADDRESS", "City": "BROOKLYN", "Landmark": "PACIFIC STREET", "Facility Type": null, "Status": "In Progress", "Due Date": null, "Resolution Description": null, "Resolution Action Updated Date": null, "Community Board": "08 BROOKLYN", "BBL": 3013440118, "Borough": "BROOKLYN", "X Coordinate (State Plane)": 1005585, "Y Coordinate (State Plane)": 185639, "Open Data Channel Type": "PHONE", "Park Facility Name": "Unspecified", "Park Borough": "BROOKLYN", "Vehicle Type": null, "Taxi Company Borough": null, "Taxi Pick Up Location": null, "Bridge Highway Name": null, "Bridge Highway Direction": null, "Road Ramp": null, "Bridge Highway Segment": null, "Latitude": 40.67618721890593, "Longitude": -73.923083809799834, "Location": "(40.67618721890593, -73.92308380979983)", "Zip Codes": 13516, "Community Districts": 16, "Borough Boundaries": 2, "City Council Districts": 17, "Police Precincts": 49, "Police Precinct": 49 }, "geometry": { "type": "Point", "coordinates": [ -73.923083809799834, 40.67618721890593 ] } },
{ "type": "Feature", "properties": { "Unique Key": 66096096, "Created Date": "09/09/2025 08:17:45 PM", "Closed Date": "09/09/2025 08:17:45 PM", "Agency": "DOHMH", "Agency Name": "Department of Health and Mental Hygiene", "Complaint Type": "Rodent", "Descriptor": "Signs of Rodents", "Location Type": "1-2 Family Mixed Use Building", "Incident Zip": 11249, "Incident Address": "99 SOUTH    4 STREET", "Street Name": "SOUTH    4 STREET", "Cross Street 1": "BERRY STREET", "Cross Street 2": "BEDFORD AVENUE", "Intersection Street 1": "BERRY STREET", "Intersection Street 2": "BEDFORD AVENUE", "Address Type": "ADDRESS", "City": "BROOKLYN", "Landmark": "SOUTH    4 STREET", "Facility Type": "N/A", "Status": "Closed", "Due Date": null, "Resolution Description": "The Department of Health and Mental Hygiene tried to inspect the property you reported but could not access the site. If you have information that will help the inspector access the site, please go online to nyc.gov/311 or call 311 and refile your complaint with contact information.", "Resolution Action Updated Date": "09/12/2025 12:50:00 PM", "Community Board": "01 BROOKLYN", "BBL": 3024300039, "Borough": "BROOKLYN", "X Coordinate (State Plane)": 994229, "Y Coordinate (State Plane)": 198790, "Open Data Channel Type": "ONLINE", "Park Facility Name": "Unspecified", "Park Borough": "BROOKLYN", "Vehicle Type": null, "Taxi Company Borough": null, "Taxi Pick Up Location": null, "Bridge Highway Name": null, "Bridge Highway Direction": null, "Road Ramp": null, "Bridge Highway Segment": null, "Latitude": 40.712303748834685, "Longitude": -73.964004571283766, "Location": "(40.712303748834685, -73.96400457128377)", "Zip Codes": 17613, "Community Districts": 36, "Borough Boundaries": 2, "City Council Districts": 30, "Police Precincts": 56, "Police Precinct": 56 }, "geometry": { "type": "Point", "coordinates": [ -73.964004571283766, 40.712303748834685 ] } },
{ "type": "Feature", "properties": { "Unique Key": 66130231, "Created Date": "09/12/2025 09:50:40 PM", "Closed Date": "09/15/2025 07:38:43 AM", "Agency": "DOHMH", "Agency Name": "Department of Health and Mental Hygiene", "Complaint Type": "Rodent", "Descriptor": "Signs of Rodents", "Location Type": "3+ Family Apt. Building", "Incident Zip": 10035, "Incident Address": "2400 2 AVENUE", "Street Name": "2 AVENUE", "Cross Street 1": "EAST 123 STREET", "Cross Street 2": "EAST 124 STREET", "Intersection Street 1": "EAST  123 STREET", "Intersection Street 2": "EAST  124 STREET", "Address Type": "ADDRESS", "City": "NEW YORK", "Landmark": "2 AVENUE", "Facility Type": "N/A", "Status": "Closed", "Due Date": null, "Resolution Description": "This service request was closed because the Department of Health and Mental Hygiene received an earlier complaint about the same location.  You can find inspection results for this address by going to the online Rat Portal at www.nyc.gov/rats.", "Resolution Action Updated Date": "09/12/2025 09:50:40 PM", "Community Board": "11 MANHATTAN", "BBL": 1017970001, "Borough": "MANHATTAN", "X Coordinate (State Plane)": 1002403, "Y Coordinate (State Plane)": 231268, "Open Data Channel Type": "MOBILE", "Park Facility Name": "Unspecified", "Park Borough": "MANHATTAN", "Vehicle Type": null, "Taxi Company Borough": null, "Taxi Pick Up Location": null, "Bridge Highway Name": null, "Bridge Highway Direction": null, "Road Ramp": null, "Bridge Highway Segment": null, "Latitude": 40.801434546547569, "Longitude": -73.934432308960851, "Location": "(40.80143454654757, -73.93443230896085)", "Zip Codes": 13093, "Community Districts": 7, "Borough Boundaries": 4, "City Council Districts": 35, "Police Precincts": 16, "Police Precinct": 16 }, "geometry": { "type": "Point", "coordinates": [ -73.934432308960851, 40.801434546547569 ] } },
{ "type": "Feature", "properties": { "Unique Key": 66130232, "Created Date": "09/12/2025 10:27:09 PM", "Closed Date": "09/15/2025 07:38:42 AM", "Agency": "DOHMH", "Agency Name": "Department of Health and Mental Hygiene", "Complaint Type": "Rodent", "Descriptor": "Signs of Rodents", "Location Type": "3+ Family Apt. Building", "Incident Zip": 10035, "Incident Address": "2400 2 AVENUE", "Street Name": "2 AVENUE", "Cross Street 1": "EAST 123 STREET", "Cross Street 2": "EAST 124 STREET", "Intersection Street 1": "EAST  123 STREET", "Intersection Street 2": "EAST  124 STREET", "Address Type": "ADDRESS", "City": "NEW YORK", "Landmark": "2 AVENUE", "Facility Type": "N/A", "Status": "Closed", "Due Date": null, "Resolution Description": "This service request was closed because the Department of Health and Mental Hygiene received an earlier complaint about the same location.  You can find inspection results for this address by going to the online Rat Portal at www.nyc.gov/rats.", "Resolution Action Updated Date": "09/12/2025 10:27:09 PM", "Community Board": "11 MANHATTAN", "BBL": 1017970001, "Borough": "MANHATTAN", "X Coordinate (State Plane)": 1002403, "Y Coordinate (State Plane)": 231268, "Open Data Channel Type": "MOBILE", "Park Facility Name": "Unspecified", "Park Borough": "MANHATTAN", "Vehicle Type": null, "Taxi Company Borough": null, "Taxi Pick Up Location": null, "Bridge Highway Name": null, "Bridge Highway Direction": null, "Road Ramp": null, "Bridge Highway Segment": null, "Latitude": 40.801434546547569, "Longitude": -73.934432308960851, "Location": "(40.80143454654757, -73.93443230896085)", "Zip Codes": 13093, "Community Districts": 7, "Borough Boundaries": 4, "City Council Districts": 35, "Police Precincts": 16, "Police Precinct": 16 }, "geometry": { "type": "Point", "coordinates": [ -73.934432308960851, 40.801434546547569 ] } },
{ "type": "Feature", "properties": { "Unique Key": 66130233, "Created Date": "09/12/2025 10:15:53 PM", "Closed Date": "09/15/2025 07:38:43 AM", "Agency": "DOHMH", "Agency Name": "Department of Health and Mental Hygiene", "Complaint Type": "Rodent", "Descriptor": "Signs of Rodents", "Location Type": "3+ Family Apt. Building", "Incident Zip": 10035, "Incident Address": "2400 2 AVENUE", "Street Name": "2 AVENUE", "Cross Street 1": "EAST 123 STREET", "Cross Street 2": "EAST 124 STREET", "Intersection Street 1": "EAST  123 STREET", "Intersection Street 2": "EAST  124 STREET", "Address Type": "ADDRESS", "City": "NEW YORK", "Landmark": "2 AVENUE", "Facility Type": "N/A", "Status": "Closed", "Due Date": null, "Resolution Description": "This service request was closed because the Department of Health and Mental Hygiene received an earlier complaint about the same location.  You can find inspection results for this address by going to the online Rat Portal at www.nyc.gov/rats.", "Resolution Action Updated Date": "09/12/2025 10:15:53 PM", "Community Board": "11 MANHATTAN", "BBL": 1017970001, "Borough": "MANHATTAN", "X Coordinate (State Plane)": 1002403, "Y Coordinate (State Plane)": 231268, "Open Data Channel Type": "MOBILE", "Park Facility Name": "Unspecified", "Park Borough": "MANHATTAN", "Vehicle Type": null, "Taxi Company Borough": null, "Taxi Pick Up Location": null, "Bridge Highway Name": null, "Bridge Highway Direction": null, "Road Ramp": null, "Bridge Highway Segment": null, "Latitude": 40.801434546547569, "Longitude": -73.934432308960851, "Location": "(40.80143454654757, -73.93443230896085)", "Zip Codes": 13093, "Community Districts": 7, "Borough Boundaries": 4, "City Council Districts": 35, "Police Precincts": 16, "Police Precinct": 16 }, "geometry": { "type": "Point", "coordinates": [ -73.934432308960851, 40.801434546547569 ] } },
{ "type": "Feature", "properties": { "Unique Key": 66137211, "Created Date": "09/12/2025 10:04:17 PM", "Closed Date": "09/15/2025 07:38:43 AM", "Agency": "DOHMH", "Agency Name": "Department of Health and Mental Hygiene", "Complaint Type": "Rodent", "Descriptor": "Signs of Rodents", "Location Type": "3+ Family Apt. Building", "Incident Zip": 10035, "Incident Address": "2400 2 AVENUE", "Street Name": "2 AVENUE", "Cross Street 1": "EAST 123 STREET", "Cross Street 2": "EAST 124 STREET", "Intersection Street 1": "EAST  123 STREET", "Intersection Street 2": "EAST  124 STREET", "Address Type": "ADDRESS", "City": "NEW YORK", "Landmark": "2 AVENUE", "Facility Type": "N/A", "Status": "Closed", "Due Date": null, "Resolution Description": "This service request was closed because the Department of Health and Mental Hygiene received an earlier complaint about the same location.  You can find inspection results for this address by going to the online Rat Portal at www.nyc.gov/rats.", "Resolution Action Updated Date": "09/12/2025 10:04:17 PM", "Community Board": "11 MANHATTAN", "BBL": 1017970001, "Borough": "MANHATTAN", "X Coordinate (State Plane)": 1002403, "Y Coordinate (State Plane)": 231268, "Open Data Channel Type": "MOBILE", "Park Facility Name": "Unspecified", "Park Borough": "MANHATTAN", "Vehicle Type": null, "Taxi Company Borough": null, "Taxi Pick Up Location": null, "Bridge Highway Name": null, "Bridge Highway Direction": null, "Road Ramp": null, "Bridge Highway Segment": null, "Latitude": 40.801434546547569, "Longitude": -73.934432308960851, "Location": "(40.80143454654757, -73.93443230896085)", "Zip Codes": 13093, "Community Districts": 7, "Borough Boundaries": 4, "City Council Districts": 35, "Police Precincts": 16, "Police Precinct": 16 }, "geometry": { "type": "Point", "coordinates": [ -73.934432308960851, 40.801434546547569 ] } },
{ "type": "Feature", "properties": { "Unique Key": 66137212, "Created Date": "09/12/2025 09:41:59 PM", "Closed Date": "09/15/2025 07:38:43 AM", "Agency": "DOHMH", "Agency Name": "Department of Health and Mental Hygiene", "Complaint Type": "Rodent", "Descriptor": "Signs of Rodents", "Location Type": "3+ Family Apt. Building", "Incident Zip": 10035, "Incident Address": "2400 2 AVENUE", "Street Name": "2 AVENUE", "Cross Street 1": "EAST 123 STREET", "Cross Street 2": "EAST 124 STREET", "Intersection Street 1": "EAST  123 STREET", "Intersection Street 2": "EAST  124 STREET", "Address Type": "ADDRESS", "City": "NEW YORK", "Landmark": "2 AVENUE", "Facility Type": "N/A", "Status": "Closed", "Due Date": null, "Resolution Description": "This service request was closed because the Department of Health and Mental Hygiene received an earlier complaint about the same location.  You can find inspection results for this address by going to the online Rat Portal at www.nyc.gov/rats.", "Resolution Action Updated Date": "09/12/2025 09:41:59 PM", "Community Board": "11 MANHATTAN", "BBL": 1017970001, "Borough": "MANHATTAN", "X Coordinate (State Plane)": 1002403, "Y Coordinate (State Plane)": 231268, "Open Data Channel Type": "MOBILE", "Park Facility Name": "Unspecified", "Park Borough": "MANHATTAN", "Vehicle Type": null, "Taxi Company Borough": null, "Taxi Pick Up Location": null, "Bridge Highway Name": null, "Bridge Highway Direction": null, "Road Ramp": null, "Bridge Highway Segment": null, "Latitude": 40.801434546547569, "Longitude": -73.934432308960851, "Location": "(40.80143454654757, -73.93443230896085)", "Zip Codes": 13093, "Community Districts": 7, "Borough Boundaries": 4, "City Council Districts": 35, "Police Precincts": 16, "Police Precinct": 16 }, "geometry": { "type": "Point", "coordinates": [ -73.934432308960851, 40.801434546547569 ] } },
{ "type": "Feature", "properties": { "Unique Key": 66138616, "Created Date": "09/12/2025 01:56:47 PM", "Closed Date": "09/15/2025 03:31:36 PM", "Agency": "DOHMH", "Agency Name": "Department of Health and Mental Hygiene", "Complaint Type": "Rodent", "Descriptor": "Signs of Rodents", "Location Type": "1-2 Family Dwelling", "Incident Zip": 11233, "Incident Address": "1387 ST MARKS AVENUE", "Street Name": "ST MARKS AVENUE", "Cross Street 1": "BUFFALO AVENUE", "Cross Street 2": "RALPH AVENUE", "Intersection Street 1": "BUFFALO AVENUE", "Intersection Street 2": "RALPH AVENUE", "Address Type": "ADDRESS", "City": "BROOKLYN", "Landmark": "ST MARKS AVENUE", "Facility Type": "N/A", "Status": "Closed", "Due Date": null, "Resolution Description": "This service request was closed because the Department of Health and Mental Hygiene received an earlier complaint about the same location.  You can find inspection results for this address by going to the online Rat Portal at www.nyc.gov/rats.", "Resolution Action Updated Date": "09/12/2025 01:56:47 PM", "Community Board": "08 BROOKLYN", "BBL": 3013570057, "Borough": "BROOKLYN", "X Coordinate (State Plane)": 1005778, "Y Coordinate (State Plane)": 184735, "Open Data Channel Type": "MOBILE", "Park Facility Name": "Unspecified", "Park Borough": "BROOKLYN", "Vehicle Type": null, "Taxi Company Borough": null, "Taxi Pick Up Location": null, "Bridge Highway Name": null, "Bridge Highway Direction": null, "Road Ramp": null, "Bridge Highway Segment": null, "Latitude": 40.67370547612812, "Longitude": -73.922390900821412, "Location": "(40.67370547612812, -73.92239090082141)", "Zip Codes": 13516, "Community Districts": 16, "Borough Boundaries": 2, "City Council Districts": 17, "Police Precincts": 49, "Police Precinct": 49 }, "geometry": { "type": "Point", "coordinates": [ -73.922390900821412, 40.67370547612812 ] } },
{ "type": "Feature", "properties": { "Unique Key": 66141328, "Created Date": "09/13/2025 09:50:09 AM", "Closed Date": "09/15/2025 01:11:48 PM", "Agency": "DOHMH", "Agency Name": "Department of Health and Mental Hygiene", "Complaint Type": "Rodent", "Descriptor": "Signs of Rodents", "Location Type": "1-2 Family Dwelling", "Incident Zip": 11421, "Incident Address": "84-28 85 ROAD", "Street Name": "85 ROAD", "Cross Street 1": "FOREST PARKWAY", "Cross Street 2": "85 STREET", "Intersection Street 1": "FOREST PARKWAY", "Intersection Street 2": "85 STREET", "Address Type": "ADDRESS", "City": "WOODHAVEN", "Landmark": "85 ROAD", "Facility Type": "N/A", "Status": "Closed", "Due Date": null, "Resolution Description": "This service request was closed because the Department of Health and Mental Hygiene received an earlier complaint about the same location.  You can find inspection results for this address by going to the online Rat Portal at www.nyc.gov/rats.", "Resolution Action Updated Date": "09/13/2025 09:50:09 AM", "Community Board": "09 QUEENS", "BBL": 4088560104, "Borough": "QUEENS", "X Coordinate (State Plane)": 1022810, "Y Coordinate (State Plane)": 192562, "Open Data Channel Type": "MOBILE", "Park Facility Name": "Unspecified", "Park Borough": "QUEENS", "Vehicle Type": null, "Taxi Company Borough": null, "Taxi Pick Up Location": null, "Bridge Highway Name": null, "Bridge Highway Direction": null, "Road Ramp": null, "Bridge Highway Segment": null, "Latitude": 40.695130974471247, "Longitude": -73.860945307782018, "Location": "(40.69513097447125, -73.86094530778202)", "Zip Codes": 24017, "Community Districts": 46, "Borough Boundaries": 3, "City Council Districts": 41, "Police Precincts": 60, "Police Precinct": 60 }, "geometry": { "type": "Point", "coordinates": [ -73.860945307782018, 40.695130974471247 ] } },
{ "type": "Feature", "properties": { "Unique Key": 66152800, "Created Date": "09/14/2025 02:55:53 PM", "Closed Date": "09/15/2025 03:08:39 PM", "Agency": "DOHMH", "Agency Name": "Department of Health and Mental Hygiene", "Complaint Type": "Rodent", "Descriptor": "Signs of Rodents", "Location Type": "3+ Family Apt. Building", "Incident Zip": 11104, "Incident Address": "47-50 41 STREET", "Street Name": "41 STREET", "Cross Street 1": "47 AVENUE", "Cross Street 2": "GREENPOINT AVENUE", "Intersection Street 1": "47 AVENUE", "Intersection Street 2": "GREENPOINT AVENUE", "Address Type": "ADDRESS", "City": "SUNNYSIDE", "Landmark": "41 STREET", "Facility Type": "N/A", "Status": "Closed", "Due Date": null, "Resolution Description": "This service request was closed because the Department of Health and Mental Hygiene received an earlier complaint about the same location.  You can find inspection results for this address by going to the online Rat Portal at www.nyc.gov/rats.", "Resolution Action Updated Date": "09/14/2025 02:55:53 PM", "Community Board": "02 QUEENS", "BBL": 4001980001, "Borough": "QUEENS", "X Coordinate (State Plane)": 1005334, "Y Coordinate (State Plane)": 209188, "Open Data Channel Type": "MOBILE", "Park Facility Name": "Unspecified", "Park Borough": "QUEENS", "Vehicle Type": null, "Taxi Company Borough": null, "Taxi Pick Up Location": null, "Bridge Highway Name": null, "Bridge Highway Direction": null, "Road Ramp": null, "Bridge Highway Segment": null, "Latitude": 40.740824223530034, "Longitude": -73.923914965151923, "Location": "(40.74082422353003, -73.92391496515192)", "Zip Codes": 16861, "Community Districts": 53, "Borough Boundaries": 3, "City Council Districts": 33, "Police Precincts": 66, "Police Precinct": 66 }, "geometry": { "type": "Point", "coordinates": [ -73.923914965151923, 40.740824223530034 ] } },
{ "type": "Feature", "properties": { "Unique Key": 66155169, "Created Date": "09/14/2025 06:43:42 PM", "Closed Date": "09/15/2025 07:38:42 AM", "Agency": "DOHMH", "Agency Name": "Department of Health and Mental Hygiene", "Complaint Type": "Rodent", "Descriptor": "Signs of Rodents", "Location Type": "3+ Family Apt. Building", "Incident Zip": 10035, "Incident Address": "2400 2 AVENUE", "Street Name": "2 AVENUE", "Cross Street 1": "EAST 123 STREET", "Cross Street 2": "EAST 124 STREET", "Intersection Street 1": "EAST  123 STREET", "Intersection Street 2": "EAST  124 STREET", "Address Type": "ADDRESS", "City": "NEW YORK", "Landmark": "2 AVENUE", "Facility Type": "N/A", "Status": "Closed", "Due Date": null, "Resolution Description": "This service request was closed because the Department of Health and Mental Hygiene received an earlier complaint about the same location.  You can find inspection results for this address by going to the online Rat Portal at www.nyc.gov/rats.", "Resolution Action Updated Date": "09/14/2025 06:43:42 PM", "Community Board": "11 MANHATTAN", "BBL": 1017970001, "Borough": "MANHATTAN", "X Coordinate (State Plane)": 1002403, "Y Coordinate (State Plane)": 231268, "Open Data Channel Type": "MOBILE", "Park Facility Name": "Unspecified", "Park Borough": "MANHATTAN", "Vehicle Type": null, "Taxi Company Borough": null, "Taxi Pick Up Location": null, "Bridge Highway Name": null, "Bridge Highway Direction": null, "Road Ramp": null, "Bridge Highway Segment": null, "Latitude": 40.801434546547569, "Longitude": -73.934432308960851, "Location": "(40.80143454654757, -73.93443230896085)", "Zip Codes": 13093, "Community Districts": 7, "Borough Boundaries": 4, "City Council Districts": 35, "Police Precincts": 16, "Police Precinct": 16 }, "geometry": { "type": "Point", "coordinates": [ -73.934432308960851, 40.801434546547569 ] } },
{ "type": "Feature", "properties": { "Unique Key": 66156417, "Created Date": "09/14/2025 09:55:23 AM", "Closed Date": "09/15/2025 07:38:42 AM", "Agency": "DOHMH", "Agency Name": "Department of Health and Mental Hygiene", "Complaint Type": "Rodent", "Descriptor": "Signs of Rodents", "Location Type": "3+ Family Apt. Building", "Incident Zip": 10035, "Incident Address": "2400 2 AVENUE", "Street Name": "2 AVENUE", "Cross Street 1": "EAST 123 STREET", "Cross Street 2": "EAST 124 STREET", "Intersection Street 1": "EAST  123 STREET", "Intersection Street 2": "EAST  124 STREET", "Address Type": "ADDRESS", "City": "NEW YORK", "Landmark": "2 AVENUE", "Facility Type": "N/A", "Status": "Closed", "Due Date": null, "Resolution Description": "This service request was closed because the Department of Health and Mental Hygiene received an earlier complaint about the same location.  You can find inspection results for this address by going to the online Rat Portal at www.nyc.gov/rats.", "Resolution Action Updated Date": "09/14/2025 09:55:23 AM", "Community Board": "11 MANHATTAN", "BBL": 1017970001, "Borough": "MANHATTAN", "X Coordinate (State Plane)": 1002403, "Y Coordinate (State Plane)": 231268, "Open Data Channel Type": "MOBILE", "Park Facility Name": "Unspecified", "Park Borough": "MANHATTAN", "Vehicle Type": null, "Taxi Company Borough": null, "Taxi Pick Up Location": null, "Bridge Highway Name": null, "Bridge Highway Direction": null, "Road Ramp": null, "Bridge Highway Segment": null, "Latitude": 40.801434546547569, "Longitude": -73.934432308960851, "Location": "(40.80143454654757, -73.93443230896085)", "Zip Codes": 13093, "Community Districts": 7, "Borough Boundaries": 4, "City Council Districts": 35, "Police Precincts": 16, "Police Precinct": 16 }, "geometry": { "type": "Point", "coordinates": [ -73.934432308960851, 40.801434546547569 ] } },
{ "type": "Feature", "properties": { "Unique Key": 66157609, "Created Date": "09/14/2025 10:24:41 AM", "Closed Date": "09/15/2025 07:38:42 AM", "Agency": "DOHMH", "Agency Name": "Department of Health and Mental Hygiene", "Complaint Type": "Rodent", "Descriptor": "Signs of Rodents", "Location Type": "3+ Family Apt. Building", "Incident Zip": 10035, "Incident Address": "2400 2 AVENUE", "Street Name": "2 AVENUE", "Cross Street 1": "EAST 123 STREET", "Cross Street 2": "EAST 124 STREET", "Intersection Street 1": "EAST  123 STREET", "Intersection Street 2": "EAST  124 STREET", "Address Type": "ADDRESS", "City": "NEW YORK", "Landmark": "2 AVENUE", "Facility Type": "N/A", "Status": "Closed", "Due Date": null, "Resolution Description": "This service request was closed because the Department of Health and Mental Hygiene received an earlier complaint about the same location.  You can find inspection results for this address by going to the online Rat Portal at www.nyc.gov/rats.", "Resolution Action Updated Date": "09/14/2025 10:24:41 AM", "Community Board": "11 MANHATTAN", "BBL": 1017970001, "Borough": "MANHATTAN", "X Coordinate (State Plane)": 1002403, "Y Coordinate (State Plane)": 231268, "Open Data Channel Type": "MOBILE", "Park Facility Name": "Unspecified", "Park Borough": "MANHATTAN", "Vehicle Type": null, "Taxi Company Borough": null, "Taxi Pick Up Location": null, "Bridge Highway Name": null, "Bridge Highway Direction": null, "Road Ramp": null, "Bridge Highway Segment": null, "Latitude": 40.801434546547569, "Longitude": -73.934432308960851, "Location": "(40.80143454654757, -73.93443230896085)", "Zip Codes": 13093, "Community Districts": 7, "Borough Boundaries": 4, "City Council Districts": 35, "Police Precincts": 16, "Police Precinct": 16 }, "geometry": { "type": "Point", "coordinates": [ -73.934432308960851, 40.801434546547569 ] } },
{ "type": "Feature", "properties": { "Unique Key": 66157610, "Created Date": "09/14/2025 10:34:12 AM", "Closed Date": "09/15/2025 07:38:42 AM", "Agency": "DOHMH", "Agency Name": "Department of Health and Mental Hygiene", "Complaint Type": "Rodent", "Descriptor": "Signs of Rodents", "Location Type": "3+ Family Apt. Building", "Incident Zip": 10035, "Incident Address": "2400 2 AVENUE", "Street Name": "2 AVENUE", "Cross Street 1": "EAST 123 STREET", "Cross Street 2": "EAST 124 STREET", "Intersection Street 1": "EAST  123 STREET", "Intersection Street 2": "EAST  124 STREET", "Address Type": "ADDRESS", "City": "NEW YORK", "Landmark": "2 AVENUE", "Facility Type": "N/A", "Status": "Closed", "Due Date": null, "Resolution Description": "This service request was closed because the Department of Health and Mental Hygiene received an earlier complaint about the same location.  You can find inspection results for this address by going to the online Rat Portal at www.nyc.gov/rats.", "Resolution Action Updated Date": "09/14/2025 10:34:12 AM", "Community Board": "11 MANHATTAN", "BBL": 1017970001, "Borough": "MANHATTAN", "X Coordinate (State Plane)": 1002403, "Y Coordinate (State Plane)": 231268, "Open Data Channel Type": "MOBILE", "Park Facility Name": "Unspecified", "Park Borough": "MANHATTAN", "Vehicle Type": null, "Taxi Company Borough": null, "Taxi Pick Up Location": null, "Bridge Highway Name": null, "Bridge Highway Direction": null, "Road Ramp": null, "Bridge Highway Segment": null, "Latitude": 40.801434546547569, "Longitude": -73.934432308960851, "Location": "(40.80143454654757, -73.93443230896085)", "Zip Codes": 13093, "Community Districts": 7, "Borough Boundaries": 4, "City Council Districts": 35, "Police Precincts": 16, "Police Precinct": 16 }, "geometry": { "type": "Point", "coordinates": [ -73.934432308960851, 40.801434546547569 ] } },
{ "type": "Feature", "properties": { "Unique Key": 66158781, "Created Date": "09/14/2025 07:08:54 PM", "Closed Date": "09/15/2025 07:38:42 AM", "Agency": "DOHMH", "Agency Name": "Department of Health and Mental Hygiene", "Complaint Type": "Rodent", "Descriptor": "Signs of Rodents", "Location Type": "3+ Family Apt. Building", "Incident Zip": 10035, "Incident Address": "2400 2 AVENUE", "Street Name": "2 AVENUE", "Cross Street 1": "EAST 123 STREET", "Cross Street 2": "EAST 124 STREET", "Intersection Street 1": "EAST  123 STREET", "Intersection Street 2": "EAST  124 STREET", "Address Type": "ADDRESS", "City": "NEW YORK", "Landmark": "2 AVENUE", "Facility Type": "N/A", "Status": "Closed", "Due Date": null, "Resolution Description": "This service request was closed because the Department of Health and Mental Hygiene received an earlier complaint about the same location.  You can find inspection results for this address by going to the online Rat Portal at www.nyc.gov/rats.", "Resolution Action Updated Date": "09/14/2025 07:08:54 PM", "Community Board": "11 MANHATTAN", "BBL": 1017970001, "Borough": "MANHATTAN", "X Coordinate (State Plane)": 1002403, "Y Coordinate (State Plane)": 231268, "Open Data Channel Type": "MOBILE", "Park Facility Name": "Unspecified", "Park Borough": "MANHATTAN", "Vehicle Type": null, "Taxi Company Borough": null, "Taxi Pick Up Location": null, "Bridge Highway Name": null, "Bridge Highway Direction": null, "Road Ramp": null, "Bridge Highway Segment": null, "Latitude": 40.801434546547569, "Longitude": -73.934432308960851, "Location": "(40.80143454654757, -73.93443230896085)", "Zip Codes": 13093, "Community Districts": 7, "Borough Boundaries": 4, "City Council Districts": 35, "Police Precincts": 16, "Police Precinct": 16 }, "geometry": { "type": "Point", "coordinates": [ -73.934432308960851, 40.801434546547569 ] } },
{ "type": "Feature", "properties": { "Unique Key": 66160004, "Created Date": "09/15/2025 03:31:41 AM", "Closed Date": "09/15/2025 07:56:16 AM", "Agency": "DOHMH", "Agency Name": "Department of Health and Mental Hygiene", "Complaint Type": "Rodent", "Descriptor": "Signs of Rodents", "Location Type": "3+ Family Apt. Building", "Incident Zip": 10457, "Incident Address": "1515 SELWYN AVENUE", "Street Name": "SELWYN AVENUE", "Cross Street 1": "EAST 172 STREET", "Cross Street 2": "MOUNT EDEN PARKWAY", "Intersection Street 1": "EAST  172 STREET", "Intersection Street 2": "MOUNT EDEN PARKWAY", "Address Type": "ADDRESS", "City": "BRONX", "Landmark": "SELWYN AVENUE", "Facility Type": "N/A", "Status": "Closed", "Due Date": null, "Resolution Description": "This service request was closed because the Department of Health and Mental Hygiene received an earlier complaint about the same location.  You can find inspection results for this address by going to the online Rat Portal at www.nyc.gov/rats.", "Resolution Action Updated Date": "09/15/2025 03:31:41 AM", "Community Board": "04 BRONX", "BBL": 2028190051, "Borough": "BRONX", "X Coordinate (State Plane)": 1009067, "Y Coordinate (State Plane)": 245630, "Open Data Channel Type": "ONLINE", "Park Facility Name": "Unspecified", "Park Borough": "BRONX", "Vehicle Type": null, "Taxi Company Borough": null, "Taxi Pick Up Location": null, "Bridge Highway Name": null, "Bridge Highway Direction": null, "Road Ramp": null, "Bridge Highway Segment": null, "Latitude": 40.840837954747052, "Longitude": -73.910309187823003, "Location": "(40.84083795474705, -73.910309187823)", "Zip Codes": 10935, "Community Districts": 50, "Borough Boundaries": 5, "City Council Districts": 42, "Police Precincts": 27, "Police Precinct": 27 }, "geometry": { "type": "Point", "coordinates": [ -73.910309187823003, 40.840837954747052 ] } },
{ "type": "Feature", "properties": { "Unique Key": 66161445, "Created Date": "09/15/2025 01:34:31 PM", "Closed Date": "09/15/2025 01:34:31 PM", "Agency": "DOHMH", "Agency Name": "Department of Health and Mental Hygiene", "Complaint Type": "Rodent", "Descriptor": "Signs of Rodents", "Location Type": "Other (Explain Below)", "Incident Zip": 10467, "Incident Address": "BARNES AVENUE", "Street Name": "BARNES AVENUE", "Cross Street 1": "BARNES AVENUE", "Cross Street 2": "EAST  216 STREET", "Intersection Street 1": "BARNES AVENUE", "Intersection Street 2": "EAST 216 STREET", "Address Type": "INTERSECTION", "City": "BRONX", "Landmark": null, "Facility Type": "N/A", "Status": "Closed", "Due Date": null, "Resolution Description": "The Department of Health and Mental Hygiene could not locate the address provided. Please go online to nyc.gov/311 or call 311 and file another request and provide the complete street address of the builiding. If your complaint was about a vacant lot, abandoned building ,street, or in a sewer, provide the nearest street address or intersection.", "Resolution Action Updated Date": "09/15/2025 03:57:07 PM", "Community Board": "12 BRONX", "BBL": null, "Borough": "BRONX", "X Coordinate (State Plane)": 1022660, "Y Coordinate (State Plane)": 260115, "Open Data Channel Type": "PHONE", "Park Facility Name": "Unspecified", "Park Borough": "BRONX", "Vehicle Type": null, "Taxi Company Borough": null, "Taxi Pick Up Location": null, "Bridge Highway Name": null, "Bridge Highway Direction": null, "Road Ramp": null, "Bridge Highway Segment": null, "Latitude": 40.880546206561426, "Longitude": -73.861099953000391, "Location": "(40.88054620656143, -73.86109995300039)", "Zip Codes": 11605, "Community Districts": 29, "Borough Boundaries": 5, "City Council Districts": 2, "Police Precincts": 30, "Police Precinct": 30 }, "geometry": { "type": "Point", "coordinates": [ -73.861099953000391, 40.880546206561426 ] } },
{ "type": "Feature", "properties": { "Unique Key": 66112700, "Created Date": "09/10/2025 08:21:39 AM", "Closed Date": "09/10/2025 08:21:39 AM", "Agency": "DOHMH", "Agency Name": "Department of Health and Mental Hygiene", "Complaint Type": "Rodent", "Descriptor": "Signs of Rodents", "Location Type": "3+ Family Apt. Building", "Incident Zip": 10456, "Incident Address": "1245 FINDLAY AVENUE", "Street Name": "FINDLAY AVENUE", "Cross Street 1": "EAST 168 STREET", "Cross Street 2": "EAST 169 STREET", "Intersection Street 1": "EAST  168 STREET", "Intersection Street 2": "EAST  169 STREET", "Address Type": "ADDRESS", "City": "BRONX", "Landmark": "FINDLAY AVENUE", "Facility Type": "N/A", "Status": "Closed", "Due Date": null, "Resolution Description": "The Department of Health and Mental Hygiene found violations on the property you reported. Follow-up inspections will be scheduled.", "Resolution Action Updated Date": "09/15/2025 01:13:31 PM", "Community Board": "04 BRONX", "BBL": 2024360033, "Borough": "BRONX", "X Coordinate (State Plane)": 1008659, "Y Coordinate (State Plane)": 243042, "Open Data Channel Type": "MOBILE", "Park Facility Name": "Unspecified", "Park Borough": "BRONX", "Vehicle Type": null, "Taxi Company Borough": null, "Taxi Pick Up Location": null, "Bridge Highway Name": null, "Bridge Highway Direction": null, "Road Ramp": null, "Bridge Highway Segment": null, "Latitude": 40.833735785728855, "Longitude": -73.911793152909851, "Location": "(40.833735785728855, -73.91179315290985)", "Zip Codes": 10934, "Community Districts": 50, "Borough Boundaries": 5, "City Council Districts": 42, "Police Precincts": 27, "Police Precinct": 27 }, "geometry": { "type": "Point", "coordinates": [ -73.911793152909851, 40.833735785728855 ] } },
{ "type": "Feature", "properties": { "Unique Key": 66123563, "Created Date": "09/11/2025 12:00:22 PM", "Closed Date": "09/11/2025 12:00:22 PM", "Agency": "DOHMH", "Agency Name": "Department of Health and Mental Hygiene", "Complaint Type": "Rodent", "Descriptor": "Signs of Rodents", "Location Type": "Other (Explain Below)", "Incident Zip": 10013, "Incident Address": "202 AVENUE OF THE AMERICAS", "Street Name": "AVENUE OF THE AMERICAS", "Cross Street 1": "VANDAM STREET", "Cross Street 2": "CHARLTON STREET", "Intersection Street 1": "VANDAM STREET", "Intersection Street 2": "CHARLTON STREET", "Address Type": "ADDRESS", "City": "NEW YORK", "Landmark": "AVENUE OF THE AMERICAS", "Facility Type": "N/A", "Status": "Closed", "Due Date": null, "Resolution Description": "The Department of Health and Mental Hygiene found violations on the property you reported. Follow-up inspections will be scheduled.", "Resolution Action Updated Date": "09/15/2025 10:04:17 AM", "Community Board": "02 MANHATTAN", "BBL": 1005040019, "Borough": "MANHATTAN", "X Coordinate (State Plane)": 983279, "Y Coordinate (State Plane)": 204065, "Open Data Channel Type": "ONLINE", "Park Facility Name": "Unspecified", "Park Borough": "MANHATTAN", "Vehicle Type": null, "Taxi Company Borough": null, "Taxi Pick Up Location": null, "Bridge Highway Name": null, "Bridge Highway Direction": null, "Road Ramp": null, "Bridge Highway Segment": null, "Latitude": 40.726787928274874, "Longitude": -74.003503272565538, "Location": "(40.726787928274874, -74.00350327256554)", "Zip Codes": 12077, "Community Districts": 57, "Borough Boundaries": 4, "City Council Districts": 10, "Police Precincts": 1, "Police Precinct": 1 }, "geometry": { "type": "Point", "coordinates": [ -74.003503272565538, 40.726787928274874 ] } },
{ "type": "Feature", "properties": { "Unique Key": 66126216, "Created Date": "09/11/2025 08:48:05 AM", "Closed Date": "09/16/2025 07:15:51 AM", "Agency": "DOHMH", "Agency Name": "Department of Health and Mental Hygiene", "Complaint Type": "Rodent", "Descriptor": "Signs of Rodents", "Location Type": "Commercial Building", "Incident Zip": 10065, "Incident Address": "410 EAST   65 STREET", "Street Name": "EAST   65 STREET", "Cross Street 1": "1 AVENUE", "Cross Street 2": "YORK AVENUE", "Intersection Street 1": "1 AVENUE", "Intersection Street 2": "YORK AVENUE", "Address Type": "ADDRESS", "City": "NEW YORK", "Landmark": "EAST   65 STREET", "Facility Type": "N/A", "Status": "Closed", "Due Date": null, "Resolution Description": "This service request was closed because the Department of Health and Mental Hygiene received an earlier complaint about the same location.  You can find inspection results for this address by going to the online Rat Portal at www.nyc.gov/rats.", "Resolution Action Updated Date": "09/11/2025 08:48:05 AM", "Community Board": "08 MANHATTAN", "BBL": 1014590030, "Borough": "MANHATTAN", "X Coordinate (State Plane)": 995795, "Y Coordinate (State Plane)": 217251, "Open Data Channel Type": "ONLINE", "Park Facility Name": "Unspecified", "Park Borough": "MANHATTAN", "Vehicle Type": null, "Taxi Company Borough": null, "Taxi Pick Up Location": null, "Bridge Highway Name": null, "Bridge Highway Direction": null, "Road Ramp": null, "Bridge Highway Segment": null, "Latitude": 40.762972712234578, "Longitude": -73.958324143785831, "Location": "(40.76297271223458, -73.95832414378583)", "Zip Codes": 10090, "Community Districts": 23, "Borough Boundaries": 4, "City Council Districts": 1, "Police Precincts": 11, "Police Precinct": 11 }, "geometry": { "type": "Point", "coordinates": [ -73.958324143785831, 40.762972712234578 ] } },
{ "type": "Feature", "properties": { "Unique Key": 66135832, "Created Date": "09/12/2025 11:39:13 AM", "Closed Date": "09/16/2025 07:17:50 AM", "Agency": "DOHMH", "Agency Name": "Department of Health and Mental Hygiene", "Complaint Type": "Rodent", "Descriptor": "Signs of Rodents", "Location Type": "3+ Family Apt. Building", "Incident Zip": 10128, "Incident Address": "304 EAST   90 STREET", "Street Name": "EAST   90 STREET", "Cross Street 1": "2 AVENUE", "Cross Street 2": "1 AVENUE", "Intersection Street 1": "2 AVENUE", "Intersection Street 2": "1 AVENUE", "Address Type": "ADDRESS", "City": "NEW YORK", "Landmark": "EAST   90 STREET", "Facility Type": "N/A", "Status": "Closed", "Due Date": null, "Resolution Description": "This service request was closed because the Department of Health and Mental Hygiene received an earlier complaint about the same location.  You can find inspection results for this address by going to the online Rat Portal at www.nyc.gov/rats.", "Resolution Action Updated Date": "09/12/2025 11:39:13 AM", "Community Board": "08 MANHATTAN", "BBL": 1015520047, "Borough": "MANHATTAN", "X Coordinate (State Plane)": 998246, "Y Coordinate (State Plane)": 223547, "Open Data Channel Type": "MOBILE", "Park Facility Name": "Unspecified", "Park Borough": "MANHATTAN", "Vehicle Type": null, "Taxi Company Borough": null, "Taxi Pick Up Location": null, "Bridge Highway Name": null, "Bridge Highway Direction": null, "Road Ramp": null, "Bridge Highway Segment": null, "Latitude": 40.780250045473274, "Longitude": -73.949463261841629, "Location": "(40.780250045473274, -73.94946326184163)", "Zip Codes": 10099, "Community Districts": 23, "Borough Boundaries": 4, "City Council Districts": 1, "Police Precincts": 11, "Police Precinct": 11 }, "geometry": { "type": "Point", "coordinates": [ -73.949463261841629, 40.780250045473274 ] } },
{ "type": "Feature", "properties": { "Unique Key": 66160005, "Created Date": "09/15/2025 07:47:12 PM", "Closed Date": "09/16/2025 07:35:54 AM", "Agency": "DOHMH", "Agency Name": "Department of Health and Mental Hygiene", "Complaint Type": "Rodent", "Descriptor": "Signs of Rodents", "Location Type": "3+ Family Apt. Building", "Incident Zip": 10035, "Incident Address": "2400 2 AVENUE", "Street Name": "2 AVENUE", "Cross Street 1": "EAST 123 STREET", "Cross Street 2": "EAST 124 STREET", "Intersection Street 1": "EAST  123 STREET", "Intersection Street 2": "EAST  124 STREET", "Address Type": "ADDRESS", "City": "NEW YORK", "Landmark": "2 AVENUE", "Facility Type": "N/A", "Status": "Closed", "Due Date": null, "Resolution Description": "This service request was closed because the Department of Health and Mental Hygiene received an earlier complaint about the same location.  You can find inspection results for this address by going to the online Rat Portal at www.nyc.gov/rats.", "Resolution Action Updated Date": "09/15/2025 07:47:12 PM", "Community Board": "11 MANHATTAN", "BBL": 1017970001, "Borough": "MANHATTAN", "X Coordinate (State Plane)": 1002403, "Y Coordinate (State Plane)": 231268, "Open Data Channel Type": "MOBILE", "Park Facility Name": "Unspecified", "Park Borough": "MANHATTAN", "Vehicle Type": null, "Taxi Company Borough": null, "Taxi Pick Up Location": null, "Bridge Highway Name": null, "Bridge Highway Direction": null, "Road Ramp": null, "Bridge Highway Segment": null, "Latitude": 40.801434546547569, "Longitude": -73.934432308960851, "Location": "(40.80143454654757, -73.93443230896085)", "Zip Codes": 13093, "Community Districts": 7, "Borough Boundaries": 4, "City Council Districts": 35, "Police Precincts": 16, "Police Precinct": 16 }, "geometry": { "type": "Point", "coordinates": [ -73.934432308960851, 40.801434546547569 ] } },
{ "type": "Feature", "properties": { "Unique Key": 66161444, "Created Date": "09/15/2025 07:30:35 PM", "Closed Date": "09/16/2025 07:35:54 AM", "Agency": "DOHMH", "Agency Name": "Department of Health and Mental Hygiene", "Complaint Type": "Rodent", "Descriptor": "Signs of Rodents", "Location Type": "3+ Family Apt. Building", "Incident Zip": 10035, "Incident Address": "2400 2 AVENUE", "Street Name": "2 AVENUE", "Cross Street 1": "EAST 123 STREET", "Cross Street 2": "EAST 124 STREET", "Intersection Street 1": "EAST  123 STREET", "Intersection Street 2": "EAST  124 STREET", "Address Type": "ADDRESS", "City": "NEW YORK", "Landmark": "2 AVENUE", "Facility Type": "N/A", "Status": "Closed", "Due Date": null, "Resolution Description": "This service request was closed because the Department of Health and Mental Hygiene received an earlier complaint about the same location.  You can find inspection results for this address by going to the online Rat Portal at www.nyc.gov/rats.", "Resolution Action Updated Date": "09/15/2025 07:30:35 PM", "Community Board": "11 MANHATTAN", "BBL": 1017970001, "Borough": "MANHATTAN", "X Coordinate (State Plane)": 1002403, "Y Coordinate (State Plane)": 231268, "Open Data Channel Type": "MOBILE", "Park Facility Name": "Unspecified", "Park Borough": "MANHATTAN", "Vehicle Type": null, "Taxi Company Borough": null, "Taxi Pick Up Location": null, "Bridge Highway Name": null, "Bridge Highway Direction": null, "Road Ramp": null, "Bridge Highway Segment": null, "Latitude": 40.801434546547569, "Longitude": -73.934432308960851, "Location": "(40.80143454654757, -73.93443230896085)", "Zip Codes": 13093, "Community Districts": 7, "Borough Boundaries": 4, "City Council Districts": 35, "Police Precincts": 16, "Police Precinct": 16 }, "geometry": { "type": "Point", "coordinates": [ -73.934432308960851, 40.801434546547569 ] } },
{ "type": "Feature", "properties": { "Unique Key": 66168417, "Created Date": "09/15/2025 07:10:13 PM", "Closed Date": "09/16/2025 07:35:54 AM", "Agency": "DOHMH", "Agency Name": "Department of Health and Mental Hygiene", "Complaint Type": "Rodent", "Descriptor": "Signs of Rodents", "Location Type": "3+ Family Apt. Building", "Incident Zip": 10035, "Incident Address": "2400 2 AVENUE", "Street Name": "2 AVENUE", "Cross Street 1": "EAST 123 STREET", "Cross Street 2": "EAST 124 STREET", "Intersection Street 1": "EAST  123 STREET", "Intersection Street 2": "EAST  124 STREET", "Address Type": "ADDRESS", "City": "NEW YORK", "Landmark": "2 AVENUE", "Facility Type": "N/A", "Status": "Closed", "Due Date": null, "Resolution Description": "This service request was closed because the Department of Health and Mental Hygiene received an earlier complaint about the same location.  You can find inspection results for this address by going to the online Rat Portal at www.nyc.gov/rats.", "Resolution Action Updated Date": "09/15/2025 07:10:13 PM", "Community Board": "11 MANHATTAN", "BBL": 1017970001, "Borough": "MANHATTAN", "X Coordinate (State Plane)": 1002403, "Y Coordinate (State Plane)": 231268, "Open Data Channel Type": "MOBILE", "Park Facility Name": "Unspecified", "Park Borough": "MANHATTAN", "Vehicle Type": null, "Taxi Company Borough": null, "Taxi Pick Up Location": null, "Bridge Highway Name": null, "Bridge Highway Direction": null, "Road Ramp": null, "Bridge Highway Segment": null, "Latitude": 40.801434546547569, "Longitude": -73.934432308960851, "Location": "(40.80143454654757, -73.93443230896085)", "Zip Codes": 13093, "Community Districts": 7, "Borough Boundaries": 4, "City Council Districts": 35, "Police Precincts": 16, "Police Precinct": 16 }, "geometry": { "type": "Point", "coordinates": [ -73.934432308960851, 40.801434546547569 ] } },
{ "type": "Feature", "properties": { "Unique Key": 66169795, "Created Date": "09/15/2025 07:16:55 PM", "Closed Date": "09/16/2025 07:35:54 AM", "Agency": "DOHMH", "Agency Name": "Department of Health and Mental Hygiene", "Complaint Type": "Rodent", "Descriptor": "Signs of Rodents", "Location Type": "3+ Family Apt. Building", "Incident Zip": 10035, "Incident Address": "2400 2 AVENUE", "Street Name": "2 AVENUE", "Cross Street 1": "EAST 123 STREET", "Cross Street 2": "EAST 124 STREET", "Intersection Street 1": "EAST  123 STREET", "Intersection Street 2": "EAST  124 STREET", "Address Type": "ADDRESS", "City": "NEW YORK", "Landmark": "2 AVENUE", "Facility Type": "N/A", "Status": "Closed", "Due Date": null, "Resolution Description": "This service request was closed because the Department of Health and Mental Hygiene received an earlier complaint about the same location.  You can find inspection results for this address by going to the online Rat Portal at www.nyc.gov/rats.", "Resolution Action Updated Date": "09/15/2025 07:16:55 PM", "Community Board": "11 MANHATTAN", "BBL": 1017970001, "Borough": "MANHATTAN", "X Coordinate (State Plane)": 1002403, "Y Coordinate (State Plane)": 231268, "Open Data Channel Type": "MOBILE", "Park Facility Name": "Unspecified", "Park Borough": "MANHATTAN", "Vehicle Type": null, "Taxi Company Borough": null, "Taxi Pick Up Location": null, "Bridge Highway Name": null, "Bridge Highway Direction": null, "Road Ramp": null, "Bridge Highway Segment": null, "Latitude": 40.801434546547569, "Longitude": -73.934432308960851, "Location": "(40.80143454654757, -73.93443230896085)", "Zip Codes": 13093, "Community Districts": 7, "Borough Boundaries": 4, "City Council Districts": 35, "Police Precincts": 16, "Police Precinct": 16 }, "geometry": { "type": "Point", "coordinates": [ -73.934432308960851, 40.801434546547569 ] } },
{ "type": "Feature", "properties": { "Unique Key": 66179121, "Created Date": "09/16/2025 05:41:41 PM", "Closed Date": "09/17/2025 02:20:04 PM", "Agency": "DOHMH", "Agency Name": "Department of Health and Mental Hygiene", "Complaint Type": "Rodent", "Descriptor": "Signs of Rodents", "Location Type": "3+ Family Apt. Building", "Incident Zip": 11221, "Incident Address": "75 RALPH AVENUE", "Street Name": "RALPH AVENUE", "Cross Street 1": "MADISON STREET", "Cross Street 2": "PUTNAM AVENUE", "Intersection Street 1": "MADISON STREET", "Intersection Street 2": "PUTNAM AVENUE", "Address Type": "ADDRESS", "City": "BROOKLYN", "Landmark": "RALPH AVENUE", "Facility Type": "N/A", "Status": "Closed", "Due Date": null, "Resolution Description": "This service request was closed because the Department of Health and Mental Hygiene received an earlier complaint about the same location.  You can find inspection results for this address by going to the online Rat Portal at www.nyc.gov/rats.", "Resolution Action Updated Date": "09/16/2025 05:41:41 PM", "Community Board": "03 BROOKLYN", "BBL": 3014830003, "Borough": "BROOKLYN", "X Coordinate (State Plane)": 1005426, "Y Coordinate (State Plane)": 189807, "Open Data Channel Type": "PHONE", "Park Facility Name": "Unspecified", "Park Borough": "BROOKLYN", "Vehicle Type": null, "Taxi Company Borough": null, "Taxi Pick Up Location": null, "Bridge Highway Name": null, "Bridge Highway Direction": null, "Road Ramp": null, "Bridge Highway Segment": null, "Latitude": 40.687627808360894, "Longitude": -73.923643932678175, "Location": "(40.687627808360894, -73.92364393267817)", "Zip Codes": 18181, "Community Districts": 69, "Borough Boundaries": 2, "City Council Districts": 17, "Police Precincts": 52, "Police Precinct": 52 }, "geometry": { "type": "Point", "coordinates": [ -73.923643932678175, 40.687627808360894 ] } },
{ "type": "Feature", "properties": { "Unique Key": 66179122, "Created Date": "09/16/2025 02:18:09 AM", "Closed Date": "09/16/2025 07:46:02 AM", "Agency": "DOHMH", "Agency Name": "Department of Health and Mental Hygiene", "Complaint Type": "Rodent", "Descriptor": "Signs of Rodents", "Location Type": "3+ Family Apt. Building", "Incident Zip": 10024, "Incident Address": "201 WEST   87 STREET", "Street Name": "WEST   87 STREET", "Cross Street 1": "AMSTERDAM AVENUE", "Cross Street 2": "BROADWAY", "Intersection Street 1": "AMSTERDAM AVENUE", "Intersection Street 2": "BROADWAY", "Address Type": "ADDRESS", "City": "NEW YORK", "Landmark": "WEST   87 STREET", "Facility Type": "N/A", "Status": "Closed", "Due Date": null, "Resolution Description": "This service request was closed because the Department of Health and Mental Hygiene received an earlier complaint about the same location.  You can find inspection results for this address by going to the online Rat Portal at www.nyc.gov/rats.", "Resolution Action Updated Date": "09/16/2025 02:18:09 AM", "Community Board": "07 MANHATTAN", "BBL": 1012350029, "Borough": "MANHATTAN", "X Coordinate (State Plane)": 991252, "Y Coordinate (State Plane)": 226531, "Open Data Channel Type": "MOBILE", "Park Facility Name": "Unspecified", "Park Borough": "MANHATTAN", "Vehicle Type": null, "Taxi Company Borough": null, "Taxi Pick Up Location": null, "Bridge Highway Name": null, "Bridge Highway Direction": null, "Road Ramp": null, "Bridge Highway Segment": null, "Latitude": 40.788448638179268, "Longitude": -73.974714075406965, "Location": "(40.78844863817927, -73.97471407540696)", "Zip Codes": 12421, "Community Districts": 20, "Borough Boundaries": 4, "City Council Districts": 19, "Police Precincts": 15, "Police Precinct": 15 }, "geometry": { "type": "Point", "coordinates": [ -73.974714075406965, 40.788448638179268 ] } },
{ "type": "Feature", "properties": { "Unique Key": 66224335, "Created Date": "09/20/2025 11:51:56 AM", "Closed Date": null, "Agency": "DOHMH", "Agency Name": "Department of Health and Mental Hygiene", "Complaint Type": "Rodent", "Descriptor": "Signs of Rodents", "Location Type": "3+ Family Mixed Use Building", "Incident Zip": 11216, "Incident Address": "273 MONROE STREET", "Street Name": "MONROE STREET", "Cross Street 1": "NOSTRAND AVENUE", "Cross Street 2": "MARCY AVENUE", "Intersection Street 1": "NOSTRAND AVENUE", "Intersection Street 2": "MARCY AVENUE", "Address Type": "ADDRESS", "City": "BROOKLYN", "Landmark": "MONROE STREET", "Facility Type": null, "Status": "In Progress", "Due Date": null, "Resolution Description": null, "Resolution Action Updated Date": null, "Community Board": "03 BROOKLYN", "BBL": 3018130053, "Borough": "BROOKLYN", "X Coordinate (State Plane)": 998691, "Y Coordinate (State Plane)": 189130, "Open Data Channel Type": "ONLINE", "Park Facility Name": "Unspecified", "Park Borough": "BROOKLYN", "Vehicle Type": null, "Taxi Company Borough": null, "Taxi Pick Up Location": null, "Bridge Highway Name": null, "Bridge Highway Direction": null, "Road Ramp": null, "Bridge Highway Segment": null, "Latitude": 40.685783150044415, "Longitude": -73.947930327251342, "Location": "(40.685783150044415, -73.94793032725134)", "Zip Codes": 17618, "Community Districts": 69, "Borough Boundaries": 2, "City Council Districts": 49, "Police Precincts": 51, "Police Precinct": 51 }, "geometry": { "type": "Point", "coordinates": [ -73.947930327251342, 40.685783150044415 ] } },
{ "type": "Feature", "properties": { "Unique Key": 66112699, "Created Date": "09/10/2025 02:39:04 AM", "Closed Date": "09/10/2025 02:39:04 AM", "Agency": "DOHMH", "Agency Name": "Department of Health and Mental Hygiene", "Complaint Type": "Rodent", "Descriptor": "Signs of Rodents", "Location Type": "1-2 Family Dwelling", "Incident Zip": 10465, "Incident Address": "253 DAVIS AVENUE", "Street Name": "DAVIS AVENUE", "Cross Street 1": "HARDING AVENUE", "Cross Street 2": "MILES AVENUE", "Intersection Street 1": "HARDING AVENUE", "Intersection Street 2": "MILES AVENUE", "Address Type": "ADDRESS", "City": "BRONX", "Landmark": "DAVIS AVENUE", "Facility Type": "N/A", "Status": "Closed", "Due Date": null, "Resolution Description": "The Department of Health and Mental Hygiene found violations on the property you reported. Follow-up inspections will be scheduled.", "Resolution Action Updated Date": "09/17/2025 10:58:33 AM", "Community Board": "10 BRONX", "BBL": 2055990064, "Borough": "BRONX", "X Coordinate (State Plane)": 1032637, "Y Coordinate (State Plane)": 236138, "Open Data Channel Type": "MOBILE", "Park Facility Name": "Unspecified", "Park Borough": "BRONX", "Vehicle Type": null, "Taxi Company Borough": null, "Taxi Pick Up Location": null, "Bridge Highway Name": null, "Bridge Highway Direction": null, "Road Ramp": null, "Bridge Highway Segment": null, "Latitude": 40.814687482168992, "Longitude": -73.825193771739904, "Location": "(40.81468748216899, -73.8251937717399)", "Zip Codes": 11274, "Community Districts": 43, "Borough Boundaries": 5, "City Council Districts": 12, "Police Precincts": 28, "Police Precinct": 28 }, "geometry": { "type": "Point", "coordinates": [ -73.825193771739904, 40.814687482168992 ] } },
{ "type": "Feature", "properties": { "Unique Key": 66141327, "Created Date": "09/13/2025 10:46:32 PM", "Closed Date": "09/17/2025 01:16:55 PM", "Agency": "DOHMH", "Agency Name": "Department of Health and Mental Hygiene", "Complaint Type": "Rodent", "Descriptor": "Signs of Rodents", "Location Type": "3+ Family Apt. Building", "Incident Zip": 11226, "Incident Address": "100 EAST   21 STREET", "Street Name": "EAST   21 STREET", "Cross Street 1": "CATON AVENUE", "Cross Street 2": "CHURCH AVENUE", "Intersection Street 1": "CATON AVENUE", "Intersection Street 2": "CHURCH AVENUE", "Address Type": "ADDRESS", "City": "BROOKLYN", "Landmark": "EAST   21 STREET", "Facility Type": "N/A", "Status": "Closed", "Due Date": null, "Resolution Description": "This service request was closed because the Department of Health and Mental Hygiene received an earlier complaint about the same location.  You can find inspection results for this address by going to the online Rat Portal at www.nyc.gov/rats.", "Resolution Action Updated Date": "09/13/2025 10:46:32 PM", "Community Board": "14 BROOKLYN", "BBL": 3050810015, "Borough": "BROOKLYN", "X Coordinate (State Plane)": 995268, "Y Coordinate (State Plane)": 176754, "Open Data Channel Type": "PHONE", "Park Facility Name": "Unspecified", "Park Borough": "BROOKLYN", "Vehicle Type": null, "Taxi Company Borough": null, "Taxi Pick Up Location": null, "Bridge Highway Name": null, "Bridge Highway Direction": null, "Road Ramp": null, "Bridge Highway Segment": null, "Latitude": 40.651818717922204, "Longitude": -73.960292806990964, "Location": "(40.651818717922204, -73.96029280699096)", "Zip Codes": 13510, "Community Districts": 60, "Borough Boundaries": 2, "City Council Districts": 11, "Police Precincts": 43, "Police Precinct": 43 }, "geometry": { "type": "Point", "coordinates": [ -73.960292806990964, 40.651818717922204 ] } },
{ "type": "Feature", "properties": { "Unique Key": 66147910, "Created Date": "09/13/2025 07:08:37 AM", "Closed Date": "09/17/2025 02:05:56 PM", "Agency": "DOHMH", "Agency Name": "Department of Health and Mental Hygiene", "Complaint Type": "Rodent", "Descriptor": "Signs of Rodents", "Location Type": "3+ Family Apt. Building", "Incident Zip": 11238, "Incident Address": "495 STERLING PLACE", "Street Name": "STERLING PLACE", "Cross Street 1": "WASHINGTON AVENUE", "Cross Street 2": "CLASSON AVENUE", "Intersection Street 1": "WASHINGTON AVENUE", "Intersection Street 2": "CLASSON AVENUE", "Address Type": "ADDRESS", "City": "BROOKLYN", "Landmark": "STERLING PLACE", "Facility Type": "N/A", "Status": "Closed", "Due Date": null, "Resolution Description": "This service request was closed because the Department of Health and Mental Hygiene received an earlier complaint about the same location.  You can find inspection results for this address by going to the online Rat Portal at www.nyc.gov/rats.", "Resolution Action Updated Date": "09/13/2025 07:08:37 AM", "Community Board": "08 BROOKLYN", "BBL": 3011670067, "Borough": "BROOKLYN", "X Coordinate (State Plane)": 994838, "Y Coordinate (State Plane)": 184948, "Open Data Channel Type": "MOBILE", "Park Facility Name": "Unspecified", "Park Borough": "BROOKLYN", "Vehicle Type": null, "Taxi Company Borough": null, "Taxi Pick Up Location": null, "Bridge Highway Name": null, "Bridge Highway Direction": null, "Road Ramp": null, "Bridge Highway Segment": null, "Latitude": 40.67430995741541, "Longitude": -73.961829593629034, "Location": "(40.67430995741541, -73.96182959362903)", "Zip Codes": 13829, "Community Districts": 16, "Borough Boundaries": 2, "City Council Districts": 48, "Police Precincts": 49, "Police Precinct": 49 }, "geometry": { "type": "Point", "coordinates": [ -73.961829593629034, 40.67430995741541 ] } },
{ "type": "Feature", "properties": { "Unique Key": 66160006, "Created Date": "09/15/2025 01:14:27 PM", "Closed Date": "09/18/2025 05:10:29 AM", "Agency": "DOHMH", "Agency Name": "Department of Health and Mental Hygiene", "Complaint Type": "Rodent", "Descriptor": "Signs of Rodents", "Location Type": "3+ Family Apt. Building", "Incident Zip": 11216, "Incident Address": "197 MONROE STREET", "Street Name": "MONROE STREET", "Cross Street 1": "BEDFORD AVENUE", "Cross Street 2": "NOSTRAND AVENUE", "Intersection Street 1": "BEDFORD AVENUE", "Intersection Street 2": "NOSTRAND AVENUE", "Address Type": "ADDRESS", "City": "BROOKLYN", "Landmark": "MONROE STREET", "Facility Type": "N/A", "Status": "Closed", "Due Date": null, "Resolution Description": "This service request was closed because the Department of Health and Mental Hygiene received an earlier complaint about the same location.  You can find inspection results for this address by going to the online Rat Portal at www.nyc.gov/rats.", "Resolution Action Updated Date": "09/15/2025 01:14:27 PM", "Community Board": "03 BROOKLYN", "BBL": 3018120057, "Borough": "BROOKLYN", "X Coordinate (State Plane)": 997768, "Y Coordinate (State Plane)": 188989, "Open Data Channel Type": "MOBILE", "Park Facility Name": "Unspecified", "Park Borough": "BROOKLYN", "Vehicle Type": null, "Taxi Company Borough": null, "Taxi Pick Up Location": null, "Bridge Highway Name": null, "Bridge Highway Direction": null, "Road Ramp": null, "Bridge Highway Segment": null, "Latitude": 40.685397595144572, "Longitude": -73.951258655128015, "Location": "(40.68539759514457, -73.95125865512802)", "Zip Codes": 17618, "Community Districts": 69, "Borough Boundaries": 2, "City Council Districts": 49, "Police Precincts": 51, "Police Precinct": 51 }, "geometry": { "type": "Point", "coordinates": [ -73.951258655128015, 40.685397595144572 ] } },
{ "type": "Feature", "properties": { "Unique Key": 66161442, "Created Date": "09/15/2025 06:30:32 AM", "Closed Date": "09/15/2025 06:30:32 AM", "Agency": "DOHMH", "Agency Name": "Department of Health and Mental Hygiene", "Complaint Type": "Rodent", "Descriptor": "Signs of Rodents", "Location Type": "3+ Family Apt. Building", "Incident Zip": 11220, "Incident Address": "356 49 STREET", "Street Name": "49 STREET", "Cross Street 1": "3 AVENUE", "Cross Street 2": "4 AVENUE", "Intersection Street 1": "3 AVENUE", "Intersection Street 2": "4 AVENUE", "Address Type": "ADDRESS", "City": "BROOKLYN", "Landmark": "49 STREET", "Facility Type": "N/A", "Status": "Closed", "Due Date": null, "Resolution Description": "The Department of Health and Mental Hygiene inspected the property you reported and did not find any violations at the time of the inspection. The property passed inspection.", "Resolution Action Updated Date": "09/17/2025 02:25:00 PM", "Community Board": "07 BROOKLYN", "BBL": 3007820030, "Borough": "BROOKLYN", "X Coordinate (State Plane)": 980682, "Y Coordinate (State Plane)": 175192, "Open Data Channel Type": "MOBILE", "Park Facility Name": "Unspecified", "Park Borough": "BROOKLYN", "Vehicle Type": null, "Taxi Company Borough": null, "Taxi Pick Up Location": null, "Bridge Highway Name": null, "Bridge Highway Direction": null, "Road Ramp": null, "Bridge Highway Segment": null, "Latitude": 40.647537502385717, "Longitude": -74.01285770280731, "Location": "(40.64753750238572, -74.01285770280731)", "Zip Codes": 18180, "Community Districts": 9, "Borough Boundaries": 2, "City Council Districts": 7, "Police Precincts": 45, "Police Precinct": 45 }, "geometry": { "type": "Point", "coordinates": [ -74.01285770280731, 40.647537502385717 ] } },
{ "type": "Feature", "properties": { "Unique Key": 66161443, "Created Date": "09/15/2025 04:12:50 PM", "Closed Date": "09/15/2025 04:12:50 PM", "Agency": "DOHMH", "Agency Name": "Department of Health and Mental Hygiene", "Complaint Type": "Rodent", "Descriptor": "Signs of Rodents", "Location Type": "3+ Family Apt. Building", "Incident Zip": 10003, "Incident Address": "5 SAINT MARKS PLACE", "Street Name": "SAINT MARKS PLACE", "Cross Street 1": "3 AVENUE", "Cross Street 2": "2 AVENUE", "Intersection Street 1": "3 AVENUE", "Intersection Street 2": "2 AVENUE", "Address Type": "ADDRESS", "City": "NEW YORK", "Landmark": "ST MARKS PLACE", "Facility Type": "N/A", "Status": "Closed", "Due Date": null, "Resolution Description": "The Department of Health and Mental Hygiene closed this complaint and referred it to another agency because it was not within its jurisdiction.", "Resolution Action Updated Date": "09/18/2025 08:25:00 AM", "Community Board": "03 MANHATTAN", "BBL": 1004640058, "Borough": "MANHATTAN", "X Coordinate (State Plane)": 987185, "Y Coordinate (State Plane)": 204998, "Open Data Channel Type": "MOBILE", "Park Facility Name": "Unspecified", "Park Borough": "MANHATTAN", "Vehicle Type": null, "Taxi Company Borough": null, "Taxi Pick Up Location": null, "Bridge Highway Name": null, "Bridge Highway Direction": null, "Road Ramp": null, "Bridge Highway Segment": null, "Latitude": 40.729348352090092, "Longitude": -73.989410401576279, "Location": "(40.72934835209009, -73.98941040157628)", "Zip Codes": 11724, "Community Districts": 70, "Borough Boundaries": 4, "City Council Districts": 50, "Police Precincts": 5, "Police Precinct": 5 }, "geometry": { "type": "Point", "coordinates": [ -73.989410401576279, 40.729348352090092 ] } },
{ "type": "Feature", "properties": { "Unique Key": 66164267, "Created Date": "09/15/2025 07:51:37 AM", "Closed Date": "09/15/2025 07:51:37 AM", "Agency": "DOHMH", "Agency Name": "Department of Health and Mental Hygiene", "Complaint Type": "Rodent", "Descriptor": "Signs of Rodents", "Location Type": "3+ Family Apt. Building", "Incident Zip": 11231, "Incident Address": "406 BOND STREET", "Street Name": "BOND STREET", "Cross Street 1": "2 STREET", "Cross Street 2": "3 STREET", "Intersection Street 1": "2 STREET", "Intersection Street 2": "3 STREET", "Address Type": "ADDRESS", "City": "BROOKLYN", "Landmark": "BOND STREET", "Facility Type": "N/A", "Status": "Closed", "Due Date": null, "Resolution Description": "The Department of Health and Mental Hygiene inspected the property you reported and did not find any violations at the time of the inspection. The property passed inspection.", "Resolution Action Updated Date": "09/16/2025 10:48:00 AM", "Community Board": "06 BROOKLYN", "BBL": 3004617501, "Borough": "BROOKLYN", "X Coordinate (State Plane)": 986534, "Y Coordinate (State Plane)": 185958, "Open Data Channel Type": "MOBILE", "Park Facility Name": "Unspecified", "Park Borough": "BROOKLYN", "Vehicle Type": null, "Taxi Company Borough": null, "Taxi Pick Up Location": null, "Bridge Highway Name": null, "Bridge Highway Direction": null, "Road Ramp": null, "Bridge Highway Segment": null, "Latitude": 40.677088216946899, "Longitude": -73.991765693484652, "Location": "(40.6770882169469, -73.99176569348465)", "Zip Codes": 13514, "Community Districts": 14, "Borough Boundaries": 2, "City Council Districts": 27, "Police Precincts": 48, "Police Precinct": 48 }, "geometry": { "type": "Point", "coordinates": [ -73.991765693484652, 40.677088216946899 ] } },
{ "type": "Feature", "properties": { "Unique Key": 66167012, "Created Date": "09/15/2025 07:31:02 AM", "Closed Date": "09/15/2025 07:31:02 AM", "Agency": "DOHMH", "Agency Name": "Department of Health and Mental Hygiene", "Complaint Type": "Rodent", "Descriptor": "Signs of Rodents", "Location Type": "1-2 Family Dwelling", "Incident Zip": 11231, "Incident Address": "53 3 STREET", "Street Name": "3 STREET", "Cross Street 1": "SMITH STREET", "Cross Street 2": "HOYT STREET", "Intersection Street 1": "SMITH STREET", "Intersection Street 2": "HOYT STREET", "Address Type": "ADDRESS", "City": "BROOKLYN", "Landmark": "3 STREET", "Facility Type": "N/A", "Status": "Closed", "Due Date": null, "Resolution Description": "The Department of Health and Mental Hygiene inspected the property you reported and did not find any violations at the time of the inspection. The property passed inspection.", "Resolution Action Updated Date": "09/16/2025 10:55:35 AM", "Community Board": "06 BROOKLYN", "BBL": 3004600036, "Borough": "BROOKLYN", "X Coordinate (State Plane)": 985841, "Y Coordinate (State Plane)": 186330, "Open Data Channel Type": "PHONE", "Park Facility Name": "Unspecified", "Park Borough": "BROOKLYN", "Vehicle Type": null, "Taxi Company Borough": null, "Taxi Pick Up Location": null, "Bridge Highway Name": null, "Bridge Highway Direction": null, "Road Ramp": null, "Bridge Highway Segment": null, "Latitude": 40.678109424553334, "Longitude": -73.994264018272503, "Location": "(40.678109424553334, -73.9942640182725)", "Zip Codes": 13514, "Community Districts": 14, "Borough Boundaries": 2, "City Council Districts": 27, "Police Precincts": 48, "Police Precinct": 48 }, "geometry": { "type": "Point", "coordinates": [ -73.994264018272503, 40.678109424553334 ] } },
{ "type": "Feature", "properties": { "Unique Key": 66173257, "Created Date": "09/16/2025 09:42:46 AM", "Closed Date": "09/16/2025 09:42:46 AM", "Agency": "DOHMH", "Agency Name": "Department of Health and Mental Hygiene", "Complaint Type": "Rodent", "Descriptor": "Signs of Rodents", "Location Type": "1-2 Family Dwelling", "Incident Zip": 11217, "Incident Address": "188 6 AVENUE", "Street Name": "6 AVENUE", "Cross Street 1": "BERKELEY PLACE", "Cross Street 2": "UNION STREET", "Intersection Street 1": "BERKELEY PLACE", "Intersection Street 2": "UNION STREET", "Address Type": "ADDRESS", "City": "BROOKLYN", "Landmark": "6 AVENUE", "Facility Type": "N/A", "Status": "Closed", "Due Date": null, "Resolution Description": "The Department of Health and Mental Hygiene inspected the property you reported and did not find any violations at the time of the inspection. The property passed inspection.", "Resolution Action Updated Date": "09/19/2025 08:52:01 AM", "Community Board": "06 BROOKLYN", "BBL": 3009530041, "Borough": "BROOKLYN", "X Coordinate (State Plane)": 990466, "Y Coordinate (State Plane)": 185564, "Open Data Channel Type": "MOBILE", "Park Facility Name": "Unspecified", "Park Borough": "BROOKLYN", "Vehicle Type": null, "Taxi Company Borough": null, "Taxi Pick Up Location": null, "Bridge Highway Name": null, "Bridge Highway Direction": null, "Road Ramp": null, "Bridge Highway Segment": null, "Latitude": 40.676004888112864, "Longitude": -73.977590359740248, "Location": "(40.676004888112864, -73.97759035974025)", "Zip Codes": 17619, "Community Districts": 14, "Borough Boundaries": 2, "City Council Districts": 27, "Police Precincts": 50, "Police Precinct": 50 }, "geometry": { "type": "Point", "coordinates": [ -73.977590359740248, 40.676004888112864 ] } },
{ "type": "Feature", "properties": { "Unique Key": 66178305, "Created Date": "09/16/2025 08:52:08 AM", "Closed Date": "09/18/2025 04:45:01 AM", "Agency": "DOHMH", "Agency Name": "Department of Health and Mental Hygiene", "Complaint Type": "Rodent", "Descriptor": "Signs of Rodents", "Location Type": "3+ Family Apt. Building", "Incident Zip": 11216, "Incident Address": "825 PARK PLACE", "Street Name": "PARK PLACE", "Cross Street 1": "ROGERS AVENUE", "Cross Street 2": "NOSTRAND AVENUE", "Intersection Street 1": "ROGERS AVENUE", "Intersection Street 2": "NOSTRAND AVENUE", "Address Type": "ADDRESS", "City": "BROOKLYN", "Landmark": "PARK PLACE", "Facility Type": "N/A", "Status": "Closed", "Due Date": null, "Resolution Description": "This service request was closed because the Department of Health and Mental Hygiene received an earlier complaint about the same location.  You can find inspection results for this address by going to the online Rat Portal at www.nyc.gov/rats.", "Resolution Action Updated Date": "09/16/2025 08:52:08 AM", "Community Board": "08 BROOKLYN", "BBL": 3012330054, "Borough": "BROOKLYN", "X Coordinate (State Plane)": 997931, "Y Coordinate (State Plane)": 184639, "Open Data Channel Type": "MOBILE", "Park Facility Name": "Unspecified", "Park Borough": "BROOKLYN", "Vehicle Type": null, "Taxi Company Borough": null, "Taxi Pick Up Location": null, "Bridge Highway Name": null, "Bridge Highway Direction": null, "Road Ramp": null, "Bridge Highway Segment": null, "Latitude": 40.673457582340376, "Longitude": -73.950679763256829, "Location": "(40.673457582340376, -73.95067976325683)", "Zip Codes": 17618, "Community Districts": 16, "Borough Boundaries": 2, "City Council Districts": 49, "Police Precincts": 49, "Police Precinct": 49 }, "geometry": { "type": "Point", "coordinates": [ -73.950679763256829, 40.673457582340376 ] } },
{ "type": "Feature", "properties": { "Unique Key": 66179123, "Created Date": "09/16/2025 01:14:13 PM", "Closed Date": "09/18/2025 09:33:03 AM", "Agency": "DOHMH", "Agency Name": "Department of Health and Mental Hygiene", "Complaint Type": "Rodent", "Descriptor": "Signs of Rodents", "Location Type": "Other (Explain Below)", "Incident Zip": 10463, "Incident Address": "157 WEST KINGSBRIDGE ROAD", "Street Name": "WEST KINGSBRIDGE ROAD", "Cross Street 1": "SEDGWICK AVENUE", "Cross Street 2": "KINGSBRIDGE TERRACE", "Intersection Street 1": "SEDGWICK AVENUE", "Intersection Street 2": "KINGSBRIDGE TERRACE", "Address Type": "ADDRESS", "City": "BRONX", "Landmark": "WEST KINGSBRIDGE ROAD", "Facility Type": "N/A", "Status": "Closed", "Due Date": null, "Resolution Description": "This service request was closed because the Department of Health and Mental Hygiene received an earlier complaint about the same location.  You can find inspection results for this address by going to the online Rat Portal at www.nyc.gov/rats.", "Resolution Action Updated Date": "09/16/2025 01:14:13 PM", "Community Board": "08 BRONX", "BBL": 2032530008, "Borough": "BRONX", "X Coordinate (State Plane)": 1010748, "Y Coordinate (State Plane)": 256304, "Open Data Channel Type": "PHONE", "Park Facility Name": "Unspecified", "Park Borough": "BRONX", "Vehicle Type": null, "Taxi Company Borough": null, "Taxi Pick Up Location": null, "Bridge Highway Name": null, "Bridge Highway Direction": null, "Road Ramp": null, "Bridge Highway Segment": null, "Latitude": 40.870129996562959, "Longitude": -73.904191718439648, "Location": "(40.87012999656296, -73.90419171843965)", "Zip Codes": 11272, "Community Districts": 48, "Borough Boundaries": 5, "City Council Districts": 29, "Police Precincts": 33, "Police Precinct": 33 }, "geometry": { "type": "Point", "coordinates": [ -73.904191718439648, 40.870129996562959 ] } },
{ "type": "Feature", "properties": { "Unique Key": 66186590, "Created Date": "09/17/2025 02:41:27 PM", "Closed Date": "09/22/2025 02:14:57 PM", "Agency": "DOHMH", "Agency Name": "Department of Health and Mental Hygiene", "Complaint Type": "Rodent", "Descriptor": "Signs of Rodents", "Location Type": "Commercial Building", "Incident Zip": 10314, "Incident Address": "266 WILD AVENUE", "Street Name": "WILD AVENUE", "Cross Street 1": "BERESFORD AVENUE", "Cross Street 2": "EAST SERVICE ROAD", "Intersection Street 1": "BERESFORD AVENUE", "Intersection Street 2": "EAST SERVICE ROAD", "Address Type": "ADDRESS", "City": "STATEN ISLAND", "Landmark": "WILD AVENUE", "Facility Type": "N/A", "Status": "Closed", "Due Date": null, "Resolution Description": "This service request was closed because the Department of Health and Mental Hygiene received an earlier complaint about the same location.  You can find inspection results for this address by going to the online Rat Portal at www.nyc.gov/rats.", "Resolution Action Updated Date": "09/17/2025 02:41:27 PM", "Community Board": "02 STATEN ISLAND", "BBL": 5026450001, "Borough": "STATEN ISLAND", "X Coordinate (State Plane)": 931215, "Y Coordinate (State Plane)": 153367, "Open Data Channel Type": "ONLINE", "Park Facility Name": "Unspecified", "Park Borough": "STATEN ISLAND", "Vehicle Type": null, "Taxi Company Borough": null, "Taxi Pick Up Location": null, "Bridge Highway Name": null, "Bridge Highway Direction": null, "Road Ramp": null, "Bridge Highway Segment": null, "Latitude": 40.587474468424077, "Longitude": -74.190946046523578, "Location": "(40.58747446842408, -74.19094604652358)", "Zip Codes": 10700, "Community Districts": 30, "Borough Boundaries": 1, "City Council Districts": 14, "Police Precincts": 75, "Police Precinct": 75 }, "geometry": { "type": "Point", "coordinates": [ -74.190946046523578, 40.587474468424077 ] } },
{ "type": "Feature", "properties": { "Unique Key": 66186945, "Created Date": "09/17/2025 10:25:35 AM", "Closed Date": "09/22/2025 09:37:02 AM", "Agency": "DOHMH", "Agency Name": "Department of Health and Mental Hygiene", "Complaint Type": "Rodent", "Descriptor": "Signs of Rodents", "Location Type": "Street", "Incident Zip": 10024, "Incident Address": "589 AMSTERDAM AVENUE", "Street Name": "AMSTERDAM AVENUE", "Cross Street 1": "WEST 88 STREET", "Cross Street 2": "WEST 89 STREET", "Intersection Street 1": "WEST   88 STREET", "Intersection Street 2": "WEST   89 STREET", "Address Type": "ADDRESS", "City": "NEW YORK", "Landmark": "AMSTERDAM AVENUE", "Facility Type": "N/A", "Status": "Closed", "Due Date": null, "Resolution Description": "This service request was closed because the Department of Health and Mental Hygiene received an earlier complaint about the same location.  You can find inspection results for this address by going to the online Rat Portal at www.nyc.gov/rats.", "Resolution Action Updated Date": "09/17/2025 10:25:35 AM", "Community Board": "07 MANHATTAN", "BBL": 1012190001, "Borough": "MANHATTAN", "X Coordinate (State Plane)": 991491, "Y Coordinate (State Plane)": 226827, "Open Data Channel Type": "ONLINE", "Park Facility Name": "Unspecified", "Park Borough": "MANHATTAN", "Vehicle Type": null, "Taxi Company Borough": null, "Taxi Pick Up Location": null, "Bridge Highway Name": null, "Bridge Highway Direction": null, "Road Ramp": null, "Bridge Highway Segment": null, "Latitude": 40.789260886149705, "Longitude": -73.973850669248591, "Location": "(40.789260886149705, -73.97385066924859)", "Zip Codes": 12421, "Community Districts": 20, "Borough Boundaries": 4, "City Council Districts": 19, "Police Precincts": 15, "Police Precinct": 15 }, "geometry": { "type": "Point", "coordinates": [ -73.973850669248591, 40.789260886149705 ] } },
{ "type": "Feature", "properties": { "Unique Key": 66192742, "Created Date": "09/18/2025 11:48:33 AM", "Closed Date": "09/18/2025 01:22:24 PM", "Agency": "DOHMH", "Agency Name": "Department of Health and Mental Hygiene", "Complaint Type": "Rodent", "Descriptor": "Signs of Rodents", "Location Type": "1-2 Family Dwelling", "Incident Zip": 11379, "Incident Address": "61-47 69 STREET", "Street Name": "69 STREET", "Cross Street 1": "61 ROAD", "Cross Street 2": "61 DRIVE", "Intersection Street 1": "61 ROAD", "Intersection Street 2": "61 DRIVE", "Address Type": "ADDRESS", "City": "MIDDLE VILLAGE", "Landmark": "69 STREET", "Facility Type": "N/A", "Status": "Closed", "Due Date": null, "Resolution Description": "This service request was closed because the Department of Health and Mental Hygiene received an earlier complaint about the same location.  You can find inspection results for this address by going to the online Rat Portal at www.nyc.gov/rats.", "Resolution Action Updated Date": "09/18/2025 11:48:33 AM", "Community Board": "05 QUEENS", "BBL": 4029230001, "Borough": "QUEENS", "X Coordinate (State Plane)": 1014689, "Y Coordinate (State Plane)": 201005, "Open Data Channel Type": "ONLINE", "Park Facility Name": "Unspecified", "Park Borough": "QUEENS", "Vehicle Type": null, "Taxi Company Borough": null, "Taxi Pick Up Location": null, "Bridge Highway Name": null, "Bridge Highway Direction": null, "Road Ramp": null, "Bridge Highway Segment": null, "Latitude": 40.718336656190012, "Longitude": -73.890192976509482, "Location": "(40.71833665619001, -73.89019297650948)", "Zip Codes": 15309, "Community Districts": 54, "Borough Boundaries": 3, "City Council Districts": 34, "Police Precincts": 62, "Police Precinct": 62 }, "geometry": { "type": "Point", "coordinates": [ -73.890192976509482, 40.718336656190012 ] } },
{ "type": "Feature", "properties": { "Unique Key": 66195406, "Created Date": "09/18/2025 06:40:57 PM", "Closed Date": "09/19/2025 11:53:00 AM", "Agency": "DOHMH", "Agency Name": "Department of Health and Mental Hygiene", "Complaint Type": "Rodent", "Descriptor": "Signs of Rodents", "Location Type": "3+ Family Apt. Building", "Incident Zip": 11231, "Incident Address": "81 4 PLACE", "Street Name": "4 PLACE", "Cross Street 1": "CLINTON STREET", "Cross Street 2": "COURT STREET", "Intersection Street 1": "CLINTON STREET", "Intersection Street 2": "COURT STREET", "Address Type": "ADDRESS", "City": "BROOKLYN", "Landmark": "4 PLACE", "Facility Type": "N/A", "Status": "Closed", "Due Date": null, "Resolution Description": "This service request was closed because the Department of Health and Mental Hygiene received an earlier complaint about the same location.  You can find inspection results for this address by going to the online Rat Portal at www.nyc.gov/rats.", "Resolution Action Updated Date": "09/18/2025 06:40:57 PM", "Community Board": "06 BROOKLYN", "BBL": 3003710050, "Borough": "BROOKLYN", "X Coordinate (State Plane)": 984554, "Y Coordinate (State Plane)": 186329, "Open Data Channel Type": "ONLINE", "Park Facility Name": "Unspecified", "Park Borough": "BROOKLYN", "Vehicle Type": null, "Taxi Company Borough": null, "Taxi Pick Up Location": null, "Bridge Highway Name": null, "Bridge Highway Direction": null, "Road Ramp": null, "Bridge Highway Segment": null, "Latitude": 40.67810681753582, "Longitude": -73.998903998506719, "Location": "(40.67810681753582, -73.99890399850672)", "Zip Codes": 13514, "Community Districts": 14, "Borough Boundaries": 2, "City Council Districts": 27, "Police Precincts": 48, "Police Precinct": 48 }, "geometry": { "type": "Point", "coordinates": [ -73.998903998506719, 40.67810681753582 ] } },
{ "type": "Feature", "properties": { "Unique Key": 66202148, "Created Date": "09/18/2025 09:46:11 AM", "Closed Date": "09/22/2025 09:40:47 AM", "Agency": "DOHMH", "Agency Name": "Department of Health and Mental Hygiene", "Complaint Type": "Rodent", "Descriptor": "Signs of Rodents", "Location Type": "Sidewalk", "Incident Zip": 10023, "Incident Address": "51 WEST   71 STREET", "Street Name": "WEST   71 STREET", "Cross Street 1": "CENTRAL PARK WEST", "Cross Street 2": "COLUMBUS AVENUE", "Intersection Street 1": "CENTRAL PARK WEST", "Intersection Street 2": "COLUMBUS AVENUE", "Address Type": "ADDRESS", "City": "NEW YORK", "Landmark": "WEST   71 STREET", "Facility Type": "N/A", "Status": "Closed", "Due Date": null, "Resolution Description": "This service request was closed because the Department of Health and Mental Hygiene received an earlier complaint about the same location.  You can find inspection results for this address by going to the online Rat Portal at www.nyc.gov/rats.", "Resolution Action Updated Date": "09/18/2025 09:46:11 AM", "Community Board": "07 MANHATTAN", "BBL": 1011240011, "Borough": "MANHATTAN", "X Coordinate (State Plane)": 990264, "Y Coordinate (State Plane)": 222109, "Open Data Channel Type": "ONLINE", "Park Facility Name": "Unspecified", "Park Borough": "MANHATTAN", "Vehicle Type": null, "Taxi Company Borough": null, "Taxi Pick Up Location": null, "Bridge Highway Name": null, "Bridge Highway Direction": null, "Road Ramp": null, "Bridge Highway Segment": null, "Latitude": 40.776312150222424, "Longitude": -73.978285941947348, "Location": "(40.776312150222424, -73.97828594194735)", "Zip Codes": 12420, "Community Districts": 20, "Borough Boundaries": 4, "City Council Districts": 19, "Police Precincts": 12, "Police Precinct": 12 }, "geometry": { "type": "Point", "coordinates": [ -73.978285941947348, 40.776312150222424 ] } },
{ "type": "Feature", "properties": { "Unique Key": 66204538, "Created Date": "09/19/2025 01:10:43 PM", "Closed Date": "09/23/2025 02:57:12 PM", "Agency": "DOHMH", "Agency Name": "Department of Health and Mental Hygiene", "Complaint Type": "Rodent", "Descriptor": "Signs of Rodents", "Location Type": "3+ Family Apt. Building", "Incident Zip": 11229, "Incident Address": "2566 OCEAN AVENUE", "Street Name": "OCEAN AVENUE", "Cross Street 1": "AVENUE U", "Cross Street 2": "AVENUE V", "Intersection Street 1": "AVENUE U", "Intersection Street 2": "AVENUE V", "Address Type": "ADDRESS", "City": "BROOKLYN", "Landmark": "OCEAN AVENUE", "Facility Type": "N/A", "Status": "Closed", "Due Date": null, "Resolution Description": "This service request was closed because the Department of Health and Mental Hygiene received an earlier complaint about the same location.  You can find inspection results for this address by going to the online Rat Portal at www.nyc.gov/rats.", "Resolution Action Updated Date": "09/19/2025 01:10:43 PM", "Community Board": "15 BROOKLYN", "BBL": 3073520015, "Borough": "BROOKLYN", "X Coordinate (State Plane)": 997774, "Y Coordinate (State Plane)": 157429, "Open Data Channel Type": "ONLINE", "Park Facility Name": "Unspecified", "Park Borough": "BROOKLYN", "Vehicle Type": null, "Taxi Company Borough": null, "Taxi Pick Up Location": null, "Bridge Highway Name": null, "Bridge Highway Direction": null, "Road Ramp": null, "Bridge Highway Segment": null, "Latitude": 40.59877218275502, "Longitude": -73.951300285363288, "Location": "(40.59877218275502, -73.95130028536329)", "Zip Codes": 13512, "Community Districts": 32, "Borough Boundaries": 2, "City Council Districts": 15, "Police Precincts": 36, "Police Precinct": 36 }, "geometry": { "type": "Point", "coordinates": [ -73.951300285363288, 40.59877218275502 ] } },
{ "type": "Feature", "properties": { "Unique Key": 66216251, "Created Date": "09/20/2025 09:53:41 AM", "Closed Date": "09/22/2025 09:50:26 AM", "Agency": "DOHMH", "Agency Name": "Department of Health and Mental Hygiene", "Complaint Type": "Rodent", "Descriptor": "Signs of Rodents", "Location Type": "Sidewalk", "Incident Zip": 10024, "Incident Address": "584 AMSTERDAM AVENUE", "Street Name": "AMSTERDAM AVENUE", "Cross Street 1": "WEST 88 STREET", "Cross Street 2": "WEST 89 STREET", "Intersection Street 1": "WEST   88 STREET", "Intersection Street 2": "WEST   89 STREET", "Address Type": "ADDRESS", "City": "NEW YORK", "Landmark": "AMSTERDAM AVENUE", "Facility Type": "N/A", "Status": "Closed", "Due Date": null, "Resolution Description": "This service request was closed because the Department of Health and Mental Hygiene received an earlier complaint about the same location.  You can find inspection results for this address by going to the online Rat Portal at www.nyc.gov/rats.", "Resolution Action Updated Date": "09/20/2025 09:53:41 AM", "Community Board": "07 MANHATTAN", "BBL": 1012360032, "Borough": "MANHATTAN", "X Coordinate (State Plane)": 991463, "Y Coordinate (State Plane)": 226790, "Open Data Channel Type": "ONLINE", "Park Facility Name": "Unspecified", "Park Borough": "MANHATTAN", "Vehicle Type": null, "Taxi Company Borough": null, "Taxi Pick Up Location": null, "Bridge Highway Name": null, "Bridge Highway Direction": null, "Road Ramp": null, "Bridge Highway Segment": null, "Latitude": 40.789159353982598, "Longitude": -73.973951825017693, "Location": "(40.7891593539826, -73.97395182501769)", "Zip Codes": 12421, "Community Districts": 20, "Borough Boundaries": 4, "City Council Districts": 19, "Police Precincts": 15, "Police Precinct": 15 }, "geometry": { "type": "Point", "coordinates": [ -73.973951825017693, 40.789159353982598 ] } },
{ "type": "Feature", "properties": { "Unique Key": 66220486, "Created Date": "09/20/2025 11:35:40 AM", "Closed Date": "09/21/2025 03:49:47 PM", "Agency": "DOHMH", "Agency Name": "Department of Health and Mental Hygiene", "Complaint Type": "Rodent", "Descriptor": "Signs of Rodents", "Location Type": "3+ Family Apt. Building", "Incident Zip": 11226, "Incident Address": "542 PARKSIDE AVENUE", "Street Name": "PARKSIDE AVENUE", "Cross Street 1": "BEDFORD AVENUE", "Cross Street 2": "ROGERS AVENUE", "Intersection Street 1": "BEDFORD AVENUE", "Intersection Street 2": "ROGERS AVENUE", "Address Type": "ADDRESS", "City": "BROOKLYN", "Landmark": "PARKSIDE AVENUE", "Facility Type": "N/A", "Status": "Closed", "Due Date": null, "Resolution Description": "This service request was closed because the Department of Health and Mental Hygiene received an earlier complaint about the same location.  You can find inspection results for this address by going to the online Rat Portal at www.nyc.gov/rats.", "Resolution Action Updated Date": "09/20/2025 11:35:40 AM", "Community Board": "09 BROOKLYN", "BBL": 3050560022, "Borough": "BROOKLYN", "X Coordinate (State Plane)": 996697, "Y Coordinate (State Plane)": 178257, "Open Data Channel Type": "ONLINE", "Park Facility Name": "Unspecified", "Park Borough": "BROOKLYN", "Vehicle Type": null, "Taxi Company Borough": null, "Taxi Pick Up Location": null, "Bridge Highway Name": null, "Bridge Highway Direction": null, "Road Ramp": null, "Bridge Highway Segment": null, "Latitude": 40.655942231004786, "Longitude": -73.955140135685838, "Location": "(40.655942231004786, -73.95514013568584)", "Zip Codes": 13510, "Community Districts": 17, "Borough Boundaries": 2, "City Council Districts": 11, "Police Precincts": 44, "Police Precinct": 44 }, "geometry": { "type": "Point", "coordinates": [ -73.955140135685838, 40.655942231004786 ] } },
{ "type": "Feature", "properties": { "Unique Key": 66235656, "Created Date": "09/22/2025 05:16:35 PM", "Closed Date": null, "Agency": "DOHMH", "Agency Name": "Department of Health and Mental Hygiene", "Complaint Type": "Rodent", "Descriptor": "Signs of Rodents", "Location Type": "3+ Family Apt. Building", "Incident Zip": 10024, "Incident Address": "72 WEST   88 STREET", "Street Name": "WEST   88 STREET", "Cross Street 1": "CENTRAL PARK WEST", "Cross Street 2": "COLUMBUS AVENUE", "Intersection Street 1": "CENTRAL PARK WEST", "Intersection Street 2": "COLUMBUS AVENUE", "Address Type": "ADDRESS", "City": "NEW YORK", "Landmark": "WEST   88 STREET", "Facility Type": null, "Status": "In Progress", "Due Date": null, "Resolution Description": null, "Resolution Action Updated Date": null, "Community Board": "07 MANHATTAN", "BBL": 1012010063, "Borough": "MANHATTAN", "X Coordinate (State Plane)": 992485, "Y Coordinate (State Plane)": 226141, "Open Data Channel Type": "ONLINE", "Park Facility Name": "Unspecified", "Park Borough": "MANHATTAN", "Vehicle Type": null, "Taxi Company Borough": null, "Taxi Pick Up Location": null, "Bridge Highway Name": null, "Bridge Highway Direction": null, "Road Ramp": null, "Bridge Highway Segment": null, "Latitude": 40.787377129786918, "Longitude": -73.970261891037651, "Location": "(40.78737712978692, -73.97026189103765)", "Zip Codes": 12421, "Community Districts": 20, "Borough Boundaries": 4, "City Council Districts": 19, "Police Precincts": 15, "Police Precinct": 15 }, "geometry": { "type": "Point", "coordinates": [ -73.970261891037651, 40.787377129786918 ] } },
{ "type": "Feature", "properties": { "Unique Key": 66238715, "Created Date": "09/22/2025 03:58:35 PM", "Closed Date": null, "Agency": "DOHMH", "Agency Name": "Department of Health and Mental Hygiene", "Complaint Type": "Rodent", "Descriptor": "Signs of Rodents", "Location Type": "3+ Family Apt. Building", "Incident Zip": 11217, "Incident Address": "693 DEGRAW STREET", "Street Name": "DEGRAW STREET", "Cross Street 1": "4 AVENUE", "Cross Street 2": "5 AVENUE", "Intersection Street 1": "4 AVENUE", "Intersection Street 2": "5 AVENUE", "Address Type": "ADDRESS", "City": "BROOKLYN", "Landmark": "DEGRAW STREET", "Facility Type": null, "Status": "In Progress", "Due Date": null, "Resolution Description": null, "Resolution Action Updated Date": null, "Community Board": "06 BROOKLYN", "BBL": 3009460058, "Borough": "BROOKLYN", "X Coordinate (State Plane)": 989715, "Y Coordinate (State Plane)": 186275, "Open Data Channel Type": "ONLINE", "Park Facility Name": "Unspecified", "Park Borough": "BROOKLYN", "Vehicle Type": null, "Taxi Company Borough": null, "Taxi Pick Up Location": null, "Bridge Highway Name": null, "Bridge Highway Direction": null, "Road Ramp": null, "Bridge Highway Segment": null, "Latitude": 40.677956918013678, "Longitude": -73.980297254118057, "Location": "(40.67795691801368, -73.98029725411806)", "Zip Codes": 17619, "Community Districts": 14, "Borough Boundaries": 2, "City Council Districts": 27, "Police Precincts": 50, "Police Precinct": 50 }, "geometry": { "type": "Point", "coordinates": [ -73.980297254118057, 40.677956918013678 ] } },
{ "type": "Feature", "properties": { "Unique Key": 66241334, "Created Date": "09/22/2025 12:31:57 PM", "Closed Date": null, "Agency": "DOHMH", "Agency Name": "Department of Health and Mental Hygiene", "Complaint Type": "Rodent", "Descriptor": "Signs of Rodents", "Location Type": "3+ Family Apt. Building", "Incident Zip": 10463, "Incident Address": "2550 INDEPENDENCE AVENUE", "Street Name": "INDEPENDENCE AVENUE", "Cross Street 1": "BRADLEY TERRACE", "Cross Street 2": "KAPPOCK STREET", "Intersection Street 1": "BRADLEY TERRACE", "Intersection Street 2": "KAPPOCK STREET", "Address Type": "ADDRESS", "City": "BRONX", "Landmark": "INDEPENDENCE AVENUE", "Facility Type": null, "Status": "In Progress", "Due Date": null, "Resolution Description": null, "Resolution Action Updated Date": null, "Community Board": "08 BRONX", "BBL": 2057430203, "Borough": "BRONX", "X Coordinate (State Plane)": 1006444, "Y Coordinate (State Plane)": 260030, "Open Data Channel Type": "PHONE", "Park Facility Name": "Unspecified", "Park Borough": "BRONX", "Vehicle Type": null, "Taxi Company Borough": null, "Taxi Pick Up Location": null, "Bridge Highway Name": null, "Bridge Highway Direction": null, "Road Ramp": null, "Bridge Highway Segment": null, "Latitude": 40.880368585088533, "Longitude": -73.919741251060643, "Location": "(40.88036858508853, -73.91974125106064)", "Zip Codes": 11272, "Community Districts": 48, "Borough Boundaries": 5, "City Council Districts": 40, "Police Precincts": 33, "Police Precinct": 33 }, "geometry": { "type": "Point", "coordinates": [ -73.919741251060643, 40.880368585088533 ] } },
{ "type": "Feature", "properties": { "Unique Key": 66252971, "Created Date": "09/23/2025 04:08:02 PM", "Closed Date": null, "Agency": "DOHMH", "Agency Name": "Department of Health and Mental Hygiene", "Complaint Type": "Rodent", "Descriptor": "Signs of Rodents", "Location Type": "Street", "Incident Zip": 11377, "Incident Address": "41-13 72 STREET", "Street Name": "72 STREET", "Cross Street 1": "41 AVENUE", "Cross Street 2": "WOODSIDE AVENUE", "Intersection Street 1": "41 AVENUE", "Intersection Street 2": "WOODSIDE AVENUE", "Address Type": "ADDRESS", "City": "WOODSIDE", "Landmark": "72 STREET", "Facility Type": null, "Status": "In Progress", "Due Date": null, "Resolution Description": null, "Resolution Action Updated Date": null, "Community Board": "02 QUEENS", "BBL": 4013120001, "Borough": "QUEENS", "X Coordinate (State Plane)": 1013732, "Y Coordinate (State Plane)": 210529, "Open Data Channel Type": "ONLINE", "Park Facility Name": "Unspecified", "Park Borough": "QUEENS", "Vehicle Type": null, "Taxi Company Borough": null, "Taxi Pick Up Location": null, "Bridge Highway Name": null, "Bridge Highway Direction": null, "Road Ramp": null, "Bridge Highway Segment": null, "Latitude": 40.744480922910604, "Longitude": -73.893603567393029, "Location": "(40.744480922910604, -73.89360356739303)", "Zip Codes": 14787, "Community Districts": 53, "Borough Boundaries": 3, "City Council Districts": 33, "Police Precincts": 66, "Police Precinct": 66 }, "geometry": { "type": "Point", "coordinates": [ -73.893603567393029, 40.744480922910604 ] } },
{ "type": "Feature", "properties": { "Unique Key": 66253976, "Created Date": "09/23/2025 01:53:41 PM", "Closed Date": "09/24/2025 08:49:49 AM", "Agency": "DOHMH", "Agency Name": "Department of Health and Mental Hygiene", "Complaint Type": "Rodent", "Descriptor": "Signs of Rodents", "Location Type": "1-2 Family Dwelling", "Incident Zip": 11221, "Incident Address": "82 HIMROD STREET", "Street Name": "HIMROD STREET", "Cross Street 1": "EVERGREEN AVENUE", "Cross Street 2": "CENTRAL AVENUE", "Intersection Street 1": "EVERGREEN AVENUE", "Intersection Street 2": "CENTRAL AVENUE", "Address Type": "ADDRESS", "City": "BROOKLYN", "Landmark": "HIMROD STREET", "Facility Type": "N/A", "Status": "Closed", "Due Date": null, "Resolution Description": "This service request was closed because the Department of Health and Mental Hygiene received an earlier complaint about the same location.  You can find inspection results for this address by going to the online Rat Portal at www.nyc.gov/rats.", "Resolution Action Updated Date": "09/23/2025 01:53:41 PM", "Community Board": "04 BROOKLYN", "BBL": 3032750029, "Borough": "BROOKLYN", "X Coordinate (State Plane)": 1005334, "Y Coordinate (State Plane)": 192818, "Open Data Channel Type": "PHONE", "Park Facility Name": "Unspecified", "Park Borough": "BROOKLYN", "Vehicle Type": null, "Taxi Company Borough": null, "Taxi Pick Up Location": null, "Bridge Highway Name": null, "Bridge Highway Direction": null, "Road Ramp": null, "Bridge Highway Segment": null, "Latitude": 40.69589252494255, "Longitude": -73.923966240769019, "Location": "(40.69589252494255, -73.92396624076902)", "Zip Codes": 18181, "Community Districts": 42, "Borough Boundaries": 2, "City Council Districts": 30, "Police Precincts": 53, "Police Precinct": 53 }, "geometry": { "type": "Point", "coordinates": [ -73.923966240769019, 40.69589252494255 ] } },
{ "type": "Feature", "properties": { "Unique Key": 66260847, "Created Date": "09/24/2025 07:33:19 AM", "Closed Date": "09/24/2025 09:18:33 AM", "Agency": "DOHMH", "Agency Name": "Department of Health and Mental Hygiene", "Complaint Type": "Rodent", "Descriptor": "Signs of Rodents", "Location Type": "3+ Family Apt. Building", "Incident Zip": 10009, "Incident Address": "516 EAST   12 STREET", "Street Name": "EAST   12 STREET", "Cross Street 1": "AVENUE A", "Cross Street 2": "AVENUE B", "Intersection Street 1": "AVENUE A", "Intersection Street 2": "AVENUE B", "Address Type": "ADDRESS", "City": "NEW YORK", "Landmark": "EAST   12 STREET", "Facility Type": "N/A", "Status": "Closed", "Due Date": null, "Resolution Description": "This service request was closed because the Department of Health and Mental Hygiene received an earlier complaint about the same location.  You can find inspection results for this address by going to the online Rat Portal at www.nyc.gov/rats.", "Resolution Action Updated Date": "09/24/2025 07:33:19 AM", "Community Board": "03 MANHATTAN", "BBL": 1004050016, "Borough": "MANHATTAN", "X Coordinate (State Plane)": 989595, "Y Coordinate (State Plane)": 204806, "Open Data Channel Type": "PHONE", "Park Facility Name": "Unspecified", "Park Borough": "MANHATTAN", "Vehicle Type": null, "Taxi Company Borough": null, "Taxi Pick Up Location": null, "Bridge Highway Name": null, "Bridge Highway Direction": null, "Road Ramp": null, "Bridge Highway Segment": null, "Latitude": 40.728820231020052, "Longitude": -73.980715177063118, "Location": "(40.72882023102005, -73.98071517706312)", "Zip Codes": 11729, "Community Districts": 70, "Borough Boundaries": 4, "City Council Districts": 50, "Police Precincts": 5, "Police Precinct": 5 }, "geometry": { "type": "Point", "coordinates": [ -73.980715177063118, 40.728820231020052 ] } },
{ "type": "Feature", "properties": { "Unique Key": 66260848, "Created Date": "09/24/2025 09:02:31 AM", "Closed Date": null, "Agency": "DOHMH", "Agency Name": "Department of Health and Mental Hygiene", "Complaint Type": "Rodent", "Descriptor": "Signs of Rodents", "Location Type": "3+ Family Mixed Use Building", "Incident Zip": 10459, "Incident Address": "1429 PROSPECT AVENUE", "Street Name": "PROSPECT AVENUE", "Cross Street 1": "JENNINGS STREET", "Cross Street 2": "EAST  170 STREET", "Intersection Street 1": "JENNINGS STREET", "Intersection Street 2": "EAST  170 STREET", "Address Type": "ADDRESS", "City": "BRONX", "Landmark": "PROSPECT AVENUE", "Facility Type": null, "Status": "In Progress", "Due Date": null, "Resolution Description": null, "Resolution Action Updated Date": null, "Community Board": "03 BRONX", "BBL": 2029620030, "Borough": "BRONX", "X Coordinate (State Plane)": 1012887, "Y Coordinate (State Plane)": 242738, "Open Data Channel Type": "ONLINE", "Park Facility Name": "Unspecified", "Park Borough": "BRONX", "Vehicle Type": null, "Taxi Company Borough": null, "Taxi Pick Up Location": null, "Bridge Highway Name": null, "Bridge Highway Direction": null, "Road Ramp": null, "Bridge Highway Segment": null, "Latitude": 40.832888696429521, "Longitude": -73.896515732696685, "Location": "(40.83288869642952, -73.89651573269668)", "Zip Codes": 10937, "Community Districts": 34, "Borough Boundaries": 5, "City Council Districts": 42, "Police Precincts": 25, "Police Precinct": 25 }, "geometry": { "type": "Point", "coordinates": [ -73.896515732696685, 40.832888696429521 ] } },
{ "type": "Feature", "properties": { "Unique Key": 66260855, "Created Date": "09/24/2025 11:39:24 AM", "Closed Date": null, "Agency": "DOHMH", "Agency Name": "Department of Health and Mental Hygiene", "Complaint Type": "Rodent", "Descriptor": "Signs of Rodents", "Location Type": "3+ Family Apt. Building", "Incident Zip": 11212, "Incident Address": "279 EAST   92 STREET", "Street Name": "EAST   92 STREET", "Cross Street 1": "CLARKSON AVENUE", "Cross Street 2": "LENOX ROAD", "Intersection Street 1": "CLARKSON AVENUE", "Intersection Street 2": "LENOX ROAD", "Address Type": "ADDRESS", "City": "BROOKLYN", "Landmark": "EAST   92 STREET", "Facility Type": null, "Status": "In Progress", "Due Date": null, "Resolution Description": null, "Resolution Action Updated Date": null, "Community Board": "17 BROOKLYN", "BBL": 3046470001, "Borough": "BROOKLYN", "X Coordinate (State Plane)": 1005421, "Y Coordinate (State Plane)": 179176, "Open Data Channel Type": "PHONE", "Park Facility Name": "Unspecified", "Park Borough": "BROOKLYN", "Vehicle Type": null, "Taxi Company Borough": null, "Taxi Pick Up Location": null, "Bridge Highway Name": null, "Bridge Highway Direction": null, "Road Ramp": null, "Bridge Highway Segment": null, "Latitude": 40.658448123161726, "Longitude": -73.923695352956187, "Location": "(40.658448123161726, -73.92369535295619)", "Zip Codes": 17614, "Community Districts": 61, "Borough Boundaries": 2, "City Council Districts": 17, "Police Precincts": 40, "Police Precinct": 40 }, "geometry": { "type": "Point", "coordinates": [ -73.923695352956187, 40.658448123161726 ] } },
{ "type": "Feature", "properties": { "Unique Key": 66262165, "Created Date": "09/24/2025 03:13:44 PM", "Closed Date": "09/25/2025 11:40:30 AM", "Agency": "DOHMH", "Agency Name": "Department of Health and Mental Hygiene", "Complaint Type": "Rodent", "Descriptor": "Signs of Rodents", "Location Type": "1-2 Family Dwelling", "Incident Zip": 10312, "Incident Address": "46 ANACONDA STREET", "Street Name": "ANACONDA STREET", "Cross Street 1": "SPERRY PLACE", "Cross Street 2": "CASTOR PLACE", "Intersection Street 1": "SPERRY PLACE", "Intersection Street 2": "CASTOR PLACE", "Address Type": "ADDRESS", "City": "STATEN ISLAND", "Landmark": "ANACONDA STREET", "Facility Type": "N/A", "Status": "Closed", "Due Date": null, "Resolution Description": "This service request was closed because the Department of Health and Mental Hygiene received an earlier complaint about the same location.  You can find inspection results for this address by going to the online Rat Portal at www.nyc.gov/rats.", "Resolution Action Updated Date": "09/24/2025 03:13:44 PM", "Community Board": "03 STATEN ISLAND", "BBL": 5060480043, "Borough": "STATEN ISLAND", "X Coordinate (State Plane)": 929839, "Y Coordinate (State Plane)": 138291, "Open Data Channel Type": "ONLINE", "Park Facility Name": "Unspecified", "Park Borough": "STATEN ISLAND", "Vehicle Type": null, "Taxi Company Borough": null, "Taxi Pick Up Location": null, "Bridge Highway Name": null, "Bridge Highway Direction": null, "Road Ramp": null, "Bridge Highway Segment": null, "Latitude": 40.546085540131074, "Longitude": -74.195778836906555, "Location": "(40.546085540131074, -74.19577883690656)", "Zip Codes": 10699, "Community Districts": 15, "Borough Boundaries": 1, "City Council Districts": 9, "Police Precincts": 77, "Police Precinct": 77 }, "geometry": { "type": "Point", "coordinates": [ -74.195778836906555, 40.546085540131074 ] } },
{ "type": "Feature", "properties": { "Unique Key": 66262184, "Created Date": "09/24/2025 10:31:43 AM", "Closed Date": "09/25/2025 09:47:55 AM", "Agency": "DOHMH", "Agency Name": "Department of Health and Mental Hygiene", "Complaint Type": "Rodent", "Descriptor": "Signs of Rodents", "Location Type": "Sidewalk", "Incident Zip": 10024, "Incident Address": "589 AMSTERDAM AVENUE", "Street Name": "AMSTERDAM AVENUE", "Cross Street 1": "WEST 88 STREET", "Cross Street 2": "WEST 89 STREET", "Intersection Street 1": "WEST   88 STREET", "Intersection Street 2": "WEST   89 STREET", "Address Type": "ADDRESS", "City": "NEW YORK", "Landmark": "AMSTERDAM AVENUE", "Facility Type": "N/A", "Status": "Closed", "Due Date": null, "Resolution Description": "This service request was closed because the Department of Health and Mental Hygiene received an earlier complaint about the same location.  You can find inspection results for this address by going to the online Rat Portal at www.nyc.gov/rats.", "Resolution Action Updated Date": "09/24/2025 10:31:43 AM", "Community Board": "07 MANHATTAN", "BBL": 1012190001, "Borough": "MANHATTAN", "X Coordinate (State Plane)": 991491, "Y Coordinate (State Plane)": 226827, "Open Data Channel Type": "ONLINE", "Park Facility Name": "Unspecified", "Park Borough": "MANHATTAN", "Vehicle Type": null, "Taxi Company Borough": null, "Taxi Pick Up Location": null, "Bridge Highway Name": null, "Bridge Highway Direction": null, "Road Ramp": null, "Bridge Highway Segment": null, "Latitude": 40.789260886149705, "Longitude": -73.973850669248591, "Location": "(40.789260886149705, -73.97385066924859)", "Zip Codes": 12421, "Community Districts": 20, "Borough Boundaries": 4, "City Council Districts": 19, "Police Precincts": 15, "Police Precinct": 15 }, "geometry": { "type": "Point", "coordinates": [ -73.973850669248591, 40.789260886149705 ] } },
{ "type": "Feature", "properties": { "Unique Key": 66263377, "Created Date": "09/24/2025 02:11:57 PM", "Closed Date": null, "Agency": "DOHMH", "Agency Name": "Department of Health and Mental Hygiene", "Complaint Type": "Rodent", "Descriptor": "Signs of Rodents", "Location Type": "1-2 Family Dwelling", "Incident Zip": 11215, "Incident Address": "475 16 STREET", "Street Name": "16 STREET", "Cross Street 1": "PROSPECT PARK WEST", "Cross Street 2": "10 AVENUE", "Intersection Street 1": "PROSPECT PARK WEST", "Intersection Street 2": "10 AVENUE", "Address Type": "ADDRESS", "City": "BROOKLYN", "Landmark": "16 STREET", "Facility Type": null, "Status": "In Progress", "Due Date": null, "Resolution Description": null, "Resolution Action Updated Date": null, "Community Board": "07 BROOKLYN", "BBL": 3011060069, "Borough": "BROOKLYN", "X Coordinate (State Plane)": 989815, "Y Coordinate (State Plane)": 179806, "Open Data Channel Type": "ONLINE", "Park Facility Name": "Unspecified", "Park Borough": "BROOKLYN", "Vehicle Type": null, "Taxi Company Borough": null, "Taxi Pick Up Location": null, "Bridge Highway Name": null, "Bridge Highway Direction": null, "Road Ramp": null, "Bridge Highway Segment": null, "Latitude": 40.660200895010661, "Longitude": -73.979942068478195, "Location": "(40.66020089501066, -73.9799420684782)", "Zip Codes": 17617, "Community Districts": 9, "Borough Boundaries": 2, "City Council Districts": 27, "Police Precincts": 45, "Police Precinct": 45 }, "geometry": { "type": "Point", "coordinates": [ -73.979942068478195, 40.660200895010661 ] } },
{ "type": "Feature", "properties": { "Unique Key": 66265842, "Created Date": "09/24/2025 10:04:02 AM", "Closed Date": null, "Agency": "DOHMH", "Agency Name": "Department of Health and Mental Hygiene", "Complaint Type": "Rodent", "Descriptor": "Signs of Rodents", "Location Type": "1-2 Family Dwelling", "Incident Zip": 11231, "Incident Address": "19 CHEEVER PLACE", "Street Name": "CHEEVER PLACE", "Cross Street 1": "KANE STREET", "Cross Street 2": "DEGRAW STREET", "Intersection Street 1": "KANE STREET", "Intersection Street 2": "DEGRAW STREET", "Address Type": "ADDRESS", "City": "BROOKLYN", "Landmark": "CHEEVER PLACE", "Facility Type": null, "Status": "In Progress", "Due Date": null, "Resolution Description": null, "Resolution Action Updated Date": null, "Community Board": "06 BROOKLYN", "BBL": 3003220021, "Borough": "BROOKLYN", "X Coordinate (State Plane)": 984462, "Y Coordinate (State Plane)": 189315, "Open Data Channel Type": "ONLINE", "Park Facility Name": "Unspecified", "Park Borough": "BROOKLYN", "Vehicle Type": null, "Taxi Company Borough": null, "Taxi Pick Up Location": null, "Bridge Highway Name": null, "Bridge Highway Direction": null, "Road Ramp": null, "Bridge Highway Segment": null, "Latitude": 40.686302710783778, "Longitude": -73.999235589226288, "Location": "(40.68630271078378, -73.99923558922629)", "Zip Codes": 13514, "Community Districts": 14, "Borough Boundaries": 2, "City Council Districts": 27, "Police Precincts": 48, "Police Precinct": 48 }, "geometry": { "type": "Point", "coordinates": [ -73.999235589226288, 40.686302710783778 ] } },
{ "type": "Feature", "properties": { "Unique Key": 66266697, "Created Date": "09/24/2025 09:46:24 AM", "Closed Date": null, "Agency": "DOHMH", "Agency Name": "Department of Health and Mental Hygiene", "Complaint Type": "Rodent", "Descriptor": "Signs of Rodents", "Location Type": "1-2 Family Dwelling", "Incident Zip": 11203, "Incident Address": "689 LINDEN BOULEVARD", "Street Name": "LINDEN BOULEVARD", "Cross Street 1": "SCHENECTADY AVENUE", "Cross Street 2": "EAST   48 STREET", "Intersection Street 1": "SCHENECTADY AVENUE", "Intersection Street 2": "EAST   48 STREET", "Address Type": "ADDRESS", "City": "BROOKLYN", "Landmark": "LINDEN BOULEVARD", "Facility Type": null, "Status": "In Progress", "Due Date": null, "Resolution Description": null, "Resolution Action Updated Date": null, "Community Board": "17 BROOKLYN", "BBL": 3046530030, "Borough": "BROOKLYN", "X Coordinate (State Plane)": 1002860, "Y Coordinate (State Plane)": 177432, "Open Data Channel Type": "ONLINE", "Park Facility Name": "Unspecified", "Park Borough": "BROOKLYN", "Vehicle Type": null, "Taxi Company Borough": null, "Taxi Pick Up Location": null, "Bridge Highway Name": null, "Bridge Highway Direction": null, "Road Ramp": null, "Bridge Highway Segment": null, "Latitude": 40.653666979345331, "Longitude": -73.932930533604988, "Location": "(40.65366697934533, -73.93293053360499)", "Zip Codes": 16866, "Community Districts": 61, "Borough Boundaries": 2, "City Council Districts": 17, "Police Precincts": 40, "Police Precinct": 40 }, "geometry": { "type": "Point", "coordinates": [ -73.932930533604988, 40.653666979345331 ] } },
{ "type": "Feature", "properties": { "Unique Key": 66268308, "Created Date": "09/25/2025 03:12:39 PM", "Closed Date": null, "Agency": "DOHMH", "Agency Name": "Department of Health and Mental Hygiene", "Complaint Type": "Rodent", "Descriptor": "Signs of Rodents", "Location Type": "3+ Family Apt. Building", "Incident Zip": 10451, "Incident Address": "690 GERARD AVENUE", "Street Name": "GERARD AVENUE", "Cross Street 1": "EAST  153 STREET", "Cross Street 2": "JEROME AVENUE LINE", "Intersection Street 1": "EAST  153 STREET", "Intersection Street 2": "JEROME AVENUE LINE", "Address Type": "ADDRESS", "City": "BRONX", "Landmark": "GERARD AVENUE", "Facility Type": null, "Status": "In Progress", "Due Date": null, "Resolution Description": null, "Resolution Action Updated Date": null, "Community Board": "04 BRONX", "BBL": 2024730001, "Borough": "BRONX", "X Coordinate (State Plane)": 1004390, "Y Coordinate (State Plane)": 239340, "Open Data Channel Type": "PHONE", "Park Facility Name": "Unspecified", "Park Borough": "BRONX", "Vehicle Type": null, "Taxi Company Borough": null, "Taxi Pick Up Location": null, "Bridge Highway Name": null, "Bridge Highway Direction": null, "Road Ramp": null, "Bridge Highway Segment": null, "Latitude": 40.823585624536996, "Longitude": -73.927231151336102, "Location": "(40.823585624536996, -73.9272311513361)", "Zip Codes": 10929, "Community Districts": 50, "Borough Boundaries": 5, "City Council Districts": 35, "Police Precincts": 27, "Police Precinct": 27 }, "geometry": { "type": "Point", "coordinates": [ -73.927231151336102, 40.823585624536996 ] } },
{ "type": "Feature", "properties": { "Unique Key": 66275610, "Created Date": "09/25/2025 12:52:26 PM", "Closed Date": null, "Agency": "DOHMH", "Agency Name": "Department of Health and Mental Hygiene", "Complaint Type": "Rodent", "Descriptor": "Signs of Rodents", "Location Type": "3+ Family Apt. Building", "Incident Zip": 11216, "Incident Address": "260 NEW YORK AVENUE", "Street Name": "NEW YORK AVENUE", "Cross Street 1": "ST JOHNS PLACE", "Cross Street 2": "LINCOLN PLACE", "Intersection Street 1": "ST JOHNS PLACE", "Intersection Street 2": "LINCOLN PLACE", "Address Type": "ADDRESS", "City": "BROOKLYN", "Landmark": "NEW YORK AVENUE", "Facility Type": null, "Status": "In Progress", "Due Date": null, "Resolution Description": null, "Resolution Action Updated Date": null, "Community Board": "08 BROOKLYN", "BBL": 3012550037, "Borough": "BROOKLYN", "X Coordinate (State Plane)": 998789, "Y Coordinate (State Plane)": 183861, "Open Data Channel Type": "ONLINE", "Park Facility Name": "Unspecified", "Park Borough": "BROOKLYN", "Vehicle Type": null, "Taxi Company Borough": null, "Taxi Pick Up Location": null, "Bridge Highway Name": null, "Bridge Highway Direction": null, "Road Ramp": null, "Bridge Highway Segment": null, "Latitude": 40.671320779668321, "Longitude": -73.94758833756498, "Location": "(40.67132077966832, -73.94758833756498)", "Zip Codes": 17618, "Community Districts": 16, "Borough Boundaries": 2, "City Council Districts": 48, "Police Precincts": 49, "Police Precinct": 49 }, "geometry": { "type": "Point", "coordinates": [ -73.94758833756498, 40.671320779668321 ] } },
{ "type": "Feature", "properties": { "Unique Key": 66280265, "Created Date": "09/26/2025 10:06:22 AM", "Closed Date": null, "Agency": "DOHMH", "Agency Name": "Department of Health and Mental Hygiene", "Complaint Type": "Rodent", "Descriptor": "Signs of Rodents", "Location Type": "Sidewalk", "Incident Zip": 11220, "Incident Address": "67 STREET", "Street Name": "67 STREET", "Cross Street 1": "RIDGE BOULEVARD", "Cross Street 2": "3 AVENUE", "Intersection Street 1": "RIDGE BOULEVARD", "Intersection Street 2": "3 AVENUE", "Address Type": "BLOCKFACE", "City": null, "Landmark": null, "Facility Type": null, "Status": "In Progress", "Due Date": null, "Resolution Description": null, "Resolution Action Updated Date": null, "Community Board": "Unspecified BROOKLYN", "BBL": null, "Borough": "BROOKLYN", "X Coordinate (State Plane)": null, "Y Coordinate (State Plane)": null, "Open Data Channel Type": "PHONE", "Park Facility Name": "Unspecified", "Park Borough": "BROOKLYN", "Vehicle Type": null, "Taxi Company Borough": null, "Taxi Pick Up Location": null, "Bridge Highway Name": null, "Bridge Highway Direction": null, "Road Ramp": null, "Bridge Highway Segment": null, "Latitude": null, "Longitude": null, "Location": null, "Zip Codes": null, "Community Districts": null, "Borough Boundaries": null, "City Council Districts": null, "Police Precincts": null, "Police Precinct": null }, "geometry": null },
{ "type": "Feature", "properties": { "Unique Key": 66280258, "Created Date": "09/26/2025 11:41:53 AM", "Closed Date": null, "Agency": "DOHMH", "Agency Name": "Department of Health and Mental Hygiene", "Complaint Type": "Rodent", "Descriptor": "Signs of Rodents", "Location Type": "1-2 Family Dwelling", "Incident Zip": 11434, "Incident Address": "152-09 125 AVENUE", "Street Name": "125 AVENUE", "Cross Street 1": "152 STREET", "Cross Street 2": "153 STREET", "Intersection Street 1": "152 STREET", "Intersection Street 2": "153 STREET", "Address Type": "ADDRESS", "City": "JAMAICA", "Landmark": "125 AVENUE", "Facility Type": null, "Status": "In Progress", "Due Date": null, "Resolution Description": null, "Resolution Action Updated Date": null, "Community Board": "12 QUEENS", "BBL": 4122190040, "Borough": "QUEENS", "X Coordinate (State Plane)": 1042856, "Y Coordinate (State Plane)": 185286, "Open Data Channel Type": "PHONE", "Park Facility Name": "Unspecified", "Park Borough": "QUEENS", "Vehicle Type": null, "Taxi Company Borough": null, "Taxi Pick Up Location": null, "Bridge Highway Name": null, "Bridge Highway Direction": null, "Road Ramp": null, "Bridge Highway Segment": null, "Latitude": 40.675050028920701, "Longitude": -73.788719138883536, "Location": "(40.6750500289207, -73.78871913888354)", "Zip Codes": 24669, "Community Districts": 41, "Borough Boundaries": 3, "City Council Districts": 46, "Police Precincts": 71, "Police Precinct": 71 }, "geometry": { "type": "Point", "coordinates": [ -73.788719138883536, 40.675050028920701 ] } },
{ "type": "Feature", "properties": { "Unique Key": 66281763, "Created Date": "09/26/2025 12:52:49 PM", "Closed Date": null, "Agency": "DOHMH", "Agency Name": "Department of Health and Mental Hygiene", "Complaint Type": "Rodent", "Descriptor": "Signs of Rodents", "Location Type": "1-2 Family Dwelling", "Incident Zip": 11213, "Incident Address": "1444 LINCOLN PLACE", "Street Name": "LINCOLN PLACE", "Cross Street 1": "UTICA AVENUE", "Cross Street 2": "ROCHESTER AVENUE", "Intersection Street 1": "UTICA AVENUE", "Intersection Street 2": "ROCHESTER AVENUE", "Address Type": "ADDRESS", "City": "BROOKLYN", "Landmark": "LINCOLN PLACE", "Facility Type": null, "Status": "In Progress", "Due Date": null, "Resolution Description": null, "Resolution Action Updated Date": null, "Community Board": "08 BROOKLYN", "BBL": 3013910035, "Borough": "BROOKLYN", "X Coordinate (State Plane)": 1003944, "Y Coordinate (State Plane)": 183245, "Open Data Channel Type": "PHONE", "Park Facility Name": "Unspecified", "Park Borough": "BROOKLYN", "Vehicle Type": null, "Taxi Company Borough": null, "Taxi Pick Up Location": null, "Bridge Highway Name": null, "Bridge Highway Direction": null, "Road Ramp": null, "Bridge Highway Segment": null, "Latitude": 40.669620031233791, "Longitude": -73.929006877272073, "Location": "(40.66962003123379, -73.92900687727207)", "Zip Codes": 17615, "Community Districts": 16, "Borough Boundaries": 2, "City Council Districts": 17, "Police Precincts": 49, "Police Precinct": 49 }, "geometry": { "type": "Point", "coordinates": [ -73.929006877272073, 40.669620031233791 ] } },
{ "type": "Feature", "properties": { "Unique Key": 66278768, "Created Date": "09/26/2025 09:20:59 AM", "Closed Date": null, "Agency": "DOHMH", "Agency Name": "Department of Health and Mental Hygiene", "Complaint Type": "Rodent", "Descriptor": "Signs of Rodents", "Location Type": "Sidewalk", "Incident Zip": 10024, "Incident Address": "589 AMSTERDAM AVENUE", "Street Name": "AMSTERDAM AVENUE", "Cross Street 1": "WEST   88 STREET", "Cross Street 2": "WEST   89 STREET", "Intersection Street 1": "WEST   88 STREET", "Intersection Street 2": "WEST   89 STREET", "Address Type": "ADDRESS", "City": "NEW YORK", "Landmark": "AMSTERDAM AVENUE", "Facility Type": null, "Status": "In Progress", "Due Date": null, "Resolution Description": null, "Resolution Action Updated Date": null, "Community Board": "07 MANHATTAN", "BBL": 1012190001, "Borough": "MANHATTAN", "X Coordinate (State Plane)": 991491, "Y Coordinate (State Plane)": 226827, "Open Data Channel Type": "ONLINE", "Park Facility Name": "Unspecified", "Park Borough": "MANHATTAN", "Vehicle Type": null, "Taxi Company Borough": null, "Taxi Pick Up Location": null, "Bridge Highway Name": null, "Bridge Highway Direction": null, "Road Ramp": null, "Bridge Highway Segment": null, "Latitude": 40.789260886149705, "Longitude": -73.973850669248591, "Location": "(40.789260886149705, -73.97385066924859)", "Zip Codes": 12421, "Community Districts": 20, "Borough Boundaries": 4, "City Council Districts": 19, "Police Precincts": 15, "Police Precinct": 15 }, "geometry": { "type": "Point", "coordinates": [ -73.973850669248591, 40.789260886149705 ] } },
{ "type": "Feature", "properties": { "Unique Key": 66289319, "Created Date": "09/26/2025 08:01:47 AM", "Closed Date": null, "Agency": "DOHMH", "Agency Name": "Department of Health and Mental Hygiene", "Complaint Type": "Rodent", "Descriptor": "Signs of Rodents", "Location Type": "1-2 Family Dwelling", "Incident Zip": 11358, "Incident Address": "196-43 46 AVENUE", "Street Name": "46 AVENUE", "Cross Street 1": "196 PLACE", "Cross Street 2": "197 STREET", "Intersection Street 1": "196 PLACE", "Intersection Street 2": "197 STREET", "Address Type": "ADDRESS", "City": "FLUSHING", "Landmark": "46 AVENUE", "Facility Type": null, "Status": "In Progress", "Due Date": null, "Resolution Description": null, "Resolution Action Updated Date": null, "Community Board": "11 QUEENS", "BBL": 4055410024, "Borough": "QUEENS", "X Coordinate (State Plane)": 1044177, "Y Coordinate (State Plane)": 214112, "Open Data Channel Type": "ONLINE", "Park Facility Name": "Unspecified", "Park Borough": "QUEENS", "Vehicle Type": null, "Taxi Company Borough": null, "Taxi Pick Up Location": null, "Bridge Highway Name": null, "Bridge Highway Direction": null, "Road Ramp": null, "Bridge Highway Segment": null, "Latitude": 40.754161421197431, "Longitude": -73.783700206257009, "Location": "(40.75416142119743, -73.78370020625701)", "Zip Codes": 14193, "Community Districts": 26, "Borough Boundaries": 3, "City Council Districts": 20, "Police Precincts": 69, "Police Precinct": 69 }, "geometry": { "type": "Point", "coordinates": [ -73.783700206257009, 40.754161421197431 ] } }
]
}
