GISJOIN,YEAR,STUSAB,REGIONA,DIVISIONA,STATE,STATEA,COUNTY,COUNTYA,COUSUBA,PLACEA,TRACTA,BLKGRPA,CONCITA,AIANHHA,RES_ONLYA,TRUSTA,AIHHTLI,AITSA,ANRCA,CBSAA,CSAA,METDIVA,CNECTA,NECTADIV,UAA,CDCURRA,SLDUA,SLDLA,ZCTA5A,SUBMCDA,SDELMA,SDSECA,SDUNIA,PCI,PUMAA,GEO_ID,BTTRA,BTBGA,TL_GEO_ID,NAME_E,ASS9E001,ASS9E002,ASS9E003,NAME_M,ASS9M001,ASS9M002,ASS9M003,p_owner,p_renter
G0100010,2019-2023,AL,,,Alabama,1,Autauga County,1,,,,,,,,,,,,,,,.,.,,,,,,,,,,,,0500000US01001,,,01001,"Autauga County, Alabama",22523,16872,5651,"Autauga County, Alabama",431,638,552,0.749100919060516,0.250899080939484
G0100030,2019-2023,AL,,,Alabama,1,Baldwin County,3,,,,,,,,,,,,,,,.,.,,,,,,,,,,,,0500000US01003,,,01003,"Baldwin County, Alabama",94642,73381,21261,"Baldwin County, Alabama",1316,1526,1446,0.775353437163205,0.224646562836796
G0100050,2019-2023,AL,,,Alabama,1,Barbour County,5,,,,,,,,,,,,,,,.,.,,,,,,,,,,,,0500000US01005,,,01005,"Barbour County, Alabama",9080,6128,2952,"Barbour County, Alabama",315,347,265,0.67488986784141,0.32511013215859
G0100070,2019-2023,AL,,,Alabama,1,Bibb County,7,,,,,,,,,,,,,,,.,.,,,,,,,,,,,,0500000US01007,,,01007,"Bibb County, Alabama",7571,5843,1728,"Bibb County, Alabama",288,345,316,0.771760665698058,0.228239334301942
G0100090,2019-2023,AL,,,Alabama,1,Blount County,9,,,,,,,,,,,,,,,.,.,,,,,,,,,,,,0500000US01009,,,01009,"Blount County, Alabama",21977,17473,4504,"Blount County, Alabama",403,543,468,0.795058470218865,0.204941529781135
G0100110,2019-2023,AL,,,Alabama,1,Bullock County,11,,,,,,,,,,,,,,,.,.,,,,,,,,,,,,0500000US01011,,,01011,"Bullock County, Alabama",3453,2193,1260,"Bullock County, Alabama",245,222,204,0.635099913119027,0.364900086880973
G0100130,2019-2023,AL,,,Alabama,1,Butler County,13,,,,,,,,,,,,,,,.,.,,,,,,,,,,,,0500000US01013,,,01013,"Butler County, Alabama",7262,4968,2294,"Butler County, Alabama",313,263,245,0.684109060864776,0.315890939135225
G0100150,2019-2023,AL,,,Alabama,1,Calhoun County,15,,,,,,,,,,,,,,,.,.,,,,,,,,,,,,0500000US01015,,,01015,"Calhoun County, Alabama",45125,31762,13363,"Calhoun County, Alabama",708,814,877,0.70386703601108,0.29613296398892
G0100170,2019-2023,AL,,,Alabama,1,Chambers County,17,,,,,,,,,,,,,,,.,.,,,,,,,,,,,,0500000US01017,,,01017,"Chambers County, Alabama",13419,9526,3893,"Chambers County, Alabama",476,520,434,0.70988896341009,0.29011103658991
G0100190,2019-2023,AL,,,Alabama,1,Cherokee County,19,,,,,,,,,,,,,,,.,.,,,,,,,,,,,,0500000US01019,,,01019,"Cherokee County, Alabama",10477,8324,2153,"Cherokee County, Alabama",416,431,336,0.794502243008495,0.205497756991505
G0100210,2019-2023,AL,,,Alabama,1,Chilton County,21,,,,,,,,,,,,,,,.,.,,,,,,,,,,,,0500000US01021,,,01021,"Chilton County, Alabama",17554,13487,4067,"Chilton County, Alabama",415,575,410,0.76831491397972,0.23168508602028
G0100230,2019-2023,AL,,,Alabama,1,Choctaw County,23,,,,,,,,,,,,,,,.,.,,,,,,,,,,,,0500000US01023,,,01023,"Choctaw County, Alabama",5174,4254,920,"Choctaw County, Alabama",261,259,210,0.822187862388867,0.177812137611133
G0100250,2019-2023,AL,,,Alabama,1,Clarke County,25,,,,,,,,,,,,,,,.,.,,,,,,,,,,,,0500000US01025,,,01025,"Clarke County, Alabama",8452,5994,2458,"Clarke County, Alabama",367,351,346,0.709181258873639,0.290818741126361
G0100270,2019-2023,AL,,,Alabama,1,Clay County,27,,,,,,,,,,,,,,,.,.,,,,,,,,,,,,0500000US01027,,,01027,"Clay County, Alabama",5765,4479,1286,"Clay County, Alabama",262,249,220,0.77692974848222,0.22307025151778
G0100290,2019-2023,AL,,,Alabama,1,Cleburne County,29,,,,,,,,,,,,,,,.,.,,,,,,,,,,,,0500000US01029,,,01029,"Cleburne County, Alabama",5849,4682,1167,"Cleburne County, Alabama",215,242,220,0.800478714310139,0.199521285689862
G0100310,2019-2023,AL,,,Alabama,1,Coffee County,31,,,,,,,,,,,,,,,.,.,,,,,,,,,,,,0500000US01031,,,01031,"Coffee County, Alabama",20860,14442,6418,"Coffee County, Alabama",435,502,460,0.692329817833174,0.307670182166826
G0100330,2019-2023,AL,,,Alabama,1,Colbert County,33,,,,,,,,,,,,,,,.,.,,,,,,,,,,,,0500000US01033,,,01033,"Colbert County, Alabama",24217,17146,7071,"Colbert County, Alabama",489,666,578,0.708015030763513,0.291984969236487
G0100350,2019-2023,AL,,,Alabama,1,Conecuh County,35,,,,,,,,,,,,,,,.,.,,,,,,,,,,,,0500000US01035,,,01035,"Conecuh County, Alabama",4528,3393,1135,"Conecuh County, Alabama",265,286,247,0.749337455830389,0.250662544169611
G0100370,2019-2023,AL,,,Alabama,1,Coosa County,37,,,,,,,,,,,,,,,.,.,,,,,,,,,,,,0500000US01037,,,01037,"Coosa County, Alabama",4201,3416,785,"Coosa County, Alabama",203,213,145,0.813139728636039,0.186860271363961
G0100390,2019-2023,AL,,,Alabama,1,Covington County,39,,,,,,,,,,,,,,,.,.,,,,,,,,,,,,0500000US01039,,,01039,"Covington County, Alabama",14495,10975,3520,"Covington County, Alabama",307,360,349,0.757157640565712,0.242842359434288
G0100410,2019-2023,AL,,,Alabama,1,Crenshaw County,41,,,,,,,,,,,,,,,.,.,,,,,,,,,,,,0500000US01041,,,01041,"Crenshaw County, Alabama",5075,3766,1309,"Crenshaw County, Alabama",176,187,175,0.742068965517241,0.257931034482759
G0100430,2019-2023,AL,,,Alabama,1,Cullman County,43,,,,,,,,,,,,,,,.,.,,,,,,,,,,,,0500000US01043,,,01043,"Cullman County, Alabama",34543,26376,8167,"Cullman County, Alabama",607,724,655,0.763570043134644,0.236429956865356
G0100450,2019-2023,AL,,,Alabama,1,Dale County,45,,,,,,,,,,,,,,,.,.,,,,,,,,,,,,0500000US01045,,,01045,"Dale County, Alabama",19769,12127,7642,"Dale County, Alabama",356,460,395,0.613435176286105,0.386564823713896
G0100470,2019-2023,AL,,,Alabama,1,Dallas County,47,,,,,,,,,,,,,,,.,.,,,,,,,,,,,,0500000US01047,,,01047,"Dallas County, Alabama",15416,9406,6010,"Dallas County, Alabama",426,528,546,0.610145303580695,0.389854696419305
G0100490,2019-2023,AL,,,Alabama,1,DeKalb County,49,,,,,,,,,,,,,,,.,.,,,,,,,,,,,,0500000US01049,,,01049,"DeKalb County, Alabama",25946,19916,6030,"DeKalb County, Alabama",462,513,546,0.767594234178679,0.232405765821321
G0100510,2019-2023,AL,,,Alabama,1,Elmore County,51,,,,,,,,,,,,,,,.,.,,,,,,,,,,,,0500000US01051,,,01051,"Elmore County, Alabama",32529,25003,7526,"Elmore County, Alabama",559,696,701,0.768637216022626,0.231362783977374
G0100530,2019-2023,AL,,,Alabama,1,Escambia County,53,,,,,,,,,,,,,,,.,.,,,,,,,,,,,,0500000US01053,,,01053,"Escambia County, Alabama",12781,8779,4002,"Escambia County, Alabama",438,497,434,0.686878960957672,0.313121039042328
G0100550,2019-2023,AL,,,Alabama,1,Etowah County,55,,,,,,,,,,,,,,,.,.,,,,,,,,,,,,0500000US01055,,,01055,"Etowah County, Alabama",39160,28881,10279,"Etowah County, Alabama",581,740,632,0.737512768130746,0.262487231869254
G0100570,2019-2023,AL,,,Alabama,1,Fayette County,57,,,,,,,,,,,,,,,.,.,,,,,,,,,,,,0500000US01057,,,01057,"Fayette County, Alabama",6051,4731,1320,"Fayette County, Alabama",253,262,224,0.781854238968766,0.218145761031235
G0100590,2019-2023,AL,,,Alabama,1,Franklin County,59,,,,,,,,,,,,,,,.,.,,,,,,,,,,,,0500000US01059,,,01059,"Franklin County, Alabama",11593,8319,3274,"Franklin County, Alabama",368,378,375,0.717588199775727,0.282411800224273
G0100610,2019-2023,AL,,,Alabama,1,Geneva County,61,,,,,,,,,,,,,,,.,.,,,,,,,,,,,,0500000US01061,,,01061,"Geneva County, Alabama",10550,8258,2292,"Geneva County, Alabama",270,321,309,0.782748815165877,0.217251184834123
G0100630,2019-2023,AL,,,Alabama,1,Greene County,63,,,,,,,,,,,,,,,.,.,,,,,,,,,,,,0500000US01063,,,01063,"Greene County, Alabama",3037,2118,919,"Greene County, Alabama",199,193,166,0.697398748765229,0.302601251234771
G0100650,2019-2023,AL,,,Alabama,1,Hale County,65,,,,,,,,,,,,,,,.,.,,,,,,,,,,,,0500000US01065,,,01065,"Hale County, Alabama",5541,4267,1274,"Hale County, Alabama",253,277,280,0.7700776033207,0.2299223966793
G0100670,2019-2023,AL,,,Alabama,1,Henry County,67,,,,,,,,,,,,,,,.,.,,,,,,,,,,,,0500000US01067,,,01067,"Henry County, Alabama",6684,5407,1277,"Henry County, Alabama",311,356,250,0.808946738479952,0.191053261520048
G0100690,2019-2023,AL,,,Alabama,1,Houston County,69,,,,,,,,,,,,,,,.,.,,,,,,,,,,,,0500000US01069,,,01069,"Houston County, Alabama",42581,27216,15365,"Houston County, Alabama",402,512,475,0.639158310044386,0.360841689955614
G0100710,2019-2023,AL,,,Alabama,1,Jackson County,71,,,,,,,,,,,,,,,.,.,,,,,,,,,,,,0500000US01071,,,01071,"Jackson County, Alabama",21186,15898,5288,"Jackson County, Alabama",427,483,459,0.750401208345134,0.249598791654866
G0100730,2019-2023,AL,,,Alabama,1,Jefferson County,73,,,,,,,,,,,,,,,.,.,,,,,,,,,,,,0500000US01073,,,01073,"Jefferson County, Alabama",268911,171343,97568,"Jefferson County, Alabama",1573,2064,2275,0.637173637374447,0.362826362625553
G0100750,2019-2023,AL,,,Alabama,1,Lamar County,75,,,,,,,,,,,,,,,.,.,,,,,,,,,,,,0500000US01075,,,01075,"Lamar County, Alabama",4987,3692,1295,"Lamar County, Alabama",255,233,242,0.74032484459595,0.259675155404051
G0100770,2019-2023,AL,,,Alabama,1,Lauderdale County,77,,,,,,,,,,,,,,,.,.,,,,,,,,,,,,0500000US01077,,,01077,"Lauderdale County, Alabama",38777,26304,12473,"Lauderdale County, Alabama",507,768,663,0.678340253242902,0.321659746757098
G0100790,2019-2023,AL,,,Alabama,1,Lawrence County,79,,,,,,,,,,,,,,,.,.,,,,,,,,,,,,0500000US01079,,,01079,"Lawrence County, Alabama",13145,10702,2443,"Lawrence County, Alabama",324,395,318,0.814149866869532,0.185850133130468
G0100810,2019-2023,AL,,,Alabama,1,Lee County,81,,,,,,,,,,,,,,,.,.,,,,,,,,,,,,0500000US01081,,,01081,"Lee County, Alabama",67944,44659,23285,"Lee County, Alabama",759,959,978,0.65729129871659,0.34270870128341
G0100830,2019-2023,AL,,,Alabama,1,Limestone County,83,,,,,,,,,,,,,,,.,.,,,,,,,,,,,,0500000US01083,,,01083,"Limestone County, Alabama",40021,31015,9006,"Limestone County, Alabama",619,1036,912,0.774968141725594,0.225031858274406
G0100850,2019-2023,AL,,,Alabama,1,Lowndes County,85,,,,,,,,,,,,,,,.,.,,,,,,,,,,,,0500000US01085,,,01085,"Lowndes County, Alabama",4161,3217,944,"Lowndes County, Alabama",161,187,195,0.773131458783946,0.226868541216054
G0100870,2019-2023,AL,,,Alabama,1,Macon County,87,,,,,,,,,,,,,,,.,.,,,,,,,,,,,,0500000US01087,,,01087,"Macon County, Alabama",7151,4634,2517,"Macon County, Alabama",243,249,259,0.648021255768424,0.351978744231576
G0100890,2019-2023,AL,,,Alabama,1,Madison County,89,,,,,,,,,,,,,,,.,.,,,,,,,,,,,,0500000US01089,,,01089,"Madison County, Alabama",162469,111741,50728,"Madison County, Alabama",1068,1559,1421,0.687768128073663,0.312231871926337
G0100910,2019-2023,AL,,,Alabama,1,Marengo County,91,,,,,,,,,,,,,,,.,.,,,,,,,,,,,,0500000US01091,,,01091,"Marengo County, Alabama",7615,5258,2357,"Marengo County, Alabama",294,322,320,0.690479317137229,0.309520682862771
G0100930,2019-2023,AL,,,Alabama,1,Marion County,93,,,,,,,,,,,,,,,.,.,,,,,,,,,,,,0500000US01093,,,01093,"Marion County, Alabama",10874,8180,2694,"Marion County, Alabama",374,418,368,0.752253080743057,0.247746919256943
G0100950,2019-2023,AL,,,Alabama,1,Marshall County,95,,,,,,,,,,,,,,,.,.,,,,,,,,,,,,0500000US01095,,,01095,"Marshall County, Alabama",35963,27144,8819,"Marshall County, Alabama",451,660,574,0.754775741734561,0.245224258265439
G0100970,2019-2023,AL,,,Alabama,1,Mobile County,97,,,,,,,,,,,,,,,.,.,,,,,,,,,,,,0500000US01097,,,01097,"Mobile County, Alabama",160507,104128,56379,"Mobile County, Alabama",1367,1484,1593,0.648744291526226,0.351255708473774
G0100990,2019-2023,AL,,,Alabama,1,Monroe County,99,,,,,,,,,,,,,,,.,.,,,,,,,,,,,,0500000US01099,,,01099,"Monroe County, Alabama",7396,5193,2203,"Monroe County, Alabama",287,351,347,0.702136289886425,0.297863710113575
G0101010,2019-2023,AL,,,Alabama,1,Montgomery County,101,,,,,,,,,,,,,,,.,.,,,,,,,,,,,,0500000US01101,,,01101,"Montgomery County, Alabama",90785,52387,38398,"Montgomery County, Alabama",985,1139,1333,0.577044665969048,0.422955334030952
G0101030,2019-2023,AL,,,Alabama,1,Morgan County,103,,,,,,,,,,,,,,,.,.,,,,,,,,,,,,0500000US01103,,,01103,"Morgan County, Alabama",48752,35348,13404,"Morgan County, Alabama",501,782,763,0.725057433541188,0.274942566458812
G0101050,2019-2023,AL,,,Alabama,1,Perry County,105,,,,,,,,,,,,,,,.,.,,,,,,,,,,,,0500000US01105,,,01105,"Perry County, Alabama",3195,2215,980,"Perry County, Alabama",195,236,250,0.693270735524257,0.306729264475743
G0101070,2019-2023,AL,,,Alabama,1,Pickens County,107,,,,,,,,,,,,,,,.,.,,,,,,,,,,,,0500000US01107,,,01107,"Pickens County, Alabama",6946,5240,1706,"Pickens County, Alabama",228,262,214,0.754391016412324,0.245608983587676
G0101090,2019-2023,AL,,,Alabama,1,Pike County,109,,,,,,,,,,,,,,,.,.,,,,,,,,,,,,0500000US01109,,,01109,"Pike County, Alabama",12605,7925,4680,"Pike County, Alabama",376,344,372,0.628718762395875,0.371281237604125
G0101110,2019-2023,AL,,,Alabama,1,Randolph County,111,,,,,,,,,,,,,,,.,.,,,,,,,,,,,,0500000US01111,,,01111,"Randolph County, Alabama",9127,7183,1944,"Randolph County, Alabama",361,348,360,0.787005587816369,0.212994412183631
G0101130,2019-2023,AL,,,Alabama,1,Russell County,113,,,,,,,,,,,,,,,.,.,,,,,,,,,,,,0500000US01113,,,01113,"Russell County, Alabama",23784,14402,9382,"Russell County, Alabama",515,618,632,0.605533131516986,0.394466868483014
G0101150,2019-2023,AL,,,Alabama,1,St. Clair County,115,,,,,,,,,,,,,,,.,.,,,,,,,,,,,,0500000US01115,,,01115,"St. Clair County, Alabama",34477,28434,6043,"St. Clair County, Alabama",523,655,563,0.82472372886272,0.17527627113728
G0101170,2019-2023,AL,,,Alabama,1,Shelby County,117,,,,,,,,,,,,,,,.,.,,,,,,,,,,,,0500000US01117,,,01117,"Shelby County, Alabama",85414,69407,16007,"Shelby County, Alabama",684,898,791,0.812595124920973,0.187404875079027
G0101190,2019-2023,AL,,,Alabama,1,Sumter County,119,,,,,,,,,,,,,,,.,.,,,,,,,,,,,,0500000US01119,,,01119,"Sumter County, Alabama",4765,3317,1448,"Sumter County, Alabama",221,279,288,0.696117523609654,0.303882476390346
G0101210,2019-2023,AL,,,Alabama,1,Talladega County,121,,,,,,,,,,,,,,,.,.,,,,,,,,,,,,0500000US01121,,,01121,"Talladega County, Alabama",32889,23865,9024,"Talladega County, Alabama",523,750,769,0.725622548572471,0.274377451427529
G0101230,2019-2023,AL,,,Alabama,1,Tallapoosa County,123,,,,,,,,,,,,,,,.,.,,,,,,,,,,,,0500000US01123,,,01123,"Tallapoosa County, Alabama",16548,12511,4037,"Tallapoosa County, Alabama",421,482,483,0.756043026347595,0.243956973652405
G0101250,2019-2023,AL,,,Alabama,1,Tuscaloosa County,125,,,,,,,,,,,,,,,.,.,,,,,,,,,,,,0500000US01125,,,01125,"Tuscaloosa County, Alabama",87289,54257,33032,"Tuscaloosa County, Alabama",1121,1175,1345,0.621578893102224,0.378421106897776
G0101270,2019-2023,AL,,,Alabama,1,Walker County,127,,,,,,,,,,,,,,,.,.,,,,,,,,,,,,0500000US01127,,,01127,"Walker County, Alabama",24843,19253,5590,"Walker County, Alabama",544,533,499,0.774986917844061,0.225013082155939
G0101290,2019-2023,AL,,,Alabama,1,Washington County,129,,,,,,,,,,,,,,,.,.,,,,,,,,,,,,0500000US01129,,,01129,"Washington County, Alabama",5678,4877,801,"Washington County, Alabama",329,353,201,0.858929200422684,0.141070799577316
G0101310,2019-2023,AL,,,Alabama,1,Wilcox County,131,,,,,,,,,,,,,,,.,.,,,,,,,,,,,,0500000US01131,,,01131,"Wilcox County, Alabama",3693,2877,816,"Wilcox County, Alabama",200,189,180,0.779041429731925,0.220958570268075
G0101330,2019-2023,AL,,,Alabama,1,Winston County,133,,,,,,,,,,,,,,,.,.,,,,,,,,,,,,0500000US01133,,,01133,"Winston County, Alabama",9328,7148,2180,"Winston County, Alabama",300,322,300,0.766295025728988,0.233704974271012
G0200130,2019-2023,AK,,,Alaska,2,Aleutians East Borough,13,,,,,,,,,,,,,,,.,.,,,,,,,,,,,,0500000US02013,,,02013,"Aleutians East Borough, Alaska",998,569,429,"Aleutians East Borough, Alaska",92,71,98,0.570140280561122,0.429859719438878
G0200160,2019-2023,AK,,,Alaska,2,Aleutians West Census Area,16,,,,,,,,,,,,,,,.,.,,,,,,,,,,,,0500000US02016,,,02016,"Aleutians West Census Area, Alaska",977,288,689,"Aleutians West Census Area, Alaska",190,88,145,0.294779938587513,0.705220061412487
G0200200,2019-2023,AK,,,Alaska,2,Anchorage Municipality,20,,,,,,,,,,,,,,,.,.,,,,,,,,,,,,0500000US02020,,,02020,"Anchorage Municipality, Alaska",107868,68751,39117,"Anchorage Municipality, Alaska",4224,2108,2716,0.637362331738792,0.362637668261208
G0200500,2019-2023,AK,,,Alaska,2,Bethel Census Area,50,,,,,,,,,,,,,,,.,.,,,,,,,,,,,,0500000US02050,,,02050,"Bethel Census Area, Alaska",4661,2820,1841,"Bethel Census Area, Alaska",97,123,144,0.605020381892298,0.394979618107702
G0200600,2019-2023,AK,,,Alaska,2,Bristol Bay Borough,60,,,,,,,,,,,,,,,.,.,,,,,,,,,,,,0500000US02060,,,02060,"Bristol Bay Borough, Alaska",283,147,136,"Bristol Bay Borough, Alaska",38,21,32,0.519434628975265,0.480565371024735
G0200630,2019-2023,AK,,,Alaska,2,Chugach Census Area,63,,,,,,,,,,,,,,,.,.,,,,,,,,,,,,0500000US02063,,,02063,"Chugach Census Area, Alaska",2679,1680,999,"Chugach Census Area, Alaska",257,193,176,0.627099664053751,0.372900335946249
G0200660,2019-2023,AK,,,Alaska,2,Copper River Census Area,66,,,,,,,,,,,,,,,.,.,,,,,,,,,,,,0500000US02066,,,02066,"Copper River Census Area, Alaska",1146,776,370,"Copper River Census Area, Alaska",85,86,78,0.677137870855148,0.322862129144852
G0200680,2019-2023,AK,,,Alaska,2,Denali Borough,68,,,,,,,,,,,,,,,.,.,,,,,,,,,,,,0500000US02068,,,02068,"Denali Borough, Alaska",533,417,116,"Denali Borough, Alaska",72,60,42,0.782363977485929,0.217636022514071
G0200700,2019-2023,AK,,,Alaska,2,Dillingham Census Area,70,,,,,,,,,,,,,,,.,.,,,,,,,,,,,,0500000US02070,,,02070,"Dillingham Census Area, Alaska",1383,873,510,"Dillingham Census Area, Alaska",192,91,126,0.631236442516269,0.368763557483731
G0200900,2019-2023,AK,,,Alaska,2,Fairbanks North Star Borough,90,,,,,,,,,,,,,,,.,.,,,,,,,,,,,,0500000US02090,,,02090,"Fairbanks North Star Borough, Alaska",36176,22318,13858,"Fairbanks North Star Borough, Alaska",2916,726,2857,0.616928350287483,0.383071649712517
G0201000,2019-2023,AK,,,Alaska,2,Haines Borough,100,,,,,,,,,,,,,,,.,.,,,,,,,,,,,,0500000US02100,,,02100,"Haines Borough, Alaska",899,687,212,"Haines Borough, Alaska",95,84,69,0.764182424916574,0.235817575083426
G0201050,2019-2023,AK,,,Alaska,2,Hoonah-Angoon Census Area,105,,,,,,,,,,,,,,,.,.,,,,,,,,,,,,0500000US02105,,,02105,"Hoonah-Angoon Census Area, Alaska",922,666,256,"Hoonah-Angoon Census Area, Alaska",72,60,45,0.72234273318872,0.27765726681128
G0201100,2019-2023,AK,,,Alaska,2,Juneau City and Borough,110,,,,,,,,,,,,,,,.,.,,,,,,,,,,,,0500000US02110,,,02110,"Juneau City and Borough, Alaska",13138,8462,4676,"Juneau City and Borough, Alaska",230,411,430,0.644085857817019,0.355914142182981
G0201220,2019-2023,AK,,,Alaska,2,Kenai Peninsula Borough,122,,,,,,,,,,,,,,,.,.,,,,,,,,,,,,0500000US02122,,,02122,"Kenai Peninsula Borough, Alaska",23902,18351,5551,"Kenai Peninsula Borough, Alaska",415,478,479,0.767760020082002,0.232239979917999
G0201300,2019-2023,AK,,,Alaska,2,Ketchikan Gateway Borough,130,,,,,,,,,,,,,,,.,.,,,,,,,,,,,,0500000US02130,,,02130,"Ketchikan Gateway Borough, Alaska",5621,3785,1836,"Ketchikan Gateway Borough, Alaska",143,178,180,0.673367728162249,0.326632271837751
G0201500,2019-2023,AK,,,Alaska,2,Kodiak Island Borough,150,,,,,,,,,,,,,,,.,.,,,,,,,,,,,,0500000US02150,,,02150,"Kodiak Island Borough, Alaska",4608,2797,1811,"Kodiak Island Borough, Alaska",416,262,410,0.606987847222222,0.393012152777778
G0201580,2019-2023,AK,,,Alaska,2,Kusilvak Census Area,158,,,,,,,,,,,,,,,.,.,,,,,,,,,,,,0500000US02158,,,02158,"Kusilvak Census Area, Alaska",1891,1313,578,"Kusilvak Census Area, Alaska",54,84,73,0.694341618191433,0.305658381808567
G0201640,2019-2023,AK,,,Alaska,2,Lake and Peninsula Borough,164,,,,,,,,,,,,,,,.,.,,,,,,,,,,,,0500000US02164,,,02164,"Lake and Peninsula Borough, Alaska",322,195,127,"Lake and Peninsula Borough, Alaska",49,39,27,0.605590062111801,0.394409937888199
G0201700,2019-2023,AK,,,Alaska,2,Matanuska-Susitna Borough,170,,,,,,,,,,,,,,,.,.,,,,,,,,,,,,0500000US02170,,,02170,"Matanuska-Susitna Borough, Alaska",39682,30411,9271,"Matanuska-Susitna Borough, Alaska",319,453,470,0.766367622599667,0.233632377400333
G0201800,2019-2023,AK,,,Alaska,2,Nome Census Area,180,,,,,,,,,,,,,,,.,.,,,,,,,,,,,,0500000US02180,,,02180,"Nome Census Area, Alaska",2786,1765,1021,"Nome Census Area, Alaska",92,107,118,0.633524766690596,0.366475233309404
G0201850,2019-2023,AK,,,Alaska,2,North Slope Borough,185,,,,,,,,,,,,,,,.,.,,,,,,,,,,,,0500000US02185,,,02185,"North Slope Borough, Alaska",2205,1092,1113,"North Slope Borough, Alaska",96,135,140,0.495238095238095,0.504761904761905
G0201880,2019-2023,AK,,,Alaska,2,Northwest Arctic Borough,188,,,,,,,,,,,,,,,.,.,,,,,,,,,,,,0500000US02188,,,02188,"Northwest Arctic Borough, Alaska",1817,1099,718,"Northwest Arctic Borough, Alaska",72,74,82,0.60484314804623,0.39515685195377
G0201950,2019-2023,AK,,,Alaska,2,Petersburg Borough,195,,,,,,,,,,,,,,,.,.,,,,,,,,,,,,0500000US02195,,,02195,"Petersburg Borough, Alaska",1319,936,383,"Petersburg Borough, Alaska",163,125,80,0.709628506444276,0.290371493555724
G0201980,2019-2023,AK,,,Alaska,2,Prince of Wales-Hyder Census Area,198,,,,,,,,,,,,,,,.,.,,,,,,,,,,,,0500000US02198,,,02198,"Prince of Wales-Hyder Census Area, Alaska",2348,1681,667,"Prince of Wales-Hyder Census Area, Alaska",87,88,77,0.715928449744463,0.284071550255537
G0202200,2019-2023,AK,,,Alaska,2,Sitka City and Borough,220,,,,,,,,,,,,,,,.,.,,,,,,,,,,,,0500000US02220,,,02220,"Sitka City and Borough, Alaska",3503,2160,1343,"Sitka City and Borough, Alaska",158,147,157,0.616614330573794,0.383385669426206
G0202300,2019-2023,AK,,,Alaska,2,Skagway Municipality,230,,,,,,,,,,,,,,,.,.,,,,,,,,,,,,0500000US02230,,,02230,"Skagway Municipality, Alaska",451,296,155,"Skagway Municipality, Alaska",59,53,33,0.656319290465632,0.343680709534368
G0202400,2019-2023,AK,,,Alaska,2,Southeast Fairbanks Census Area,240,,,,,,,,,,,,,,,.,.,,,,,,,,,,,,0500000US02240,,,02240,"Southeast Fairbanks Census Area, Alaska",2311,1754,557,"Southeast Fairbanks Census Area, Alaska",143,141,105,0.758978797057551,0.241021202942449
G0202750,2019-2023,AK,,,Alaska,2,Wrangell City and Borough,275,,,,,,,,,,,,,,,.,.,,,,,,,,,,,,0500000US02275,,,02275,"Wrangell City and Borough, Alaska",912,516,396,"Wrangell City and Borough, Alaska",69,61,67,0.565789473684211,0.43421052631579
G0202820,2019-2023,AK,,,Alaska,2,Yakutat City and Borough,282,,,,,,,,,,,,,,,.,.,,,,,,,,,,,,0500000US02282,,,02282,"Yakutat City and Borough, Alaska",207,126,81,"Yakutat City and Borough, Alaska",44,29,37,0.608695652173913,0.391304347826087
G0202900,2019-2023,AK,,,Alaska,2,Yukon-Koyukuk Census Area,290,,,,,,,,,,,,,,,.,.,,,,,,,,,,,,0500000US02290,,,02290,"Yukon-Koyukuk Census Area, Alaska",2317,1638,679,"Yukon-Koyukuk Census Area, Alaska",211,195,140,0.706948640483384,0.293051359516616
G0400010,2019-2023,AZ,,,Arizona,4,Apache County,1,,,,,,,,,,,,,,,.,.,,,,,,,,,,,,0500000US04001,,,04001,"Apache County, Arizona",20439,16174,4265,"Apache County, Arizona",408,409,374,0.791330299916826,0.208669700083174
G0400030,2019-2023,AZ,,,Arizona,4,Cochise County,3,,,,,,,,,,,,,,,.,.,,,,,,,,,,,,0500000US04003,,,04003,"Cochise County, Arizona",50476,35586,14890,"Cochise County, Arizona",767,780,848,0.705008320786116,0.294991679213884
G0400050,2019-2023,AZ,,,Arizona,4,Coconino County,5,,,,,,,,,,,,,,,.,.,,,,,,,,,,,,0500000US04005,,,04005,"Coconino County, Arizona",53642,31565,22077,"Coconino County, Arizona",744,857,846,0.588438164125126,0.411561835874874
G0400070,2019-2023,AZ,,,Arizona,4,Gila County,7,,,,,,,,,,,,,,,.,.,,,,,,,,,,,,0500000US04007,,,04007,"Gila County, Arizona",23253,17944,5309,"Gila County, Arizona",658,676,642,0.771685373930246,0.228314626069754
G0400090,2019-2023,AZ,,,Arizona,4,Graham County,9,,,,,,,,,,,,,,,.,.,,,,,,,,,,,,0500000US04009,,,04009,"Graham County, Arizona",12460,9163,3297,"Graham County, Arizona",262,391,372,0.735393258426966,0.264606741573034
G0400110,2019-2023,AZ,,,Arizona,4,Greenlee County,11,,,,,,,,,,,,,,,.,.,,,,,,,,,,,,0500000US04011,,,04011,"Greenlee County, Arizona",3444,1922,1522,"Greenlee County, Arizona",189,192,209,0.558072009291522,0.441927990708479
G0400120,2019-2023,AZ,,,Arizona,4,La Paz County,12,,,,,,,,,,,,,,,.,.,,,,,,,,,,,,0500000US04012,,,04012,"La Paz County, Arizona",8887,6259,2628,"La Paz County, Arizona",292,327,409,0.704287161021717,0.295712838978283
G0400130,2019-2023,AZ,,,Arizona,4,Maricopa County,13,,,,,,,,,,,,,,,.,.,,,,,,,,,,,,0500000US04013,,,04013,"Maricopa County, Arizona",1697342,1103493,593849,"Maricopa County, Arizona",3927,6933,5701,0.650130026830185,0.349869973169815
G0400150,2019-2023,AZ,,,Arizona,4,Mohave County,15,,,,,,,,,,,,,,,.,.,,,,,,,,,,,,0500000US04015,,,04015,"Mohave County, Arizona",96899,71347,25552,"Mohave County, Arizona",1037,1271,1120,0.736302748222376,0.263697251777624
G0400170,2019-2023,AZ,,,Arizona,4,Navajo County,17,,,,,,,,,,,,,,,.,.,,,,,,,,,,,,0500000US04017,,,04017,"Navajo County, Arizona",39171,28494,10677,"Navajo County, Arizona",687,677,737,0.727425901815118,0.272574098184882
G0400190,2019-2023,AZ,,,Arizona,4,Pima County,19,,,,,,,,,,,,,,,.,.,,,,,,,,,,,,0500000US04019,,,04019,"Pima County, Arizona",430965,279304,151661,"Pima County, Arizona",1683,2253,2126,0.648089752068033,0.351910247931967
G0400210,2019-2023,AZ,,,Arizona,4,Pinal County,21,,,,,,,,,,,,,,,.,.,,,,,,,,,,,,0500000US04021,,,04021,"Pinal County, Arizona",157193,126578,30615,"Pinal County, Arizona",1307,1770,1658,0.805239419058101,0.194760580941899
G0400230,2019-2023,AZ,,,Arizona,4,Santa Cruz County,23,,,,,,,,,,,,,,,.,.,,,,,,,,,,,,0500000US04023,,,04023,"Santa Cruz County, Arizona",16816,11498,5318,"Santa Cruz County, Arizona",318,485,498,0.683753568030447,0.316246431969553
G0400250,2019-2023,AZ,,,Arizona,4,Yavapai County,25,,,,,,,,,,,,,,,.,.,,,,,,,,,,,,0500000US04025,,,04025,"Yavapai County, Arizona",108900,80054,28846,"Yavapai County, Arizona",926,1321,1298,0.735114784205693,0.264885215794307
G0400270,2019-2023,AZ,,,Arizona,4,Yuma County,27,,,,,,,,,,,,,,,.,.,,,,,,,,,,,,0500000US04027,,,04027,"Yuma County, Arizona",76903,53850,23053,"Yuma County, Arizona",951,1144,1001,0.700232760750556,0.299767239249444
G0500010,2019-2023,AR,,,Arkansas,5,Arkansas County,1,,,,,,,,,,,,,,,.,.,,,,,,,,,,,,0500000US05001,,,05001,"Arkansas County, Arkansas",6587,4443,2144,"Arkansas County, Arkansas",275,243,237,0.674510399271292,0.325489600728708
G0500030,2019-2023,AR,,,Arkansas,5,Ashley County,3,,,,,,,,,,,,,,,.,.,,,,,,,,,,,,0500000US05003,,,05003,"Ashley County, Arkansas",7199,5193,2006,"Ashley County, Arkansas",253,253,272,0.721350187526045,0.278649812473955
G0500050,2019-2023,AR,,,Arkansas,5,Baxter County,5,,,,,,,,,,,,,,,.,.,,,,,,,,,,,,0500000US05005,,,05005,"Baxter County, Arkansas",19289,14459,4830,"Baxter County, Arkansas",408,446,431,0.749598216600135,0.250401783399865
G0500070,2019-2023,AR,,,Arkansas,5,Benton County,7,,,,,,,,,,,,,,,.,.,,,,,,,,,,,,0500000US05007,,,05007,"Benton County, Arkansas",107667,72356,35311,"Benton County, Arkansas",961,1267,1298,0.672035071098851,0.327964928901149
G0500090,2019-2023,AR,,,Arkansas,5,Boone County,9,,,,,,,,,,,,,,,.,.,,,,,,,,,,,,0500000US05009,,,05009,"Boone County, Arkansas",15232,10707,4525,"Boone County, Arkansas",363,507,435,0.702928046218487,0.297071953781513
G0500110,2019-2023,AR,,,Arkansas,5,Bradley County,11,,,,,,,,,,,,,,,.,.,,,,,,,,,,,,0500000US05011,,,05011,"Bradley County, Arkansas",3600,2407,1193,"Bradley County, Arkansas",182,168,194,0.668611111111111,0.331388888888889
G0500130,2019-2023,AR,,,Arkansas,5,Calhoun County,13,,,,,,,,,,,,,,,.,.,,,,,,,,,,,,0500000US05013,,,05013,"Calhoun County, Arkansas",1584,1368,216,"Calhoun County, Arkansas",130,139,72,0.863636363636364,0.136363636363636
G0500150,2019-2023,AR,,,Arkansas,5,Carroll County,15,,,,,,,,,,,,,,,.,.,,,,,,,,,,,,0500000US05015,,,05015,"Carroll County, Arkansas",11106,8627,2479,"Carroll County, Arkansas",388,420,371,0.776787322168197,0.223212677831803
G0500170,2019-2023,AR,,,Arkansas,5,Chicot County,17,,,,,,,,,,,,,,,.,.,,,,,,,,,,,,0500000US05017,,,05017,"Chicot County, Arkansas",3919,2641,1278,"Chicot County, Arkansas",183,189,172,0.673896402143404,0.326103597856596
G0500190,2019-2023,AR,,,Arkansas,5,Clark County,19,,,,,,,,,,,,,,,.,.,,,,,,,,,,,,0500000US05019,,,05019,"Clark County, Arkansas",8147,5014,3133,"Clark County, Arkansas",264,288,274,0.615441266723948,0.384558733276053
G0500210,2019-2023,AR,,,Arkansas,5,Clay County,21,,,,,,,,,,,,,,,.,.,,,,,,,,,,,,0500000US05021,,,05021,"Clay County, Arkansas",6116,4371,1745,"Clay County, Arkansas",225,254,228,0.714682799215173,0.285317200784827
G0500230,2019-2023,AR,,,Arkansas,5,Cleburne County,23,,,,,,,,,,,,,,,.,.,,,,,,,,,,,,0500000US05023,,,05023,"Cleburne County, Arkansas",10458,8214,2244,"Cleburne County, Arkansas",383,358,289,0.785427423981641,0.214572576018359
G0500250,2019-2023,AR,,,Arkansas,5,Cleveland County,25,,,,,,,,,,,,,,,.,.,,,,,,,,,,,,0500000US05025,,,05025,"Cleveland County, Arkansas",2793,2212,581,"Cleveland County, Arkansas",150,170,128,0.791979949874687,0.208020050125313
G0500270,2019-2023,AR,,,Arkansas,5,Columbia County,27,,,,,,,,,,,,,,,.,.,,,,,,,,,,,,0500000US05027,,,05027,"Columbia County, Arkansas",8361,5781,2580,"Columbia County, Arkansas",358,367,316,0.691424470757087,0.308575529242914
G0500290,2019-2023,AR,,,Arkansas,5,Conway County,29,,,,,,,,,,,,,,,.,.,,,,,,,,,,,,0500000US05029,,,05029,"Conway County, Arkansas",8303,5934,2369,"Conway County, Arkansas",245,347,332,0.714681440443213,0.285318559556787
G0500310,2019-2023,AR,,,Arkansas,5,Craighead County,31,,,,,,,,,,,,,,,.,.,,,,,,,,,,,,0500000US05031,,,05031,"Craighead County, Arkansas",43357,25668,17689,"Craighead County, Arkansas",569,803,824,0.592015130198123,0.407984869801877
G0500330,2019-2023,AR,,,Arkansas,5,Crawford County,33,,,,,,,,,,,,,,,.,.,,,,,,,,,,,,0500000US05033,,,05033,"Crawford County, Arkansas",22994,17071,5923,"Crawford County, Arkansas",384,596,521,0.742411063755762,0.257588936244238
G0500350,2019-2023,AR,,,Arkansas,5,Crittenden County,35,,,,,,,,,,,,,,,.,.,,,,,,,,,,,,0500000US05035,,,05035,"Crittenden County, Arkansas",18338,10382,7956,"Crittenden County, Arkansas",338,404,436,0.566146798996619,0.433853201003381
G0500370,2019-2023,AR,,,Arkansas,5,Cross County,37,,,,,,,,,,,,,,,.,.,,,,,,,,,,,,0500000US05037,,,05037,"Cross County, Arkansas",6524,4310,2214,"Cross County, Arkansas",208,245,232,0.660637645616186,0.339362354383814
G0500390,2019-2023,AR,,,Arkansas,5,Dallas County,39,,,,,,,,,,,,,,,.,.,,,,,,,,,,,,0500000US05039,,,05039,"Dallas County, Arkansas",2425,1726,699,"Dallas County, Arkansas",167,143,174,0.711752577319588,0.288247422680412
G0500410,2019-2023,AR,,,Arkansas,5,Desha County,41,,,,,,,,,,,,,,,.,.,,,,,,,,,,,,0500000US05041,,,05041,"Desha County, Arkansas",4750,2874,1876,"Desha County, Arkansas",187,223,207,0.605052631578947,0.394947368421053
G0500430,2019-2023,AR,,,Arkansas,5,Drew County,43,,,,,,,,,,,,,,,.,.,,,,,,,,,,,,0500000US05043,,,05043,"Drew County, Arkansas",7004,4474,2530,"Drew County, Arkansas",295,281,282,0.638777841233581,0.361222158766419
G0500450,2019-2023,AR,,,Arkansas,5,Faulkner County,45,,,,,,,,,,,,,,,.,.,,,,,,,,,,,,0500000US05045,,,05045,"Faulkner County, Arkansas",48866,30094,18772,"Faulkner County, Arkansas",533,629,675,0.615847419473663,0.384152580526337
G0500470,2019-2023,AR,,,Arkansas,5,Franklin County,47,,,,,,,,,,,,,,,.,.,,,,,,,,,,,,0500000US05047,,,05047,"Franklin County, Arkansas",6878,5092,1786,"Franklin County, Arkansas",248,297,234,0.740331491712707,0.259668508287293
G0500490,2019-2023,AR,,,Arkansas,5,Fulton County,49,,,,,,,,,,,,,,,.,.,,,,,,,,,,,,0500000US05049,,,05049,"Fulton County, Arkansas",4808,4072,736,"Fulton County, Arkansas",232,260,151,0.846921797004992,0.153078202995008
G0500510,2019-2023,AR,,,Arkansas,5,Garland County,51,,,,,,,,,,,,,,,.,.,,,,,,,,,,,,0500000US05051,,,05051,"Garland County, Arkansas",43762,30297,13465,"Garland County, Arkansas",707,841,787,0.692312965586582,0.307687034413418
G0500530,2019-2023,AR,,,Arkansas,5,Grant County,53,,,,,,,,,,,,,,,.,.,,,,,,,,,,,,0500000US05053,,,05053,"Grant County, Arkansas",6955,5531,1424,"Grant County, Arkansas",212,258,245,0.795255212077642,0.204744787922358
G0500550,2019-2023,AR,,,Arkansas,5,Greene County,55,,,,,,,,,,,,,,,.,.,,,,,,,,,,,,0500000US05055,,,05055,"Greene County, Arkansas",17926,11678,6248,"Greene County, Arkansas",333,585,588,0.651455985719067,0.348544014280933
G0500570,2019-2023,AR,,,Arkansas,5,Hempstead County,57,,,,,,,,,,,,,,,.,.,,,,,,,,,,,,0500000US05057,,,05057,"Hempstead County, Arkansas",7454,5190,2264,"Hempstead County, Arkansas",263,303,324,0.69627045881406,0.30372954118594
G0500590,2019-2023,AR,,,Arkansas,5,Hot Spring County,59,,,,,,,,,,,,,,,.,.,,,,,,,,,,,,0500000US05059,,,05059,"Hot Spring County, Arkansas",12101,9363,2738,"Hot Spring County, Arkansas",370,465,392,0.773737707627469,0.226262292372531
G0500610,2019-2023,AR,,,Arkansas,5,Howard County,61,,,,,,,,,,,,,,,.,.,,,,,,,,,,,,0500000US05061,,,05061,"Howard County, Arkansas",5169,3680,1489,"Howard County, Arkansas",197,258,261,0.711936544786226,0.288063455213774
G0500630,2019-2023,AR,,,Arkansas,5,Independence County,63,,,,,,,,,,,,,,,.,.,,,,,,,,,,,,0500000US05063,,,05063,"Independence County, Arkansas",14515,9816,4699,"Independence County, Arkansas",414,376,388,0.676265931794695,0.323734068205305
G0500650,2019-2023,AR,,,Arkansas,5,Izard County,65,,,,,,,,,,,,,,,.,.,,,,,,,,,,,,0500000US05065,,,05065,"Izard County, Arkansas",5027,3754,1273,"Izard County, Arkansas",199,276,200,0.746767455739009,0.253232544260991
G0500670,2019-2023,AR,,,Arkansas,5,Jackson County,67,,,,,,,,,,,,,,,.,.,,,,,,,,,,,,0500000US05067,,,05067,"Jackson County, Arkansas",6094,3978,2116,"Jackson County, Arkansas",227,278,245,0.652773219560223,0.347226780439777
G0500690,2019-2023,AR,,,Arkansas,5,Jefferson County,69,,,,,,,,,,,,,,,.,.,,,,,,,,,,,,0500000US05069,,,05069,"Jefferson County, Arkansas",24334,15382,8952,"Jefferson County, Arkansas",534,618,544,0.632119667954303,0.367880332045697
G0500710,2019-2023,AR,,,Arkansas,5,Johnson County,71,,,,,,,,,,,,,,,.,.,,,,,,,,,,,,0500000US05071,,,05071,"Johnson County, Arkansas",10047,7199,2848,"Johnson County, Arkansas",234,316,305,0.716532298198467,0.283467701801533
G0500730,2019-2023,AR,,,Arkansas,5,Lafayette County,73,,,,,,,,,,,,,,,.,.,,,,,,,,,,,,0500000US05073,,,05073,"Lafayette County, Arkansas",2564,1979,585,"Lafayette County, Arkansas",173,142,132,0.771840873634945,0.228159126365055
G0500750,2019-2023,AR,,,Arkansas,5,Lawrence County,75,,,,,,,,,,,,,,,.,.,,,,,,,,,,,,0500000US05075,,,05075,"Lawrence County, Arkansas",6437,4388,2049,"Lawrence County, Arkansas",187,227,223,0.681684014292372,0.318315985707628
G0500770,2019-2023,AR,,,Arkansas,5,Lee County,77,,,,,,,,,,,,,,,.,.,,,,,,,,,,,,0500000US05077,,,05077,"Lee County, Arkansas",2641,1617,1024,"Lee County, Arkansas",184,175,129,0.612268080272624,0.387731919727376
G0500790,2019-2023,AR,,,Arkansas,5,Lincoln County,79,,,,,,,,,,,,,,,.,.,,,,,,,,,,,,0500000US05079,,,05079,"Lincoln County, Arkansas",3518,2758,760,"Lincoln County, Arkansas",208,191,156,0.783968163729392,0.216031836270608
G0500810,2019-2023,AR,,,Arkansas,5,Little River County,81,,,,,,,,,,,,,,,.,.,,,,,,,,,,,,0500000US05081,,,05081,"Little River County, Arkansas",4790,3832,958,"Little River County, Arkansas",284,283,178,0.8,0.2
G0500830,2019-2023,AR,,,Arkansas,5,Logan County,83,,,,,,,,,,,,,,,.,.,,,,,,,,,,,,0500000US05083,,,05083,"Logan County, Arkansas",8484,6506,1978,"Logan County, Arkansas",265,291,273,0.766855256954267,0.233144743045733
G0500850,2019-2023,AR,,,Arkansas,5,Lonoke County,85,,,,,,,,,,,,,,,.,.,,,,,,,,,,,,0500000US05085,,,05085,"Lonoke County, Arkansas",27817,20702,7115,"Lonoke County, Arkansas",425,617,586,0.744221159722472,0.255778840277528
G0500870,2019-2023,AR,,,Arkansas,5,Madison County,87,,,,,,,,,,,,,,,.,.,,,,,,,,,,,,0500000US05087,,,05087,"Madison County, Arkansas",6381,5044,1337,"Madison County, Arkansas",254,307,253,0.790471712897665,0.209528287102335
G0500890,2019-2023,AR,,,Arkansas,5,Marion County,89,,,,,,,,,,,,,,,.,.,,,,,,,,,,,,0500000US05089,,,05089,"Marion County, Arkansas",7296,6090,1206,"Marion County, Arkansas",359,280,204,0.834703947368421,0.165296052631579
G0500910,2019-2023,AR,,,Arkansas,5,Miller County,91,,,,,,,,,,,,,,,.,.,,,,,,,,,,,,0500000US05091,,,05091,"Miller County, Arkansas",16311,10657,5654,"Miller County, Arkansas",455,443,471,0.653362761326712,0.346637238673288
G0500930,2019-2023,AR,,,Arkansas,5,Mississippi County,93,,,,,,,,,,,,,,,.,.,,,,,,,,,,,,0500000US05093,,,05093,"Mississippi County, Arkansas",15381,9140,6241,"Mississippi County, Arkansas",363,443,484,0.594239646316884,0.405760353683116
G0500950,2019-2023,AR,,,Arkansas,5,Monroe County,95,,,,,,,,,,,,,,,.,.,,,,,,,,,,,,0500000US05095,,,05095,"Monroe County, Arkansas",2819,1851,968,"Monroe County, Arkansas",143,128,150,0.656615821213196,0.343384178786804
G0500970,2019-2023,AR,,,Arkansas,5,Montgomery County,97,,,,,,,,,,,,,,,.,.,,,,,,,,,,,,0500000US05097,,,05097,"Montgomery County, Arkansas",3752,2959,793,"Montgomery County, Arkansas",206,161,148,0.7886460554371,0.2113539445629
G0500990,2019-2023,AR,,,Arkansas,5,Nevada County,99,,,,,,,,,,,,,,,.,.,,,,,,,,,,,,0500000US05099,,,05099,"Nevada County, Arkansas",3402,2242,1160,"Nevada County, Arkansas",214,182,169,0.659024103468548,0.340975896531452
G0501010,2019-2023,AR,,,Arkansas,5,Newton County,101,,,,,,,,,,,,,,,.,.,,,,,,,,,,,,0500000US05101,,,05101,"Newton County, Arkansas",3049,2208,841,"Newton County, Arkansas",187,145,159,0.724171859626107,0.275828140373893
G0501030,2019-2023,AR,,,Arkansas,5,Ouachita County,103,,,,,,,,,,,,,,,.,.,,,,,,,,,,,,0500000US05103,,,05103,"Ouachita County, Arkansas",8590,6117,2473,"Ouachita County, Arkansas",464,411,415,0.712107101280559,0.287892898719441
G0501050,2019-2023,AR,,,Arkansas,5,Perry County,105,,,,,,,,,,,,,,,.,.,,,,,,,,,,,,0500000US05105,,,05105,"Perry County, Arkansas",3840,2971,869,"Perry County, Arkansas",187,191,142,0.773697916666667,0.226302083333333
G0501070,2019-2023,AR,,,Arkansas,5,Phillips County,107,,,,,,,,,,,,,,,.,.,,,,,,,,,,,,0500000US05107,,,05107,"Phillips County, Arkansas",6179,3334,2845,"Phillips County, Arkansas",256,245,292,0.53956950962939,0.46043049037061
G0501090,2019-2023,AR,,,Arkansas,5,Pike County,109,,,,,,,,,,,,,,,.,.,,,,,,,,,,,,0500000US05109,,,05109,"Pike County, Arkansas",4120,3126,994,"Pike County, Arkansas",165,211,167,0.75873786407767,0.24126213592233
G0501110,2019-2023,AR,,,Arkansas,5,Poinsett County,111,,,,,,,,,,,,,,,.,.,,,,,,,,,,,,0500000US05111,,,05111,"Poinsett County, Arkansas",9031,5750,3281,"Poinsett County, Arkansas",258,298,337,0.636695825489979,0.363304174510021
G0501130,2019-2023,AR,,,Arkansas,5,Polk County,113,,,,,,,,,,,,,,,.,.,,,,,,,,,,,,0500000US05113,,,05113,"Polk County, Arkansas",7884,6477,1407,"Polk County, Arkansas",275,317,324,0.821537290715373,0.178462709284627
G0501150,2019-2023,AR,,,Arkansas,5,Pope County,115,,,,,,,,,,,,,,,.,.,,,,,,,,,,,,0500000US05115,,,05115,"Pope County, Arkansas",24073,17148,6925,"Pope County, Arkansas",510,617,505,0.712333319486562,0.287666680513438
G0501170,2019-2023,AR,,,Arkansas,5,Prairie County,117,,,,,,,,,,,,,,,.,.,,,,,,,,,,,,0500000US05117,,,05117,"Prairie County, Arkansas",3261,2480,781,"Prairie County, Arkansas",153,177,150,0.760502913216805,0.239497086783195
G0501190,2019-2023,AR,,,Arkansas,5,Pulaski County,119,,,,,,,,,,,,,,,.,.,,,,,,,,,,,,0500000US05119,,,05119,"Pulaski County, Arkansas",169453,97857,71596,"Pulaski County, Arkansas",1182,1573,1862,0.577487562923052,0.422512437076948
G0501210,2019-2023,AR,,,Arkansas,5,Randolph County,121,,,,,,,,,,,,,,,.,.,,,,,,,,,,,,0500000US05121,,,05121,"Randolph County, Arkansas",7071,5178,1893,"Randolph County, Arkansas",289,339,284,0.732286805260925,0.267713194739075
G0501230,2019-2023,AR,,,Arkansas,5,St. Francis County,123,,,,,,,,,,,,,,,.,.,,,,,,,,,,,,0500000US05123,,,05123,"St. Francis County, Arkansas",7881,4353,3528,"St. Francis County, Arkansas",323,252,317,0.552341073467834,0.447658926532166
G0501250,2019-2023,AR,,,Arkansas,5,Saline County,125,,,,,,,,,,,,,,,.,.,,,,,,,,,,,,0500000US05125,,,05125,"Saline County, Arkansas",49589,37905,11684,"Saline County, Arkansas",426,1007,978,0.764383230151848,0.235616769848152
G0501270,2019-2023,AR,,,Arkansas,5,Scott County,127,,,,,,,,,,,,,,,.,.,,,,,,,,,,,,0500000US05127,,,05127,"Scott County, Arkansas",3927,2902,1025,"Scott County, Arkansas",223,234,209,0.738986503692386,0.261013496307614
G0501290,2019-2023,AR,,,Arkansas,5,Searcy County,129,,,,,,,,,,,,,,,.,.,,,,,,,,,,,,0500000US05129,,,05129,"Searcy County, Arkansas",3052,2293,759,"Searcy County, Arkansas",177,171,142,0.751310615989515,0.248689384010485
G0501310,2019-2023,AR,,,Arkansas,5,Sebastian County,131,,,,,,,,,,,,,,,.,.,,,,,,,,,,,,0500000US05131,,,05131,"Sebastian County, Arkansas",51951,31802,20149,"Sebastian County, Arkansas",587,977,949,0.612153760274104,0.387846239725896
G0501330,2019-2023,AR,,,Arkansas,5,Sevier County,133,,,,,,,,,,,,,,,.,.,,,,,,,,,,,,0500000US05133,,,05133,"Sevier County, Arkansas",5697,3720,1977,"Sevier County, Arkansas",249,302,309,0.652975250131648,0.347024749868352
G0501350,2019-2023,AR,,,Arkansas,5,Sharp County,135,,,,,,,,,,,,,,,.,.,,,,,,,,,,,,0500000US05135,,,05135,"Sharp County, Arkansas",6810,5418,1392,"Sharp County, Arkansas",322,309,243,0.795594713656388,0.204405286343612
G0501370,2019-2023,AR,,,Arkansas,5,Stone County,137,,,,,,,,,,,,,,,.,.,,,,,,,,,,,,0500000US05137,,,05137,"Stone County, Arkansas",4962,3749,1213,"Stone County, Arkansas",321,299,267,0.755542120112858,0.244457879887142
G0501390,2019-2023,AR,,,Arkansas,5,Union County,139,,,,,,,,,,,,,,,.,.,,,,,,,,,,,,0500000US05139,,,05139,"Union County, Arkansas",15125,11031,4094,"Union County, Arkansas",388,468,409,0.729322314049587,0.270677685950413
G0501410,2019-2023,AR,,,Arkansas,5,Van Buren County,141,,,,,,,,,,,,,,,.,.,,,,,,,,,,,,0500000US05141,,,05141,"Van Buren County, Arkansas",7115,5551,1564,"Van Buren County, Arkansas",265,332,280,0.780182712579058,0.219817287420942
G0501430,2019-2023,AR,,,Arkansas,5,Washington County,143,,,,,,,,,,,,,,,.,.,,,,,,,,,,,,0500000US05143,,,05143,"Washington County, Arkansas",95467,53043,42424,"Washington County, Arkansas",846,1096,1119,0.555616076759509,0.444383923240492
G0501450,2019-2023,AR,,,Arkansas,5,White County,145,,,,,,,,,,,,,,,.,.,,,,,,,,,,,,0500000US05145,,,05145,"White County, Arkansas",28945,19751,9194,"White County, Arkansas",616,646,695,0.682363102435654,0.317636897564346
G0501470,2019-2023,AR,,,Arkansas,5,Woodruff County,147,,,,,,,,,,,,,,,.,.,,,,,,,,,,,,0500000US05147,,,05147,"Woodruff County, Arkansas",2753,1810,943,"Woodruff County, Arkansas",112,151,123,0.657464584090084,0.342535415909916
G0501490,2019-2023,AR,,,Arkansas,5,Yell County,149,,,,,,,,,,,,,,,.,.,,,,,,,,,,,,0500000US05149,,,05149,"Yell County, Arkansas",8053,5437,2616,"Yell County, Arkansas",235,312,331,0.675152117223395,0.324847882776605
G0600010,2019-2023,CA,,,California,6,Alameda County,1,,,,,,,,,,,,,,,.,.,,,,,,,,,,,,0500000US06001,,,06001,"Alameda County, California",593117,320712,272405,"Alameda County, California",1676,2874,2581,0.540722993945545,0.459277006054455
G0600030,2019-2023,CA,,,California,6,Alpine County,3,,,,,,,,,,,,,,,.,.,,,,,,,,,,,,0500000US06003,,,06003,"Alpine County, California",473,383,90,"Alpine County, California",103,92,52,0.809725158562368,0.190274841437632
G0600050,2019-2023,CA,,,California,6,Amador County,5,,,,,,,,,,,,,,,.,.,,,,,,,,,,,,0500000US06005,,,06005,"Amador County, California",16066,12863,3203,"Amador County, California",341,457,472,0.800634881115399,0.199365118884601
G0600070,2019-2023,CA,,,California,6,Butte County,7,,,,,,,,,,,,,,,.,.,,,,,,,,,,,,0500000US06007,,,06007,"Butte County, California",82345,47987,34358,"Butte County, California",797,1099,1058,0.582755479992714,0.417244520007286
G0600090,2019-2023,CA,,,California,6,Calaveras County,9,,,,,,,,,,,,,,,.,.,,,,,,,,,,,,0500000US06009,,,06009,"Calaveras County, California",17897,15099,2798,"Calaveras County, California",567,612,394,0.843660948762362,0.156339051237638
G0600110,2019-2023,CA,,,California,6,Colusa County,11,,,,,,,,,,,,,,,.,.,,,,,,,,,,,,0500000US06011,,,06011,"Colusa County, California",7466,4646,2820,"Colusa County, California",230,371,383,0.622287704259309,0.377712295740691
G0600130,2019-2023,CA,,,California,6,Contra Costa County,13,,,,,,,,,,,,,,,.,.,,,,,,,,,,,,0500000US06013,,,06013,"Contra Costa County, California",411662,278509,133153,"Contra Costa County, California",1106,2405,2394,0.67654775033887,0.32345224966113
G0600150,2019-2023,CA,,,California,6,Del Norte County,15,,,,,,,,,,,,,,,.,.,,,,,,,,,,,,0500000US06015,,,06015,"Del Norte County, California",9621,6851,2770,"Del Norte County, California",256,349,308,0.712088140525933,0.287911859474067
G0600170,2019-2023,CA,,,California,6,El Dorado County,17,,,,,,,,,,,,,,,.,.,,,,,,,,,,,,0500000US06017,,,06017,"El Dorado County, California",75719,57838,17881,"El Dorado County, California",788,1010,1044,0.763850552701436,0.236149447298564
G0600190,2019-2023,CA,,,California,6,Fresno County,19,,,,,,,,,,,,,,,.,.,,,,,,,,,,,,0500000US06019,,,06019,"Fresno County, California",322163,178533,143630,"Fresno County, California",1128,2162,2232,0.554169783618851,0.445830216381149
G0600210,2019-2023,CA,,,California,6,Glenn County,21,,,,,,,,,,,,,,,.,.,,,,,,,,,,,,0500000US06021,,,06021,"Glenn County, California",9763,6157,3606,"Glenn County, California",270,448,459,0.630646317730206,0.369353682269794
G0600230,2019-2023,CA,,,California,6,Humboldt County,23,,,,,,,,,,,,,,,.,.,,,,,,,,,,,,0500000US06023,,,06023,"Humboldt County, California",54878,30879,23999,"Humboldt County, California",651,804,948,0.562684500164,0.437315499836
G0600250,2019-2023,CA,,,California,6,Imperial County,25,,,,,,,,,,,,,,,.,.,,,,,,,,,,,,0500000US06025,,,06025,"Imperial County, California",48844,27732,21112,"Imperial County, California",774,1004,982,0.567766767668496,0.432233232331504
G0600270,2019-2023,CA,,,California,6,Inyo County,27,,,,,,,,,,,,,,,.,.,,,,,,,,,,,,0500000US06027,,,06027,"Inyo County, California",7923,5316,2607,"Inyo County, California",216,266,315,0.670957970465733,0.329042029534267
G0600290,2019-2023,CA,,,California,6,Kern County,29,,,,,,,,,,,,,,,.,.,,,,,,,,,,,,0500000US06029,,,06029,"Kern County, California",281416,168321,113095,"Kern County, California",1216,2101,2093,0.598121641981977,0.401878358018023
G0600310,2019-2023,CA,,,California,6,Kings County,31,,,,,,,,,,,,,,,.,.,,,,,,,,,,,,0500000US06031,,,06031,"Kings County, California",43736,23976,19760,"Kings County, California",417,789,838,0.548198280592647,0.451801719407353
G0600330,2019-2023,CA,,,California,6,Lake County,33,,,,,,,,,,,,,,,.,.,,,,,,,,,,,,0500000US06033,,,06033,"Lake County, California",26364,18701,7663,"Lake County, California",620,786,684,0.709338491882871,0.290661508117129
G0600350,2019-2023,CA,,,California,6,Lassen County,35,,,,,,,,,,,,,,,.,.,,,,,,,,,,,,0500000US06035,,,06035,"Lassen County, California",9060,6180,2880,"Lassen County, California",314,306,318,0.682119205298013,0.317880794701987
G0600370,2019-2023,CA,,,California,6,Los Angeles County,37,,,,,,,,,,,,,,,.,.,,,,,,,,,,,,0500000US06037,,,06037,"Los Angeles County, California",3390254,1562207,1828047,"Los Angeles County, California",6035,10546,7874,0.460793498068286,0.539206501931714
G0600390,2019-2023,CA,,,California,6,Madera County,39,,,,,,,,,,,,,,,.,.,,,,,,,,,,,,0500000US06039,,,06039,"Madera County, California",44513,29168,15345,"Madera County, California",569,821,734,0.655269247186215,0.344730752813785
G0600410,2019-2023,CA,,,California,6,Marin County,41,,,,,,,,,,,,,,,.,.,,,,,,,,,,,,0500000US06041,,,06041,"Marin County, California",103201,65927,37274,"Marin County, California",828,1062,1232,0.638821329250686,0.361178670749314
G0600430,2019-2023,CA,,,California,6,Mariposa County,43,,,,,,,,,,,,,,,.,.,,,,,,,,,,,,0500000US06043,,,06043,"Mariposa County, California",7515,5616,1899,"Mariposa County, California",315,312,299,0.747305389221557,0.252694610778443
G0600450,2019-2023,CA,,,California,6,Mendocino County,45,,,,,,,,,,,,,,,.,.,,,,,,,,,,,,0500000US06045,,,06045,"Mendocino County, California",34570,21044,13526,"Mendocino County, California",618,841,810,0.608735898177611,0.391264101822389
G0600470,2019-2023,CA,,,California,6,Merced County,47,,,,,,,,,,,,,,,.,.,,,,,,,,,,,,0500000US06047,,,06047,"Merced County, California",84605,45097,39508,"Merced County, California",603,1332,1329,0.533029962768158,0.466970037231842
G0600490,2019-2023,CA,,,California,6,Modoc County,49,,,,,,,,,,,,,,,.,.,,,,,,,,,,,,0500000US06049,,,06049,"Modoc County, California",3264,2524,740,"Modoc County, California",240,212,210,0.77328431372549,0.22671568627451
G0600510,2019-2023,CA,,,California,6,Mono County,51,,,,,,,,,,,,,,,.,.,,,,,,,,,,,,0500000US06051,,,06051,"Mono County, California",5521,3819,1702,"Mono County, California",390,419,353,0.691722514037312,0.308277485962688
G0600530,2019-2023,CA,,,California,6,Monterey County,53,,,,,,,,,,,,,,,.,.,,,,,,,,,,,,0500000US06053,,,06053,"Monterey County, California",132046,69033,63013,"Monterey County, California",784,1333,1297,0.522795086560744,0.477204913439256
G0600550,2019-2023,CA,,,California,6,Napa County,55,,,,,,,,,,,,,,,.,.,,,,,,,,,,,,0500000US06055,,,06055,"Napa County, California",49663,31985,17678,"Napa County, California",500,720,684,0.644040835229446,0.355959164770554
G0600570,2019-2023,CA,,,California,6,Nevada County,57,,,,,,,,,,,,,,,.,.,,,,,,,,,,,,0500000US06057,,,06057,"Nevada County, California",41873,31170,10703,"Nevada County, California",726,775,693,0.74439376209013,0.25560623790987
G0600590,2019-2023,CA,,,California,6,Orange County,59,,,,,,,,,,,,,,,.,.,,,,,,,,,,,,0500000US06059,,,06059,"Orange County, California",1074654,606605,468049,"Orange County, California",2589,5158,4101,0.564465400026427,0.435534599973573
G0600610,2019-2023,CA,,,California,6,Placer County,61,,,,,,,,,,,,,,,.,.,,,,,,,,,,,,0500000US06061,,,06061,"Placer County, California",155422,115446,39976,"Placer County, California",928,1200,1232,0.742790595925931,0.257209404074069
G0600630,2019-2023,CA,,,California,6,Plumas County,63,,,,,,,,,,,,,,,.,.,,,,,,,,,,,,0500000US06063,,,06063,"Plumas County, California",8055,6024,2031,"Plumas County, California",367,358,350,0.747858472998138,0.252141527001862
G0600650,2019-2023,CA,,,California,6,Riverside County,65,,,,,,,,,,,,,,,.,.,,,,,,,,,,,,0500000US06065,,,06065,"Riverside County, California",762234,524872,237362,"Riverside County, California",2214,3466,3150,0.688596940047282,0.311403059952718
G0600670,2019-2023,CA,,,California,6,Sacramento County,67,,,,,,,,,,,,,,,.,.,,,,,,,,,,,,0500000US06067,,,06067,"Sacramento County, California",568223,333143,235080,"Sacramento County, California",1146,3157,3191,0.586289185759816,0.413710814240184
G0600690,2019-2023,CA,,,California,6,San Benito County,69,,,,,,,,,,,,,,,.,.,,,,,,,,,,,,0500000US06069,,,06069,"San Benito County, California",20188,13613,6575,"San Benito County, California",199,495,533,0.67431147216168,0.32568852783832
G0600710,2019-2023,CA,,,California,6,San Bernardino County,71,,,,,,,,,,,,,,,.,.,,,,,,,,,,,,0500000US06071,,,06071,"San Bernardino County, California",668004,411081,256923,"San Bernardino County, California",1889,3415,3431,0.615387033610577,0.384612966389423
G0600730,2019-2023,CA,,,California,6,San Diego County,73,,,,,,,,,,,,,,,.,.,,,,,,,,,,,,0500000US06073,,,06073,"San Diego County, California",1159822,632194,527628,"San Diego County, California",3036,4969,4315,0.545078468937475,0.454921531062525
G0600750,2019-2023,CA,,,California,6,San Francisco County,75,,,,,,,,,,,,,,,.,.,,,,,,,,,,,,0500000US06075,,,06075,"San Francisco County, California",362650,139610,223040,"San Francisco County, California",1987,2500,2498,0.384971735833448,0.615028264166552
G0600770,2019-2023,CA,,,California,6,San Joaquin County,77,,,,,,,,,,,,,,,.,.,,,,,,,,,,,,0500000US06077,,,06077,"San Joaquin County, California",241373,148522,92851,"San Joaquin County, California",1040,1919,1831,0.615321514833888,0.384678485166112
G0600790,2019-2023,CA,,,California,6,San Luis Obispo County,79,,,,,,,,,,,,,,,.,.,,,,,,,,,,,,0500000US06079,,,06079,"San Luis Obispo County, California",108897,67403,41494,"San Luis Obispo County, California",962,1415,1410,0.618961036575847,0.381038963424153
G0600810,2019-2023,CA,,,California,6,San Mateo County,81,,,,,,,,,,,,,,,.,.,,,,,,,,,,,,0500000US06081,,,06081,"San Mateo County, California",264424,156244,108180,"San Mateo County, California",1312,1956,1807,0.590884337276495,0.409115662723505
G0600830,2019-2023,CA,,,California,6,Santa Barbara County,83,,,,,,,,,,,,,,,.,.,,,,,,,,,,,,0500000US06083,,,06083,"Santa Barbara County, California",148960,78754,70206,"Santa Barbara County, California",803,1242,1266,0.528692266380236,0.471307733619764
G0600850,2019-2023,CA,,,California,6,Santa Clara County,85,,,,,,,,,,,,,,,.,.,,,,,,,,,,,,0500000US06085,,,06085,"Santa Clara County, California",654467,361910,292557,"Santa Clara County, California",1701,3463,3015,0.5529843368726,0.4470156631274
G0600870,2019-2023,CA,,,California,6,Santa Cruz County,87,,,,,,,,,,,,,,,.,.,,,,,,,,,,,,0500000US06087,,,06087,"Santa Cruz County, California",96873,58102,38771,"Santa Cruz County, California",848,999,1404,0.599774963096012,0.400225036903988
G0600890,2019-2023,CA,,,California,6,Shasta County,89,,,,,,,,,,,,,,,.,.,,,,,,,,,,,,0500000US06089,,,06089,"Shasta County, California",71473,46711,24762,"Shasta County, California",636,995,1127,0.653547493459069,0.346452506540932
G0600910,2019-2023,CA,,,California,6,Sierra County,91,,,,,,,,,,,,,,,.,.,,,,,,,,,,,,0500000US06091,,,06091,"Sierra County, California",1206,944,262,"Sierra County, California",166,124,123,0.782752902155887,0.217247097844113
G0600930,2019-2023,CA,,,California,6,Siskiyou County,93,,,,,,,,,,,,,,,.,.,,,,,,,,,,,,0500000US06093,,,06093,"Siskiyou County, California",18907,13179,5728,"Siskiyou County, California",351,464,418,0.69704342307082,0.30295657692918
G0600950,2019-2023,CA,,,California,6,Solano County,95,,,,,,,,,,,,,,,.,.,,,,,,,,,,,,0500000US06095,,,06095,"Solano County, California",155800,98510,57290,"Solano County, California",804,1231,1185,0.632284980744544,0.367715019255456
G0600970,2019-2023,CA,,,California,6,Sonoma County,97,,,,,,,,,,,,,,,.,.,,,,,,,,,,,,0500000US06097,,,06097,"Sonoma County, California",190498,118489,72009,"Sonoma County, California",860,1602,1515,0.621996031454399,0.378003968545602
G0600990,2019-2023,CA,,,California,6,Stanislaus County,99,,,,,,,,,,,,,,,.,.,,,,,,,,,,,,0500000US06099,,,06099,"Stanislaus County, California",176457,107644,68813,"Stanislaus County, California",786,1643,1748,0.610029638948866,0.389970361051134
G0601010,2019-2023,CA,,,California,6,Sutter County,101,,,,,,,,,,,,,,,.,.,,,,,,,,,,,,0500000US06101,,,06101,"Sutter County, California",33240,19672,13568,"Sutter County, California",304,735,677,0.591817087845969,0.408182912154031
G0601030,2019-2023,CA,,,California,6,Tehama County,103,,,,,,,,,,,,,,,.,.,,,,,,,,,,,,0500000US06103,,,06103,"Tehama County, California",24526,16574,7952,"Tehama County, California",462,613,606,0.675772649433255,0.324227350566746
G0601050,2019-2023,CA,,,California,6,Trinity County,105,,,,,,,,,,,,,,,.,.,,,,,,,,,,,,0500000US06105,,,06105,"Trinity County, California",5373,3924,1449,"Trinity County, California",256,352,359,0.730318257956449,0.269681742043551
G0601070,2019-2023,CA,,,California,6,Tulare County,107,,,,,,,,,,,,,,,.,.,,,,,,,,,,,,0500000US06107,,,06107,"Tulare County, California",142026,83253,58773,"Tulare County, California",763,1790,1790,0.58618140340501,0.41381859659499
G0601090,2019-2023,CA,,,California,6,Tuolumne County,109,,,,,,,,,,,,,,,.,.,,,,,,,,,,,,0500000US06109,,,06109,"Tuolumne County, California",22809,16912,5897,"Tuolumne County, California",548,649,610,0.741461703713446,0.258538296286554
G0601110,2019-2023,CA,,,California,6,Ventura County,111,,,,,,,,,,,,,,,.,.,,,,,,,,,,,,0500000US06111,,,06111,"Ventura County, California",278045,178388,99657,"Ventura County, California",1081,1984,2009,0.641579600424392,0.358420399575608
G0601130,2019-2023,CA,,,California,6,Yolo County,113,,,,,,,,,,,,,,,.,.,,,,,,,,,,,,0500000US06113,,,06113,"Yolo County, California",76640,41046,35594,"Yolo County, California",527,869,1004,0.535568893528184,0.464431106471816
G0601150,2019-2023,CA,,,California,6,Yuba County,115,,,,,,,,,,,,,,,.,.,,,,,,,,,,,,0500000US06115,,,06115,"Yuba County, California",28063,17769,10294,"Yuba County, California",356,602,662,0.633182482272031,0.366817517727969
G0800010,2019-2023,CO,,,Colorado,8,Adams County,1,,,,,,,,,,,,,,,.,.,,,,,,,,,,,,0500000US08001,,,08001,"Adams County, Colorado",184964,127392,57572,"Adams County, Colorado",732,1503,1545,0.688739430375641,0.311260569624359
G0800030,2019-2023,CO,,,Colorado,8,Alamosa County,3,,,,,,,,,,,,,,,.,.,,,,,,,,,,,,0500000US08003,,,08003,"Alamosa County, Colorado",6570,3705,2865,"Alamosa County, Colorado",217,285,310,0.563926940639269,0.436073059360731
G0800050,2019-2023,CO,,,Colorado,8,Arapahoe County,5,,,,,,,,,,,,,,,.,.,,,,,,,,,,,,0500000US08005,,,08005,"Arapahoe County, Colorado",253890,165343,88547,"Arapahoe County, Colorado",963,1853,1806,0.651238725432274,0.348761274567726
G0800070,2019-2023,CO,,,Colorado,8,Archuleta County,7,,,,,,,,,,,,,,,.,.,,,,,,,,,,,,0500000US08007,,,08007,"Archuleta County, Colorado",5904,4573,1331,"Archuleta County, Colorado",334,266,257,0.774559620596206,0.225440379403794
G0800090,2019-2023,CO,,,Colorado,8,Baca County,9,,,,,,,,,,,,,,,.,.,,,,,,,,,,,,0500000US08009,,,08009,"Baca County, Colorado",1593,1145,448,"Baca County, Colorado",72,77,89,0.718769617074702,0.281230382925298
G0800110,2019-2023,CO,,,Colorado,8,Bent County,11,,,,,,,,,,,,,,,.,.,,,,,,,,,,,,0500000US08011,,,08011,"Bent County, Colorado",1875,1239,636,"Bent County, Colorado",106,123,133,0.6608,0.3392
G0800130,2019-2023,CO,,,Colorado,8,Boulder County,13,,,,,,,,,,,,,,,.,.,,,,,,,,,,,,0500000US08013,,,08013,"Boulder County, Colorado",135230,84461,50769,"Boulder County, Colorado",616,1034,1106,0.624572949789248,0.375427050210752
G0800140,2019-2023,CO,,,Colorado,8,Broomfield County,14,,,,,,,,,,,,,,,.,.,,,,,,,,,,,,0500000US08014,,,08014,"Broomfield County, Colorado",30921,19353,11568,"Broomfield County, Colorado",260,458,457,0.625885320655865,0.374114679344135
G0800150,2019-2023,CO,,,Colorado,8,Chaffee County,15,,,,,,,,,,,,,,,.,.,,,,,,,,,,,,0500000US08015,,,08015,"Chaffee County, Colorado",9195,6707,2488,"Chaffee County, Colorado",361,360,383,0.729418162044589,0.270581837955411
G0800170,2019-2023,CO,,,Colorado,8,Cheyenne County,17,,,,,,,,,,,,,,,.,.,,,,,,,,,,,,0500000US08017,,,08017,"Cheyenne County, Colorado",751,546,205,"Cheyenne County, Colorado",78,64,64,0.727030625832224,0.272969374167776
G0800190,2019-2023,CO,,,Colorado,8,Clear Creek County,19,,,,,,,,,,,,,,,.,.,,,,,,,,,,,,0500000US08019,,,08019,"Clear Creek County, Colorado",4512,3725,787,"Clear Creek County, Colorado",248,245,199,0.825576241134752,0.174423758865248
G0800210,2019-2023,CO,,,Colorado,8,Conejos County,21,,,,,,,,,,,,,,,.,.,,,,,,,,,,,,0500000US08021,,,08021,"Conejos County, Colorado",3112,2319,793,"Conejos County, Colorado",137,127,130,0.745179948586118,0.254820051413882
G0800230,2019-2023,CO,,,Colorado,8,Costilla County,23,,,,,,,,,,,,,,,.,.,,,,,,,,,,,,0500000US08023,,,08023,"Costilla County, Colorado",1574,1236,338,"Costilla County, Colorado",106,104,79,0.785260482846252,0.214739517153748
G0800250,2019-2023,CO,,,Colorado,8,Crowley County,25,,,,,,,,,,,,,,,.,.,,,,,,,,,,,,0500000US08025,,,08025,"Crowley County, Colorado",1333,877,456,"Crowley County, Colorado",78,110,79,0.657914478619655,0.342085521380345
G0800270,2019-2023,CO,,,Colorado,8,Custer County,27,,,,,,,,,,,,,,,.,.,,,,,,,,,,,,0500000US08027,,,08027,"Custer County, Colorado",2448,2097,351,"Custer County, Colorado",155,172,111,0.856617647058824,0.143382352941176
G0800290,2019-2023,CO,,,Colorado,8,Delta County,29,,,,,,,,,,,,,,,.,.,,,,,,,,,,,,0500000US08029,,,08029,"Delta County, Colorado",12648,9663,2985,"Delta County, Colorado",328,408,423,0.76399430740038,0.23600569259962
G0800310,2019-2023,CO,,,Colorado,8,Denver County,31,,,,,,,,,,,,,,,.,.,,,,,,,,,,,,0500000US08031,,,08031,"Denver County, Colorado",329578,161908,167670,"Denver County, Colorado",1793,2523,2734,0.491258518469073,0.508741481530928
G0800330,2019-2023,CO,,,Colorado,8,Dolores County,33,,,,,,,,,,,,,,,.,.,,,,,,,,,,,,0500000US08033,,,08033,"Dolores County, Colorado",1238,1041,197,"Dolores County, Colorado",110,123,84,0.840872374798061,0.159127625201939
G0800350,2019-2023,CO,,,Colorado,8,Douglas County,35,,,,,,,,,,,,,,,.,.,,,,,,,,,,,,0500000US08035,,,08035,"Douglas County, Colorado",136130,105865,30265,"Douglas County, Colorado",510,972,908,0.777675751120253,0.222324248879747
G0800370,2019-2023,CO,,,Colorado,8,Eagle County,37,,,,,,,,,,,,,,,.,.,,,,,,,,,,,,0500000US08037,,,08037,"Eagle County, Colorado",20911,14130,6781,"Eagle County, Colorado",569,631,712,0.67572091243843,0.324279087561571
G0800390,2019-2023,CO,,,Colorado,8,Elbert County,39,,,,,,,,,,,,,,,.,.,,,,,,,,,,,,0500000US08039,,,08039,"Elbert County, Colorado",9657,9119,538,"Elbert County, Colorado",139,178,124,0.94428911670291,0.0557108832970902
G0800410,2019-2023,CO,,,Colorado,8,El Paso County,41,,,,,,,,,,,,,,,.,.,,,,,,,,,,,,0500000US08041,,,08041,"El Paso County, Colorado",283174,187976,95198,"El Paso County, Colorado",979,1930,1845,0.663818005890371,0.336181994109629
G0800430,2019-2023,CO,,,Colorado,8,Fremont County,43,,,,,,,,,,,,,,,.,.,,,,,,,,,,,,0500000US08043,,,08043,"Fremont County, Colorado",17695,13475,4220,"Fremont County, Colorado",378,419,428,0.761514552133371,0.238485447866629
G0800450,2019-2023,CO,,,Colorado,8,Garfield County,45,,,,,,,,,,,,,,,.,.,,,,,,,,,,,,0500000US08045,,,08045,"Garfield County, Colorado",23071,16084,6987,"Garfield County, Colorado",395,478,488,0.697152269082398,0.302847730917602
G0800470,2019-2023,CO,,,Colorado,8,Gilpin County,47,,,,,,,,,,,,,,,.,.,,,,,,,,,,,,0500000US08047,,,08047,"Gilpin County, Colorado",3076,2448,628,"Gilpin County, Colorado",227,267,211,0.795838751625488,0.204161248374512
G0800490,2019-2023,CO,,,Colorado,8,Grand County,49,,,,,,,,,,,,,,,.,.,,,,,,,,,,,,0500000US08049,,,08049,"Grand County, Colorado",6460,4934,1526,"Grand County, Colorado",441,347,281,0.763777089783282,0.236222910216718
G0800510,2019-2023,CO,,,Colorado,8,Gunnison County,51,,,,,,,,,,,,,,,.,.,,,,,,,,,,,,0500000US08051,,,08051,"Gunnison County, Colorado",7903,5290,2613,"Gunnison County, Colorado",295,347,317,0.669366063520182,0.330633936479818
G0800530,2019-2023,CO,,,Colorado,8,Hinsdale County,53,,,,,,,,,,,,,,,.,.,,,,,,,,,,,,0500000US08053,,,08053,"Hinsdale County, Colorado",473,377,96,"Hinsdale County, Colorado",70,63,43,0.797040169133192,0.202959830866808
G0800550,2019-2023,CO,,,Colorado,8,Huerfano County,55,,,,,,,,,,,,,,,.,.,,,,,,,,,,,,0500000US08055,,,08055,"Huerfano County, Colorado",2836,2192,644,"Huerfano County, Colorado",201,152,158,0.772919605077574,0.227080394922426
G0800570,2019-2023,CO,,,Colorado,8,Jackson County,57,,,,,,,,,,,,,,,.,.,,,,,,,,,,,,0500000US08057,,,08057,"Jackson County, Colorado",634,464,170,"Jackson County, Colorado",87,79,82,0.73186119873817,0.26813880126183
G0800590,2019-2023,CO,,,Colorado,8,Jefferson County,59,,,,,,,,,,,,,,,.,.,,,,,,,,,,,,0500000US08059,,,08059,"Jefferson County, Colorado",240031,169486,70545,"Jefferson County, Colorado",940,1640,1636,0.706100462023655,0.293899537976345
G0800610,2019-2023,CO,,,Colorado,8,Kiowa County,61,,,,,,,,,,,,,,,.,.,,,,,,,,,,,,0500000US08061,,,08061,"Kiowa County, Colorado",574,400,174,"Kiowa County, Colorado",66,60,44,0.696864111498258,0.303135888501742
G0800630,2019-2023,CO,,,Colorado,8,Kit Carson County,63,,,,,,,,,,,,,,,.,.,,,,,,,,,,,,0500000US08063,,,08063,"Kit Carson County, Colorado",2914,1990,924,"Kit Carson County, Colorado",134,139,159,0.682910089224434,0.317089910775566
G0800650,2019-2023,CO,,,Colorado,8,Lake County,65,,,,,,,,,,,,,,,.,.,,,,,,,,,,,,0500000US08065,,,08065,"Lake County, Colorado",2959,2250,709,"Lake County, Colorado",240,214,199,0.760392024332545,0.239607975667455
G0800670,2019-2023,CO,,,Colorado,8,La Plata County,67,,,,,,,,,,,,,,,.,.,,,,,,,,,,,,0500000US08067,,,08067,"La Plata County, Colorado",23200,16462,6738,"La Plata County, Colorado",453,554,499,0.709568965517241,0.290431034482759
G0800690,2019-2023,CO,,,Colorado,8,Larimer County,69,,,,,,,,,,,,,,,.,.,,,,,,,,,,,,0500000US08069,,,08069,"Larimer County, Colorado",151571,97491,54080,"Larimer County, Colorado",851,1341,1189,0.643203515184303,0.356796484815697
G0800710,2019-2023,CO,,,Colorado,8,Las Animas County,71,,,,,,,,,,,,,,,.,.,,,,,,,,,,,,0500000US08071,,,08071,"Las Animas County, Colorado",6701,4698,2003,"Las Animas County, Colorado",215,222,208,0.701089389643337,0.298910610356663
G0800730,2019-2023,CO,,,Colorado,8,Lincoln County,73,,,,,,,,,,,,,,,.,.,,,,,,,,,,,,0500000US08073,,,08073,"Lincoln County, Colorado",1970,1400,570,"Lincoln County, Colorado",97,113,95,0.710659898477157,0.289340101522843
G0800750,2019-2023,CO,,,Colorado,8,Logan County,75,,,,,,,,,,,,,,,.,.,,,,,,,,,,,,0500000US08075,,,08075,"Logan County, Colorado",8148,5565,2583,"Logan County, Colorado",207,280,294,0.68298969072165,0.317010309278351
G0800770,2019-2023,CO,,,Colorado,8,Mesa County,77,,,,,,,,,,,,,,,.,.,,,,,,,,,,,,0500000US08077,,,08077,"Mesa County, Colorado",64559,46413,18146,"Mesa County, Colorado",643,1026,926,0.718923775151412,0.281076224848588
G0800790,2019-2023,CO,,,Colorado,8,Mineral County,79,,,,,,,,,,,,,,,.,.,,,,,,,,,,,,0500000US08079,,,08079,"Mineral County, Colorado",434,320,114,"Mineral County, Colorado",59,50,56,0.737327188940092,0.262672811059908
G0800810,2019-2023,CO,,,Colorado,8,Moffat County,81,,,,,,,,,,,,,,,.,.,,,,,,,,,,,,0500000US08081,,,08081,"Moffat County, Colorado",5303,3824,1479,"Moffat County, Colorado",211,276,281,0.721101263435791,0.278898736564209
G0800830,2019-2023,CO,,,Colorado,8,Montezuma County,83,,,,,,,,,,,,,,,.,.,,,,,,,,,,,,0500000US08083,,,08083,"Montezuma County, Colorado",10915,8168,2747,"Montezuma County, Colorado",311,378,350,0.748327989005955,0.251672010994045
G0800850,2019-2023,CO,,,Colorado,8,Montrose County,85,,,,,,,,,,,,,,,.,.,,,,,,,,,,,,0500000US08085,,,08085,"Montrose County, Colorado",17529,13085,4444,"Montrose County, Colorado",354,469,474,0.746477266244509,0.253522733755491
G0800870,2019-2023,CO,,,Colorado,8,Morgan County,87,,,,,,,,,,,,,,,.,.,,,,,,,,,,,,0500000US08087,,,08087,"Morgan County, Colorado",11033,7183,3850,"Morgan County, Colorado",192,438,389,0.651046859421735,0.348953140578265
G0800890,2019-2023,CO,,,Colorado,8,Otero County,89,,,,,,,,,,,,,,,.,.,,,,,,,,,,,,0500000US08089,,,08089,"Otero County, Colorado",7643,5264,2379,"Otero County, Colorado",223,276,264,0.688734790003925,0.311265209996075
G0800910,2019-2023,CO,,,Colorado,8,Ouray County,91,,,,,,,,,,,,,,,.,.,,,,,,,,,,,,0500000US08091,,,08091,"Ouray County, Colorado",2514,1961,553,"Ouray County, Colorado",159,173,159,0.780031821797932,0.219968178202068
G0800930,2019-2023,CO,,,Colorado,8,Park County,93,,,,,,,,,,,,,,,.,.,,,,,,,,,,,,0500000US08093,,,08093,"Park County, Colorado",8447,7382,1065,"Park County, Colorado",395,277,273,0.873919734817095,0.126080265182905
G0800950,2019-2023,CO,,,Colorado,8,Phillips County,95,,,,,,,,,,,,,,,.,.,,,,,,,,,,,,0500000US08095,,,08095,"Phillips County, Colorado",1859,1393,466,"Phillips County, Colorado",122,133,127,0.749327595481442,0.250672404518558
G0800970,2019-2023,CO,,,Colorado,8,Pitkin County,97,,,,,,,,,,,,,,,.,.,,,,,,,,,,,,0500000US08097,,,08097,"Pitkin County, Colorado",9031,6096,2935,"Pitkin County, Colorado",430,438,419,0.675008304728159,0.324991695271841
G0800990,2019-2023,CO,,,Colorado,8,Prowers County,99,,,,,,,,,,,,,,,.,.,,,,,,,,,,,,0500000US08099,,,08099,"Prowers County, Colorado",4564,3209,1355,"Prowers County, Colorado",222,259,245,0.703111305872042,0.296888694127958
G0801010,2019-2023,CO,,,Colorado,8,Pueblo County,101,,,,,,,,,,,,,,,.,.,,,,,,,,,,,,0500000US08101,,,08101,"Pueblo County, Colorado",67816,46329,21487,"Pueblo County, Colorado",549,1024,802,0.68315736699304,0.31684263300696
G0801030,2019-2023,CO,,,Colorado,8,Rio Blanco County,103,,,,,,,,,,,,,,,.,.,,,,,,,,,,,,0500000US08103,,,08103,"Rio Blanco County, Colorado",2587,1963,624,"Rio Blanco County, Colorado",166,167,168,0.758793969849246,0.241206030150754
G0801050,2019-2023,CO,,,Colorado,8,Rio Grande County,105,,,,,,,,,,,,,,,.,.,,,,,,,,,,,,0500000US08105,,,08105,"Rio Grande County, Colorado",5032,3442,1590,"Rio Grande County, Colorado",252,259,287,0.684022257551669,0.315977742448331
G0801070,2019-2023,CO,,,Colorado,8,Routt County,107,,,,,,,,,,,,,,,.,.,,,,,,,,,,,,0500000US08107,,,08107,"Routt County, Colorado",10619,8058,2561,"Routt County, Colorado",472,371,349,0.758828514926076,0.241171485073924
G0801090,2019-2023,CO,,,Colorado,8,Saguache County,109,,,,,,,,,,,,,,,.,.,,,,,,,,,,,,0500000US08109,,,08109,"Saguache County, Colorado",3261,2448,813,"Saguache County, Colorado",142,177,168,0.750689972401104,0.249310027598896
G0801110,2019-2023,CO,,,Colorado,8,San Juan County,111,,,,,,,,,,,,,,,.,.,,,,,,,,,,,,0500000US08111,,,08111,"San Juan County, Colorado",362,201,161,"San Juan County, Colorado",57,49,51,0.55524861878453,0.44475138121547
G0801130,2019-2023,CO,,,Colorado,8,San Miguel County,113,,,,,,,,,,,,,,,.,.,,,,,,,,,,,,0500000US08113,,,08113,"San Miguel County, Colorado",3998,2607,1391,"San Miguel County, Colorado",228,217,216,0.65207603801901,0.347923961980991
G0801150,2019-2023,CO,,,Colorado,8,Sedgwick County,115,,,,,,,,,,,,,,,.,.,,,,,,,,,,,,0500000US08115,,,08115,"Sedgwick County, Colorado",1000,723,277,"Sedgwick County, Colorado",76,66,60,0.723,0.277
G0801170,2019-2023,CO,,,Colorado,8,Summit County,117,,,,,,,,,,,,,,,.,.,,,,,,,,,,,,0500000US08117,,,08117,"Summit County, Colorado",12347,8546,3801,"Summit County, Colorado",631,525,556,0.692151939742448,0.307848060257552
G0801190,2019-2023,CO,,,Colorado,8,Teller County,119,,,,,,,,,,,,,,,.,.,,,,,,,,,,,,0500000US08119,,,08119,"Teller County, Colorado",11253,9251,2002,"Teller County, Colorado",325,380,242,0.822091886608016,0.177908113391984
G0801210,2019-2023,CO,,,Colorado,8,Washington County,121,,,,,,,,,,,,,,,.,.,,,,,,,,,,,,0500000US08121,,,08121,"Washington County, Colorado",2070,1485,585,"Washington County, Colorado",73,90,85,0.717391304347826,0.282608695652174
G0801230,2019-2023,CO,,,Colorado,8,Weld County,123,,,,,,,,,,,,,,,.,.,,,,,,,,,,,,0500000US08123,,,08123,"Weld County, Colorado",120019,90674,29345,"Weld County, Colorado",548,1140,1106,0.755497046301002,0.244502953698998
G0801250,2019-2023,CO,,,Colorado,8,Yuma County,125,,,,,,,,,,,,,,,.,.,,,,,,,,,,,,0500000US08125,,,08125,"Yuma County, Colorado",3957,2764,1193,"Yuma County, Colorado",115,172,174,0.698508971443012,0.301491028556988
G0901100,2019-2023,CT,,,Connecticut,9,Capitol Planning Region,110,,,,,,,,,,,,,,,.,.,,,,,,,,,,,,0500000US09110,,,09110,"Capitol Planning Region, Connecticut",389086,254424,134662,"Capitol Planning Region, Connecticut",1190,2145,2235,0.653901708105663,0.346098291894337
G0901200,2019-2023,CT,,,Connecticut,9,Greater Bridgeport Planning Region,120,,,,,,,,,,,,,,,.,.,,,,,,,,,,,,0500000US09120,,,09120,"Greater Bridgeport Planning Region, Connecticut",118335,77362,40973,"Greater Bridgeport Planning Region, Connecticut",749,1297,1243,0.653754172476444,0.346245827523556
G0901300,2019-2023,CT,,,Connecticut,9,Lower Connecticut River Valley Planning Region,130,,,,,,,,,,,,,,,.,.,,,,,,,,,,,,0500000US09130,,,09130,"Lower Connecticut River Valley Planning Region, Connecticut",73624,55387,18237,"Lower Connecticut River Valley Planning Region, Connecticut",735,860,788,0.752295447136803,0.247704552863197
G0901400,2019-2023,CT,,,Connecticut,9,Naugatuck Valley Planning Region,140,,,,,,,,,,,,,,,.,.,,,,,,,,,,,,0500000US09140,,,09140,"Naugatuck Valley Planning Region, Connecticut",178340,120630,57710,"Naugatuck Valley Planning Region, Connecticut",1105,1933,1807,0.676404620388023,0.323595379611977
G0901500,2019-2023,CT,,,Connecticut,9,Northeastern Connecticut Planning Region,150,,,,,,,,,,,,,,,.,.,,,,,,,,,,,,0500000US09150,,,09150,"Northeastern Connecticut Planning Region, Connecticut",39155,29835,9320,"Northeastern Connecticut Planning Region, Connecticut",414,714,731,0.761971651130124,0.238028348869876
G0901600,2019-2023,CT,,,Connecticut,9,Northwest Hills Planning Region,160,,,,,,,,,,,,,,,.,.,,,,,,,,,,,,0500000US09160,,,09160,"Northwest Hills Planning Region, Connecticut",47035,35683,11352,"Northwest Hills Planning Region, Connecticut",600,771,646,0.758647815456575,0.241352184543425
G0901700,2019-2023,CT,,,Connecticut,9,South Central Connecticut Planning Region,170,,,,,,,,,,,,,,,.,.,,,,,,,,,,,,0500000US09170,,,09170,"South Central Connecticut Planning Region, Connecticut",227739,137908,89831,"South Central Connecticut Planning Region, Connecticut",1079,2069,1902,0.6055528477775,0.3944471522225
G0901800,2019-2023,CT,,,Connecticut,9,Southeastern Connecticut Planning Region,180,,,,,,,,,,,,,,,.,.,,,,,,,,,,,,0500000US09180,,,09180,"Southeastern Connecticut Planning Region, Connecticut",114577,74923,39654,"Southeastern Connecticut Planning Region, Connecticut",998,1437,1372,0.653909597912321,0.346090402087679
G0901900,2019-2023,CT,,,Connecticut,9,Western Connecticut Planning Region,190,,,,,,,,,,,,,,,.,.,,,,,,,,,,,,0500000US09190,,,09190,"Western Connecticut Planning Region, Connecticut",232279,153760,78519,"Western Connecticut Planning Region, Connecticut",1002,1857,1798,0.66196255365315,0.33803744634685
G1000010,2019-2023,DE,,,Delaware,10,Kent County,1,,,,,,,,,,,,,,,.,.,,,,,,,,,,,,0500000US10001,,,10001,"Kent County, Delaware",70053,49719,20334,"Kent County, Delaware",600,852,885,0.709734058498565,0.290265941501435
G1000030,2019-2023,DE,,,Delaware,10,New Castle County,3,,,,,,,,,,,,,,,.,.,,,,,,,,,,,,0500000US10003,,,10003,"New Castle County, Delaware",222943,152742,70201,"New Castle County, Delaware",945,1980,1904,0.68511682358271,0.314883176417291
G1000050,2019-2023,DE,,,Delaware,10,Sussex County,5,,,,,,,,,,,,,,,.,.,,,,,,,,,,,,0500000US10005,,,10005,"Sussex County, Delaware",103213,83879,19334,"Sussex County, Delaware",1091,1228,1096,0.81267863544321,0.18732136455679
G1100010,2019-2023,DC,,,District of Columbia,11,District of Columbia,1,,,,,,,,,,,,,,,.,.,,,,,,,,,,,,0500000US11001,,,11001,"District of Columbia, District of Columbia",321556,132288,189268,"District of Columbia, District of Columbia",1499,2557,2750,0.411399569592855,0.588600430407145
G1200010,2019-2023,FL,,,Florida,12,Alachua County,1,,,,,,,,,,,,,,,.,.,,,,,,,,,,,,0500000US12001,,,12001,"Alachua County, Florida",112776,60974,51802,"Alachua County, Florida",1105,1226,1488,0.54066468042846,0.45933531957154
G1200030,2019-2023,FL,,,Florida,12,Baker County,3,,,,,,,,,,,,,,,.,.,,,,,,,,,,,,0500000US12003,,,12003,"Baker County, Florida",9012,7498,1514,"Baker County, Florida",295,423,350,0.832001775410564,0.167998224589436
G1200050,2019-2023,FL,,,Florida,12,Bay County,5,,,,,,,,,,,,,,,.,.,,,,,,,,,,,,0500000US12005,,,12005,"Bay County, Florida",76118,51976,24142,"Bay County, Florida",1106,1279,1105,0.682834546362227,0.317165453637773
G1200070,2019-2023,FL,,,Florida,12,Bradford County,7,,,,,,,,,,,,,,,.,.,,,,,,,,,,,,0500000US12007,,,12007,"Bradford County, Florida",9104,6451,2653,"Bradford County, Florida",367,451,429,0.708589630931459,0.291410369068541
G1200090,2019-2023,FL,,,Florida,12,Brevard County,9,,,,,,,,,,,,,,,.,.,,,,,,,,,,,,0500000US12009,,,12009,"Brevard County, Florida",251889,193755,58134,"Brevard County, Florida",1622,1970,1817,0.76920786536927,0.23079213463073
G1200110,2019-2023,FL,,,Florida,12,Broward County,11,,,,,,,,,,,,,,,.,.,,,,,,,,,,,,0500000US12011,,,12011,"Broward County, Florida",749372,474052,275320,"Broward County, Florida",2712,4522,4351,0.632599029587441,0.367400970412559
G1200130,2019-2023,FL,,,Florida,12,Calhoun County,13,,,,,,,,,,,,,,,.,.,,,,,,,,,,,,0500000US12013,,,12013,"Calhoun County, Florida",4625,3556,1069,"Calhoun County, Florida",225,243,229,0.768864864864865,0.231135135135135
G1200150,2019-2023,FL,,,Florida,12,Charlotte County,15,,,,,,,,,,,,,,,.,.,,,,,,,,,,,,0500000US12015,,,12015,"Charlotte County, Florida",87376,72670,14706,"Charlotte County, Florida",1263,1145,990,0.831692913385827,0.168307086614173
G1200170,2019-2023,FL,,,Florida,12,Citrus County,17,,,,,,,,,,,,,,,.,.,,,,,,,,,,,,0500000US12017,,,12017,"Citrus County, Florida",69701,59129,10572,"Citrus County, Florida",944,1098,779,0.848323553464082,0.151676446535918
G1200190,2019-2023,FL,,,Florida,12,Clay County,19,,,,,,,,,,,,,,,.,.,,,,,,,,,,,,0500000US12019,,,12019,"Clay County, Florida",81757,62335,19422,"Clay County, Florida",536,1064,1096,0.762442359675624,0.237557640324376
G1200210,2019-2023,FL,,,Florida,12,Collier County,21,,,,,,,,,,,,,,,.,.,,,,,,,,,,,,0500000US12021,,,12021,"Collier County, Florida",160867,122225,38642,"Collier County, Florida",1898,1918,1607,0.759789142583625,0.240210857416375
G1200230,2019-2023,FL,,,Florida,12,Columbia County,23,,,,,,,,,,,,,,,.,.,,,,,,,,,,,,0500000US12023,,,12023,"Columbia County, Florida",26720,18938,7782,"Columbia County, Florida",431,668,653,0.70875748502994,0.29124251497006
G1200270,2019-2023,FL,,,Florida,12,DeSoto County,27,,,,,,,,,,,,,,,.,.,,,,,,,,,,,,0500000US12027,,,12027,"DeSoto County, Florida",12656,9025,3631,"DeSoto County, Florida",320,381,431,0.713100505689001,0.286899494310999
G1200290,2019-2023,FL,,,Florida,12,Dixie County,29,,,,,,,,,,,,,,,.,.,,,,,,,,,,,,0500000US12029,,,12029,"Dixie County, Florida",6130,5139,991,"Dixie County, Florida",386,385,238,0.838336052202284,0.161663947797716
G1200310,2019-2023,FL,,,Florida,12,Duval County,31,,,,,,,,,,,,,,,.,.,,,,,,,,,,,,0500000US12031,,,12031,"Duval County, Florida",405139,235245,169894,"Duval County, Florida",1956,3431,2886,0.580652566156307,0.419347433843693
G1200330,2019-2023,FL,,,Florida,12,Escambia County,33,,,,,,,,,,,,,,,.,.,,,,,,,,,,,,0500000US12033,,,12033,"Escambia County, Florida",128292,82106,46186,"Escambia County, Florida",1077,1460,1487,0.639993140647897,0.360006859352103
G1200350,2019-2023,FL,,,Florida,12,Flagler County,35,,,,,,,,,,,,,,,.,.,,,,,,,,,,,,0500000US12035,,,12035,"Flagler County, Florida",50296,41003,9293,"Flagler County, Florida",743,1111,999,0.815233815810402,0.184766184189598
G1200370,2019-2023,FL,,,Florida,12,Franklin County,37,,,,,,,,,,,,,,,.,.,,,,,,,,,,,,0500000US12037,,,12037,"Franklin County, Florida",4918,3798,1120,"Franklin County, Florida",200,266,234,0.772265148434323,0.227734851565677
G1200390,2019-2023,FL,,,Florida,12,Gadsden County,39,,,,,,,,,,,,,,,.,.,,,,,,,,,,,,0500000US12039,,,12039,"Gadsden County, Florida",16485,12023,4462,"Gadsden County, Florida",376,498,444,0.729329693660904,0.270670306339096
G1200410,2019-2023,FL,,,Florida,12,Gilchrist County,41,,,,,,,,,,,,,,,.,.,,,,,,,,,,,,0500000US12041,,,12041,"Gilchrist County, Florida",6913,5787,1126,"Gilchrist County, Florida",212,249,227,0.837118472443223,0.162881527556777
G1200430,2019-2023,FL,,,Florida,12,Glades County,43,,,,,,,,,,,,,,,.,.,,,,,,,,,,,,0500000US12043,,,12043,"Glades County, Florida",4560,3634,926,"Glades County, Florida",263,269,246,0.796929824561404,0.203070175438596
G1200450,2019-2023,FL,,,Florida,12,Gulf County,45,,,,,,,,,,,,,,,.,.,,,,,,,,,,,,0500000US12045,,,12045,"Gulf County, Florida",5800,4655,1145,"Gulf County, Florida",334,314,238,0.802586206896552,0.197413793103448
G1200470,2019-2023,FL,,,Florida,12,Hamilton County,47,,,,,,,,,,,,,,,.,.,,,,,,,,,,,,0500000US12047,,,12047,"Hamilton County, Florida",4360,3265,1095,"Hamilton County, Florida",202,205,187,0.748853211009174,0.251146788990826
G1200490,2019-2023,FL,,,Florida,12,Hardee County,49,,,,,,,,,,,,,,,.,.,,,,,,,,,,,,0500000US12049,,,12049,"Hardee County, Florida",8148,5821,2327,"Hardee County, Florida",294,371,354,0.714408443789887,0.285591556210113
G1200510,2019-2023,FL,,,Florida,12,Hendry County,51,,,,,,,,,,,,,,,.,.,,,,,,,,,,,,0500000US12051,,,12051,"Hendry County, Florida",13944,10091,3853,"Hendry County, Florida",349,500,495,0.723680436029834,0.276319563970166
G1200530,2019-2023,FL,,,Florida,12,Hernando County,53,,,,,,,,,,,,,,,.,.,,,,,,,,,,,,0500000US12053,,,12053,"Hernando County, Florida",80544,65905,14639,"Hernando County, Florida",897,1106,885,0.818248410806516,0.181751589193484
G1200550,2019-2023,FL,,,Florida,12,Highlands County,55,,,,,,,,,,,,,,,.,.,,,,,,,,,,,,0500000US12055,,,12055,"Highlands County, Florida",45943,36257,9686,"Highlands County, Florida",754,765,782,0.789173541127049,0.210826458872951
G1200570,2019-2023,FL,,,Florida,12,Hillsborough County,57,,,,,,,,,,,,,,,.,.,,,,,,,,,,,,0500000US12057,,,12057,"Hillsborough County, Florida",569998,348066,221932,"Hillsborough County, Florida",1782,3702,3259,0.610644247874554,0.389355752125446
G1200590,2019-2023,FL,,,Florida,12,Holmes County,59,,,,,,,,,,,,,,,.,.,,,,,,,,,,,,0500000US12059,,,12059,"Holmes County, Florida",7087,5438,1649,"Holmes County, Florida",249,297,236,0.767320445886835,0.232679554113165
G1200610,2019-2023,FL,,,Florida,12,Indian River County,61,,,,,,,,,,,,,,,.,.,,,,,,,,,,,,0500000US12061,,,12061,"Indian River County, Florida",68696,54497,14199,"Indian River County, Florida",923,953,986,0.79330674275067,0.20669325724933
G1200630,2019-2023,FL,,,Florida,12,Jackson County,63,,,,,,,,,,,,,,,.,.,,,,,,,,,,,,0500000US12063,,,12063,"Jackson County, Florida",17038,12698,4340,"Jackson County, Florida",341,539,485,0.745275267050123,0.254724732949877
G1200650,2019-2023,FL,,,Florida,12,Jefferson County,65,,,,,,,,,,,,,,,.,.,,,,,,,,,,,,0500000US12065,,,12065,"Jefferson County, Florida",5675,4262,1413,"Jefferson County, Florida",219,291,269,0.751013215859031,0.248986784140969
G1200670,2019-2023,FL,,,Florida,12,Lafayette County,67,,,,,,,,,,,,,,,.,.,,,,,,,,,,,,0500000US12067,,,12067,"Lafayette County, Florida",2619,2132,487,"Lafayette County, Florida",231,222,149,0.814051164566629,0.185948835433372
G1200690,2019-2023,FL,,,Florida,12,Lake County,69,,,,,,,,,,,,,,,.,.,,,,,,,,,,,,0500000US12069,,,12069,"Lake County, Florida",159474,122233,37241,"Lake County, Florida",1495,2027,1817,0.766476039981439,0.233523960018561
G1200710,2019-2023,FL,,,Florida,12,Lee County,71,,,,,,,,,,,,,,,.,.,,,,,,,,,,,,0500000US12071,,,12071,"Lee County, Florida",319588,236433,83155,"Lee County, Florida",2788,2851,2731,0.739805624741855,0.260194375258145
G1200730,2019-2023,FL,,,Florida,12,Leon County,73,,,,,,,,,,,,,,,.,.,,,,,,,,,,,,0500000US12073,,,12073,"Leon County, Florida",120673,62572,58101,"Leon County, Florida",965,1143,1397,0.518525270773081,0.481474729226919
G1200750,2019-2023,FL,,,Florida,12,Levy County,75,,,,,,,,,,,,,,,.,.,,,,,,,,,,,,0500000US12075,,,12075,"Levy County, Florida",17976,14353,3623,"Levy County, Florida",338,505,448,0.798453493546952,0.201546506453049
G1200770,2019-2023,FL,,,Florida,12,Liberty County,77,,,,,,,,,,,,,,,.,.,,,,,,,,,,,,0500000US12077,,,12077,"Liberty County, Florida",2554,2031,523,"Liberty County, Florida",177,173,138,0.795223179326547,0.204776820673453
G1200790,2019-2023,FL,,,Florida,12,Madison County,79,,,,,,,,,,,,,,,.,.,,,,,,,,,,,,0500000US12079,,,12079,"Madison County, Florida",6980,5026,1954,"Madison County, Florida",203,326,290,0.720057306590258,0.279942693409742
G1200810,2019-2023,FL,,,Florida,12,Manatee County,81,,,,,,,,,,,,,,,.,.,,,,,,,,,,,,0500000US12081,,,12081,"Manatee County, Florida",168504,125853,42651,"Manatee County, Florida",1649,1714,1701,0.746884346959123,0.253115653040877
G1200830,2019-2023,FL,,,Florida,12,Marion County,83,,,,,,,,,,,,,,,.,.,,,,,,,,,,,,0500000US12083,,,12083,"Marion County, Florida",159796,122533,37263,"Marion County, Florida",1469,1780,1665,0.766808931387519,0.233191068612481
G1200850,2019-2023,FL,,,Florida,12,Martin County,85,,,,,,,,,,,,,,,.,.,,,,,,,,,,,,0500000US12085,,,12085,"Martin County, Florida",67820,54328,13492,"Martin County, Florida",855,958,826,0.801061633736361,0.198938366263639
G1200860,2019-2023,FL,,,Florida,12,Miami-Dade County,86,,,,,,,,,,,,,,,.,.,,,,,,,,,,,,0500000US12086,,,12086,"Miami-Dade County, Florida",964805,503562,461243,"Miami-Dade County, Florida",2795,4688,4644,0.521931374733755,0.478068625266246
G1200870,2019-2023,FL,,,Florida,12,Monroe County,87,,,,,,,,,,,,,,,.,.,,,,,,,,,,,,0500000US12087,,,12087,"Monroe County, Florida",34630,21952,12678,"Monroe County, Florida",709,723,600,0.63390124169795,0.36609875830205
G1200890,2019-2023,FL,,,Florida,12,Nassau County,89,,,,,,,,,,,,,,,.,.,,,,,,,,,,,,0500000US12089,,,12089,"Nassau County, Florida",38112,31627,6485,"Nassau County, Florida",568,785,695,0.829843618807725,0.170156381192275
G1200910,2019-2023,FL,,,Florida,12,Okaloosa County,91,,,,,,,,,,,,,,,.,.,,,,,,,,,,,,0500000US12091,,,12091,"Okaloosa County, Florida",84123,56997,27126,"Okaloosa County, Florida",1106,1295,1147,0.677543596876003,0.322456403123997
G1200930,2019-2023,FL,,,Florida,12,Okeechobee County,93,,,,,,,,,,,,,,,.,.,,,,,,,,,,,,0500000US12093,,,12093,"Okeechobee County, Florida",15187,11323,3864,"Okeechobee County, Florida",408,513,423,0.74557187067887,0.25442812932113
G1200950,2019-2023,FL,,,Florida,12,Orange County,95,,,,,,,,,,,,,,,.,.,,,,,,,,,,,,0500000US12095,,,12095,"Orange County, Florida",508907,291933,216974,"Orange County, Florida",2485,3882,3549,0.573647051425899,0.426352948574101
G1200970,2019-2023,FL,,,Florida,12,Osceola County,97,,,,,,,,,,,,,,,.,.,,,,,,,,,,,,0500000US12097,,,12097,"Osceola County, Florida",131365,87004,44361,"Osceola County, Florida",1486,1853,1794,0.662307311688806,0.337692688311194
G1200990,2019-2023,FL,,,Florida,12,Palm Beach County,99,,,,,,,,,,,,,,,.,.,,,,,,,,,,,,0500000US12099,,,12099,"Palm Beach County, Florida",597053,417121,179932,"Palm Beach County, Florida",2488,3895,3034,0.698633119672793,0.301366880327207
G1201010,2019-2023,FL,,,Florida,12,Pasco County,101,,,,,,,,,,,,,,,.,.,,,,,,,,,,,,0500000US12101,,,12101,"Pasco County, Florida",229860,173553,56307,"Pasco County, Florida",1612,2236,2103,0.755037849125555,0.244962150874445
G1201030,2019-2023,FL,,,Florida,12,Pinellas County,103,,,,,,,,,,,,,,,.,.,,,,,,,,,,,,0500000US12103,,,12103,"Pinellas County, Florida",423242,293896,129346,"Pinellas County, Florida",2243,2869,2337,0.69439233346407,0.30560766653593
G1201050,2019-2023,FL,,,Florida,12,Polk County,105,,,,,,,,,,,,,,,.,.,,,,,,,,,,,,0500000US12105,,,12105,"Polk County, Florida",276643,193698,82945,"Polk County, Florida",2021,2303,2239,0.70017314734152,0.29982685265848
G1201070,2019-2023,FL,,,Florida,12,Putnam County,107,,,,,,,,,,,,,,,.,.,,,,,,,,,,,,0500000US12107,,,12107,"Putnam County, Florida",30650,22256,8394,"Putnam County, Florida",595,692,738,0.726133768352365,0.273866231647635
G1201090,2019-2023,FL,,,Florida,12,St. Johns County,109,,,,,,,,,,,,,,,.,.,,,,,,,,,,,,0500000US12109,,,12109,"St. Johns County, Florida",108827,89302,19525,"St. Johns County, Florida",1368,1556,1340,0.820586802907367,0.179413197092633
G1201110,2019-2023,FL,,,Florida,12,St. Lucie County,111,,,,,,,,,,,,,,,.,.,,,,,,,,,,,,0500000US12111,,,12111,"St. Lucie County, Florida",131640,102225,29415,"St. Lucie County, Florida",1179,1702,1462,0.77654968094804,0.22345031905196
G1201130,2019-2023,FL,,,Florida,12,Santa Rosa County,113,,,,,,,,,,,,,,,.,.,,,,,,,,,,,,0500000US12113,,,12113,"Santa Rosa County, Florida",71250,56986,14264,"Santa Rosa County, Florida",811,906,974,0.79980350877193,0.20019649122807
G1201150,2019-2023,FL,,,Florida,12,Sarasota County,115,,,,,,,,,,,,,,,.,.,,,,,,,,,,,,0500000US12115,,,12115,"Sarasota County, Florida",205503,156876,48627,"Sarasota County, Florida",1515,1838,1695,0.763375717142815,0.236624282857185
G1201170,2019-2023,FL,,,Florida,12,Seminole County,117,,,,,,,,,,,,,,,.,.,,,,,,,,,,,,0500000US12117,,,12117,"Seminole County, Florida",185396,121917,63479,"Seminole County, Florida",902,1807,1620,0.657603184534726,0.342396815465274
G1201190,2019-2023,FL,,,Florida,12,Sumter County,119,,,,,,,,,,,,,,,.,.,,,,,,,,,,,,0500000US12119,,,12119,"Sumter County, Florida",66941,58978,7963,"Sumter County, Florida",1030,1102,954,0.881044501874785,0.118955498125215
G1201210,2019-2023,FL,,,Florida,12,Suwannee County,121,,,,,,,,,,,,,,,.,.,,,,,,,,,,,,0500000US12121,,,12121,"Suwannee County, Florida",15567,11600,3967,"Suwannee County, Florida",456,588,534,0.745166056401362,0.254833943598638
G1201230,2019-2023,FL,,,Florida,12,Taylor County,123,,,,,,,,,,,,,,,.,.,,,,,,,,,,,,0500000US12123,,,12123,"Taylor County, Florida",7571,5499,2072,"Taylor County, Florida",329,399,352,0.726324131554616,0.273675868445384
G1201250,2019-2023,FL,,,Florida,12,Union County,125,,,,,,,,,,,,,,,.,.,,,,,,,,,,,,0500000US12125,,,12125,"Union County, Florida",4192,3085,1107,"Union County, Florida",160,243,218,0.735925572519084,0.264074427480916
G1201270,2019-2023,FL,,,Florida,12,Volusia County,127,,,,,,,,,,,,,,,.,.,,,,,,,,,,,,0500000US12127,,,12127,"Volusia County, Florida",237396,172829,64567,"Volusia County, Florida",1407,2170,2072,0.728019848691638,0.271980151308362
G1201290,2019-2023,FL,,,Florida,12,Wakulla County,129,,,,,,,,,,,,,,,.,.,,,,,,,,,,,,0500000US12129,,,12129,"Wakulla County, Florida",12187,10217,1970,"Wakulla County, Florida",392,464,428,0.838352342660212,0.161647657339788
G1201310,2019-2023,FL,,,Florida,12,Walton County,131,,,,,,,,,,,,,,,.,.,,,,,,,,,,,,0500000US12131,,,12131,"Walton County, Florida",32659,25198,7461,"Walton County, Florida",1018,954,729,0.77154842463027,0.22845157536973
G1201330,2019-2023,FL,,,Florida,12,Washington County,133,,,,,,,,,,,,,,,.,.,,,,,,,,,,,,0500000US12133,,,12133,"Washington County, Florida",9282,7407,1875,"Washington County, Florida",289,388,356,0.797996121525533,0.202003878474467
G1300010,2019-2023,GA,,,Georgia,13,Appling County,1,,,,,,,,,,,,,,,.,.,,,,,,,,,,,,0500000US13001,,,13001,"Appling County, Georgia",7037,5052,1985,"Appling County, Georgia",291,306,307,0.717919567997726,0.282080432002274
G1300030,2019-2023,GA,,,Georgia,13,Atkinson County,3,,,,,,,,,,,,,,,.,.,,,,,,,,,,,,0500000US13003,,,13003,"Atkinson County, Georgia",3189,2060,1129,"Atkinson County, Georgia",109,218,227,0.645970523675133,0.354029476324867
G1300050,2019-2023,GA,,,Georgia,13,Bacon County,5,,,,,,,,,,,,,,,.,.,,,,,,,,,,,,0500000US13005,,,13005,"Bacon County, Georgia",4013,2966,1047,"Bacon County, Georgia",227,287,244,0.739097931721904,0.260902068278096
G1300070,2019-2023,GA,,,Georgia,13,Baker County,7,,,,,,,,,,,,,,,.,.,,,,,,,,,,,,0500000US13007,,,13007,"Baker County, Georgia",1114,810,304,"Baker County, Georgia",125,112,92,0.727109515260323,0.272890484739677
G1300090,2019-2023,GA,,,Georgia,13,Baldwin County,9,,,,,,,,,,,,,,,.,.,,,,,,,,,,,,0500000US13009,,,13009,"Baldwin County, Georgia",16075,10324,5751,"Baldwin County, Georgia",517,454,587,0.642239502332815,0.357760497667185
G1300110,2019-2023,GA,,,Georgia,13,Banks County,11,,,,,,,,,,,,,,,.,.,,,,,,,,,,,,0500000US13011,,,13011,"Banks County, Georgia",6787,5205,1582,"Banks County, Georgia",143,307,296,0.766907322823044,0.233092677176956
G1300130,2019-2023,GA,,,Georgia,13,Barrow County,13,,,,,,,,,,,,,,,.,.,,,,,,,,,,,,0500000US13013,,,13013,"Barrow County, Georgia",29770,23656,6114,"Barrow County, Georgia",293,569,524,0.79462546187437,0.20537453812563
G1300150,2019-2023,GA,,,Georgia,13,Bartow County,15,,,,,,,,,,,,,,,.,.,,,,,,,,,,,,0500000US13015,,,13015,"Bartow County, Georgia",39664,29297,10367,"Bartow County, Georgia",688,855,790,0.738629487696652,0.261370512303348
G1300170,2019-2023,GA,,,Georgia,13,Ben Hill County,17,,,,,,,,,,,,,,,.,.,,,,,,,,,,,,0500000US13017,,,13017,"Ben Hill County, Georgia",7162,4283,2879,"Ben Hill County, Georgia",246,337,338,0.598017313599553,0.401982686400447
G1300190,2019-2023,GA,,,Georgia,13,Berrien County,19,,,,,,,,,,,,,,,.,.,,,,,,,,,,,,0500000US13019,,,13019,"Berrien County, Georgia",6881,4750,2131,"Berrien County, Georgia",223,258,273,0.69030664147653,0.30969335852347
G1300210,2019-2023,GA,,,Georgia,13,Bibb County,21,,,,,,,,,,,,,,,.,.,,,,,,,,,,,,0500000US13021,,,13021,"Bibb County, Georgia",59681,30749,28932,"Bibb County, Georgia",842,837,1013,0.515222600157504,0.484777399842496
G1300230,2019-2023,GA,,,Georgia,13,Bleckley County,23,,,,,,,,,,,,,,,.,.,,,,,,,,,,,,0500000US13023,,,13023,"Bleckley County, Georgia",4283,3140,1143,"Bleckley County, Georgia",218,204,212,0.733130982955872,0.266869017044128
G1300250,2019-2023,GA,,,Georgia,13,Brantley County,25,,,,,,,,,,,,,,,.,.,,,,,,,,,,,,0500000US13025,,,13025,"Brantley County, Georgia",6828,5279,1549,"Brantley County, Georgia",295,387,373,0.773140011716462,0.226859988283538
G1300270,2019-2023,GA,,,Georgia,13,Brooks County,27,,,,,,,,,,,,,,,.,.,,,,,,,,,,,,0500000US13027,,,13027,"Brooks County, Georgia",5994,4220,1774,"Brooks County, Georgia",262,277,311,0.704037370704037,0.295962629295963
G1300290,2019-2023,GA,,,Georgia,13,Bryan County,29,,,,,,,,,,,,,,,.,.,,,,,,,,,,,,0500000US13029,,,13029,"Bryan County, Georgia",15821,11966,3855,"Bryan County, Georgia",377,499,518,0.756336514758865,0.243663485241135
G1300310,2019-2023,GA,,,Georgia,13,Bulloch County,31,,,,,,,,,,,,,,,.,.,,,,,,,,,,,,0500000US13031,,,13031,"Bulloch County, Georgia",30276,16127,14149,"Bulloch County, Georgia",612,677,796,0.53266613819527,0.46733386180473
G1300330,2019-2023,GA,,,Georgia,13,Burke County,33,,,,,,,,,,,,,,,.,.,,,,,,,,,,,,0500000US13033,,,13033,"Burke County, Georgia",9097,6617,2480,"Burke County, Georgia",399,419,331,0.727382653622073,0.272617346377927
G1300350,2019-2023,GA,,,Georgia,13,Butts County,35,,,,,,,,,,,,,,,.,.,,,,,,,,,,,,0500000US13035,,,13035,"Butts County, Georgia",8751,6219,2532,"Butts County, Georgia",262,426,499,0.710661638669866,0.289338361330134
G1300370,2019-2023,GA,,,Georgia,13,Calhoun County,37,,,,,,,,,,,,,,,.,.,,,,,,,,,,,,0500000US13037,,,13037,"Calhoun County, Georgia",1508,949,559,"Calhoun County, Georgia",122,125,117,0.629310344827586,0.370689655172414
G1300390,2019-2023,GA,,,Georgia,13,Camden County,39,,,,,,,,,,,,,,,.,.,,,,,,,,,,,,0500000US13039,,,13039,"Camden County, Georgia",21024,13410,7614,"Camden County, Georgia",382,500,516,0.637842465753425,0.362157534246575
G1300430,2019-2023,GA,,,Georgia,13,Candler County,43,,,,,,,,,,,,,,,.,.,,,,,,,,,,,,0500000US13043,,,13043,"Candler County, Georgia",4183,2614,1569,"Candler County, Georgia",144,196,208,0.624910351422424,0.375089648577576
G1300450,2019-2023,GA,,,Georgia,13,Carroll County,45,,,,,,,,,,,,,,,.,.,,,,,,,,,,,,0500000US13045,,,13045,"Carroll County, Georgia",43598,30213,13385,"Carroll County, Georgia",597,857,955,0.692990504151567,0.307009495848433
G1300470,2019-2023,GA,,,Georgia,13,Catoosa County,47,,,,,,,,,,,,,,,.,.,,,,,,,,,,,,0500000US13047,,,13047,"Catoosa County, Georgia",26139,19625,6514,"Catoosa County, Georgia",400,669,647,0.750793832969892,0.249206167030108
G1300490,2019-2023,GA,,,Georgia,13,Charlton County,49,,,,,,,,,,,,,,,.,.,,,,,,,,,,,,0500000US13049,,,13049,"Charlton County, Georgia",4086,3193,893,"Charlton County, Georgia",178,280,235,0.781448849730788,0.218551150269212
G1300510,2019-2023,GA,,,Georgia,13,Chatham County,51,,,,,,,,,,,,,,,.,.,,,,,,,,,,,,0500000US13051,,,13051,"Chatham County, Georgia",119241,67117,52124,"Chatham County, Georgia",1147,1231,1470,0.56286847644686,0.43713152355314
G1300530,2019-2023,GA,,,Georgia,13,Chattahoochee County,53,,,,,,,,,,,,,,,.,.,,,,,,,,,,,,0500000US13053,,,13053,"Chattahoochee County, Georgia",1897,682,1215,"Chattahoochee County, Georgia",221,119,220,0.359515023721666,0.640484976278334
G1300550,2019-2023,GA,,,Georgia,13,Chattooga County,55,,,,,,,,,,,,,,,.,.,,,,,,,,,,,,0500000US13055,,,13055,"Chattooga County, Georgia",9142,6161,2981,"Chattooga County, Georgia",296,350,291,0.673922555239554,0.326077444760446
G1300570,2019-2023,GA,,,Georgia,13,Cherokee County,57,,,,,,,,,,,,,,,.,.,,,,,,,,,,,,0500000US13057,,,13057,"Cherokee County, Georgia",99132,76737,22395,"Cherokee County, Georgia",618,1107,1128,0.774089093330105,0.225910906669895
G1300590,2019-2023,GA,,,Georgia,13,Clarke County,59,,,,,,,,,,,,,,,.,.,,,,,,,,,,,,0500000US13059,,,13059,"Clarke County, Georgia",54161,22336,31825,"Clarke County, Georgia",474,756,907,0.412400066468492,0.587599933531508
G1300610,2019-2023,GA,,,Georgia,13,Clay County,61,,,,,,,,,,,,,,,.,.,,,,,,,,,,,,0500000US13061,,,13061,"Clay County, Georgia",1179,907,272,"Clay County, Georgia",134,118,95,0.769296013570823,0.230703986429177
G1300630,2019-2023,GA,,,Georgia,13,Clayton County,63,,,,,,,,,,,,,,,.,.,,,,,,,,,,,,0500000US13063,,,13063,"Clayton County, Georgia",105626,56182,49444,"Clayton County, Georgia",783,1190,1383,0.531895556018405,0.468104443981595
G1300650,2019-2023,GA,,,Georgia,13,Clinch County,65,,,,,,,,,,,,,,,.,.,,,,,,,,,,,,0500000US13065,,,13065,"Clinch County, Georgia",2470,1731,739,"Clinch County, Georgia",122,160,150,0.70080971659919,0.29919028340081
G1300670,2019-2023,GA,,,Georgia,13,Cobb County,67,,,,,,,,,,,,,,,.,.,,,,,,,,,,,,0500000US13067,,,13067,"Cobb County, Georgia",293410,196564,96846,"Cobb County, Georgia",1383,2028,2101,0.669929450257319,0.330070549742681
G1300690,2019-2023,GA,,,Georgia,13,Coffee County,69,,,,,,,,,,,,,,,.,.,,,,,,,,,,,,0500000US13069,,,13069,"Coffee County, Georgia",15318,9667,5651,"Coffee County, Georgia",353,541,567,0.631087609348479,0.368912390651521
G1300710,2019-2023,GA,,,Georgia,13,Colquitt County,71,,,,,,,,,,,,,,,.,.,,,,,,,,,,,,0500000US13071,,,13071,"Colquitt County, Georgia",16807,10660,6147,"Colquitt County, Georgia",358,502,493,0.634259534717677,0.365740465282323
G1300730,2019-2023,GA,,,Georgia,13,Columbia County,73,,,,,,,,,,,,,,,.,.,,,,,,,,,,,,0500000US13073,,,13073,"Columbia County, Georgia",52083,40881,11202,"Columbia County, Georgia",969,1101,860,0.78492022348943,0.21507977651057
G1300750,2019-2023,GA,,,Georgia,13,Cook County,75,,,,,,,,,,,,,,,.,.,,,,,,,,,,,,0500000US13075,,,13075,"Cook County, Georgia",6323,4055,2268,"Cook County, Georgia",190,279,271,0.641309504981812,0.358690495018188
G1300770,2019-2023,GA,,,Georgia,13,Coweta County,77,,,,,,,,,,,,,,,.,.,,,,,,,,,,,,0500000US13077,,,13077,"Coweta County, Georgia",55290,42901,12389,"Coweta County, Georgia",433,893,880,0.775926930728884,0.224073069271116
G1300790,2019-2023,GA,,,Georgia,13,Crawford County,79,,,,,,,,,,,,,,,.,.,,,,,,,,,,,,0500000US13079,,,13079,"Crawford County, Georgia",4390,3710,680,"Crawford County, Georgia",192,225,159,0.845102505694761,0.154897494305239
G1300810,2019-2023,GA,,,Georgia,13,Crisp County,81,,,,,,,,,,,,,,,.,.,,,,,,,,,,,,0500000US13081,,,13081,"Crisp County, Georgia",7966,4279,3687,"Crisp County, Georgia",312,494,475,0.537157921164951,0.462842078835049
G1300830,2019-2023,GA,,,Georgia,13,Dade County,83,,,,,,,,,,,,,,,.,.,,,,,,,,,,,,0500000US13083,,,13083,"Dade County, Georgia",6178,4814,1364,"Dade County, Georgia",269,286,259,0.779216574943347,0.220783425056653
G1300850,2019-2023,GA,,,Georgia,13,Dawson County,85,,,,,,,,,,,,,,,.,.,,,,,,,,,,,,0500000US13085,,,13085,"Dawson County, Georgia",10844,8500,2344,"Dawson County, Georgia",278,347,369,0.783843600147547,0.216156399852453
G1300870,2019-2023,GA,,,Georgia,13,Decatur County,87,,,,,,,,,,,,,,,.,.,,,,,,,,,,,,0500000US13087,,,13087,"Decatur County, Georgia",10474,6478,3996,"Decatur County, Georgia",331,384,411,0.618483864808096,0.381516135191904
G1300890,2019-2023,GA,,,Georgia,13,DeKalb County,89,,,,,,,,,,,,,,,.,.,,,,,,,,,,,,0500000US13089,,,13089,"DeKalb County, Georgia",284681,166537,118144,"DeKalb County, Georgia",1814,2620,2601,0.584995134905385,0.415004865094615
G1300910,2019-2023,GA,,,Georgia,13,Dodge County,91,,,,,,,,,,,,,,,.,.,,,,,,,,,,,,0500000US13091,,,13091,"Dodge County, Georgia",6657,4552,2105,"Dodge County, Georgia",304,347,294,0.683791497671624,0.316208502328376
G1300930,2019-2023,GA,,,Georgia,13,Dooly County,93,,,,,,,,,,,,,,,.,.,,,,,,,,,,,,0500000US13093,,,13093,"Dooly County, Georgia",3919,2612,1307,"Dooly County, Georgia",231,258,240,0.666496555243685,0.333503444756315
G1300950,2019-2023,GA,,,Georgia,13,Dougherty County,95,,,,,,,,,,,,,,,.,.,,,,,,,,,,,,0500000US13095,,,13095,"Dougherty County, Georgia",34280,15956,18324,"Dougherty County, Georgia",537,647,768,0.465460910151692,0.534539089848308
G1300970,2019-2023,GA,,,Georgia,13,Douglas County,97,,,,,,,,,,,,,,,.,.,,,,,,,,,,,,0500000US13097,,,13097,"Douglas County, Georgia",51339,34110,17229,"Douglas County, Georgia",647,1091,1117,0.664407175831239,0.335592824168761
G1300990,2019-2023,GA,,,Georgia,13,Early County,99,,,,,,,,,,,,,,,.,.,,,,,,,,,,,,0500000US13099,,,13099,"Early County, Georgia",4043,2844,1199,"Early County, Georgia",185,185,198,0.70343804105862,0.29656195894138
G1301010,2019-2023,GA,,,Georgia,13,Echols County,101,,,,,,,,,,,,,,,.,.,,,,,,,,,,,,0500000US13101,,,13101,"Echols County, Georgia",1209,929,280,"Echols County, Georgia",121,131,94,0.768403639371381,0.231596360628619
G1301030,2019-2023,GA,,,Georgia,13,Effingham County,103,,,,,,,,,,,,,,,.,.,,,,,,,,,,,,0500000US13103,,,13103,"Effingham County, Georgia",23555,18494,5061,"Effingham County, Georgia",354,599,552,0.785141158989599,0.214858841010401
G1301050,2019-2023,GA,,,Georgia,13,Elbert County,105,,,,,,,,,,,,,,,.,.,,,,,,,,,,,,0500000US13105,,,13105,"Elbert County, Georgia",8245,5655,2590,"Elbert County, Georgia",252,351,311,0.685870224378411,0.314129775621589
G1301070,2019-2023,GA,,,Georgia,13,Emanuel County,107,,,,,,,,,,,,,,,.,.,,,,,,,,,,,,0500000US13107,,,13107,"Emanuel County, Georgia",8267,4944,3323,"Emanuel County, Georgia",306,336,331,0.59804040159671,0.40195959840329
G1301090,2019-2023,GA,,,Georgia,13,Evans County,109,,,,,,,,,,,,,,,.,.,,,,,,,,,,,,0500000US13109,,,13109,"Evans County, Georgia",3876,2482,1394,"Evans County, Georgia",196,195,196,0.640350877192982,0.359649122807018
G1301110,2019-2023,GA,,,Georgia,13,Fannin County,111,,,,,,,,,,,,,,,.,.,,,,,,,,,,,,0500000US13111,,,13111,"Fannin County, Georgia",11361,8885,2476,"Fannin County, Georgia",533,498,480,0.782061438253675,0.217938561746325
G1301130,2019-2023,GA,,,Georgia,13,Fayette County,113,,,,,,,,,,,,,,,.,.,,,,,,,,,,,,0500000US13113,,,13113,"Fayette County, Georgia",43669,35369,8300,"Fayette County, Georgia",422,853,815,0.809933820330211,0.190066179669789
G1301150,2019-2023,GA,,,Georgia,13,Floyd County,115,,,,,,,,,,,,,,,.,.,,,,,,,,,,,,0500000US13115,,,13115,"Floyd County, Georgia",36688,22773,13915,"Floyd County, Georgia",611,831,772,0.620720671609246,0.379279328390754
G1301170,2019-2023,GA,,,Georgia,13,Forsyth County,117,,,,,,,,,,,,,,,.,.,,,,,,,,,,,,0500000US13117,,,13117,"Forsyth County, Georgia",86688,73661,13027,"Forsyth County, Georgia",537,957,845,0.849725452196382,0.150274547803618
G1301190,2019-2023,GA,,,Georgia,13,Franklin County,119,,,,,,,,,,,,,,,.,.,,,,,,,,,,,,0500000US13119,,,13119,"Franklin County, Georgia",8774,6678,2096,"Franklin County, Georgia",253,298,309,0.761112377478915,0.238887622521085
G1301210,2019-2023,GA,,,Georgia,13,Fulton County,121,,,,,,,,,,,,,,,.,.,,,,,,,,,,,,0500000US13121,,,13121,"Fulton County, Georgia",457791,247837,209954,"Fulton County, Georgia",1671,3136,3121,0.541375868027113,0.458624131972887
G1301230,2019-2023,GA,,,Georgia,13,Gilmer County,123,,,,,,,,,,,,,,,.,.,,,,,,,,,,,,0500000US13123,,,13123,"Gilmer County, Georgia",12612,10184,2428,"Gilmer County, Georgia",459,386,309,0.807484934982556,0.192515065017444
G1301250,2019-2023,GA,,,Georgia,13,Glascock County,125,,,,,,,,,,,,,,,.,.,,,,,,,,,,,,0500000US13125,,,13125,"Glascock County, Georgia",1042,773,269,"Glascock County, Georgia",89,90,81,0.741842610364683,0.258157389635317
G1301270,2019-2023,GA,,,Georgia,13,Glynn County,127,,,,,,,,,,,,,,,.,.,,,,,,,,,,,,0500000US13127,,,13127,"Glynn County, Georgia",34625,23214,11411,"Glynn County, Georgia",774,723,730,0.670440433212996,0.329559566787004
G1301290,2019-2023,GA,,,Georgia,13,Gordon County,129,,,,,,,,,,,,,,,.,.,,,,,,,,,,,,0500000US13129,,,13129,"Gordon County, Georgia",20841,15128,5713,"Gordon County, Georgia",429,599,605,0.72587687730915,0.27412312269085
G1301310,2019-2023,GA,,,Georgia,13,Grady County,131,,,,,,,,,,,,,,,.,.,,,,,,,,,,,,0500000US13131,,,13131,"Grady County, Georgia",10073,6453,3620,"Grady County, Georgia",327,420,390,0.640623448823588,0.359376551176412
G1301330,2019-2023,GA,,,Georgia,13,Greene County,133,,,,,,,,,,,,,,,.,.,,,,,,,,,,,,0500000US13133,,,13133,"Greene County, Georgia",7846,6209,1637,"Greene County, Georgia",294,300,300,0.791358654091257,0.208641345908743
G1301350,2019-2023,GA,,,Georgia,13,Gwinnett County,135,,,,,,,,,,,,,,,.,.,,,,,,,,,,,,0500000US13135,,,13135,"Gwinnett County, Georgia",322852,215307,107545,"Gwinnett County, Georgia",1128,2425,2446,0.666890711533458,0.333109288466542
G1301370,2019-2023,GA,,,Georgia,13,Habersham County,137,,,,,,,,,,,,,,,.,.,,,,,,,,,,,,0500000US13137,,,13137,"Habersham County, Georgia",16048,11985,4063,"Habersham County, Georgia",345,467,424,0.746822033898305,0.253177966101695
G1301390,2019-2023,GA,,,Georgia,13,Hall County,139,,,,,,,,,,,,,,,.,.,,,,,,,,,,,,0500000US13139,,,13139,"Hall County, Georgia",71263,49081,22182,"Hall County, Georgia",673,1076,1049,0.688730477246257,0.311269522753743
G1301410,2019-2023,GA,,,Georgia,13,Hancock County,141,,,,,,,,,,,,,,,.,.,,,,,,,,,,,,0500000US13141,,,13141,"Hancock County, Georgia",2852,2210,642,"Hancock County, Georgia",248,228,186,0.774894810659187,0.225105189340813
G1301430,2019-2023,GA,,,Georgia,13,Haralson County,143,,,,,,,,,,,,,,,.,.,,,,,,,,,,,,0500000US13143,,,13143,"Haralson County, Georgia",11510,8186,3324,"Haralson County, Georgia",319,478,454,0.71120764552563,0.28879235447437
G1301450,2019-2023,GA,,,Georgia,13,Harris County,145,,,,,,,,,,,,,,,.,.,,,,,,,,,,,,0500000US13145,,,13145,"Harris County, Georgia",12637,11160,1477,"Harris County, Georgia",374,431,358,0.883120993906782,0.116879006093218
G1301470,2019-2023,GA,,,Georgia,13,Hart County,147,,,,,,,,,,,,,,,.,.,,,,,,,,,,,,0500000US13147,,,13147,"Hart County, Georgia",10543,7916,2627,"Hart County, Georgia",315,366,349,0.750829934553732,0.249170065446268
G1301490,2019-2023,GA,,,Georgia,13,Heard County,149,,,,,,,,,,,,,,,.,.,,,,,,,,,,,,0500000US13149,,,13149,"Heard County, Georgia",4342,3127,1215,"Heard County, Georgia",152,223,204,0.720175034546292,0.279824965453708
G1301510,2019-2023,GA,,,Georgia,13,Henry County,151,,,,,,,,,,,,,,,.,.,,,,,,,,,,,,0500000US13151,,,13151,"Henry County, Georgia",84498,61297,23201,"Henry County, Georgia",689,1231,1139,0.725425453856896,0.274574546143104
G1301530,2019-2023,GA,,,Georgia,13,Houston County,153,,,,,,,,,,,,,,,.,.,,,,,,,,,,,,0500000US13153,,,13153,"Houston County, Georgia",62158,41709,20449,"Houston County, Georgia",609,980,1030,0.671015798449114,0.328984201550886
G1301550,2019-2023,GA,,,Georgia,13,Irwin County,155,,,,,,,,,,,,,,,.,.,,,,,,,,,,,,0500000US13155,,,13155,"Irwin County, Georgia",3725,2653,1072,"Irwin County, Georgia",198,205,197,0.712214765100671,0.287785234899329
G1301570,2019-2023,GA,,,Georgia,13,Jackson County,157,,,,,,,,,,,,,,,.,.,,,,,,,,,,,,0500000US13157,,,13157,"Jackson County, Georgia",26976,21524,5452,"Jackson County, Georgia",335,557,513,0.797894424673784,0.202105575326216
G1301590,2019-2023,GA,,,Georgia,13,Jasper County,159,,,,,,,,,,,,,,,.,.,,,,,,,,,,,,0500000US13159,,,13159,"Jasper County, Georgia",5812,4893,919,"Jasper County, Georgia",199,284,225,0.841878871300757,0.158121128699243
G1301610,2019-2023,GA,,,Georgia,13,Jeff Davis County,161,,,,,,,,,,,,,,,.,.,,,,,,,,,,,,0500000US13161,,,13161,"Jeff Davis County, Georgia",5368,3671,1697,"Jeff Davis County, Georgia",285,276,287,0.683867362146051,0.316132637853949
G1301630,2019-2023,GA,,,Georgia,13,Jefferson County,163,,,,,,,,,,,,,,,.,.,,,,,,,,,,,,0500000US13163,,,13163,"Jefferson County, Georgia",5838,3962,1876,"Jefferson County, Georgia",239,265,297,0.678657074340528,0.321342925659472
G1301650,2019-2023,GA,,,Georgia,13,Jenkins County,165,,,,,,,,,,,,,,,.,.,,,,,,,,,,,,0500000US13165,,,13165,"Jenkins County, Georgia",3067,2680,387,"Jenkins County, Georgia",252,256,173,0.873818063253994,0.126181936746006
G1301670,2019-2023,GA,,,Georgia,13,Johnson County,167,,,,,,,,,,,,,,,.,.,,,,,,,,,,,,0500000US13167,,,13167,"Johnson County, Georgia",3235,2433,802,"Johnson County, Georgia",126,165,147,0.752086553323029,0.247913446676971
G1301690,2019-2023,GA,,,Georgia,13,Jones County,169,,,,,,,,,,,,,,,.,.,,,,,,,,,,,,0500000US13169,,,13169,"Jones County, Georgia",10771,9201,1570,"Jones County, Georgia",318,375,319,0.854238232290409,0.145761767709591
G1301710,2019-2023,GA,,,Georgia,13,Lamar County,171,,,,,,,,,,,,,,,.,.,,,,,,,,,,,,0500000US13171,,,13171,"Lamar County, Georgia",7000,5336,1664,"Lamar County, Georgia",242,266,258,0.762285714285714,0.237714285714286
G1301730,2019-2023,GA,,,Georgia,13,Lanier County,173,,,,,,,,,,,,,,,.,.,,,,,,,,,,,,0500000US13173,,,13173,"Lanier County, Georgia",3442,2471,971,"Lanier County, Georgia",160,221,196,0.717896571760604,0.282103428239396
G1301750,2019-2023,GA,,,Georgia,13,Laurens County,175,,,,,,,,,,,,,,,.,.,,,,,,,,,,,,0500000US13175,,,13175,"Laurens County, Georgia",18133,11835,6298,"Laurens County, Georgia",434,476,466,0.65267743892351,0.34732256107649
G1301770,2019-2023,GA,,,Georgia,13,Lee County,177,,,,,,,,,,,,,,,.,.,,,,,,,,,,,,0500000US13177,,,13177,"Lee County, Georgia",11960,8796,3164,"Lee County, Georgia",263,405,375,0.735451505016722,0.264548494983278
G1301790,2019-2023,GA,,,Georgia,13,Liberty County,179,,,,,,,,,,,,,,,.,.,,,,,,,,,,,,0500000US13179,,,13179,"Liberty County, Georgia",23406,11690,11716,"Liberty County, Georgia",485,634,634,0.499444586858071,0.500555413141929
G1301810,2019-2023,GA,,,Georgia,13,Lincoln County,181,,,,,,,,,,,,,,,.,.,,,,,,,,,,,,0500000US13181,,,13181,"Lincoln County, Georgia",2976,2355,621,"Lincoln County, Georgia",197,205,146,0.79133064516129,0.20866935483871
G1301830,2019-2023,GA,,,Georgia,13,Long County,183,,,,,,,,,,,,,,,.,.,,,,,,,,,,,,0500000US13183,,,13183,"Long County, Georgia",5836,3692,2144,"Long County, Georgia",286,355,389,0.63262508567512,0.36737491432488
G1301850,2019-2023,GA,,,Georgia,13,Lowndes County,185,,,,,,,,,,,,,,,.,.,,,,,,,,,,,,0500000US13185,,,13185,"Lowndes County, Georgia",44928,25201,19727,"Lowndes County, Georgia",565,849,801,0.560919693732194,0.439080306267806
G1301870,2019-2023,GA,,,Georgia,13,Lumpkin County,187,,,,,,,,,,,,,,,.,.,,,,,,,,,,,,0500000US13187,,,13187,"Lumpkin County, Georgia",11374,8914,2460,"Lumpkin County, Georgia",337,363,274,0.78371724986812,0.21628275013188
G1301890,2019-2023,GA,,,Georgia,13,McDuffie County,189,,,,,,,,,,,,,,,.,.,,,,,,,,,,,,0500000US13189,,,13189,"McDuffie County, Georgia",8298,5412,2886,"McDuffie County, Georgia",260,392,390,0.652205350686913,0.347794649313088
G1301910,2019-2023,GA,,,Georgia,13,McIntosh County,191,,,,,,,,,,,,,,,.,.,,,,,,,,,,,,0500000US13191,,,13191,"McIntosh County, Georgia",4784,3838,946,"McIntosh County, Georgia",241,241,225,0.802257525083612,0.197742474916388
G1301930,2019-2023,GA,,,Georgia,13,Macon County,193,,,,,,,,,,,,,,,.,.,,,,,,,,,,,,0500000US13193,,,13193,"Macon County, Georgia",3970,2426,1544,"Macon County, Georgia",219,203,217,0.611083123425693,0.388916876574307
G1301950,2019-2023,GA,,,Georgia,13,Madison County,195,,,,,,,,,,,,,,,.,.,,,,,,,,,,,,0500000US13195,,,13195,"Madison County, Georgia",10895,8240,2655,"Madison County, Georgia",281,380,408,0.756310234052318,0.243689765947682
G1301970,2019-2023,GA,,,Georgia,13,Marion County,197,,,,,,,,,,,,,,,.,.,,,,,,,,,,,,0500000US13197,,,13197,"Marion County, Georgia",2950,2273,677,"Marion County, Georgia",153,185,145,0.770508474576271,0.229491525423729
G1301990,2019-2023,GA,,,Georgia,13,Meriwether County,199,,,,,,,,,,,,,,,.,.,,,,,,,,,,,,0500000US13199,,,13199,"Meriwether County, Georgia",8170,5757,2413,"Meriwether County, Georgia",290,293,305,0.704651162790698,0.295348837209302
G1302010,2019-2023,GA,,,Georgia,13,Miller County,201,,,,,,,,,,,,,,,.,.,,,,,,,,,,,,0500000US13201,,,13201,"Miller County, Georgia",2482,1692,790,"Miller County, Georgia",95,128,137,0.681708299758259,0.318291700241741
G1302050,2019-2023,GA,,,Georgia,13,Mitchell County,205,,,,,,,,,,,,,,,.,.,,,,,,,,,,,,0500000US13205,,,13205,"Mitchell County, Georgia",7995,5227,2768,"Mitchell County, Georgia",224,317,336,0.653783614759225,0.346216385240775
G1302070,2019-2023,GA,,,Georgia,13,Monroe County,207,,,,,,,,,,,,,,,.,.,,,,,,,,,,,,0500000US13207,,,13207,"Monroe County, Georgia",10423,8653,1770,"Monroe County, Georgia",297,406,398,0.83018324858486,0.16981675141514
G1302090,2019-2023,GA,,,Georgia,13,Montgomery County,209,,,,,,,,,,,,,,,.,.,,,,,,,,,,,,0500000US13209,,,13209,"Montgomery County, Georgia",3021,2297,724,"Montgomery County, Georgia",130,156,137,0.760344256868587,0.239655743131413
G1302110,2019-2023,GA,,,Georgia,13,Morgan County,211,,,,,,,,,,,,,,,.,.,,,,,,,,,,,,0500000US13211,,,13211,"Morgan County, Georgia",7793,5828,1965,"Morgan County, Georgia",236,296,285,0.747850635185423,0.252149364814577
G1302130,2019-2023,GA,,,Georgia,13,Murray County,213,,,,,,,,,,,,,,,.,.,,,,,,,,,,,,0500000US13213,,,13213,"Murray County, Georgia",15258,11191,4067,"Murray County, Georgia",251,491,483,0.733451304233845,0.266548695766156
G1302150,2019-2023,GA,,,Georgia,13,Muscogee County,215,,,,,,,,,,,,,,,.,.,,,,,,,,,,,,0500000US13215,,,13215,"Muscogee County, Georgia",80600,40491,40109,"Muscogee County, Georgia",1286,1331,1099,0.502369727047146,0.497630272952854
G1302170,2019-2023,GA,,,Georgia,13,Newton County,217,,,,,,,,,,,,,,,.,.,,,,,,,,,,,,0500000US13217,,,13217,"Newton County, Georgia",40531,29962,10569,"Newton County, Georgia",463,861,841,0.739236633687795,0.260763366312206
G1302190,2019-2023,GA,,,Georgia,13,Oconee County,219,,,,,,,,,,,,,,,.,.,,,,,,,,,,,,0500000US13219,,,13219,"Oconee County, Georgia",14721,12012,2709,"Oconee County, Georgia",311,443,445,0.815977175463623,0.184022824536377
G1302210,2019-2023,GA,,,Georgia,13,Oglethorpe County,221,,,,,,,,,,,,,,,.,.,,,,,,,,,,,,0500000US13221,,,13221,"Oglethorpe County, Georgia",5242,4273,969,"Oglethorpe County, Georgia",205,251,229,0.815146890499809,0.184853109500191
G1302230,2019-2023,GA,,,Georgia,13,Paulding County,223,,,,,,,,,,,,,,,.,.,,,,,,,,,,,,0500000US13223,,,13223,"Paulding County, Georgia",58608,47042,11566,"Paulding County, Georgia",631,1145,1026,0.802654927654928,0.197345072345072
G1302250,2019-2023,GA,,,Georgia,13,Peach County,225,,,,,,,,,,,,,,,.,.,,,,,,,,,,,,0500000US13225,,,13225,"Peach County, Georgia",10284,7252,3032,"Peach County, Georgia",337,446,399,0.705173084402956,0.294826915597044
G1302270,2019-2023,GA,,,Georgia,13,Pickens County,227,,,,,,,,,,,,,,,.,.,,,,,,,,,,,,0500000US13227,,,13227,"Pickens County, Georgia",13054,10166,2888,"Pickens County, Georgia",377,444,352,0.778765129462234,0.221234870537766
G1302290,2019-2023,GA,,,Georgia,13,Pierce County,229,,,,,,,,,,,,,,,.,.,,,,,,,,,,,,0500000US13229,,,13229,"Pierce County, Georgia",7496,5853,1643,"Pierce County, Georgia",220,325,333,0.780816435432231,0.219183564567769
G1302310,2019-2023,GA,,,Georgia,13,Pike County,231,,,,,,,,,,,,,,,.,.,,,,,,,,,,,,0500000US13231,,,13231,"Pike County, Georgia",6505,5517,988,"Pike County, Georgia",150,204,165,0.848116833205227,0.151883166794773
G1302330,2019-2023,GA,,,Georgia,13,Polk County,233,,,,,,,,,,,,,,,.,.,,,,,,,,,,,,0500000US13233,,,13233,"Polk County, Georgia",15588,10053,5535,"Polk County, Georgia",376,543,586,0.644919168591224,0.355080831408776
G1302350,2019-2023,GA,,,Georgia,13,Pulaski County,235,,,,,,,,,,,,,,,.,.,,,,,,,,,,,,0500000US13235,,,13235,"Pulaski County, Georgia",3284,2220,1064,"Pulaski County, Georgia",313,252,263,0.676004872107186,0.323995127892814
G1302370,2019-2023,GA,,,Georgia,13,Putnam County,237,,,,,,,,,,,,,,,.,.,,,,,,,,,,,,0500000US13237,,,13237,"Putnam County, Georgia",10134,8364,1770,"Putnam County, Georgia",410,485,409,0.82534043812907,0.17465956187093
G1302390,2019-2023,GA,,,Georgia,13,Quitman County,239,,,,,,,,,,,,,,,.,.,,,,,,,,,,,,0500000US13239,,,13239,"Quitman County, Georgia",935,736,199,"Quitman County, Georgia",149,155,83,0.78716577540107,0.21283422459893
G1302410,2019-2023,GA,,,Georgia,13,Rabun County,241,,,,,,,,,,,,,,,.,.,,,,,,,,,,,,0500000US13241,,,13241,"Rabun County, Georgia",7113,5504,1609,"Rabun County, Georgia",367,284,241,0.773794460846338,0.226205539153662
G1302430,2019-2023,GA,,,Georgia,13,Randolph County,243,,,,,,,,,,,,,,,.,.,,,,,,,,,,,,0500000US13243,,,13243,"Randolph County, Georgia",2644,1310,1334,"Randolph County, Georgia",257,231,306,0.495461422087746,0.504538577912254
G1302450,2019-2023,GA,,,Georgia,13,Richmond County,245,,,,,,,,,,,,,,,.,.,,,,,,,,,,,,0500000US13245,,,13245,"Richmond County, Georgia",75023,38575,36448,"Richmond County, Georgia",1142,1023,1323,0.514175652799808,0.485824347200192
G1302470,2019-2023,GA,,,Georgia,13,Rockdale County,247,,,,,,,,,,,,,,,.,.,,,,,,,,,,,,0500000US13247,,,13247,"Rockdale County, Georgia",33959,22338,11621,"Rockdale County, Georgia",369,913,929,0.657793221237375,0.342206778762626
G1302490,2019-2023,GA,,,Georgia,13,Schley County,249,,,,,,,,,,,,,,,.,.,,,,,,,,,,,,0500000US13249,,,13249,"Schley County, Georgia",1627,1288,339,"Schley County, Georgia",124,125,87,0.791641057160418,0.208358942839582
G1302510,2019-2023,GA,,,Georgia,13,Screven County,251,,,,,,,,,,,,,,,.,.,,,,,,,,,,,,0500000US13251,,,13251,"Screven County, Georgia",4763,3399,1364,"Screven County, Georgia",227,265,218,0.713625866050808,0.286374133949192
G1302530,2019-2023,GA,,,Georgia,13,Seminole County,253,,,,,,,,,,,,,,,.,.,,,,,,,,,,,,0500000US13253,,,13253,"Seminole County, Georgia",3672,2736,936,"Seminole County, Georgia",204,219,210,0.745098039215686,0.254901960784314
G1302550,2019-2023,GA,,,Georgia,13,Spalding County,255,,,,,,,,,,,,,,,.,.,,,,,,,,,,,,0500000US13255,,,13255,"Spalding County, Georgia",26535,16916,9619,"Spalding County, Georgia",397,639,584,0.637497644620313,0.362502355379687
G1302570,2019-2023,GA,,,Georgia,13,Stephens County,257,,,,,,,,,,,,,,,.,.,,,,,,,,,,,,0500000US13257,,,13257,"Stephens County, Georgia",10276,7411,2865,"Stephens County, Georgia",294,388,340,0.721195017516543,0.278804982483457
G1302590,2019-2023,GA,,,Georgia,13,Stewart County,259,,,,,,,,,,,,,,,.,.,,,,,,,,,,,,0500000US13259,,,13259,"Stewart County, Georgia",1756,1025,731,"Stewart County, Georgia",181,159,203,0.58371298405467,0.41628701594533
G1302610,2019-2023,GA,,,Georgia,13,Sumter County,261,,,,,,,,,,,,,,,.,.,,,,,,,,,,,,0500000US13261,,,13261,"Sumter County, Georgia",10848,5961,4887,"Sumter County, Georgia",348,416,372,0.549502212389381,0.45049778761062
G1302630,2019-2023,GA,,,Georgia,13,Talbot County,263,,,,,,,,,,,,,,,.,.,,,,,,,,,,,,0500000US13263,,,13263,"Talbot County, Georgia",2532,2125,407,"Talbot County, Georgia",110,127,106,0.839257503949447,0.160742496050553
G1302650,2019-2023,GA,,,Georgia,13,Taliaferro County,265,,,,,,,,,,,,,,,.,.,,,,,,,,,,,,0500000US13265,,,13265,"Taliaferro County, Georgia",644,509,135,"Taliaferro County, Georgia",101,106,52,0.790372670807453,0.209627329192547
G1302670,2019-2023,GA,,,Georgia,13,Tattnall County,267,,,,,,,,,,,,,,,.,.,,,,,,,,,,,,0500000US13267,,,13267,"Tattnall County, Georgia",7551,5464,2087,"Tattnall County, Georgia",302,330,305,0.723612766520991,0.276387233479009
G1302690,2019-2023,GA,,,Georgia,13,Taylor County,269,,,,,,,,,,,,,,,.,.,,,,,,,,,,,,0500000US13269,,,13269,"Taylor County, Georgia",3061,1887,1174,"Taylor County, Georgia",190,186,207,0.616465207448546,0.383534792551454
G1302710,2019-2023,GA,,,Georgia,13,Telfair County,271,,,,,,,,,,,,,,,.,.,,,,,,,,,,,,0500000US13271,,,13271,"Telfair County, Georgia",3123,2219,904,"Telfair County, Georgia",233,242,202,0.71053474223503,0.28946525776497
G1302730,2019-2023,GA,,,Georgia,13,Terrell County,273,,,,,,,,,,,,,,,.,.,,,,,,,,,,,,0500000US13273,,,13273,"Terrell County, Georgia",3355,1895,1460,"Terrell County, Georgia",190,178,199,0.564828614008942,0.435171385991058
G1302750,2019-2023,GA,,,Georgia,13,Thomas County,275,,,,,,,,,,,,,,,.,.,,,,,,,,,,,,0500000US13275,,,13275,"Thomas County, Georgia",18369,11373,6996,"Thomas County, Georgia",352,398,545,0.619140943981708,0.380859056018292
G1302770,2019-2023,GA,,,Georgia,13,Tift County,277,,,,,,,,,,,,,,,.,.,,,,,,,,,,,,0500000US13277,,,13277,"Tift County, Georgia",15541,9483,6058,"Tift County, Georgia",326,496,517,0.61019239431182,0.38980760568818
G1302790,2019-2023,GA,,,Georgia,13,Toombs County,279,,,,,,,,,,,,,,,.,.,,,,,,,,,,,,0500000US13279,,,13279,"Toombs County, Georgia",10127,6652,3475,"Toombs County, Georgia",375,410,437,0.656857904611435,0.343142095388565
G1302810,2019-2023,GA,,,Georgia,13,Towns County,281,,,,,,,,,,,,,,,.,.,,,,,,,,,,,,0500000US13281,,,13281,"Towns County, Georgia",5819,4657,1162,"Towns County, Georgia",294,228,205,0.800309331500258,0.199690668499742
G1302830,2019-2023,GA,,,Georgia,13,Treutlen County,283,,,,,,,,,,,,,,,.,.,,,,,,,,,,,,0500000US13283,,,13283,"Treutlen County, Georgia",2307,1388,919,"Treutlen County, Georgia",193,188,215,0.601647160814911,0.398352839185089
G1302850,2019-2023,GA,,,Georgia,13,Troup County,285,,,,,,,,,,,,,,,.,.,,,,,,,,,,,,0500000US13285,,,13285,"Troup County, Georgia",26222,15191,11031,"Troup County, Georgia",538,659,614,0.579322706124628,0.420677293875372
G1302870,2019-2023,GA,,,Georgia,13,Turner County,287,,,,,,,,,,,,,,,.,.,,,,,,,,,,,,0500000US13287,,,13287,"Turner County, Georgia",3298,2109,1189,"Turner County, Georgia",220,214,210,0.639478471801092,0.360521528198908
G1302890,2019-2023,GA,,,Georgia,13,Twiggs County,289,,,,,,,,,,,,,,,.,.,,,,,,,,,,,,0500000US13289,,,13289,"Twiggs County, Georgia",2849,2555,294,"Twiggs County, Georgia",214,195,109,0.896805896805897,0.103194103194103
G1302910,2019-2023,GA,,,Georgia,13,Union County,291,,,,,,,,,,,,,,,.,.,,,,,,,,,,,,0500000US13291,,,13291,"Union County, Georgia",11012,9107,1905,"Union County, Georgia",341,405,357,0.827006901561933,0.172993098438068
G1302930,2019-2023,GA,,,Georgia,13,Upson County,293,,,,,,,,,,,,,,,.,.,,,,,,,,,,,,0500000US13293,,,13293,"Upson County, Georgia",10377,6507,3870,"Upson County, Georgia",345,418,477,0.627059843885516,0.372940156114484
G1302950,2019-2023,GA,,,Georgia,13,Walker County,295,,,,,,,,,,,,,,,.,.,,,,,,,,,,,,0500000US13295,,,13295,"Walker County, Georgia",26181,19808,6373,"Walker County, Georgia",587,726,626,0.756579198655514,0.243420801344486
G1302970,2019-2023,GA,,,Georgia,13,Walton County,297,,,,,,,,,,,,,,,.,.,,,,,,,,,,,,0500000US13297,,,13297,"Walton County, Georgia",34951,27674,7277,"Walton County, Georgia",454,799,700,0.791794226202398,0.208205773797602
G1302990,2019-2023,GA,,,Georgia,13,Ware County,299,,,,,,,,,,,,,,,.,.,,,,,,,,,,,,0500000US13299,,,13299,"Ware County, Georgia",12866,7911,4955,"Ware County, Georgia",394,524,534,0.614876418467278,0.385123581532722
G1303010,2019-2023,GA,,,Georgia,13,Warren County,301,,,,,,,,,,,,,,,.,.,,,,,,,,,,,,0500000US13301,,,13301,"Warren County, Georgia",1999,1500,499,"Warren County, Georgia",143,148,126,0.750375187593797,0.249624812406203
G1303030,2019-2023,GA,,,Georgia,13,Washington County,303,,,,,,,,,,,,,,,.,.,,,,,,,,,,,,0500000US13303,,,13303,"Washington County, Georgia",7272,4867,2405,"Washington County, Georgia",262,290,352,0.669279427942794,0.330720572057206
G1303050,2019-2023,GA,,,Georgia,13,Wayne County,305,,,,,,,,,,,,,,,.,.,,,,,,,,,,,,0500000US13305,,,13305,"Wayne County, Georgia",11045,7280,3765,"Wayne County, Georgia",343,464,419,0.659121774558624,0.340878225441376
G1303070,2019-2023,GA,,,Georgia,13,Webster County,307,,,,,,,,,,,,,,,.,.,,,,,,,,,,,,0500000US13307,,,13307,"Webster County, Georgia",849,701,148,"Webster County, Georgia",137,135,86,0.82567726737338,0.17432273262662
G1303090,2019-2023,GA,,,Georgia,13,Wheeler County,309,,,,,,,,,,,,,,,.,.,,,,,,,,,,,,0500000US13309,,,13309,"Wheeler County, Georgia",1545,1063,482,"Wheeler County, Georgia",159,178,143,0.688025889967638,0.311974110032363
G1303110,2019-2023,GA,,,Georgia,13,White County,311,,,,,,,,,,,,,,,.,.,,,,,,,,,,,,0500000US13311,,,13311,"White County, Georgia",10422,8107,2315,"White County, Georgia",384,377,341,0.777873728650931,0.222126271349069
G1303130,2019-2023,GA,,,Georgia,13,Whitfield County,313,,,,,,,,,,,,,,,.,.,,,,,,,,,,,,0500000US13313,,,13313,"Whitfield County, Georgia",36101,24548,11553,"Whitfield County, Georgia",506,874,772,0.679981163956677,0.320018836043323
G1303150,2019-2023,GA,,,Georgia,13,Wilcox County,315,,,,,,,,,,,,,,,.,.,,,,,,,,,,,,0500000US13315,,,13315,"Wilcox County, Georgia",2504,1828,676,"Wilcox County, Georgia",154,152,118,0.730031948881789,0.269968051118211
G1303170,2019-2023,GA,,,Georgia,13,Wilkes County,317,,,,,,,,,,,,,,,.,.,,,,,,,,,,,,0500000US13317,,,13317,"Wilkes County, Georgia",4108,2740,1368,"Wilkes County, Georgia",186,230,209,0.66699123661149,0.33300876338851
G1303190,2019-2023,GA,,,Georgia,13,Wilkinson County,319,,,,,,,,,,,,,,,.,.,,,,,,,,,,,,0500000US13319,,,13319,"Wilkinson County, Georgia",3347,2779,568,"Wilkinson County, Georgia",164,162,129,0.830295787272184,0.169704212727816
G1303210,2019-2023,GA,,,Georgia,13,Worth County,321,,,,,,,,,,,,,,,.,.,,,,,,,,,,,,0500000US13321,,,13321,"Worth County, Georgia",7876,5714,2162,"Worth County, Georgia",253,312,244,0.725495175215846,0.274504824784154
G1500010,2019-2023,HI,,,Hawaii,15,Hawaii County,1,,,,,,,,,,,,,,,.,.,,,,,,,,,,,,0500000US15001,,,15001,"Hawaii County, Hawaii",72958,53333,19625,"Hawaii County, Hawaii",1042,1236,1026,0.731009621974287,0.268990378025713
G1500030,2019-2023,HI,,,Hawaii,15,Honolulu County,3,,,,,,,,,,,,,,,.,.,,,,,,,,,,,,0500000US15003,,,15003,"Honolulu County, Hawaii",337061,200686,136375,"Honolulu County, Hawaii",1356,2098,1928,0.59539964576145,0.40460035423855
G1500050,2019-2023,HI,,,Hawaii,15,Kalawao County,5,,,,,,,,,,,,,,,.,.,,,,,,,,,,,,0500000US15005,,,15005,"Kalawao County, Hawaii",22,0,22,"Kalawao County, Hawaii",16,12,16,0,1
G1500070,2019-2023,HI,,,Hawaii,15,Kauai County,7,,,,,,,,,,,,,,,.,.,,,,,,,,,,,,0500000US15007,,,15007,"Kauai County, Hawaii",23465,15788,7677,"Kauai County, Hawaii",519,586,587,0.67283187726401,0.32716812273599
G1500090,2019-2023,HI,,,Hawaii,15,Maui County,9,,,,,,,,,,,,,,,.,.,,,,,,,,,,,,0500000US15009,,,15009,"Maui County, Hawaii",55485,36062,19423,"Maui County, Hawaii",683,1045,956,0.649941425610525,0.350058574389475
G1600010,2019-2023,ID,,,Idaho,16,Ada County,1,,,,,,,,,,,,,,,.,.,,,,,,,,,,,,0500000US16001,,,16001,"Ada County, Idaho",196700,140354,56346,"Ada County, Idaho",879,1646,1750,0.713543467208948,0.286456532791052
G1600030,2019-2023,ID,,,Idaho,16,Adams County,3,,,,,,,,,,,,,,,.,.,,,,,,,,,,,,0500000US16003,,,16003,"Adams County, Idaho",1752,1456,296,"Adams County, Idaho",91,104,70,0.831050228310502,0.168949771689498
G1600050,2019-2023,ID,,,Idaho,16,Bannock County,5,,,,,,,,,,,,,,,.,.,,,,,,,,,,,,0500000US16005,,,16005,"Bannock County, Idaho",33340,22882,10458,"Bannock County, Idaho",351,687,730,0.686322735452909,0.313677264547091
G1600070,2019-2023,ID,,,Idaho,16,Bear Lake County,7,,,,,,,,,,,,,,,.,.,,,,,,,,,,,,0500000US16007,,,16007,"Bear Lake County, Idaho",2308,1962,346,"Bear Lake County, Idaho",159,166,88,0.850086655112652,0.149913344887348
G1600090,2019-2023,ID,,,Idaho,16,Benewah County,9,,,,,,,,,,,,,,,.,.,,,,,,,,,,,,0500000US16009,,,16009,"Benewah County, Idaho",3978,3012,966,"Benewah County, Idaho",118,189,166,0.757164404223228,0.242835595776772
G1600110,2019-2023,ID,,,Idaho,16,Bingham County,11,,,,,,,,,,,,,,,.,.,,,,,,,,,,,,0500000US16011,,,16011,"Bingham County, Idaho",16009,12909,3100,"Bingham County, Idaho",271,335,345,0.806358923105753,0.193641076894247
G1600130,2019-2023,ID,,,Idaho,16,Blaine County,13,,,,,,,,,,,,,,,.,.,,,,,,,,,,,,0500000US16013,,,16013,"Blaine County, Idaho",9822,7414,2408,"Blaine County, Idaho",530,534,496,0.754836082264305,0.245163917735695
G1600150,2019-2023,ID,,,Idaho,16,Boise County,15,,,,,,,,,,,,,,,.,.,,,,,,,,,,,,0500000US16015,,,16015,"Boise County, Idaho",3524,3101,423,"Boise County, Idaho",238,221,112,0.879965947786606,0.120034052213394
G1600170,2019-2023,ID,,,Idaho,16,Bonner County,17,,,,,,,,,,,,,,,.,.,,,,,,,,,,,,0500000US16017,,,16017,"Bonner County, Idaho",19599,15218,4381,"Bonner County, Idaho",499,530,419,0.776468187152406,0.223531812847594
G1600190,2019-2023,ID,,,Idaho,16,Bonneville County,19,,,,,,,,,,,,,,,.,.,,,,,,,,,,,,0500000US16019,,,16019,"Bonneville County, Idaho",43378,31062,12316,"Bonneville County, Idaho",432,838,836,0.716077274194292,0.283922725805708
G1600210,2019-2023,ID,,,Idaho,16,Boundary County,21,,,,,,,,,,,,,,,.,.,,,,,,,,,,,,0500000US16021,,,16021,"Boundary County, Idaho",4835,3770,1065,"Boundary County, Idaho",234,258,234,0.779731127197518,0.220268872802482
G1600230,2019-2023,ID,,,Idaho,16,Butte County,23,,,,,,,,,,,,,,,.,.,,,,,,,,,,,,0500000US16023,,,16023,"Butte County, Idaho",1017,787,230,"Butte County, Idaho",124,108,88,0.773844641101278,0.226155358898722
G1600250,2019-2023,ID,,,Idaho,16,Camas County,25,,,,,,,,,,,,,,,.,.,,,,,,,,,,,,0500000US16025,,,16025,"Camas County, Idaho",339,257,82,"Camas County, Idaho",70,62,39,0.75811209439528,0.24188790560472
G1600270,2019-2023,ID,,,Idaho,16,Canyon County,27,,,,,,,,,,,,,,,.,.,,,,,,,,,,,,0500000US16027,,,16027,"Canyon County, Idaho",82864,62221,20643,"Canyon County, Idaho",487,1122,1049,0.750880961575594,0.249119038424406
G1600290,2019-2023,ID,,,Idaho,16,Caribou County,29,,,,,,,,,,,,,,,.,.,,,,,,,,,,,,0500000US16029,,,16029,"Caribou County, Idaho",2430,1993,437,"Caribou County, Idaho",122,122,101,0.820164609053498,0.179835390946502
G1600310,2019-2023,ID,,,Idaho,16,Cassia County,31,,,,,,,,,,,,,,,.,.,,,,,,,,,,,,0500000US16031,,,16031,"Cassia County, Idaho",8238,5766,2472,"Cassia County, Idaho",217,285,303,0.699927166788055,0.300072833211945
G1600330,2019-2023,ID,,,Idaho,16,Clark County,33,,,,,,,,,,,,,,,.,.,,,,,,,,,,,,0500000US16033,,,16033,"Clark County, Idaho",252,161,91,"Clark County, Idaho",68,43,48,0.638888888888889,0.361111111111111
G1600350,2019-2023,ID,,,Idaho,16,Clearwater County,35,,,,,,,,,,,,,,,.,.,,,,,,,,,,,,0500000US16035,,,16035,"Clearwater County, Idaho",3561,2907,654,"Clearwater County, Idaho",121,132,87,0.816343723673126,0.183656276326874
G1600370,2019-2023,ID,,,Idaho,16,Custer County,37,,,,,,,,,,,,,,,.,.,,,,,,,,,,,,0500000US16037,,,16037,"Custer County, Idaho",1933,1501,432,"Custer County, Idaho",164,150,149,0.776513191929643,0.223486808070357
G1600390,2019-2023,ID,,,Idaho,16,Elmore County,39,,,,,,,,,,,,,,,.,.,,,,,,,,,,,,0500000US16039,,,16039,"Elmore County, Idaho",10848,7087,3761,"Elmore County, Idaho",239,324,339,0.653300147492625,0.346699852507375
G1600410,2019-2023,ID,,,Idaho,16,Franklin County,41,,,,,,,,,,,,,,,.,.,,,,,,,,,,,,0500000US16041,,,16041,"Franklin County, Idaho",4870,3662,1208,"Franklin County, Idaho",149,239,225,0.751950718685832,0.248049281314168
G1600430,2019-2023,ID,,,Idaho,16,Fremont County,43,,,,,,,,,,,,,,,.,.,,,,,,,,,,,,0500000US16043,,,16043,"Fremont County, Idaho",4506,3793,713,"Fremont County, Idaho",248,243,170,0.841766533510874,0.158233466489126
G1600450,2019-2023,ID,,,Idaho,16,Gem County,45,,,,,,,,,,,,,,,.,.,,,,,,,,,,,,0500000US16045,,,16045,"Gem County, Idaho",7406,5672,1734,"Gem County, Idaho",209,273,299,0.765865514447745,0.234134485552255
G1600470,2019-2023,ID,,,Idaho,16,Gooding County,47,,,,,,,,,,,,,,,.,.,,,,,,,,,,,,0500000US16047,,,16047,"Gooding County, Idaho",5512,3933,1579,"Gooding County, Idaho",209,279,306,0.713534107402032,0.286465892597968
G1600490,2019-2023,ID,,,Idaho,16,Idaho County,49,,,,,,,,,,,,,,,.,.,,,,,,,,,,,,0500000US16049,,,16049,"Idaho County, Idaho",6567,5260,1307,"Idaho County, Idaho",261,255,189,0.800974569818791,0.199025430181209
G1600510,2019-2023,ID,,,Idaho,16,Jefferson County,51,,,,,,,,,,,,,,,.,.,,,,,,,,,,,,0500000US16051,,,16051,"Jefferson County, Idaho",9899,8154,1745,"Jefferson County, Idaho",190,284,248,0.823719567633094,0.176280432366906
G1600530,2019-2023,ID,,,Idaho,16,Jerome County,53,,,,,,,,,,,,,,,.,.,,,,,,,,,,,,0500000US16053,,,16053,"Jerome County, Idaho",8198,6187,2011,"Jerome County, Idaho",188,300,280,0.754696267382288,0.245303732617712
G1600550,2019-2023,ID,,,Idaho,16,Kootenai County,55,,,,,,,,,,,,,,,.,.,,,,,,,,,,,,0500000US16055,,,16055,"Kootenai County, Idaho",69104,49901,19203,"Kootenai County, Idaho",735,1007,978,0.722114494095856,0.277885505904144
G1600570,2019-2023,ID,,,Idaho,16,Latah County,57,,,,,,,,,,,,,,,.,.,,,,,,,,,,,,0500000US16057,,,16057,"Latah County, Idaho",16058,9737,6321,"Latah County, Idaho",308,399,411,0.606364428945074,0.393635571054926
G1600590,2019-2023,ID,,,Idaho,16,Lemhi County,59,,,,,,,,,,,,,,,.,.,,,,,,,,,,,,0500000US16059,,,16059,"Lemhi County, Idaho",3350,2725,625,"Lemhi County, Idaho",226,222,171,0.813432835820896,0.186567164179105
G1600610,2019-2023,ID,,,Idaho,16,Lewis County,61,,,,,,,,,,,,,,,.,.,,,,,,,,,,,,0500000US16061,,,16061,"Lewis County, Idaho",1546,1147,399,"Lewis County, Idaho",47,50,46,0.741914618369987,0.258085381630013
G1600630,2019-2023,ID,,,Idaho,16,Lincoln County,63,,,,,,,,,,,,,,,.,.,,,,,,,,,,,,0500000US16063,,,16063,"Lincoln County, Idaho",1836,1412,424,"Lincoln County, Idaho",60,87,86,0.769063180827887,0.230936819172113
G1600650,2019-2023,ID,,,Idaho,16,Madison County,65,,,,,,,,,,,,,,,.,.,,,,,,,,,,,,0500000US16065,,,16065,"Madison County, Idaho",12778,5141,7637,"Madison County, Idaho",434,310,550,0.402332133354203,0.597667866645798
G1600670,2019-2023,ID,,,Idaho,16,Minidoka County,67,,,,,,,,,,,,,,,.,.,,,,,,,,,,,,0500000US16067,,,16067,"Minidoka County, Idaho",7814,5689,2125,"Minidoka County, Idaho",191,272,303,0.728052213974917,0.271947786025083
G1600690,2019-2023,ID,,,Idaho,16,Nez Perce County,69,,,,,,,,,,,,,,,.,.,,,,,,,,,,,,0500000US16069,,,16069,"Nez Perce County, Idaho",17250,12451,4799,"Nez Perce County, Idaho",275,436,414,0.721797101449275,0.278202898550725
G1600710,2019-2023,ID,,,Idaho,16,Oneida County,71,,,,,,,,,,,,,,,.,.,,,,,,,,,,,,0500000US16071,,,16071,"Oneida County, Idaho",1932,1685,247,"Oneida County, Idaho",58,97,92,0.872153209109731,0.127846790890269
G1600730,2019-2023,ID,,,Idaho,16,Owyhee County,73,,,,,,,,,,,,,,,.,.,,,,,,,,,,,,0500000US16073,,,16073,"Owyhee County, Idaho",4248,3011,1237,"Owyhee County, Idaho",139,194,195,0.708804143126177,0.291195856873823
G1600750,2019-2023,ID,,,Idaho,16,Payette County,75,,,,,,,,,,,,,,,.,.,,,,,,,,,,,,0500000US16075,,,16075,"Payette County, Idaho",9481,7063,2418,"Payette County, Idaho",197,326,323,0.744963611433393,0.255036388566607
G1600770,2019-2023,ID,,,Idaho,16,Power County,77,,,,,,,,,,,,,,,.,.,,,,,,,,,,,,0500000US16077,,,16077,"Power County, Idaho",2708,2019,689,"Power County, Idaho",121,179,175,0.745568685376662,0.254431314623338
G1600790,2019-2023,ID,,,Idaho,16,Shoshone County,79,,,,,,,,,,,,,,,.,.,,,,,,,,,,,,0500000US16079,,,16079,"Shoshone County, Idaho",5679,4193,1486,"Shoshone County, Idaho",216,221,210,0.73833421377003,0.26166578622997
G1600810,2019-2023,ID,,,Idaho,16,Teton County,81,,,,,,,,,,,,,,,.,.,,,,,,,,,,,,0500000US16081,,,16081,"Teton County, Idaho",4573,3649,924,"Teton County, Idaho",285,248,189,0.797944456593046,0.202055543406954
G1600830,2019-2023,ID,,,Idaho,16,Twin Falls County,83,,,,,,,,,,,,,,,.,.,,,,,,,,,,,,0500000US16083,,,16083,"Twin Falls County, Idaho",33912,23600,10312,"Twin Falls County, Idaho",378,661,690,0.695918848785091,0.304081151214909
G1600850,2019-2023,ID,,,Idaho,16,Valley County,85,,,,,,,,,,,,,,,.,.,,,,,,,,,,,,0500000US16085,,,16085,"Valley County, Idaho",3778,3240,538,"Valley County, Idaho",362,318,197,0.857596611964002,0.142403388035998
G1600870,2019-2023,ID,,,Idaho,16,Washington County,87,,,,,,,,,,,,,,,.,.,,,,,,,,,,,,0500000US16087,,,16087,"Washington County, Idaho",4089,2996,1093,"Washington County, Idaho",148,210,197,0.732697481046711,0.267302518953289
G1700010,2019-2023,IL,,,Illinois,17,Adams County,1,,,,,,,,,,,,,,,.,.,,,,,,,,,,,,0500000US17001,,,17001,"Adams County, Illinois",27770,20132,7638,"Adams County, Illinois",374,591,556,0.724954987396471,0.275045012603529
G1700030,2019-2023,IL,,,Illinois,17,Alexander County,3,,,,,,,,,,,,,,,.,.,,,,,,,,,,,,0500000US17003,,,17003,"Alexander County, Illinois",1826,1418,408,"Alexander County, Illinois",109,107,83,0.776560788608981,0.223439211391019
G1700050,2019-2023,IL,,,Illinois,17,Bond County,5,,,,,,,,,,,,,,,.,.,,,,,,,,,,,,0500000US17005,,,17005,"Bond County, Illinois",6256,4626,1630,"Bond County, Illinois",169,254,257,0.739450127877238,0.260549872122762
G1700070,2019-2023,IL,,,Illinois,17,Boone County,7,,,,,,,,,,,,,,,.,.,,,,,,,,,,,,0500000US17007,,,17007,"Boone County, Illinois",19155,15907,3248,"Boone County, Illinois",322,370,357,0.830435917515009,0.169564082484991
G1700090,2019-2023,IL,,,Illinois,17,Brown County,9,,,,,,,,,,,,,,,.,.,,,,,,,,,,,,0500000US17009,,,17009,"Brown County, Illinois",2021,1488,533,"Brown County, Illinois",103,109,98,0.736269173676398,0.263730826323602
G1700110,2019-2023,IL,,,Illinois,17,Bureau County,11,,,,,,,,,,,,,,,.,.,,,,,,,,,,,,0500000US17011,,,17011,"Bureau County, Illinois",14011,10673,3338,"Bureau County, Illinois",268,296,268,0.761758618228535,0.238241381771465
G1700130,2019-2023,IL,,,Illinois,17,Calhoun County,13,,,,,,,,,,,,,,,.,.,,,,,,,,,,,,0500000US17013,,,17013,"Calhoun County, Illinois",1222,1089,133,"Calhoun County, Illinois",84,83,44,0.891162029459902,0.108837970540098
G1700150,2019-2023,IL,,,Illinois,17,Carroll County,15,,,,,,,,,,,,,,,.,.,,,,,,,,,,,,0500000US17015,,,17015,"Carroll County, Illinois",6478,5037,1441,"Carroll County, Illinois",240,223,188,0.777554800864464,0.222445199135536
G1700170,2019-2023,IL,,,Illinois,17,Cass County,17,,,,,,,,,,,,,,,.,.,,,,,,,,,,,,0500000US17017,,,17017,"Cass County, Illinois",5135,3847,1288,"Cass County, Illinois",149,193,172,0.749172346640701,0.250827653359299
G1700190,2019-2023,IL,,,Illinois,17,Champaign County,19,,,,,,,,,,,,,,,.,.,,,,,,,,,,,,0500000US17019,,,17019,"Champaign County, Illinois",83777,44778,38999,"Champaign County, Illinois",1023,964,1138,0.534490373252802,0.465509626747198
G1700210,2019-2023,IL,,,Illinois,17,Christian County,21,,,,,,,,,,,,,,,.,.,,,,,,,,,,,,0500000US17021,,,17021,"Christian County, Illinois",13534,10052,3482,"Christian County, Illinois",259,405,357,0.74272203339737,0.25727796660263
G1700230,2019-2023,IL,,,Illinois,17,Clark County,23,,,,,,,,,,,,,,,.,.,,,,,,,,,,,,0500000US17023,,,17023,"Clark County, Illinois",6597,5390,1207,"Clark County, Illinois",216,242,201,0.817038047597393,0.182961952402607
G1700250,2019-2023,IL,,,Illinois,17,Clay County,25,,,,,,,,,,,,,,,.,.,,,,,,,,,,,,0500000US17025,,,17025,"Clay County, Illinois",5431,4383,1048,"Clay County, Illinois",207,230,252,0.807033695452035,0.192966304547965
G1700270,2019-2023,IL,,,Illinois,17,Clinton County,27,,,,,,,,,,,,,,,.,.,,,,,,,,,,,,0500000US17027,,,17027,"Clinton County, Illinois",14463,11475,2988,"Clinton County, Illinois",225,311,306,0.793403858120722,0.206596141879278
G1700290,2019-2023,IL,,,Illinois,17,Coles County,29,,,,,,,,,,,,,,,.,.,,,,,,,,,,,,0500000US17029,,,17029,"Coles County, Illinois",20335,12279,8056,"Coles County, Illinois",394,553,539,0.603835751167937,0.396164248832063
G1700310,2019-2023,IL,,,Illinois,17,Cook County,31,,,,,,,,,,,,,,,.,.,,,,,,,,,,,,0500000US17031,,,17031,"Cook County, Illinois",2084578,1198834,885744,"Cook County, Illinois",3951,7668,6500,0.575096734207115,0.424903265792885
G1700330,2019-2023,IL,,,Illinois,17,Crawford County,33,,,,,,,,,,,,,,,.,.,,,,,,,,,,,,0500000US17033,,,17033,"Crawford County, Illinois",7411,5959,1452,"Crawford County, Illinois",223,261,218,0.804075023613547,0.195924976386453
G1700350,2019-2023,IL,,,Illinois,17,Cumberland County,35,,,,,,,,,,,,,,,.,.,,,,,,,,,,,,0500000US17035,,,17035,"Cumberland County, Illinois",4180,3489,691,"Cumberland County, Illinois",134,151,151,0.834688995215311,0.165311004784689
G1700370,2019-2023,IL,,,Illinois,17,DeKalb County,37,,,,,,,,,,,,,,,.,.,,,,,,,,,,,,0500000US17037,,,17037,"DeKalb County, Illinois",39314,23927,15387,"DeKalb County, Illinois",414,659,709,0.608612707941191,0.391387292058809
G1700390,2019-2023,IL,,,Illinois,17,De Witt County,39,,,,,,,,,,,,,,,.,.,,,,,,,,,,,,0500000US17039,,,17039,"De Witt County, Illinois",6642,5104,1538,"De Witt County, Illinois",150,215,205,0.768443239987955,0.231556760012045
G1700410,2019-2023,IL,,,Illinois,17,Douglas County,41,,,,,,,,,,,,,,,.,.,,,,,,,,,,,,0500000US17041,,,17041,"Douglas County, Illinois",7821,6186,1635,"Douglas County, Illinois",151,215,191,0.790947449175297,0.209052550824703
G1700430,2019-2023,IL,,,Illinois,17,DuPage County,43,,,,,,,,,,,,,,,.,.,,,,,,,,,,,,0500000US17043,,,17043,"DuPage County, Illinois",349497,255581,93916,"DuPage County, Illinois",1096,2146,2044,0.731282385828777,0.268717614171223
G1700450,2019-2023,IL,,,Illinois,17,Edgar County,45,,,,,,,,,,,,,,,.,.,,,,,,,,,,,,0500000US17045,,,17045,"Edgar County, Illinois",7612,5531,2081,"Edgar County, Illinois",188,263,259,0.726615869679454,0.273384130320547
G1700470,2019-2023,IL,,,Illinois,17,Edwards County,47,,,,,,,,,,,,,,,.,.,,,,,,,,,,,,0500000US17047,,,17047,"Edwards County, Illinois",2653,2100,553,"Edwards County, Illinois",101,108,82,0.79155672823219,0.20844327176781
G1700490,2019-2023,IL,,,Illinois,17,Effingham County,49,,,,,,,,,,,,,,,.,.,,,,,,,,,,,,0500000US17049,,,17049,"Effingham County, Illinois",14030,10954,3076,"Effingham County, Illinois",285,342,317,0.780755523877406,0.219244476122594
G1700510,2019-2023,IL,,,Illinois,17,Fayette County,51,,,,,,,,,,,,,,,.,.,,,,,,,,,,,,0500000US17051,,,17051,"Fayette County, Illinois",7832,6282,1550,"Fayette County, Illinois",188,202,211,0.802093973442288,0.197906026557712
G1700530,2019-2023,IL,,,Illinois,17,Ford County,53,,,,,,,,,,,,,,,.,.,,,,,,,,,,,,0500000US17053,,,17053,"Ford County, Illinois",5728,4245,1483,"Ford County, Illinois",142,213,196,0.741096368715084,0.258903631284916
G1700550,2019-2023,IL,,,Illinois,17,Franklin County,55,,,,,,,,,,,,,,,.,.,,,,,,,,,,,,0500000US17055,,,17055,"Franklin County, Illinois",16130,12060,4070,"Franklin County, Illinois",355,350,367,0.74767513949163,0.25232486050837
G1700570,2019-2023,IL,,,Illinois,17,Fulton County,57,,,,,,,,,,,,,,,.,.,,,,,,,,,,,,0500000US17057,,,17057,"Fulton County, Illinois",13902,10831,3071,"Fulton County, Illinois",240,262,284,0.779096532872968,0.220903467127032
G1700590,2019-2023,IL,,,Illinois,17,Gallatin County,59,,,,,,,,,,,,,,,.,.,,,,,,,,,,,,0500000US17059,,,17059,"Gallatin County, Illinois",2096,1685,411,"Gallatin County, Illinois",99,108,88,0.803912213740458,0.196087786259542
G1700610,2019-2023,IL,,,Illinois,17,Greene County,61,,,,,,,,,,,,,,,.,.,,,,,,,,,,,,0500000US17061,,,17061,"Greene County, Illinois",4514,3468,1046,"Greene County, Illinois",128,165,151,0.768276473194506,0.231723526805494
G1700630,2019-2023,IL,,,Illinois,17,Grundy County,63,,,,,,,,,,,,,,,.,.,,,,,,,,,,,,0500000US17063,,,17063,"Grundy County, Illinois",20518,15555,4963,"Grundy County, Illinois",199,367,401,0.758114826006433,0.241885173993567
G1700650,2019-2023,IL,,,Illinois,17,Hamilton County,65,,,,,,,,,,,,,,,.,.,,,,,,,,,,,,0500000US17065,,,17065,"Hamilton County, Illinois",3350,2622,728,"Hamilton County, Illinois",152,187,190,0.782686567164179,0.217313432835821
G1700670,2019-2023,IL,,,Illinois,17,Hancock County,67,,,,,,,,,,,,,,,.,.,,,,,,,,,,,,0500000US17067,,,17067,"Hancock County, Illinois",7515,6108,1407,"Hancock County, Illinois",179,220,216,0.812774451097804,0.187225548902196
G1700690,2019-2023,IL,,,Illinois,17,Hardin County,69,,,,,,,,,,,,,,,.,.,,,,,,,,,,,,0500000US17069,,,17069,"Hardin County, Illinois",1484,1198,286,"Hardin County, Illinois",118,119,88,0.807277628032345,0.192722371967655
G1700710,2019-2023,IL,,,Illinois,17,Henderson County,71,,,,,,,,,,,,,,,.,.,,,,,,,,,,,,0500000US17071,,,17071,"Henderson County, Illinois",2662,2277,385,"Henderson County, Illinois",129,116,99,0.855371900826446,0.144628099173554
G1700730,2019-2023,IL,,,Illinois,17,Henry County,73,,,,,,,,,,,,,,,.,.,,,,,,,,,,,,0500000US17073,,,17073,"Henry County, Illinois",20261,16287,3974,"Henry County, Illinois",317,430,406,0.803859631804946,0.196140368195055
G1700750,2019-2023,IL,,,Illinois,17,Iroquois County,75,,,,,,,,,,,,,,,.,.,,,,,,,,,,,,0500000US17075,,,17075,"Iroquois County, Illinois",11333,8901,2432,"Iroquois County, Illinois",210,213,220,0.785405453101562,0.214594546898438
G1700770,2019-2023,IL,,,Illinois,17,Jackson County,77,,,,,,,,,,,,,,,.,.,,,,,,,,,,,,0500000US17077,,,17077,"Jackson County, Illinois",23088,11388,11700,"Jackson County, Illinois",418,414,517,0.493243243243243,0.506756756756757
G1700790,2019-2023,IL,,,Illinois,17,Jasper County,79,,,,,,,,,,,,,,,.,.,,,,,,,,,,,,0500000US17079,,,17079,"Jasper County, Illinois",3766,3119,647,"Jasper County, Illinois",144,173,145,0.828199681359533,0.171800318640467
G1700810,2019-2023,IL,,,Illinois,17,Jefferson County,81,,,,,,,,,,,,,,,.,.,,,,,,,,,,,,0500000US17081,,,17081,"Jefferson County, Illinois",14805,10638,4167,"Jefferson County, Illinois",280,302,330,0.718541033434651,0.28145896656535
G1700830,2019-2023,IL,,,Illinois,17,Jersey County,83,,,,,,,,,,,,,,,.,.,,,,,,,,,,,,0500000US17083,,,17083,"Jersey County, Illinois",7984,6221,1763,"Jersey County, Illinois",274,305,314,0.779183366733467,0.220816633266533
G1700850,2019-2023,IL,,,Illinois,17,Jo Daviess County,85,,,,,,,,,,,,,,,.,.,,,,,,,,,,,,0500000US17085,,,17085,"Jo Daviess County, Illinois",10385,8495,1890,"Jo Daviess County, Illinois",261,259,238,0.818006740491093,0.181993259508907
G1700870,2019-2023,IL,,,Illinois,17,Johnson County,87,,,,,,,,,,,,,,,.,.,,,,,,,,,,,,0500000US17087,,,17087,"Johnson County, Illinois",4133,3499,634,"Johnson County, Illinois",194,192,134,0.846600532300992,0.153399467699008
G1700890,2019-2023,IL,,,Illinois,17,Kane County,89,,,,,,,,,,,,,,,.,.,,,,,,,,,,,,0500000US17089,,,17089,"Kane County, Illinois",183196,138755,44441,"Kane County, Illinois",744,1542,1720,0.757412825607546,0.242587174392454
G1700910,2019-2023,IL,,,Illinois,17,Kankakee County,91,,,,,,,,,,,,,,,.,.,,,,,,,,,,,,0500000US17091,,,17091,"Kankakee County, Illinois",40895,28124,12771,"Kankakee County, Illinois",380,586,656,0.68771243428292,0.31228756571708
G1700930,2019-2023,IL,,,Illinois,17,Kendall County,93,,,,,,,,,,,,,,,.,.,,,,,,,,,,,,0500000US17093,,,17093,"Kendall County, Illinois",44526,37480,7046,"Kendall County, Illinois",376,1021,1021,0.841755378879756,0.158244621120244
G1700950,2019-2023,IL,,,Illinois,17,Knox County,95,,,,,,,,,,,,,,,.,.,,,,,,,,,,,,0500000US17095,,,17095,"Knox County, Illinois",20765,14490,6275,"Knox County, Illinois",425,485,522,0.697808812906333,0.302191187093667
G1700970,2019-2023,IL,,,Illinois,17,Lake County,97,,,,,,,,,,,,,,,.,.,,,,,,,,,,,,0500000US17097,,,17097,"Lake County, Illinois",256660,190963,65697,"Lake County, Illinois",936,1873,1789,0.744031013792566,0.255968986207434
G1700990,2019-2023,IL,,,Illinois,17,LaSalle County,99,,,,,,,,,,,,,,,.,.,,,,,,,,,,,,0500000US17099,,,17099,"LaSalle County, Illinois",45092,33328,11764,"LaSalle County, Illinois",501,651,611,0.739111150536681,0.260888849463319
G1701010,2019-2023,IL,,,Illinois,17,Lawrence County,101,,,,,,,,,,,,,,,.,.,,,,,,,,,,,,0500000US17101,,,17101,"Lawrence County, Illinois",5414,4062,1352,"Lawrence County, Illinois",181,261,229,0.750277059475434,0.249722940524566
G1701030,2019-2023,IL,,,Illinois,17,Lee County,103,,,,,,,,,,,,,,,.,.,,,,,,,,,,,,0500000US17103,,,17103,"Lee County, Illinois",13382,9804,3578,"Lee County, Illinois",267,337,348,0.732625915408758,0.267374084591242
G1701050,2019-2023,IL,,,Illinois,17,Livingston County,105,,,,,,,,,,,,,,,.,.,,,,,,,,,,,,0500000US17105,,,17105,"Livingston County, Illinois",14614,10801,3813,"Livingston County, Illinois",277,334,367,0.739085808129191,0.260914191870809
G1701070,2019-2023,IL,,,Illinois,17,Logan County,107,,,,,,,,,,,,,,,.,.,,,,,,,,,,,,0500000US17107,,,17107,"Logan County, Illinois",11122,7707,3415,"Logan County, Illinois",175,261,269,0.692950908110052,0.307049091889948
G1701090,2019-2023,IL,,,Illinois,17,McDonough County,109,,,,,,,,,,,,,,,.,.,,,,,,,,,,,,0500000US17109,,,17109,"McDonough County, Illinois",11760,7304,4456,"McDonough County, Illinois",335,332,390,0.62108843537415,0.37891156462585
G1701110,2019-2023,IL,,,Illinois,17,McHenry County,111,,,,,,,,,,,,,,,.,.,,,,,,,,,,,,0500000US17111,,,17111,"McHenry County, Illinois",116329,96063,20266,"McHenry County, Illinois",509,1118,1032,0.825787206973326,0.174212793026674
G1701130,2019-2023,IL,,,Illinois,17,McLean County,113,,,,,,,,,,,,,,,.,.,,,,,,,,,,,,0500000US17113,,,17113,"McLean County, Illinois",69072,45046,24026,"McLean County, Illinois",571,635,674,0.652160064859856,0.347839935140144
G1701150,2019-2023,IL,,,Illinois,17,Macon County,115,,,,,,,,,,,,,,,.,.,,,,,,,,,,,,0500000US17115,,,17115,"Macon County, Illinois",43334,30267,13067,"Macon County, Illinois",542,631,714,0.698458485254073,0.301541514745927
G1701170,2019-2023,IL,,,Illinois,17,Macoupin County,117,,,,,,,,,,,,,,,.,.,,,,,,,,,,,,0500000US17117,,,17117,"Macoupin County, Illinois",17431,13546,3885,"Macoupin County, Illinois",376,380,320,0.777121220813493,0.222878779186507
G1701190,2019-2023,IL,,,Illinois,17,Madison County,119,,,,,,,,,,,,,,,.,.,,,,,,,,,,,,0500000US17119,,,17119,"Madison County, Illinois",109385,80521,28864,"Madison County, Illinois",836,1223,1041,0.736124697170544,0.263875302829456
G1701210,2019-2023,IL,,,Illinois,17,Marion County,121,,,,,,,,,,,,,,,.,.,,,,,,,,,,,,0500000US17121,,,17121,"Marion County, Illinois",15465,11514,3951,"Marion County, Illinois",258,349,325,0.744519883608148,0.255480116391853
G1701230,2019-2023,IL,,,Illinois,17,Marshall County,123,,,,,,,,,,,,,,,.,.,,,,,,,,,,,,0500000US17123,,,17123,"Marshall County, Illinois",4964,3957,1007,"Marshall County, Illinois",153,135,125,0.797139403706688,0.202860596293312
G1701250,2019-2023,IL,,,Illinois,17,Mason County,125,,,,,,,,,,,,,,,.,.,,,,,,,,,,,,0500000US17125,,,17125,"Mason County, Illinois",5714,4603,1111,"Mason County, Illinois",158,211,172,0.805565278263913,0.194434721736087
G1701270,2019-2023,IL,,,Illinois,17,Massac County,127,,,,,,,,,,,,,,,.,.,,,,,,,,,,,,0500000US17127,,,17127,"Massac County, Illinois",5482,4332,1150,"Massac County, Illinois",278,212,249,0.79022254651587,0.20977745348413
G1701290,2019-2023,IL,,,Illinois,17,Menard County,129,,,,,,,,,,,,,,,.,.,,,,,,,,,,,,0500000US17129,,,17129,"Menard County, Illinois",5195,4126,1069,"Menard County, Illinois",120,171,154,0.794225216554379,0.205774783445621
G1701310,2019-2023,IL,,,Illinois,17,Mercer County,131,,,,,,,,,,,,,,,.,.,,,,,,,,,,,,0500000US17131,,,17131,"Mercer County, Illinois",6413,5305,1108,"Mercer County, Illinois",217,228,125,0.827225947294558,0.172774052705442
G1701330,2019-2023,IL,,,Illinois,17,Monroe County,133,,,,,,,,,,,,,,,.,.,,,,,,,,,,,,0500000US17133,,,17133,"Monroe County, Illinois",13830,11589,2241,"Monroe County, Illinois",276,351,261,0.837960954446855,0.162039045553145
G1701350,2019-2023,IL,,,Illinois,17,Montgomery County,135,,,,,,,,,,,,,,,.,.,,,,,,,,,,,,0500000US17135,,,17135,"Montgomery County, Illinois",11265,8591,2674,"Montgomery County, Illinois",247,301,276,0.762627607634265,0.237372392365735
G1701370,2019-2023,IL,,,Illinois,17,Morgan County,137,,,,,,,,,,,,,,,.,.,,,,,,,,,,,,0500000US17137,,,17137,"Morgan County, Illinois",13125,9404,3721,"Morgan County, Illinois",278,396,313,0.716495238095238,0.283504761904762
G1701390,2019-2023,IL,,,Illinois,17,Moultrie County,139,,,,,,,,,,,,,,,.,.,,,,,,,,,,,,0500000US17139,,,17139,"Moultrie County, Illinois",5822,4508,1314,"Moultrie County, Illinois",149,183,199,0.774304362761938,0.225695637238063
G1701410,2019-2023,IL,,,Illinois,17,Ogle County,141,,,,,,,,,,,,,,,.,.,,,,,,,,,,,,0500000US17141,,,17141,"Ogle County, Illinois",20695,15420,5275,"Ogle County, Illinois",320,531,466,0.745107513892245,0.254892486107756
G1701430,2019-2023,IL,,,Illinois,17,Peoria County,143,,,,,,,,,,,,,,,.,.,,,,,,,,,,,,0500000US17143,,,17143,"Peoria County, Illinois",77074,51630,25444,"Peoria County, Illinois",686,878,918,0.669875703869009,0.330124296130991
G1701450,2019-2023,IL,,,Illinois,17,Perry County,145,,,,,,,,,,,,,,,.,.,,,,,,,,,,,,0500000US17145,,,17145,"Perry County, Illinois",7994,6310,1684,"Perry County, Illinois",234,271,285,0.789342006504879,0.210657993495121
G1701470,2019-2023,IL,,,Illinois,17,Piatt County,147,,,,,,,,,,,,,,,.,.,,,,,,,,,,,,0500000US17147,,,17147,"Piatt County, Illinois",6851,5851,1000,"Piatt County, Illinois",154,181,151,0.854035907166837,0.145964092833163
G1701490,2019-2023,IL,,,Illinois,17,Pike County,149,,,,,,,,,,,,,,,.,.,,,,,,,,,,,,0500000US17149,,,17149,"Pike County, Illinois",5815,4562,1253,"Pike County, Illinois",175,188,169,0.784522785898538,0.215477214101462
G1701510,2019-2023,IL,,,Illinois,17,Pope County,151,,,,,,,,,,,,,,,.,.,,,,,,,,,,,,0500000US17151,,,17151,"Pope County, Illinois",1364,1174,190,"Pope County, Illinois",117,106,56,0.860703812316716,0.139296187683284
G1701530,2019-2023,IL,,,Illinois,17,Pulaski County,153,,,,,,,,,,,,,,,.,.,,,,,,,,,,,,0500000US17153,,,17153,"Pulaski County, Illinois",1862,1257,605,"Pulaski County, Illinois",126,114,114,0.675080558539205,0.324919441460795
G1701550,2019-2023,IL,,,Illinois,17,Putnam County,155,,,,,,,,,,,,,,,.,.,,,,,,,,,,,,0500000US17155,,,17155,"Putnam County, Illinois",2473,1996,477,"Putnam County, Illinois",146,125,76,0.807116862110797,0.192883137889203
G1701570,2019-2023,IL,,,Illinois,17,Randolph County,157,,,,,,,,,,,,,,,.,.,,,,,,,,,,,,0500000US17157,,,17157,"Randolph County, Illinois",11671,8967,2704,"Randolph County, Illinois",582,451,346,0.768314625996059,0.231685374003941
G1701590,2019-2023,IL,,,Illinois,17,Richland County,159,,,,,,,,,,,,,,,.,.,,,,,,,,,,,,0500000US17159,,,17159,"Richland County, Illinois",6401,4709,1692,"Richland County, Illinois",221,254,225,0.735666302140291,0.264333697859709
G1701610,2019-2023,IL,,,Illinois,17,Rock Island County,161,,,,,,,,,,,,,,,.,.,,,,,,,,,,,,0500000US17161,,,17161,"Rock Island County, Illinois",61192,41997,19195,"Rock Island County, Illinois",566,681,779,0.686315204601909,0.313684795398091
G1701630,2019-2023,IL,,,Illinois,17,St. Clair County,163,,,,,,,,,,,,,,,.,.,,,,,,,,,,,,0500000US17163,,,17163,"St. Clair County, Illinois",101273,68653,32620,"St. Clair County, Illinois",966,1222,1063,0.677900328814195,0.322099671185805
G1701650,2019-2023,IL,,,Illinois,17,Saline County,165,,,,,,,,,,,,,,,.,.,,,,,,,,,,,,0500000US17165,,,17165,"Saline County, Illinois",10032,7509,2523,"Saline County, Illinois",268,350,354,0.748504784688995,0.251495215311005
G1701670,2019-2023,IL,,,Illinois,17,Sangamon County,167,,,,,,,,,,,,,,,.,.,,,,,,,,,,,,0500000US17167,,,17167,"Sangamon County, Illinois",84290,59521,24769,"Sangamon County, Illinois",807,1054,1018,0.706145450231344,0.293854549768656
G1701690,2019-2023,IL,,,Illinois,17,Schuyler County,169,,,,,,,,,,,,,,,.,.,,,,,,,,,,,,0500000US17169,,,17169,"Schuyler County, Illinois",2732,2173,559,"Schuyler County, Illinois",165,182,150,0.795387994143485,0.204612005856515
G1701710,2019-2023,IL,,,Illinois,17,Scott County,171,,,,,,,,,,,,,,,.,.,,,,,,,,,,,,0500000US17171,,,17171,"Scott County, Illinois",2032,1607,425,"Scott County, Illinois",71,81,78,0.790846456692913,0.209153543307087
G1701730,2019-2023,IL,,,Illinois,17,Shelby County,173,,,,,,,,,,,,,,,.,.,,,,,,,,,,,,0500000US17173,,,17173,"Shelby County, Illinois",8795,6907,1888,"Shelby County, Illinois",251,324,278,0.78533257532689,0.21466742467311
G1701750,2019-2023,IL,,,Illinois,17,Stark County,175,,,,,,,,,,,,,,,.,.,,,,,,,,,,,,0500000US17175,,,17175,"Stark County, Illinois",2289,1777,512,"Stark County, Illinois",82,87,83,0.776321537789428,0.223678462210572
G1701770,2019-2023,IL,,,Illinois,17,Stephenson County,177,,,,,,,,,,,,,,,.,.,,,,,,,,,,,,0500000US17177,,,17177,"Stephenson County, Illinois",19469,13824,5645,"Stephenson County, Illinois",280,354,354,0.710051877343469,0.289948122656531
G1701790,2019-2023,IL,,,Illinois,17,Tazewell County,179,,,,,,,,,,,,,,,.,.,,,,,,,,,,,,0500000US17179,,,17179,"Tazewell County, Illinois",53812,41718,12094,"Tazewell County, Illinois",510,762,743,0.775254590054263,0.224745409945737
G1701810,2019-2023,IL,,,Illinois,17,Union County,181,,,,,,,,,,,,,,,.,.,,,,,,,,,,,,0500000US17181,,,17181,"Union County, Illinois",6914,5312,1602,"Union County, Illinois",238,249,203,0.768296210587214,0.231703789412786
G1701830,2019-2023,IL,,,Illinois,17,Vermilion County,183,,,,,,,,,,,,,,,.,.,,,,,,,,,,,,0500000US17183,,,17183,"Vermilion County, Illinois",30185,20899,9286,"Vermilion County, Illinois",395,546,597,0.692363756832864,0.307636243167136
G1701850,2019-2023,IL,,,Illinois,17,Wabash County,185,,,,,,,,,,,,,,,.,.,,,,,,,,,,,,0500000US17185,,,17185,"Wabash County, Illinois",4784,3606,1178,"Wabash County, Illinois",173,207,157,0.75376254180602,0.24623745819398
G1701870,2019-2023,IL,,,Illinois,17,Warren County,187,,,,,,,,,,,,,,,.,.,,,,,,,,,,,,0500000US17187,,,17187,"Warren County, Illinois",6722,5251,1471,"Warren County, Illinois",199,228,226,0.781166319547754,0.218833680452246
G1701890,2019-2023,IL,,,Illinois,17,Washington County,189,,,,,,,,,,,,,,,.,.,,,,,,,,,,,,0500000US17189,,,17189,"Washington County, Illinois",5722,4645,1077,"Washington County, Illinois",172,183,158,0.811779098217407,0.188220901782593
G1701910,2019-2023,IL,,,Illinois,17,Wayne County,191,,,,,,,,,,,,,,,.,.,,,,,,,,,,,,0500000US17191,,,17191,"Wayne County, Illinois",6853,5410,1443,"Wayne County, Illinois",178,241,220,0.789435283817306,0.210564716182694
G1701930,2019-2023,IL,,,Illinois,17,White County,193,,,,,,,,,,,,,,,.,.,,,,,,,,,,,,0500000US17193,,,17193,"White County, Illinois",5669,4324,1345,"White County, Illinois",201,216,208,0.762744752160875,0.237255247839125
G1701950,2019-2023,IL,,,Illinois,17,Whiteside County,195,,,,,,,,,,,,,,,.,.,,,,,,,,,,,,0500000US17195,,,17195,"Whiteside County, Illinois",23215,17519,5696,"Whiteside County, Illinois",304,476,450,0.754641395649365,0.245358604350635
G1701970,2019-2023,IL,,,Illinois,17,Will County,197,,,,,,,,,,,,,,,.,.,,,,,,,,,,,,0500000US17197,,,17197,"Will County, Illinois",241310,199128,42182,"Will County, Illinois",875,1632,1557,0.825195806224359,0.174804193775641
G1701990,2019-2023,IL,,,Illinois,17,Williamson County,199,,,,,,,,,,,,,,,.,.,,,,,,,,,,,,0500000US17199,,,17199,"Williamson County, Illinois",28774,20467,8307,"Williamson County, Illinois",420,577,496,0.711301869743519,0.288698130256482
G1702010,2019-2023,IL,,,Illinois,17,Winnebago County,201,,,,,,,,,,,,,,,.,.,,,,,,,,,,,,0500000US17201,,,17201,"Winnebago County, Illinois",115449,75319,40130,"Winnebago County, Illinois",800,1060,1097,0.652400627116736,0.347599372883265
G1702030,2019-2023,IL,,,Illinois,17,Woodford County,203,,,,,,,,,,,,,,,.,.,,,,,,,,,,,,0500000US17203,,,17203,"Woodford County, Illinois",14704,12284,2420,"Woodford County, Illinois",243,304,309,0.835418933623504,0.164581066376496
G1800010,2019-2023,IN,,,Indiana,18,Adams County,1,,,,,,,,,,,,,,,.,.,,,,,,,,,,,,0500000US18001,,,18001,"Adams County, Indiana",12345,10147,2198,"Adams County, Indiana",231,299,263,0.821952207371405,0.178047792628595
G1800030,2019-2023,IN,,,Indiana,18,Allen County,3,,,,,,,,,,,,,,,.,.,,,,,,,,,,,,0500000US18003,,,18003,"Allen County, Indiana",154183,106582,47601,"Allen County, Indiana",862,1689,1549,0.691269465505276,0.308730534494724
G1800050,2019-2023,IN,,,Indiana,18,Bartholomew County,5,,,,,,,,,,,,,,,.,.,,,,,,,,,,,,0500000US18005,,,18005,"Bartholomew County, Indiana",32984,23063,9921,"Bartholomew County, Indiana",461,628,647,0.699217802570944,0.300782197429057
G1800070,2019-2023,IN,,,Indiana,18,Benton County,7,,,,,,,,,,,,,,,.,.,,,,,,,,,,,,0500000US18007,,,18007,"Benton County, Indiana",3469,2794,675,"Benton County, Indiana",99,134,109,0.805419429230326,0.194580570769674
G1800090,2019-2023,IN,,,Indiana,18,Blackford County,9,,,,,,,,,,,,,,,.,.,,,,,,,,,,,,0500000US18009,,,18009,"Blackford County, Indiana",5060,3726,1334,"Blackford County, Indiana",202,235,231,0.736363636363636,0.263636363636364
G1800110,2019-2023,IN,,,Indiana,18,Boone County,11,,,,,,,,,,,,,,,.,.,,,,,,,,,,,,0500000US18011,,,18011,"Boone County, Indiana",27948,22165,5783,"Boone County, Indiana",325,575,526,0.793080005724918,0.206919994275082
G1800130,2019-2023,IN,,,Indiana,18,Brown County,13,,,,,,,,,,,,,,,.,.,,,,,,,,,,,,0500000US18013,,,18013,"Brown County, Indiana",6695,5754,941,"Brown County, Indiana",268,262,207,0.859447348767737,0.140552651232263
G1800150,2019-2023,IN,,,Indiana,18,Carroll County,15,,,,,,,,,,,,,,,.,.,,,,,,,,,,,,0500000US18015,,,18015,"Carroll County, Indiana",8024,6476,1548,"Carroll County, Indiana",236,270,243,0.807078763708873,0.192921236291127
G1800170,2019-2023,IN,,,Indiana,18,Cass County,17,,,,,,,,,,,,,,,.,.,,,,,,,,,,,,0500000US18017,,,18017,"Cass County, Indiana",14924,11245,3679,"Cass County, Indiana",262,398,373,0.753484320557491,0.246515679442509
G1800190,2019-2023,IN,,,Indiana,18,Clark County,19,,,,,,,,,,,,,,,.,.,,,,,,,,,,,,0500000US18019,,,18019,"Clark County, Indiana",49184,36874,12310,"Clark County, Indiana",658,848,657,0.749715354586858,0.250284645413143
G1800210,2019-2023,IN,,,Indiana,18,Clay County,21,,,,,,,,,,,,,,,.,.,,,,,,,,,,,,0500000US18021,,,18021,"Clay County, Indiana",10541,8165,2376,"Clay County, Indiana",339,449,425,0.774594440755147,0.225405559244853
G1800230,2019-2023,IN,,,Indiana,18,Clinton County,23,,,,,,,,,,,,,,,.,.,,,,,,,,,,,,0500000US18023,,,18023,"Clinton County, Indiana",12396,9144,3252,"Clinton County, Indiana",226,322,313,0.737657308809293,0.262342691190707
G1800250,2019-2023,IN,,,Indiana,18,Crawford County,25,,,,,,,,,,,,,,,.,.,,,,,,,,,,,,0500000US18025,,,18025,"Crawford County, Indiana",4573,3711,862,"Crawford County, Indiana",207,225,184,0.811502296085721,0.188497703914279
G1800270,2019-2023,IN,,,Indiana,18,Daviess County,27,,,,,,,,,,,,,,,.,.,,,,,,,,,,,,0500000US18027,,,18027,"Daviess County, Indiana",11568,8274,3294,"Daviess County, Indiana",246,344,324,0.715248962655602,0.284751037344398
G1800290,2019-2023,IN,,,Indiana,18,Dearborn County,29,,,,,,,,,,,,,,,.,.,,,,,,,,,,,,0500000US18029,,,18029,"Dearborn County, Indiana",20148,17073,3075,"Dearborn County, Indiana",239,386,404,0.847379392495533,0.152620607504467
G1800310,2019-2023,IN,,,Indiana,18,Decatur County,31,,,,,,,,,,,,,,,.,.,,,,,,,,,,,,0500000US18031,,,18031,"Decatur County, Indiana",10518,7909,2609,"Decatur County, Indiana",252,338,332,0.751949039741396,0.248050960258604
G1800330,2019-2023,IN,,,Indiana,18,DeKalb County,33,,,,,,,,,,,,,,,.,.,,,,,,,,,,,,0500000US18033,,,18033,"DeKalb County, Indiana",17008,13994,3014,"DeKalb County, Indiana",238,344,339,0.822789275634995,0.177210724365005
G1800350,2019-2023,IN,,,Indiana,18,Delaware County,35,,,,,,,,,,,,,,,.,.,,,,,,,,,,,,0500000US18035,,,18035,"Delaware County, Indiana",46146,30682,15464,"Delaware County, Indiana",546,712,752,0.664889697915312,0.335110302084688
G1800370,2019-2023,IN,,,Indiana,18,Dubois County,37,,,,,,,,,,,,,,,.,.,,,,,,,,,,,,0500000US18037,,,18037,"Dubois County, Indiana",17588,13366,4222,"Dubois County, Indiana",325,501,428,0.759949965885831,0.240050034114169
G1800390,2019-2023,IN,,,Indiana,18,Elkhart County,39,,,,,,,,,,,,,,,.,.,,,,,,,,,,,,0500000US18039,,,18039,"Elkhart County, Indiana",71760,51126,20634,"Elkhart County, Indiana",818,1102,947,0.712458193979933,0.287541806020067
G1800410,2019-2023,IN,,,Indiana,18,Fayette County,41,,,,,,,,,,,,,,,.,.,,,,,,,,,,,,0500000US18041,,,18041,"Fayette County, Indiana",9479,6688,2791,"Fayette County, Indiana",287,359,261,0.705559658191792,0.294440341808208
G1800430,2019-2023,IN,,,Indiana,18,Floyd County,43,,,,,,,,,,,,,,,.,.,,,,,,,,,,,,0500000US18043,,,18043,"Floyd County, Indiana",31173,22788,8385,"Floyd County, Indiana",411,568,586,0.731017226445963,0.268982773554037
G1800450,2019-2023,IN,,,Indiana,18,Fountain County,45,,,,,,,,,,,,,,,.,.,,,,,,,,,,,,0500000US18045,,,18045,"Fountain County, Indiana",6854,5123,1731,"Fountain County, Indiana",205,262,233,0.747446746425445,0.252553253574555
G1800470,2019-2023,IN,,,Indiana,18,Franklin County,47,,,,,,,,,,,,,,,.,.,,,,,,,,,,,,0500000US18047,,,18047,"Franklin County, Indiana",9131,7440,1691,"Franklin County, Indiana",186,354,290,0.81480670244223,0.18519329755777
G1800490,2019-2023,IN,,,Indiana,18,Fulton County,49,,,,,,,,,,,,,,,.,.,,,,,,,,,,,,0500000US18049,,,18049,"Fulton County, Indiana",7927,6194,1733,"Fulton County, Indiana",289,300,261,0.781380093351835,0.218619906648165
G1800510,2019-2023,IN,,,Indiana,18,Gibson County,51,,,,,,,,,,,,,,,.,.,,,,,,,,,,,,0500000US18051,,,18051,"Gibson County, Indiana",13156,9968,3188,"Gibson County, Indiana",265,323,294,0.757677105503192,0.242322894496808
G1800530,2019-2023,IN,,,Indiana,18,Grant County,53,,,,,,,,,,,,,,,.,.,,,,,,,,,,,,0500000US18053,,,18053,"Grant County, Indiana",26757,19203,7554,"Grant County, Indiana",422,607,637,0.71768135441193,0.28231864558807
G1800550,2019-2023,IN,,,Indiana,18,Greene County,55,,,,,,,,,,,,,,,.,.,,,,,,,,,,,,0500000US18055,,,18055,"Greene County, Indiana",12781,9621,3160,"Greene County, Indiana",252,355,360,0.752758000156482,0.247241999843518
G1800570,2019-2023,IN,,,Indiana,18,Hamilton County,57,,,,,,,,,,,,,,,.,.,,,,,,,,,,,,0500000US18057,,,18057,"Hamilton County, Indiana",133171,101589,31582,"Hamilton County, Indiana",936,1357,1427,0.762846265328037,0.237153734671963
G1800590,2019-2023,IN,,,Indiana,18,Hancock County,59,,,,,,,,,,,,,,,.,.,,,,,,,,,,,,0500000US18059,,,18059,"Hancock County, Indiana",32246,25664,6582,"Hancock County, Indiana",296,551,560,0.795881659740743,0.204118340259257
G1800610,2019-2023,IN,,,Indiana,18,Harrison County,61,,,,,,,,,,,,,,,.,.,,,,,,,,,,,,0500000US18061,,,18061,"Harrison County, Indiana",15154,12786,2368,"Harrison County, Indiana",366,474,343,0.843737627029167,0.156262372970833
G1800630,2019-2023,IN,,,Indiana,18,Hendricks County,63,,,,,,,,,,,,,,,.,.,,,,,,,,,,,,0500000US18063,,,18063,"Hendricks County, Indiana",65839,51255,14584,"Hendricks County, Indiana",553,872,942,0.77848995276356,0.22151004723644
G1800650,2019-2023,IN,,,Indiana,18,Henry County,65,,,,,,,,,,,,,,,.,.,,,,,,,,,,,,0500000US18065,,,18065,"Henry County, Indiana",18460,14018,4442,"Henry County, Indiana",402,464,349,0.759371614301192,0.240628385698808
G1800670,2019-2023,IN,,,Indiana,18,Howard County,67,,,,,,,,,,,,,,,.,.,,,,,,,,,,,,0500000US18067,,,18067,"Howard County, Indiana",35129,25247,9882,"Howard County, Indiana",509,612,627,0.718693956560107,0.281306043439893
G1800690,2019-2023,IN,,,Indiana,18,Huntington County,69,,,,,,,,,,,,,,,.,.,,,,,,,,,,,,0500000US18069,,,18069,"Huntington County, Indiana",15227,11599,3628,"Huntington County, Indiana",248,318,289,0.761739016221186,0.238260983778814
G1800710,2019-2023,IN,,,Indiana,18,Jackson County,71,,,,,,,,,,,,,,,.,.,,,,,,,,,,,,0500000US18071,,,18071,"Jackson County, Indiana",17745,13038,4707,"Jackson County, Indiana",299,472,476,0.734742180896027,0.265257819103973
G1800730,2019-2023,IN,,,Indiana,18,Jasper County,73,,,,,,,,,,,,,,,.,.,,,,,,,,,,,,0500000US18073,,,18073,"Jasper County, Indiana",12586,10469,2117,"Jasper County, Indiana",292,301,287,0.831797235023042,0.168202764976959
G1800750,2019-2023,IN,,,Indiana,18,Jay County,75,,,,,,,,,,,,,,,.,.,,,,,,,,,,,,0500000US18075,,,18075,"Jay County, Indiana",7959,6211,1748,"Jay County, Indiana",206,228,218,0.780374418896846,0.219625581103154
G1800770,2019-2023,IN,,,Indiana,18,Jefferson County,77,,,,,,,,,,,,,,,.,.,,,,,,,,,,,,0500000US18077,,,18077,"Jefferson County, Indiana",12699,8816,3883,"Jefferson County, Indiana",333,542,449,0.694227891959997,0.305772108040003
G1800790,2019-2023,IN,,,Indiana,18,Jennings County,79,,,,,,,,,,,,,,,.,.,,,,,,,,,,,,0500000US18079,,,18079,"Jennings County, Indiana",10760,8504,2256,"Jennings County, Indiana",268,353,329,0.790334572490706,0.209665427509294
G1800810,2019-2023,IN,,,Indiana,18,Johnson County,81,,,,,,,,,,,,,,,.,.,,,,,,,,,,,,0500000US18081,,,18081,"Johnson County, Indiana",61513,45483,16030,"Johnson County, Indiana",543,1041,978,0.739404678685806,0.260595321314194
G1800830,2019-2023,IN,,,Indiana,18,Knox County,83,,,,,,,,,,,,,,,.,.,,,,,,,,,,,,0500000US18083,,,18083,"Knox County, Indiana",15110,9955,5155,"Knox County, Indiana",319,380,428,0.658835208471211,0.341164791528789
G1800850,2019-2023,IN,,,Indiana,18,Kosciusko County,85,,,,,,,,,,,,,,,.,.,,,,,,,,,,,,0500000US18085,,,18085,"Kosciusko County, Indiana",31747,24438,7309,"Kosciusko County, Indiana",454,637,592,0.769773521907582,0.230226478092418
G1800870,2019-2023,IN,,,Indiana,18,LaGrange County,87,,,,,,,,,,,,,,,.,.,,,,,,,,,,,,0500000US18087,,,18087,"LaGrange County, Indiana",12804,10478,2326,"LaGrange County, Indiana",313,340,292,0.818338019368947,0.181661980631053
G1800890,2019-2023,IN,,,Indiana,18,Lake County,89,,,,,,,,,,,,,,,.,.,,,,,,,,,,,,0500000US18089,,,18089,"Lake County, Indiana",193474,137105,56369,"Lake County, Indiana",1188,1731,1703,0.708648190454531,0.291351809545469
G1800910,2019-2023,IN,,,Indiana,18,LaPorte County,91,,,,,,,,,,,,,,,.,.,,,,,,,,,,,,0500000US18091,,,18091,"LaPorte County, Indiana",43681,32570,11111,"LaPorte County, Indiana",531,669,623,0.745633112795037,0.254366887204963
G1800930,2019-2023,IN,,,Indiana,18,Lawrence County,93,,,,,,,,,,,,,,,.,.,,,,,,,,,,,,0500000US18093,,,18093,"Lawrence County, Indiana",19156,15321,3835,"Lawrence County, Indiana",315,471,354,0.799801628732512,0.200198371267488
G1800950,2019-2023,IN,,,Indiana,18,Madison County,95,,,,,,,,,,,,,,,.,.,,,,,,,,,,,,0500000US18095,,,18095,"Madison County, Indiana",52843,36975,15868,"Madison County, Indiana",469,681,692,0.699714247866321,0.300285752133679
G1800970,2019-2023,IN,,,Indiana,18,Marion County,97,,,,,,,,,,,,,,,.,.,,,,,,,,,,,,0500000US18097,,,18097,"Marion County, Indiana",396662,221837,174825,"Marion County, Indiana",1893,2891,2967,0.559259520700244,0.440740479299756
G1800990,2019-2023,IN,,,Indiana,18,Marshall County,99,,,,,,,,,,,,,,,.,.,,,,,,,,,,,,0500000US18099,,,18099,"Marshall County, Indiana",17377,13302,4075,"Marshall County, Indiana",297,438,418,0.765494619324394,0.234505380675606
G1801010,2019-2023,IN,,,Indiana,18,Martin County,101,,,,,,,,,,,,,,,.,.,,,,,,,,,,,,0500000US18101,,,18101,"Martin County, Indiana",3928,3073,855,"Martin County, Indiana",146,192,163,0.782331975560082,0.217668024439919
G1801030,2019-2023,IN,,,Indiana,18,Miami County,103,,,,,,,,,,,,,,,.,.,,,,,,,,,,,,0500000US18103,,,18103,"Miami County, Indiana",13270,9957,3313,"Miami County, Indiana",278,345,345,0.750339110776187,0.249660889223813
G1801050,2019-2023,IN,,,Indiana,18,Monroe County,105,,,,,,,,,,,,,,,.,.,,,,,,,,,,,,0500000US18105,,,18105,"Monroe County, Indiana",58264,31949,26315,"Monroe County, Indiana",686,751,871,0.548348894686256,0.451651105313744
G1801070,2019-2023,IN,,,Indiana,18,Montgomery County,107,,,,,,,,,,,,,,,.,.,,,,,,,,,,,,0500000US18107,,,18107,"Montgomery County, Indiana",15524,12079,3445,"Montgomery County, Indiana",267,357,366,0.778085544962639,0.221914455037362
G1801090,2019-2023,IN,,,Indiana,18,Morgan County,109,,,,,,,,,,,,,,,.,.,,,,,,,,,,,,0500000US18109,,,18109,"Morgan County, Indiana",27713,22982,4731,"Morgan County, Indiana",336,442,355,0.829285894706455,0.170714105293545
G1801110,2019-2023,IN,,,Indiana,18,Newton County,111,,,,,,,,,,,,,,,.,.,,,,,,,,,,,,0500000US18111,,,18111,"Newton County, Indiana",5591,4486,1105,"Newton County, Indiana",149,222,174,0.802360937220533,0.197639062779467
G1801130,2019-2023,IN,,,Indiana,18,Noble County,113,,,,,,,,,,,,,,,.,.,,,,,,,,,,,,0500000US18113,,,18113,"Noble County, Indiana",17971,13700,4271,"Noble County, Indiana",418,521,483,0.762339324467197,0.237660675532803
G1801150,2019-2023,IN,,,Indiana,18,Ohio County,115,,,,,,,,,,,,,,,.,.,,,,,,,,,,,,0500000US18115,,,18115,"Ohio County, Indiana",2567,1978,589,"Ohio County, Indiana",90,133,119,0.770549279314375,0.229450720685625
G1801170,2019-2023,IN,,,Indiana,18,Orange County,117,,,,,,,,,,,,,,,.,.,,,,,,,,,,,,0500000US18117,,,18117,"Orange County, Indiana",7994,6296,1698,"Orange County, Indiana",197,249,249,0.787590693019765,0.212409306980235
G1801190,2019-2023,IN,,,Indiana,18,Owen County,119,,,,,,,,,,,,,,,.,.,,,,,,,,,,,,0500000US18119,,,18119,"Owen County, Indiana",8598,6951,1647,"Owen County, Indiana",233,294,262,0.80844382414515,0.19155617585485
G1801210,2019-2023,IN,,,Indiana,18,Parke County,121,,,,,,,,,,,,,,,.,.,,,,,,,,,,,,0500000US18121,,,18121,"Parke County, Indiana",5985,4885,1100,"Parke County, Indiana",255,242,202,0.816207184628237,0.183792815371763
G1801230,2019-2023,IN,,,Indiana,18,Perry County,123,,,,,,,,,,,,,,,.,.,,,,,,,,,,,,0500000US18123,,,18123,"Perry County, Indiana",7751,5808,1943,"Perry County, Indiana",181,249,235,0.749322668042833,0.250677331957167
G1801250,2019-2023,IN,,,Indiana,18,Pike County,125,,,,,,,,,,,,,,,.,.,,,,,,,,,,,,0500000US18125,,,18125,"Pike County, Indiana",4994,4268,726,"Pike County, Indiana",156,155,118,0.854625550660793,0.145374449339207
G1801270,2019-2023,IN,,,Indiana,18,Porter County,127,,,,,,,,,,,,,,,.,.,,,,,,,,,,,,0500000US18127,,,18127,"Porter County, Indiana",68049,52543,15506,"Porter County, Indiana",601,975,848,0.772134785228291,0.227865214771709
G1801290,2019-2023,IN,,,Indiana,18,Posey County,129,,,,,,,,,,,,,,,.,.,,,,,,,,,,,,0500000US18129,,,18129,"Posey County, Indiana",10270,8430,1840,"Posey County, Indiana",221,282,262,0.820837390457644,0.179162609542356
G1801310,2019-2023,IN,,,Indiana,18,Pulaski County,131,,,,,,,,,,,,,,,.,.,,,,,,,,,,,,0500000US18131,,,18131,"Pulaski County, Indiana",4894,3673,1221,"Pulaski County, Indiana",168,202,207,0.75051082958725,0.24948917041275
G1801330,2019-2023,IN,,,Indiana,18,Putnam County,133,,,,,,,,,,,,,,,.,.,,,,,,,,,,,,0500000US18133,,,18133,"Putnam County, Indiana",13980,10283,3697,"Putnam County, Indiana",241,388,436,0.735550786838341,0.26444921316166
G1801350,2019-2023,IN,,,Indiana,18,Randolph County,135,,,,,,,,,,,,,,,.,.,,,,,,,,,,,,0500000US18135,,,18135,"Randolph County, Indiana",10182,7890,2292,"Randolph County, Indiana",191,318,313,0.774896876841485,0.225103123158515
G1801370,2019-2023,IN,,,Indiana,18,Ripley County,137,,,,,,,,,,,,,,,.,.,,,,,,,,,,,,0500000US18137,,,18137,"Ripley County, Indiana",11356,8837,2519,"Ripley County, Indiana",233,321,283,0.778178936245157,0.221821063754843
G1801390,2019-2023,IN,,,Indiana,18,Rush County,139,,,,,,,,,,,,,,,.,.,,,,,,,,,,,,0500000US18139,,,18139,"Rush County, Indiana",6650,4878,1772,"Rush County, Indiana",161,246,242,0.733533834586466,0.266466165413534
G1801410,2019-2023,IN,,,Indiana,18,St. Joseph County,141,,,,,,,,,,,,,,,.,.,,,,,,,,,,,,0500000US18141,,,18141,"St. Joseph County, Indiana",107005,73649,33356,"St. Joseph County, Indiana",750,1016,1023,0.688276248773422,0.311723751226578
G1801430,2019-2023,IN,,,Indiana,18,Scott County,143,,,,,,,,,,,,,,,.,.,,,,,,,,,,,,0500000US18143,,,18143,"Scott County, Indiana",9637,6947,2690,"Scott County, Indiana",303,497,401,0.720867489882744,0.279132510117256
G1801450,2019-2023,IN,,,Indiana,18,Shelby County,145,,,,,,,,,,,,,,,.,.,,,,,,,,,,,,0500000US18145,,,18145,"Shelby County, Indiana",18145,13392,4753,"Shelby County, Indiana",323,424,395,0.738054560484982,0.261945439515018
G1801470,2019-2023,IN,,,Indiana,18,Spencer County,147,,,,,,,,,,,,,,,.,.,,,,,,,,,,,,0500000US18147,,,18147,"Spencer County, Indiana",7979,6482,1497,"Spencer County, Indiana",174,218,190,0.812382504073192,0.187617495926808
G1801490,2019-2023,IN,,,Indiana,18,Starke County,149,,,,,,,,,,,,,,,.,.,,,,,,,,,,,,0500000US18149,,,18149,"Starke County, Indiana",8758,7334,1424,"Starke County, Indiana",265,297,208,0.837405800411053,0.162594199588947
G1801510,2019-2023,IN,,,Indiana,18,Steuben County,151,,,,,,,,,,,,,,,.,.,,,,,,,,,,,,0500000US18151,,,18151,"Steuben County, Indiana",13765,11037,2728,"Steuben County, Indiana",433,378,353,0.801816200508536,0.198183799491464
G1801530,2019-2023,IN,,,Indiana,18,Sullivan County,153,,,,,,,,,,,,,,,.,.,,,,,,,,,,,,0500000US18153,,,18153,"Sullivan County, Indiana",7697,5820,1877,"Sullivan County, Indiana",190,279,262,0.756138755359231,0.243861244640769
G1801550,2019-2023,IN,,,Indiana,18,Switzerland County,155,,,,,,,,,,,,,,,.,.,,,,,,,,,,,,0500000US18155,,,18155,"Switzerland County, Indiana",3897,3111,786,"Switzerland County, Indiana",140,150,130,0.798306389530408,0.201693610469592
G1801570,2019-2023,IN,,,Indiana,18,Tippecanoe County,157,,,,,,,,,,,,,,,.,.,,,,,,,,,,,,0500000US18157,,,18157,"Tippecanoe County, Indiana",74415,40112,34303,"Tippecanoe County, Indiana",641,893,1060,0.539031109319358,0.460968890680642
G1801590,2019-2023,IN,,,Indiana,18,Tipton County,159,,,,,,,,,,,,,,,.,.,,,,,,,,,,,,0500000US18159,,,18159,"Tipton County, Indiana",6265,5126,1139,"Tipton County, Indiana",168,241,216,0.818196328810854,0.181803671189146
G1801610,2019-2023,IN,,,Indiana,18,Union County,161,,,,,,,,,,,,,,,.,.,,,,,,,,,,,,0500000US18161,,,18161,"Union County, Indiana",2852,2356,496,"Union County, Indiana",116,131,127,0.826086956521739,0.173913043478261
G1801630,2019-2023,IN,,,Indiana,18,Vanderburgh County,163,,,,,,,,,,,,,,,.,.,,,,,,,,,,,,0500000US18163,,,18163,"Vanderburgh County, Indiana",77198,49772,27426,"Vanderburgh County, Indiana",773,925,962,0.644731728801264,0.355268271198736
G1801650,2019-2023,IN,,,Indiana,18,Vermillion County,165,,,,,,,,,,,,,,,.,.,,,,,,,,,,,,0500000US18165,,,18165,"Vermillion County, Indiana",6560,4867,1693,"Vermillion County, Indiana",220,264,251,0.741920731707317,0.258079268292683
G1801670,2019-2023,IN,,,Indiana,18,Vigo County,167,,,,,,,,,,,,,,,.,.,,,,,,,,,,,,0500000US18167,,,18167,"Vigo County, Indiana",42595,26984,15611,"Vigo County, Indiana",515,764,841,0.633501584693039,0.366498415306961
G1801690,2019-2023,IN,,,Indiana,18,Wabash County,169,,,,,,,,,,,,,,,.,.,,,,,,,,,,,,0500000US18169,,,18169,"Wabash County, Indiana",12554,10094,2460,"Wabash County, Indiana",329,382,272,0.804046519037757,0.195953480962243
G1801710,2019-2023,IN,,,Indiana,18,Warren County,171,,,,,,,,,,,,,,,.,.,,,,,,,,,,,,0500000US18171,,,18171,"Warren County, Indiana",3359,2722,637,"Warren County, Indiana",120,145,149,0.810360226257815,0.189639773742185
G1801730,2019-2023,IN,,,Indiana,18,Warrick County,173,,,,,,,,,,,,,,,.,.,,,,,,,,,,,,0500000US18173,,,18173,"Warrick County, Indiana",24697,20381,4316,"Warrick County, Indiana",359,471,465,0.825241932218488,0.174758067781512
G1801750,2019-2023,IN,,,Indiana,18,Washington County,175,,,,,,,,,,,,,,,.,.,,,,,,,,,,,,0500000US18175,,,18175,"Washington County, Indiana",10994,9048,1946,"Washington County, Indiana",226,288,279,0.822994360560306,0.177005639439694
G1801770,2019-2023,IN,,,Indiana,18,Wayne County,177,,,,,,,,,,,,,,,.,.,,,,,,,,,,,,0500000US18177,,,18177,"Wayne County, Indiana",26818,18696,8122,"Wayne County, Indiana",436,533,547,0.697143709448878,0.302856290551122
G1801790,2019-2023,IN,,,Indiana,18,Wells County,179,,,,,,,,,,,,,,,.,.,,,,,,,,,,,,0500000US18179,,,18179,"Wells County, Indiana",11360,8656,2704,"Wells County, Indiana",182,307,320,0.761971830985916,0.238028169014085
G1801810,2019-2023,IN,,,Indiana,18,White County,181,,,,,,,,,,,,,,,.,.,,,,,,,,,,,,0500000US18181,,,18181,"White County, Indiana",9865,7826,2039,"White County, Indiana",316,311,270,0.793309680689306,0.206690319310694
G1801830,2019-2023,IN,,,Indiana,18,Whitley County,183,,,,,,,,,,,,,,,.,.,,,,,,,,,,,,0500000US18183,,,18183,"Whitley County, Indiana",13929,11172,2757,"Whitley County, Indiana",257,338,313,0.802067628688348,0.197932371311652
G1900010,2019-2023,IA,,,Iowa,19,Adair County,1,,,,,,,,,,,,,,,.,.,,,,,,,,,,,,0500000US19001,,,19001,"Adair County, Iowa",3260,2399,861,"Adair County, Iowa",108,117,118,0.735889570552147,0.264110429447853
G1900030,2019-2023,IA,,,Iowa,19,Adams County,3,,,,,,,,,,,,,,,.,.,,,,,,,,,,,,0500000US19003,,,19003,"Adams County, Iowa",1530,1174,356,"Adams County, Iowa",85,92,79,0.767320261437909,0.232679738562092
G1900050,2019-2023,IA,,,Iowa,19,Allamakee County,5,,,,,,,,,,,,,,,.,.,,,,,,,,,,,,0500000US19005,,,19005,"Allamakee County, Iowa",6024,4749,1275,"Allamakee County, Iowa",202,177,201,0.788346613545817,0.211653386454183
G1900070,2019-2023,IA,,,Iowa,19,Appanoose County,7,,,,,,,,,,,,,,,.,.,,,,,,,,,,,,0500000US19007,,,19007,"Appanoose County, Iowa",5006,3460,1546,"Appanoose County, Iowa",173,210,193,0.691170595285657,0.308829404714343
G1900090,2019-2023,IA,,,Iowa,19,Audubon County,9,,,,,,,,,,,,,,,.,.,,,,,,,,,,,,0500000US19009,,,19009,"Audubon County, Iowa",2525,1930,595,"Audubon County, Iowa",81,109,106,0.764356435643564,0.235643564356436
G1900110,2019-2023,IA,,,Iowa,19,Benton County,11,,,,,,,,,,,,,,,.,.,,,,,,,,,,,,0500000US19011,,,19011,"Benton County, Iowa",10111,8520,1591,"Benton County, Iowa",219,269,223,0.842646622490357,0.157353377509643
G1900130,2019-2023,IA,,,Iowa,19,Black Hawk County,13,,,,,,,,,,,,,,,.,.,,,,,,,,,,,,0500000US19013,,,19013,"Black Hawk County, Iowa",53740,35102,18638,"Black Hawk County, Iowa",690,756,861,0.653181987346483,0.346818012653517
G1900150,2019-2023,IA,,,Iowa,19,Boone County,15,,,,,,,,,,,,,,,.,.,,,,,,,,,,,,0500000US19015,,,19015,"Boone County, Iowa",10935,8863,2072,"Boone County, Iowa",261,266,228,0.810516689529035,0.189483310470965
G1900170,2019-2023,IA,,,Iowa,19,Bremer County,17,,,,,,,,,,,,,,,.,.,,,,,,,,,,,,0500000US19017,,,19017,"Bremer County, Iowa",9693,7832,1861,"Bremer County, Iowa",189,230,205,0.808005777365109,0.191994222634891
G1900190,2019-2023,IA,,,Iowa,19,Buchanan County,19,,,,,,,,,,,,,,,.,.,,,,,,,,,,,,0500000US19019,,,19019,"Buchanan County, Iowa",8150,6609,1541,"Buchanan County, Iowa",207,240,223,0.810920245398773,0.189079754601227
G1900210,2019-2023,IA,,,Iowa,19,Buena Vista County,21,,,,,,,,,,,,,,,.,.,,,,,,,,,,,,0500000US19021,,,19021,"Buena Vista County, Iowa",7543,5465,2078,"Buena Vista County, Iowa",198,247,310,0.724512793318308,0.275487206681692
G1900230,2019-2023,IA,,,Iowa,19,Butler County,23,,,,,,,,,,,,,,,.,.,,,,,,,,,,,,0500000US19023,,,19023,"Butler County, Iowa",5887,4710,1177,"Butler County, Iowa",118,131,144,0.800067946322405,0.199932053677595
G1900250,2019-2023,IA,,,Iowa,19,Calhoun County,25,,,,,,,,,,,,,,,.,.,,,,,,,,,,,,0500000US19025,,,19025,"Calhoun County, Iowa",3886,3144,742,"Calhoun County, Iowa",143,112,104,0.80905815748842,0.19094184251158
G1900270,2019-2023,IA,,,Iowa,19,Carroll County,27,,,,,,,,,,,,,,,.,.,,,,,,,,,,,,0500000US19027,,,19027,"Carroll County, Iowa",8750,6563,2187,"Carroll County, Iowa",201,254,256,0.750057142857143,0.249942857142857
G1900290,2019-2023,IA,,,Iowa,19,Cass County,29,,,,,,,,,,,,,,,.,.,,,,,,,,,,,,0500000US19029,,,19029,"Cass County, Iowa",5789,4184,1605,"Cass County, Iowa",147,221,206,0.722750043185352,0.277249956814649
G1900310,2019-2023,IA,,,Iowa,19,Cedar County,31,,,,,,,,,,,,,,,.,.,,,,,,,,,,,,0500000US19031,,,19031,"Cedar County, Iowa",7539,6092,1447,"Cedar County, Iowa",190,205,193,0.808064730070301,0.191935269929699
G1900330,2019-2023,IA,,,Iowa,19,Cerro Gordo County,33,,,,,,,,,,,,,,,.,.,,,,,,,,,,,,0500000US19033,,,19033,"Cerro Gordo County, Iowa",19421,13915,5506,"Cerro Gordo County, Iowa",400,415,394,0.716492456619124,0.283507543380876
G1900350,2019-2023,IA,,,Iowa,19,Cherokee County,35,,,,,,,,,,,,,,,.,.,,,,,,,,,,,,0500000US19035,,,19035,"Cherokee County, Iowa",5082,3726,1356,"Cherokee County, Iowa",130,187,182,0.733175914994097,0.266824085005903
G1900370,2019-2023,IA,,,Iowa,19,Chickasaw County,37,,,,,,,,,,,,,,,.,.,,,,,,,,,,,,0500000US19037,,,19037,"Chickasaw County, Iowa",4985,4058,927,"Chickasaw County, Iowa",130,153,146,0.814042126379137,0.185957873620863
G1900390,2019-2023,IA,,,Iowa,19,Clarke County,39,,,,,,,,,,,,,,,.,.,,,,,,,,,,,,0500000US19039,,,19039,"Clarke County, Iowa",4001,2779,1222,"Clarke County, Iowa",208,246,233,0.694576355911022,0.305423644088978
G1900410,2019-2023,IA,,,Iowa,19,Clay County,41,,,,,,,,,,,,,,,.,.,,,,,,,,,,,,0500000US19041,,,19041,"Clay County, Iowa",7249,5270,1979,"Clay County, Iowa",224,287,286,0.726996827148572,0.273003172851428
G1900430,2019-2023,IA,,,Iowa,19,Clayton County,43,,,,,,,,,,,,,,,.,.,,,,,,,,,,,,0500000US19043,,,19043,"Clayton County, Iowa",7406,5672,1734,"Clayton County, Iowa",194,215,181,0.765865514447745,0.234134485552255
G1900450,2019-2023,IA,,,Iowa,19,Clinton County,45,,,,,,,,,,,,,,,.,.,,,,,,,,,,,,0500000US19045,,,19045,"Clinton County, Iowa",19434,14212,5222,"Clinton County, Iowa",356,433,399,0.731295667387054,0.268704332612946
G1900470,2019-2023,IA,,,Iowa,19,Crawford County,47,,,,,,,,,,,,,,,.,.,,,,,,,,,,,,0500000US19047,,,19047,"Crawford County, Iowa",6229,4901,1328,"Crawford County, Iowa",181,190,249,0.786803660298603,0.213196339701397
G1900490,2019-2023,IA,,,Iowa,19,Dallas County,49,,,,,,,,,,,,,,,.,.,,,,,,,,,,,,0500000US19049,,,19049,"Dallas County, Iowa",40868,28397,12471,"Dallas County, Iowa",472,660,691,0.694846823920916,0.305153176079084
G1900510,2019-2023,IA,,,Iowa,19,Davis County,51,,,,,,,,,,,,,,,.,.,,,,,,,,,,,,0500000US19051,,,19051,"Davis County, Iowa",3169,2663,506,"Davis County, Iowa",141,141,99,0.840328179236352,0.159671820763648
G1900530,2019-2023,IA,,,Iowa,19,Decatur County,53,,,,,,,,,,,,,,,.,.,,,,,,,,,,,,0500000US19053,,,19053,"Decatur County, Iowa",3049,2073,976,"Decatur County, Iowa",123,119,145,0.679895047556576,0.320104952443424
G1900550,2019-2023,IA,,,Iowa,19,Delaware County,55,,,,,,,,,,,,,,,.,.,,,,,,,,,,,,0500000US19055,,,19055,"Delaware County, Iowa",7176,5911,1265,"Delaware County, Iowa",228,272,215,0.823717948717949,0.176282051282051
G1900570,2019-2023,IA,,,Iowa,19,Des Moines County,57,,,,,,,,,,,,,,,.,.,,,,,,,,,,,,0500000US19057,,,19057,"Des Moines County, Iowa",17188,12495,4693,"Des Moines County, Iowa",312,417,515,0.726960670235048,0.273039329764952
G1900590,2019-2023,IA,,,Iowa,19,Dickinson County,59,,,,,,,,,,,,,,,.,.,,,,,,,,,,,,0500000US19059,,,19059,"Dickinson County, Iowa",8650,6631,2019,"Dickinson County, Iowa",257,223,251,0.766589595375723,0.233410404624277
G1900610,2019-2023,IA,,,Iowa,19,Dubuque County,61,,,,,,,,,,,,,,,.,.,,,,,,,,,,,,0500000US19061,,,19061,"Dubuque County, Iowa",40585,29695,10890,"Dubuque County, Iowa",352,510,533,0.7316742638906,0.2683257361094
G1900630,2019-2023,IA,,,Iowa,19,Emmet County,63,,,,,,,,,,,,,,,.,.,,,,,,,,,,,,0500000US19063,,,19063,"Emmet County, Iowa",3922,3049,873,"Emmet County, Iowa",131,155,148,0.777409484956655,0.222590515043345
G1900650,2019-2023,IA,,,Iowa,19,Fayette County,65,,,,,,,,,,,,,,,.,.,,,,,,,,,,,,0500000US19065,,,19065,"Fayette County, Iowa",8203,6315,1888,"Fayette County, Iowa",174,195,185,0.769840302328416,0.230159697671584
G1900670,2019-2023,IA,,,Iowa,19,Floyd County,67,,,,,,,,,,,,,,,.,.,,,,,,,,,,,,0500000US19067,,,19067,"Floyd County, Iowa",6620,4922,1698,"Floyd County, Iowa",203,255,240,0.743504531722054,0.256495468277946
G1900690,2019-2023,IA,,,Iowa,19,Franklin County,69,,,,,,,,,,,,,,,.,.,,,,,,,,,,,,0500000US19069,,,19069,"Franklin County, Iowa",4084,2961,1123,"Franklin County, Iowa",177,169,197,0.725024485798237,0.274975514201763
G1900710,2019-2023,IA,,,Iowa,19,Fremont County,71,,,,,,,,,,,,,,,.,.,,,,,,,,,,,,0500000US19071,,,19071,"Fremont County, Iowa",2760,2229,531,"Fremont County, Iowa",93,110,89,0.807608695652174,0.192391304347826
G1900730,2019-2023,IA,,,Iowa,19,Greene County,73,,,,,,,,,,,,,,,.,.,,,,,,,,,,,,0500000US19073,,,19073,"Greene County, Iowa",3928,2917,1011,"Greene County, Iowa",111,134,156,0.742617107942974,0.257382892057026
G1900750,2019-2023,IA,,,Iowa,19,Grundy County,75,,,,,,,,,,,,,,,.,.,,,,,,,,,,,,0500000US19075,,,19075,"Grundy County, Iowa",5085,4270,815,"Grundy County, Iowa",117,128,111,0.839724680432645,0.160275319567355
G1900770,2019-2023,IA,,,Iowa,19,Guthrie County,77,,,,,,,,,,,,,,,.,.,,,,,,,,,,,,0500000US19077,,,19077,"Guthrie County, Iowa",4587,3828,759,"Guthrie County, Iowa",197,120,158,0.83453237410072,0.165467625899281
G1900790,2019-2023,IA,,,Iowa,19,Hamilton County,79,,,,,,,,,,,,,,,.,.,,,,,,,,,,,,0500000US19079,,,19079,"Hamilton County, Iowa",6317,4659,1658,"Hamilton County, Iowa",241,227,229,0.737533639385784,0.262466360614216
G1900810,2019-2023,IA,,,Iowa,19,Hancock County,81,,,,,,,,,,,,,,,.,.,,,,,,,,,,,,0500000US19081,,,19081,"Hancock County, Iowa",4614,3782,832,"Hancock County, Iowa",114,158,139,0.819679237104465,0.180320762895535
G1900830,2019-2023,IA,,,Iowa,19,Hardin County,83,,,,,,,,,,,,,,,.,.,,,,,,,,,,,,0500000US19083,,,19083,"Hardin County, Iowa",7010,5139,1871,"Hardin County, Iowa",198,243,201,0.733095577746077,0.266904422253923
G1900850,2019-2023,IA,,,Iowa,19,Harrison County,85,,,,,,,,,,,,,,,.,.,,,,,,,,,,,,0500000US19085,,,19085,"Harrison County, Iowa",6004,4618,1386,"Harrison County, Iowa",127,151,158,0.769153897401732,0.230846102598268
G1900870,2019-2023,IA,,,Iowa,19,Henry County,87,,,,,,,,,,,,,,,.,.,,,,,,,,,,,,0500000US19087,,,19087,"Henry County, Iowa",7617,5640,1977,"Henry County, Iowa",199,245,231,0.740448995667586,0.259551004332414
G1900890,2019-2023,IA,,,Iowa,19,Howard County,89,,,,,,,,,,,,,,,.,.,,,,,,,,,,,,0500000US19089,,,19089,"Howard County, Iowa",3672,2813,859,"Howard County, Iowa",201,167,155,0.766067538126362,0.233932461873638
G1900910,2019-2023,IA,,,Iowa,19,Humboldt County,91,,,,,,,,,,,,,,,.,.,,,,,,,,,,,,0500000US19091,,,19091,"Humboldt County, Iowa",4236,3177,1059,"Humboldt County, Iowa",88,143,127,0.75,0.25
G1900930,2019-2023,IA,,,Iowa,19,Ida County,93,,,,,,,,,,,,,,,.,.,,,,,,,,,,,,0500000US19093,,,19093,"Ida County, Iowa",2994,2322,672,"Ida County, Iowa",99,95,96,0.775551102204409,0.224448897795591
G1900950,2019-2023,IA,,,Iowa,19,Iowa County,95,,,,,,,,,,,,,,,.,.,,,,,,,,,,,,0500000US19095,,,19095,"Iowa County, Iowa",6849,5211,1638,"Iowa County, Iowa",136,257,248,0.76084099868594,0.23915900131406
G1900970,2019-2023,IA,,,Iowa,19,Jackson County,97,,,,,,,,,,,,,,,.,.,,,,,,,,,,,,0500000US19097,,,19097,"Jackson County, Iowa",8303,6523,1780,"Jackson County, Iowa",200,216,204,0.785619655546188,0.214380344453812
G1900990,2019-2023,IA,,,Iowa,19,Jasper County,99,,,,,,,,,,,,,,,.,.,,,,,,,,,,,,0500000US19099,,,19099,"Jasper County, Iowa",14748,11035,3713,"Jasper County, Iowa",306,373,376,0.748237049091402,0.251762950908598
G1901010,2019-2023,IA,,,Iowa,19,Jefferson County,101,,,,,,,,,,,,,,,.,.,,,,,,,,,,,,0500000US19101,,,19101,"Jefferson County, Iowa",6878,4481,2397,"Jefferson County, Iowa",225,227,283,0.651497528351265,0.348502471648735
G1901030,2019-2023,IA,,,Iowa,19,Johnson County,103,,,,,,,,,,,,,,,.,.,,,,,,,,,,,,0500000US19103,,,19103,"Johnson County, Iowa",62214,36606,25608,"Johnson County, Iowa",711,847,949,0.588388465618671,0.411611534381329
G1901050,2019-2023,IA,,,Iowa,19,Jones County,105,,,,,,,,,,,,,,,.,.,,,,,,,,,,,,0500000US19105,,,19105,"Jones County, Iowa",8109,6543,1566,"Jones County, Iowa",195,264,229,0.806881243063263,0.193118756936737
G1901070,2019-2023,IA,,,Iowa,19,Keokuk County,107,,,,,,,,,,,,,,,.,.,,,,,,,,,,,,0500000US19107,,,19107,"Keokuk County, Iowa",4065,3206,859,"Keokuk County, Iowa",101,128,115,0.788683886838868,0.211316113161132
G1901090,2019-2023,IA,,,Iowa,19,Kossuth County,109,,,,,,,,,,,,,,,.,.,,,,,,,,,,,,0500000US19109,,,19109,"Kossuth County, Iowa",6502,4899,1603,"Kossuth County, Iowa",154,194,212,0.7534604737004,0.2465395262996
G1901110,2019-2023,IA,,,Iowa,19,Lee County,111,,,,,,,,,,,,,,,.,.,,,,,,,,,,,,0500000US19111,,,19111,"Lee County, Iowa",14305,10800,3505,"Lee County, Iowa",295,385,344,0.754980775952464,0.245019224047536
G1901130,2019-2023,IA,,,Iowa,19,Linn County,113,,,,,,,,,,,,,,,.,.,,,,,,,,,,,,0500000US19113,,,19113,"Linn County, Iowa",95051,69685,25366,"Linn County, Iowa",739,1006,1041,0.733132739266289,0.266867260733711
G1901150,2019-2023,IA,,,Iowa,19,Louisa County,115,,,,,,,,,,,,,,,.,.,,,,,,,,,,,,0500000US19115,,,19115,"Louisa County, Iowa",4143,3319,824,"Louisa County, Iowa",157,163,155,0.801110306541154,0.198889693458846
G1901170,2019-2023,IA,,,Iowa,19,Lucas County,117,,,,,,,,,,,,,,,.,.,,,,,,,,,,,,0500000US19117,,,19117,"Lucas County, Iowa",3672,2979,693,"Lucas County, Iowa",125,150,136,0.811274509803922,0.188725490196078
G1901190,2019-2023,IA,,,Iowa,19,Lyon County,119,,,,,,,,,,,,,,,.,.,,,,,,,,,,,,0500000US19119,,,19119,"Lyon County, Iowa",4444,3704,740,"Lyon County, Iowa",108,146,124,0.833483348334834,0.166516651665167
G1901210,2019-2023,IA,,,Iowa,19,Madison County,121,,,,,,,,,,,,,,,.,.,,,,,,,,,,,,0500000US19121,,,19121,"Madison County, Iowa",6625,5384,1241,"Madison County, Iowa",163,240,240,0.812679245283019,0.187320754716981
G1901230,2019-2023,IA,,,Iowa,19,Mahaska County,123,,,,,,,,,,,,,,,.,.,,,,,,,,,,,,0500000US19123,,,19123,"Mahaska County, Iowa",8891,6031,2860,"Mahaska County, Iowa",241,280,269,0.678326397480598,0.321673602519402
G1901250,2019-2023,IA,,,Iowa,19,Marion County,125,,,,,,,,,,,,,,,.,.,,,,,,,,,,,,0500000US19125,,,19125,"Marion County, Iowa",13409,10425,2984,"Marion County, Iowa",218,272,264,0.777462898053546,0.222537101946454
G1901270,2019-2023,IA,,,Iowa,19,Marshall County,127,,,,,,,,,,,,,,,.,.,,,,,,,,,,,,0500000US19127,,,19127,"Marshall County, Iowa",15546,11400,4146,"Marshall County, Iowa",289,438,391,0.733307603241992,0.266692396758009
G1901290,2019-2023,IA,,,Iowa,19,Mills County,129,,,,,,,,,,,,,,,.,.,,,,,,,,,,,,0500000US19129,,,19129,"Mills County, Iowa",5349,4503,846,"Mills County, Iowa",143,194,169,0.841839596186203,0.158160403813797
G1901310,2019-2023,IA,,,Iowa,19,Mitchell County,131,,,,,,,,,,,,,,,.,.,,,,,,,,,,,,0500000US19131,,,19131,"Mitchell County, Iowa",4477,3580,897,"Mitchell County, Iowa",127,164,157,0.799642617824436,0.200357382175564
G1901330,2019-2023,IA,,,Iowa,19,Monona County,133,,,,,,,,,,,,,,,.,.,,,,,,,,,,,,0500000US19133,,,19133,"Monona County, Iowa",3891,2974,917,"Monona County, Iowa",109,133,122,0.764327936263171,0.235672063736829
G1901350,2019-2023,IA,,,Iowa,19,Monroe County,135,,,,,,,,,,,,,,,.,.,,,,,,,,,,,,0500000US19135,,,19135,"Monroe County, Iowa",2991,2507,484,"Monroe County, Iowa",168,204,146,0.838181210297559,0.161818789702441
G1901370,2019-2023,IA,,,Iowa,19,Montgomery County,137,,,,,,,,,,,,,,,.,.,,,,,,,,,,,,0500000US19137,,,19137,"Montgomery County, Iowa",4609,3300,1309,"Montgomery County, Iowa",126,171,162,0.715990453460621,0.28400954653938
G1901390,2019-2023,IA,,,Iowa,19,Muscatine County,139,,,,,,,,,,,,,,,.,.,,,,,,,,,,,,0500000US19139,,,19139,"Muscatine County, Iowa",17170,12854,4316,"Muscatine County, Iowa",244,409,406,0.748631333721608,0.251368666278393
G1901410,2019-2023,IA,,,Iowa,19,O'Brien County,141,,,,,,,,,,,,,,,.,.,,,,,,,,,,,,0500000US19141,,,19141,"O'Brien County, Iowa",5791,4477,1314,"O'Brien County, Iowa",231,230,197,0.773096183733379,0.226903816266621
G1901430,2019-2023,IA,,,Iowa,19,Osceola County,143,,,,,,,,,,,,,,,.,.,,,,,,,,,,,,0500000US19143,,,19143,"Osceola County, Iowa",2606,2032,574,"Osceola County, Iowa",94,125,122,0.779739063699156,0.220260936300844
G1901450,2019-2023,IA,,,Iowa,19,Page County,145,,,,,,,,,,,,,,,.,.,,,,,,,,,,,,0500000US19145,,,19145,"Page County, Iowa",6161,4313,1848,"Page County, Iowa",198,219,201,0.70004869339393,0.29995130660607
G1901470,2019-2023,IA,,,Iowa,19,Palo Alto County,147,,,,,,,,,,,,,,,.,.,,,,,,,,,,,,0500000US19147,,,19147,"Palo Alto County, Iowa",3739,2831,908,"Palo Alto County, Iowa",115,134,126,0.757154319336721,0.242845680663279
G1901490,2019-2023,IA,,,Iowa,19,Plymouth County,149,,,,,,,,,,,,,,,.,.,,,,,,,,,,,,0500000US19149,,,19149,"Plymouth County, Iowa",10297,7587,2710,"Plymouth County, Iowa",187,299,301,0.736816548509275,0.263183451490726
G1901510,2019-2023,IA,,,Iowa,19,Pocahontas County,151,,,,,,,,,,,,,,,.,.,,,,,,,,,,,,0500000US19151,,,19151,"Pocahontas County, Iowa",3084,2424,660,"Pocahontas County, Iowa",111,105,99,0.785992217898833,0.214007782101167
G1901530,2019-2023,IA,,,Iowa,19,Polk County,153,,,,,,,,,,,,,,,.,.,,,,,,,,,,,,0500000US19153,,,19153,"Polk County, Iowa",202404,135757,66647,"Polk County, Iowa",1017,1444,1546,0.670722910614415,0.329277089385585
G1901550,2019-2023,IA,,,Iowa,19,Pottawattamie County,155,,,,,,,,,,,,,,,.,.,,,,,,,,,,,,0500000US19155,,,19155,"Pottawattamie County, Iowa",37531,26403,11128,"Pottawattamie County, Iowa",378,569,527,0.703498441288535,0.296501558711465
G1901570,2019-2023,IA,,,Iowa,19,Poweshiek County,157,,,,,,,,,,,,,,,.,.,,,,,,,,,,,,0500000US19157,,,19157,"Poweshiek County, Iowa",7791,5507,2284,"Poweshiek County, Iowa",219,276,291,0.706841227056861,0.29315877294314
G1901590,2019-2023,IA,,,Iowa,19,Ringgold County,159,,,,,,,,,,,,,,,.,.,,,,,,,,,,,,0500000US19159,,,19159,"Ringgold County, Iowa",1869,1473,396,"Ringgold County, Iowa",111,92,81,0.788121990369181,0.211878009630819
G1901610,2019-2023,IA,,,Iowa,19,Sac County,161,,,,,,,,,,,,,,,.,.,,,,,,,,,,,,0500000US19161,,,19161,"Sac County, Iowa",4251,3317,934,"Sac County, Iowa",115,125,114,0.780286991296166,0.219713008703834
G1901630,2019-2023,IA,,,Iowa,19,Scott County,163,,,,,,,,,,,,,,,.,.,,,,,,,,,,,,0500000US19163,,,19163,"Scott County, Iowa",72675,50582,22093,"Scott County, Iowa",553,916,940,0.696002751977984,0.303997248022016
G1901650,2019-2023,IA,,,Iowa,19,Shelby County,165,,,,,,,,,,,,,,,.,.,,,,,,,,,,,,0500000US19165,,,19165,"Shelby County, Iowa",4983,3776,1207,"Shelby County, Iowa",139,213,181,0.757776439895645,0.242223560104355
G1901670,2019-2023,IA,,,Iowa,19,Sioux County,167,,,,,,,,,,,,,,,.,.,,,,,,,,,,,,0500000US19167,,,19167,"Sioux County, Iowa",12576,9787,2789,"Sioux County, Iowa",185,328,345,0.778228371501272,0.221771628498728
G1901690,2019-2023,IA,,,Iowa,19,Story County,169,,,,,,,,,,,,,,,.,.,,,,,,,,,,,,0500000US19169,,,19169,"Story County, Iowa",38708,21668,17040,"Story County, Iowa",562,590,637,0.559780923840033,0.440219076159967
G1901710,2019-2023,IA,,,Iowa,19,Tama County,171,,,,,,,,,,,,,,,.,.,,,,,,,,,,,,0500000US19171,,,19171,"Tama County, Iowa",6731,5146,1585,"Tama County, Iowa",127,174,191,0.764522359233398,0.235477640766602
G1901730,2019-2023,IA,,,Iowa,19,Taylor County,173,,,,,,,,,,,,,,,.,.,,,,,,,,,,,,0500000US19173,,,19173,"Taylor County, Iowa",2471,1921,550,"Taylor County, Iowa",88,90,78,0.777418049372724,0.222581950627276
G1901750,2019-2023,IA,,,Iowa,19,Union County,175,,,,,,,,,,,,,,,.,.,,,,,,,,,,,,0500000US19175,,,19175,"Union County, Iowa",5055,3645,1410,"Union County, Iowa",185,180,210,0.72106824925816,0.27893175074184
G1901770,2019-2023,IA,,,Iowa,19,Van Buren County,177,,,,,,,,,,,,,,,.,.,,,,,,,,,,,,0500000US19177,,,19177,"Van Buren County, Iowa",2898,2407,491,"Van Buren County, Iowa",126,123,89,0.830572808833678,0.169427191166322
G1901790,2019-2023,IA,,,Iowa,19,Wapello County,179,,,,,,,,,,,,,,,.,.,,,,,,,,,,,,0500000US19179,,,19179,"Wapello County, Iowa",14088,9501,4587,"Wapello County, Iowa",320,498,456,0.674403747870528,0.325596252129472
G1901810,2019-2023,IA,,,Iowa,19,Warren County,181,,,,,,,,,,,,,,,.,.,,,,,,,,,,,,0500000US19181,,,19181,"Warren County, Iowa",20219,16786,3433,"Warren County, Iowa",309,425,319,0.830209209159701,0.169790790840299
G1901830,2019-2023,IA,,,Iowa,19,Washington County,183,,,,,,,,,,,,,,,.,.,,,,,,,,,,,,0500000US19183,,,19183,"Washington County, Iowa",9048,6530,2518,"Washington County, Iowa",160,222,240,0.721706454465075,0.278293545534925
G1901850,2019-2023,IA,,,Iowa,19,Wayne County,185,,,,,,,,,,,,,,,.,.,,,,,,,,,,,,0500000US19185,,,19185,"Wayne County, Iowa",2554,2045,509,"Wayne County, Iowa",91,86,77,0.800704776820673,0.199295223179327
G1901870,2019-2023,IA,,,Iowa,19,Webster County,187,,,,,,,,,,,,,,,.,.,,,,,,,,,,,,0500000US19187,,,19187,"Webster County, Iowa",15641,10962,4679,"Webster County, Iowa",265,410,429,0.700850329262835,0.299149670737165
G1901890,2019-2023,IA,,,Iowa,19,Winnebago County,189,,,,,,,,,,,,,,,.,.,,,,,,,,,,,,0500000US19189,,,19189,"Winnebago County, Iowa",4591,3414,1177,"Winnebago County, Iowa",129,162,157,0.743628839032891,0.25637116096711
G1901910,2019-2023,IA,,,Iowa,19,Winneshiek County,191,,,,,,,,,,,,,,,.,.,,,,,,,,,,,,0500000US19191,,,19191,"Winneshiek County, Iowa",8197,6259,1938,"Winneshiek County, Iowa",191,220,221,0.763572038550689,0.236427961449311
G1901930,2019-2023,IA,,,Iowa,19,Woodbury County,193,,,,,,,,,,,,,,,.,.,,,,,,,,,,,,0500000US19193,,,19193,"Woodbury County, Iowa",40503,27718,12785,"Woodbury County, Iowa",413,629,628,0.684344369552873,0.315655630447127
G1901950,2019-2023,IA,,,Iowa,19,Worth County,195,,,,,,,,,,,,,,,.,.,,,,,,,,,,,,0500000US19195,,,19195,"Worth County, Iowa",3195,2595,600,"Worth County, Iowa",99,101,98,0.812206572769953,0.187793427230047
G1901970,2019-2023,IA,,,Iowa,19,Wright County,197,,,,,,,,,,,,,,,.,.,,,,,,,,,,,,0500000US19197,,,19197,"Wright County, Iowa",5352,3971,1381,"Wright County, Iowa",170,180,180,0.741965620328849,0.258034379671151
G2000010,2019-2023,KS,,,Kansas,20,Allen County,1,,,,,,,,,,,,,,,.,.,,,,,,,,,,,,0500000US20001,,,20001,"Allen County, Kansas",5014,3736,1278,"Allen County, Kansas",195,196,181,0.745113681691265,0.254886318308736
G2000030,2019-2023,KS,,,Kansas,20,Anderson County,3,,,,,,,,,,,,,,,.,.,,,,,,,,,,,,0500000US20003,,,20003,"Anderson County, Kansas",3287,2665,622,"Anderson County, Kansas",114,185,179,0.810769698813508,0.189230301186492
G2000050,2019-2023,KS,,,Kansas,20,Atchison County,5,,,,,,,,,,,,,,,.,.,,,,,,,,,,,,0500000US20005,,,20005,"Atchison County, Kansas",5876,4315,1561,"Atchison County, Kansas",232,266,211,0.734343090537781,0.265656909462219
G2000070,2019-2023,KS,,,Kansas,20,Barber County,7,,,,,,,,,,,,,,,.,.,,,,,,,,,,,,0500000US20007,,,20007,"Barber County, Kansas",1806,1469,337,"Barber County, Kansas",119,114,83,0.813399778516058,0.186600221483942
G2000090,2019-2023,KS,,,Kansas,20,Barton County,9,,,,,,,,,,,,,,,.,.,,,,,,,,,,,,0500000US20009,,,20009,"Barton County, Kansas",10219,6768,3451,"Barton County, Kansas",293,367,373,0.662295723652021,0.337704276347979
G2000110,2019-2023,KS,,,Kansas,20,Bourbon County,11,,,,,,,,,,,,,,,.,.,,,,,,,,,,,,0500000US20011,,,20011,"Bourbon County, Kansas",5770,4205,1565,"Bourbon County, Kansas",229,243,251,0.728769497400347,0.271230502599653
G2000130,2019-2023,KS,,,Kansas,20,Brown County,13,,,,,,,,,,,,,,,.,.,,,,,,,,,,,,0500000US20013,,,20013,"Brown County, Kansas",3719,2805,914,"Brown County, Kansas",134,127,141,0.754235009411132,0.245764990588868
G2000150,2019-2023,KS,,,Kansas,20,Butler County,15,,,,,,,,,,,,,,,.,.,,,,,,,,,,,,0500000US20015,,,20015,"Butler County, Kansas",25025,19571,5454,"Butler County, Kansas",337,443,408,0.782057942057942,0.217942057942058
G2000170,2019-2023,KS,,,Kansas,20,Chase County,17,,,,,,,,,,,,,,,.,.,,,,,,,,,,,,0500000US20017,,,20017,"Chase County, Kansas",1145,823,322,"Chase County, Kansas",63,57,64,0.718777292576419,0.281222707423581
G2000190,2019-2023,KS,,,Kansas,20,Chautauqua County,19,,,,,,,,,,,,,,,.,.,,,,,,,,,,,,0500000US20019,,,20019,"Chautauqua County, Kansas",1315,1095,220,"Chautauqua County, Kansas",96,86,49,0.832699619771863,0.167300380228137
G2000210,2019-2023,KS,,,Kansas,20,Cherokee County,21,,,,,,,,,,,,,,,.,.,,,,,,,,,,,,0500000US20021,,,20021,"Cherokee County, Kansas",7727,5596,2131,"Cherokee County, Kansas",202,333,295,0.724213795781028,0.275786204218972
G2000230,2019-2023,KS,,,Kansas,20,Cheyenne County,23,,,,,,,,,,,,,,,.,.,,,,,,,,,,,,0500000US20023,,,20023,"Cheyenne County, Kansas",1186,944,242,"Cheyenne County, Kansas",68,82,58,0.795952782462057,0.204047217537943
G2000250,2019-2023,KS,,,Kansas,20,Clark County,25,,,,,,,,,,,,,,,.,.,,,,,,,,,,,,0500000US20025,,,20025,"Clark County, Kansas",813,615,198,"Clark County, Kansas",73,70,46,0.756457564575646,0.243542435424354
G2000270,2019-2023,KS,,,Kansas,20,Clay County,27,,,,,,,,,,,,,,,.,.,,,,,,,,,,,,0500000US20027,,,20027,"Clay County, Kansas",3629,2656,973,"Clay County, Kansas",118,161,180,0.731882061173877,0.268117938826123
G2000290,2019-2023,KS,,,Kansas,20,Cloud County,29,,,,,,,,,,,,,,,.,.,,,,,,,,,,,,0500000US20029,,,20029,"Cloud County, Kansas",3670,2741,929,"Cloud County, Kansas",151,169,134,0.746866485013624,0.253133514986376
G2000310,2019-2023,KS,,,Kansas,20,Coffey County,31,,,,,,,,,,,,,,,.,.,,,,,,,,,,,,0500000US20031,,,20031,"Coffey County, Kansas",3547,2692,855,"Coffey County, Kansas",99,139,140,0.758951226388497,0.241048773611503
G2000330,2019-2023,KS,,,Kansas,20,Comanche County,33,,,,,,,,,,,,,,,.,.,,,,,,,,,,,,0500000US20033,,,20033,"Comanche County, Kansas",821,601,220,"Comanche County, Kansas",80,79,60,0.732034104750305,0.267965895249696
G2000350,2019-2023,KS,,,Kansas,20,Cowley County,35,,,,,,,,,,,,,,,.,.,,,,,,,,,,,,0500000US20035,,,20035,"Cowley County, Kansas",13339,9400,3939,"Cowley County, Kansas",363,351,395,0.704700502286528,0.295299497713472
G2000370,2019-2023,KS,,,Kansas,20,Crawford County,37,,,,,,,,,,,,,,,.,.,,,,,,,,,,,,0500000US20037,,,20037,"Crawford County, Kansas",15897,9560,6337,"Crawford County, Kansas",296,395,421,0.601371327923508,0.398628672076492
G2000390,2019-2023,KS,,,Kansas,20,Decatur County,39,,,,,,,,,,,,,,,.,.,,,,,,,,,,,,0500000US20039,,,20039,"Decatur County, Kansas",1373,1090,283,"Decatur County, Kansas",58,97,92,0.79388201019665,0.20611798980335
G2000410,2019-2023,KS,,,Kansas,20,Dickinson County,41,,,,,,,,,,,,,,,.,.,,,,,,,,,,,,0500000US20041,,,20041,"Dickinson County, Kansas",7958,6291,1667,"Dickinson County, Kansas",192,255,251,0.790525257602413,0.209474742397587
G2000430,2019-2023,KS,,,Kansas,20,Doniphan County,43,,,,,,,,,,,,,,,.,.,,,,,,,,,,,,0500000US20043,,,20043,"Doniphan County, Kansas",2670,2184,486,"Doniphan County, Kansas",125,121,100,0.817977528089888,0.182022471910112
G2000450,2019-2023,KS,,,Kansas,20,Douglas County,45,,,,,,,,,,,,,,,.,.,,,,,,,,,,,,0500000US20045,,,20045,"Douglas County, Kansas",49939,24725,25214,"Douglas County, Kansas",527,692,764,0.495104026912834,0.504895973087166
G2000470,2019-2023,KS,,,Kansas,20,Edwards County,47,,,,,,,,,,,,,,,.,.,,,,,,,,,,,,0500000US20047,,,20047,"Edwards County, Kansas",1187,974,213,"Edwards County, Kansas",63,69,57,0.82055602358888,0.17944397641112
G2000490,2019-2023,KS,,,Kansas,20,Elk County,49,,,,,,,,,,,,,,,.,.,,,,,,,,,,,,0500000US20049,,,20049,"Elk County, Kansas",1076,835,241,"Elk County, Kansas",71,67,42,0.776022304832714,0.223977695167286
G2000510,2019-2023,KS,,,Kansas,20,Ellis County,51,,,,,,,,,,,,,,,.,.,,,,,,,,,,,,0500000US20051,,,20051,"Ellis County, Kansas",12186,7608,4578,"Ellis County, Kansas",271,335,367,0.624322993599212,0.375677006400788
G2000530,2019-2023,KS,,,Kansas,20,Ellsworth County,53,,,,,,,,,,,,,,,.,.,,,,,,,,,,,,0500000US20053,,,20053,"Ellsworth County, Kansas",2329,1899,430,"Ellsworth County, Kansas",100,106,85,0.815371404036067,0.184628595963933
G2000550,2019-2023,KS,,,Kansas,20,Finney County,55,,,,,,,,,,,,,,,.,.,,,,,,,,,,,,0500000US20055,,,20055,"Finney County, Kansas",13198,8449,4749,"Finney County, Kansas",267,353,426,0.640172753447492,0.359827246552508
G2000570,2019-2023,KS,,,Kansas,20,Ford County,57,,,,,,,,,,,,,,,.,.,,,,,,,,,,,,0500000US20057,,,20057,"Ford County, Kansas",11768,7588,4180,"Ford County, Kansas",209,421,418,0.644799456152277,0.355200543847723
G2000590,2019-2023,KS,,,Kansas,20,Franklin County,59,,,,,,,,,,,,,,,.,.,,,,,,,,,,,,0500000US20059,,,20059,"Franklin County, Kansas",10289,7558,2731,"Franklin County, Kansas",216,311,275,0.734570900962193,0.265429099037807
G2000610,2019-2023,KS,,,Kansas,20,Geary County,61,,,,,,,,,,,,,,,.,.,,,,,,,,,,,,0500000US20061,,,20061,"Geary County, Kansas",13787,5903,7884,"Geary County, Kansas",405,402,532,0.428156959454559,0.571843040545441
G2000630,2019-2023,KS,,,Kansas,20,Gove County,63,,,,,,,,,,,,,,,.,.,,,,,,,,,,,,0500000US20063,,,20063,"Gove County, Kansas",1171,926,245,"Gove County, Kansas",81,67,65,0.790777113578138,0.209222886421862
G2000650,2019-2023,KS,,,Kansas,20,Graham County,65,,,,,,,,,,,,,,,.,.,,,,,,,,,,,,0500000US20065,,,20065,"Graham County, Kansas",1181,953,228,"Graham County, Kansas",67,56,49,0.806943268416596,0.193056731583404
G2000670,2019-2023,KS,,,Kansas,20,Grant County,67,,,,,,,,,,,,,,,.,.,,,,,,,,,,,,0500000US20067,,,20067,"Grant County, Kansas",2377,1778,599,"Grant County, Kansas",177,177,220,0.748001682793437,0.251998317206563
G2000690,2019-2023,KS,,,Kansas,20,Gray County,69,,,,,,,,,,,,,,,.,.,,,,,,,,,,,,0500000US20069,,,20069,"Gray County, Kansas",2078,1667,411,"Gray County, Kansas",77,85,81,0.802213666987488,0.197786333012512
G2000710,2019-2023,KS,,,Kansas,20,Greeley County,71,,,,,,,,,,,,,,,.,.,,,,,,,,,,,,0500000US20071,,,20071,"Greeley County, Kansas",524,411,113,"Greeley County, Kansas",55,54,41,0.784351145038168,0.215648854961832
G2000730,2019-2023,KS,,,Kansas,20,Greenwood County,73,,,,,,,,,,,,,,,.,.,,,,,,,,,,,,0500000US20073,,,20073,"Greenwood County, Kansas",2604,2070,534,"Greenwood County, Kansas",114,114,108,0.794930875576037,0.205069124423963
G2000750,2019-2023,KS,,,Kansas,20,Hamilton County,75,,,,,,,,,,,,,,,.,.,,,,,,,,,,,,0500000US20075,,,20075,"Hamilton County, Kansas",770,625,145,"Hamilton County, Kansas",119,108,60,0.811688311688312,0.188311688311688
G2000770,2019-2023,KS,,,Kansas,20,Harper County,77,,,,,,,,,,,,,,,.,.,,,,,,,,,,,,0500000US20077,,,20077,"Harper County, Kansas",2205,1622,583,"Harper County, Kansas",135,119,95,0.735600907029478,0.264399092970522
G2000790,2019-2023,KS,,,Kansas,20,Harvey County,79,,,,,,,,,,,,,,,.,.,,,,,,,,,,,,0500000US20079,,,20079,"Harvey County, Kansas",13478,9371,4107,"Harvey County, Kansas",305,367,383,0.695281198990948,0.304718801009052
G2000810,2019-2023,KS,,,Kansas,20,Haskell County,81,,,,,,,,,,,,,,,.,.,,,,,,,,,,,,0500000US20081,,,20081,"Haskell County, Kansas",1384,1066,318,"Haskell County, Kansas",54,70,75,0.770231213872832,0.229768786127168
G2000830,2019-2023,KS,,,Kansas,20,Hodgeman County,83,,,,,,,,,,,,,,,.,.,,,,,,,,,,,,0500000US20083,,,20083,"Hodgeman County, Kansas",666,540,126,"Hodgeman County, Kansas",66,65,35,0.810810810810811,0.189189189189189
G2000850,2019-2023,KS,,,Kansas,20,Jackson County,85,,,,,,,,,,,,,,,.,.,,,,,,,,,,,,0500000US20085,,,20085,"Jackson County, Kansas",5100,3986,1114,"Jackson County, Kansas",153,175,160,0.78156862745098,0.21843137254902
G2000870,2019-2023,KS,,,Kansas,20,Jefferson County,87,,,,,,,,,,,,,,,.,.,,,,,,,,,,,,0500000US20087,,,20087,"Jefferson County, Kansas",7390,6282,1108,"Jefferson County, Kansas",140,207,194,0.850067658998647,0.149932341001353
G2000890,2019-2023,KS,,,Kansas,20,Jewell County,89,,,,,,,,,,,,,,,.,.,,,,,,,,,,,,0500000US20089,,,20089,"Jewell County, Kansas",1268,1023,245,"Jewell County, Kansas",80,86,62,0.806782334384858,0.193217665615142
G2000910,2019-2023,KS,,,Kansas,20,Johnson County,91,,,,,,,,,,,,,,,.,.,,,,,,,,,,,,0500000US20091,,,20091,"Johnson County, Kansas",244777,167810,76967,"Johnson County, Kansas",1080,1615,1662,0.685562777548544,0.314437222451456
G2000930,2019-2023,KS,,,Kansas,20,Kearny County,93,,,,,,,,,,,,,,,.,.,,,,,,,,,,,,0500000US20093,,,20093,"Kearny County, Kansas",1365,999,366,"Kearny County, Kansas",80,90,96,0.731868131868132,0.268131868131868
G2000950,2019-2023,KS,,,Kansas,20,Kingman County,95,,,,,,,,,,,,,,,.,.,,,,,,,,,,,,0500000US20095,,,20095,"Kingman County, Kansas",3088,2147,941,"Kingman County, Kansas",129,156,167,0.695272020725389,0.304727979274611
G2000970,2019-2023,KS,,,Kansas,20,Kiowa County,97,,,,,,,,,,,,,,,.,.,,,,,,,,,,,,0500000US20097,,,20097,"Kiowa County, Kansas",948,708,240,"Kiowa County, Kansas",56,40,55,0.746835443037975,0.253164556962025
G2000990,2019-2023,KS,,,Kansas,20,Labette County,99,,,,,,,,,,,,,,,.,.,,,,,,,,,,,,0500000US20099,,,20099,"Labette County, Kansas",8057,5938,2119,"Labette County, Kansas",250,282,233,0.736998882958918,0.263001117041082
G2001010,2019-2023,KS,,,Kansas,20,Lane County,101,,,,,,,,,,,,,,,.,.,,,,,,,,,,,,0500000US20101,,,20101,"Lane County, Kansas",725,574,151,"Lane County, Kansas",76,66,47,0.791724137931035,0.208275862068966
G2001030,2019-2023,KS,,,Kansas,20,Leavenworth County,103,,,,,,,,,,,,,,,.,.,,,,,,,,,,,,0500000US20103,,,20103,"Leavenworth County, Kansas",29754,20475,9279,"Leavenworth County, Kansas",356,545,544,0.688142770719903,0.311857229280097
G2001050,2019-2023,KS,,,Kansas,20,Lincoln County,105,,,,,,,,,,,,,,,.,.,,,,,,,,,,,,0500000US20105,,,20105,"Lincoln County, Kansas",1221,966,255,"Lincoln County, Kansas",78,76,58,0.791154791154791,0.208845208845209
G2001070,2019-2023,KS,,,Kansas,20,Linn County,107,,,,,,,,,,,,,,,.,.,,,,,,,,,,,,0500000US20107,,,20107,"Linn County, Kansas",4299,3420,879,"Linn County, Kansas",182,163,147,0.795533845080251,0.204466154919749
G2001090,2019-2023,KS,,,Kansas,20,Logan County,109,,,,,,,,,,,,,,,.,.,,,,,,,,,,,,0500000US20109,,,20109,"Logan County, Kansas",1238,757,481,"Logan County, Kansas",57,67,80,0.611470113085622,0.388529886914378
G2001110,2019-2023,KS,,,Kansas,20,Lyon County,111,,,,,,,,,,,,,,,.,.,,,,,,,,,,,,0500000US20111,,,20111,"Lyon County, Kansas",13322,7749,5573,"Lyon County, Kansas",282,399,404,0.581669419006155,0.418330580993845
G2001130,2019-2023,KS,,,Kansas,20,McPherson County,113,,,,,,,,,,,,,,,.,.,,,,,,,,,,,,0500000US20113,,,20113,"McPherson County, Kansas",12151,9211,2940,"McPherson County, Kansas",239,305,321,0.758044605382273,0.241955394617727
G2001150,2019-2023,KS,,,Kansas,20,Marion County,115,,,,,,,,,,,,,,,.,.,,,,,,,,,,,,0500000US20115,,,20115,"Marion County, Kansas",4692,3793,899,"Marion County, Kansas",183,191,148,0.808397271952259,0.191602728047741
G2001170,2019-2023,KS,,,Kansas,20,Marshall County,117,,,,,,,,,,,,,,,.,.,,,,,,,,,,,,0500000US20117,,,20117,"Marshall County, Kansas",4101,3385,716,"Marshall County, Kansas",148,149,149,0.825408436966594,0.174591563033406
G2001190,2019-2023,KS,,,Kansas,20,Meade County,119,,,,,,,,,,,,,,,.,.,,,,,,,,,,,,0500000US20119,,,20119,"Meade County, Kansas",1496,1087,409,"Meade County, Kansas",103,87,91,0.726604278074866,0.273395721925134
G2001210,2019-2023,KS,,,Kansas,20,Miami County,121,,,,,,,,,,,,,,,.,.,,,,,,,,,,,,0500000US20121,,,20121,"Miami County, Kansas",13532,10503,3029,"Miami County, Kansas",224,457,458,0.77616021282885,0.22383978717115
G2001230,2019-2023,KS,,,Kansas,20,Mitchell County,123,,,,,,,,,,,,,,,.,.,,,,,,,,,,,,0500000US20123,,,20123,"Mitchell County, Kansas",2567,1797,770,"Mitchell County, Kansas",122,120,132,0.700038955979743,0.299961044020257
G2001250,2019-2023,KS,,,Kansas,20,Montgomery County,125,,,,,,,,,,,,,,,.,.,,,,,,,,,,,,0500000US20125,,,20125,"Montgomery County, Kansas",12871,9342,3529,"Montgomery County, Kansas",320,435,386,0.725817729780126,0.274182270219874
G2001270,2019-2023,KS,,,Kansas,20,Morris County,127,,,,,,,,,,,,,,,.,.,,,,,,,,,,,,0500000US20127,,,20127,"Morris County, Kansas",2499,1978,521,"Morris County, Kansas",110,121,111,0.791516606642657,0.208483393357343
G2001290,2019-2023,KS,,,Kansas,20,Morton County,129,,,,,,,,,,,,,,,.,.,,,,,,,,,,,,0500000US20129,,,20129,"Morton County, Kansas",950,745,205,"Morton County, Kansas",91,86,66,0.78421052631579,0.215789473684211
G2001310,2019-2023,KS,,,Kansas,20,Nemaha County,131,,,,,,,,,,,,,,,.,.,,,,,,,,,,,,0500000US20131,,,20131,"Nemaha County, Kansas",4047,3189,858,"Nemaha County, Kansas",132,174,161,0.787991104521868,0.212008895478132
G2001330,2019-2023,KS,,,Kansas,20,Neosho County,133,,,,,,,,,,,,,,,.,.,,,,,,,,,,,,0500000US20133,,,20133,"Neosho County, Kansas",6322,4841,1481,"Neosho County, Kansas",173,232,200,0.765738690287884,0.234261309712116
G2001350,2019-2023,KS,,,Kansas,20,Ness County,135,,,,,,,,,,,,,,,.,.,,,,,,,,,,,,0500000US20135,,,20135,"Ness County, Kansas",1163,922,241,"Ness County, Kansas",68,68,67,0.792777300085985,0.207222699914015
G2001370,2019-2023,KS,,,Kansas,20,Norton County,137,,,,,,,,,,,,,,,.,.,,,,,,,,,,,,0500000US20137,,,20137,"Norton County, Kansas",1917,1561,356,"Norton County, Kansas",183,157,120,0.814293166405843,0.185706833594158
G2001390,2019-2023,KS,,,Kansas,20,Osage County,139,,,,,,,,,,,,,,,.,.,,,,,,,,,,,,0500000US20139,,,20139,"Osage County, Kansas",6362,5099,1263,"Osage County, Kansas",158,176,144,0.801477522791575,0.198522477208425
G2001410,2019-2023,KS,,,Kansas,20,Osborne County,141,,,,,,,,,,,,,,,.,.,,,,,,,,,,,,0500000US20141,,,20141,"Osborne County, Kansas",1609,1230,379,"Osborne County, Kansas",92,80,75,0.764449968924798,0.235550031075202
G2001430,2019-2023,KS,,,Kansas,20,Ottawa County,143,,,,,,,,,,,,,,,.,.,,,,,,,,,,,,0500000US20143,,,20143,"Ottawa County, Kansas",2377,1855,522,"Ottawa County, Kansas",81,89,77,0.78039545645772,0.21960454354228
G2001450,2019-2023,KS,,,Kansas,20,Pawnee County,145,,,,,,,,,,,,,,,.,.,,,,,,,,,,,,0500000US20145,,,20145,"Pawnee County, Kansas",2415,1549,866,"Pawnee County, Kansas",142,173,158,0.641407867494824,0.358592132505176
G2001470,2019-2023,KS,,,Kansas,20,Phillips County,147,,,,,,,,,,,,,,,.,.,,,,,,,,,,,,0500000US20147,,,20147,"Phillips County, Kansas",2182,1635,547,"Phillips County, Kansas",90,96,94,0.749312557286893,0.250687442713107
G2001490,2019-2023,KS,,,Kansas,20,Pottawatomie County,149,,,,,,,,,,,,,,,.,.,,,,,,,,,,,,0500000US20149,,,20149,"Pottawatomie County, Kansas",9084,7490,1594,"Pottawatomie County, Kansas",297,260,284,0.824526640246587,0.175473359753413
G2001510,2019-2023,KS,,,Kansas,20,Pratt County,151,,,,,,,,,,,,,,,.,.,,,,,,,,,,,,0500000US20151,,,20151,"Pratt County, Kansas",3521,2489,1032,"Pratt County, Kansas",182,177,151,0.706901448452144,0.293098551547856
G2001530,2019-2023,KS,,,Kansas,20,Rawlins County,153,,,,,,,,,,,,,,,.,.,,,,,,,,,,,,0500000US20153,,,20153,"Rawlins County, Kansas",1166,800,366,"Rawlins County, Kansas",61,69,73,0.686106346483705,0.313893653516295
G2001550,2019-2023,KS,,,Kansas,20,Reno County,155,,,,,,,,,,,,,,,.,.,,,,,,,,,,,,0500000US20155,,,20155,"Reno County, Kansas",25344,17540,7804,"Reno County, Kansas",371,555,517,0.69207702020202,0.30792297979798
G2001570,2019-2023,KS,,,Kansas,20,Republic County,157,,,,,,,,,,,,,,,.,.,,,,,,,,,,,,0500000US20157,,,20157,"Republic County, Kansas",1994,1519,475,"Republic County, Kansas",115,99,83,0.761785356068205,0.238214643931795
G2001590,2019-2023,KS,,,Kansas,20,Rice County,159,,,,,,,,,,,,,,,.,.,,,,,,,,,,,,0500000US20159,,,20159,"Rice County, Kansas",3694,2849,845,"Rice County, Kansas",147,149,169,0.771250676773146,0.228749323226854
G2001610,2019-2023,KS,,,Kansas,20,Riley County,161,,,,,,,,,,,,,,,.,.,,,,,,,,,,,,0500000US20161,,,20161,"Riley County, Kansas",27137,12172,14965,"Riley County, Kansas",562,548,734,0.448538895235288,0.551461104764712
G2001630,2019-2023,KS,,,Kansas,20,Rooks County,163,,,,,,,,,,,,,,,.,.,,,,,,,,,,,,0500000US20163,,,20163,"Rooks County, Kansas",2142,1592,550,"Rooks County, Kansas",89,115,116,0.743230625583567,0.256769374416433
G2001650,2019-2023,KS,,,Kansas,20,Rush County,165,,,,,,,,,,,,,,,.,.,,,,,,,,,,,,0500000US20165,,,20165,"Rush County, Kansas",1382,1100,282,"Rush County, Kansas",90,86,73,0.795947901591896,0.204052098408104
G2001670,2019-2023,KS,,,Kansas,20,Russell County,167,,,,,,,,,,,,,,,.,.,,,,,,,,,,,,0500000US20167,,,20167,"Russell County, Kansas",3099,2369,730,"Russell County, Kansas",165,185,181,0.764440141981284,0.235559858018716
G2001690,2019-2023,KS,,,Kansas,20,Saline County,169,,,,,,,,,,,,,,,.,.,,,,,,,,,,,,0500000US20169,,,20169,"Saline County, Kansas",22299,14894,7405,"Saline County, Kansas",385,581,571,0.667922328355532,0.332077671644468
G2001710,2019-2023,KS,,,Kansas,20,Scott County,171,,,,,,,,,,,,,,,.,.,,,,,,,,,,,,0500000US20171,,,20171,"Scott County, Kansas",2190,1154,1036,"Scott County, Kansas",105,193,198,0.526940639269406,0.473059360730594
G2001730,2019-2023,KS,,,Kansas,20,Sedgwick County,173,,,,,,,,,,,,,,,.,.,,,,,,,,,,,,0500000US20173,,,20173,"Sedgwick County, Kansas",205024,127693,77331,"Sedgwick County, Kansas",1287,1891,1811,0.622819767441861,0.37718023255814
G2001750,2019-2023,KS,,,Kansas,20,Seward County,175,,,,,,,,,,,,,,,.,.,,,,,,,,,,,,0500000US20175,,,20175,"Seward County, Kansas",7208,4414,2794,"Seward County, Kansas",244,315,377,0.612375138734739,0.387624861265261
G2001770,2019-2023,KS,,,Kansas,20,Shawnee County,177,,,,,,,,,,,,,,,.,.,,,,,,,,,,,,0500000US20177,,,20177,"Shawnee County, Kansas",74528,49921,24607,"Shawnee County, Kansas",654,942,969,0.669828789179906,0.330171210820095
G2001790,2019-2023,KS,,,Kansas,20,Sheridan County,179,,,,,,,,,,,,,,,.,.,,,,,,,,,,,,0500000US20179,,,20179,"Sheridan County, Kansas",1022,771,251,"Sheridan County, Kansas",44,56,52,0.75440313111546,0.24559686888454
G2001810,2019-2023,KS,,,Kansas,20,Sherman County,181,,,,,,,,,,,,,,,.,.,,,,,,,,,,,,0500000US20181,,,20181,"Sherman County, Kansas",2358,1568,790,"Sherman County, Kansas",172,152,176,0.664970313825276,0.335029686174724
G2001830,2019-2023,KS,,,Kansas,20,Smith County,183,,,,,,,,,,,,,,,.,.,,,,,,,,,,,,0500000US20183,,,20183,"Smith County, Kansas",1578,1310,268,"Smith County, Kansas",80,87,65,0.830164765525982,0.169835234474018
G2001850,2019-2023,KS,,,Kansas,20,Stafford County,185,,,,,,,,,,,,,,,.,.,,,,,,,,,,,,0500000US20185,,,20185,"Stafford County, Kansas",1598,1314,284,"Stafford County, Kansas",82,79,60,0.822277847309136,0.177722152690864
G2001870,2019-2023,KS,,,Kansas,20,Stanton County,187,,,,,,,,,,,,,,,.,.,,,,,,,,,,,,0500000US20187,,,20187,"Stanton County, Kansas",822,665,157,"Stanton County, Kansas",106,127,65,0.809002433090024,0.190997566909976
G2001890,2019-2023,KS,,,Kansas,20,Stevens County,189,,,,,,,,,,,,,,,.,.,,,,,,,,,,,,0500000US20189,,,20189,"Stevens County, Kansas",1789,1306,483,"Stevens County, Kansas",131,138,147,0.730016769144774,0.269983230855226
G2001910,2019-2023,KS,,,Kansas,20,Sumner County,191,,,,,,,,,,,,,,,.,.,,,,,,,,,,,,0500000US20191,,,20191,"Sumner County, Kansas",8974,6676,2298,"Sumner County, Kansas",225,269,267,0.74392689993314,0.25607310006686
G2001930,2019-2023,KS,,,Kansas,20,Thomas County,193,,,,,,,,,,,,,,,.,.,,,,,,,,,,,,0500000US20193,,,20193,"Thomas County, Kansas",3101,2373,728,"Thomas County, Kansas",166,188,157,0.765237020316027,0.234762979683973
G2001950,2019-2023,KS,,,Kansas,20,Trego County,195,,,,,,,,,,,,,,,.,.,,,,,,,,,,,,0500000US20195,,,20195,"Trego County, Kansas",1346,1049,297,"Trego County, Kansas",82,84,75,0.779346210995542,0.220653789004458
G2001970,2019-2023,KS,,,Kansas,20,Wabaunsee County,197,,,,,,,,,,,,,,,.,.,,,,,,,,,,,,0500000US20197,,,20197,"Wabaunsee County, Kansas",2616,2086,530,"Wabaunsee County, Kansas",108,157,121,0.797400611620795,0.202599388379205
G2001990,2019-2023,KS,,,Kansas,20,Wallace County,199,,,,,,,,,,,,,,,.,.,,,,,,,,,,,,0500000US20199,,,20199,"Wallace County, Kansas",660,478,182,"Wallace County, Kansas",57,55,55,0.724242424242424,0.275757575757576
G2002010,2019-2023,KS,,,Kansas,20,Washington County,201,,,,,,,,,,,,,,,.,.,,,,,,,,,,,,0500000US20201,,,20201,"Washington County, Kansas",2371,1852,519,"Washington County, Kansas",84,74,85,0.781105018979334,0.218894981020666
G2002030,2019-2023,KS,,,Kansas,20,Wichita County,203,,,,,,,,,,,,,,,.,.,,,,,,,,,,,,0500000US20203,,,20203,"Wichita County, Kansas",878,714,164,"Wichita County, Kansas",89,105,66,0.813211845102506,0.186788154897494
G2002050,2019-2023,KS,,,Kansas,20,Wilson County,205,,,,,,,,,,,,,,,.,.,,,,,,,,,,,,0500000US20205,,,20205,"Wilson County, Kansas",3515,2610,905,"Wilson County, Kansas",151,135,156,0.7425320056899,0.2574679943101
G2002070,2019-2023,KS,,,Kansas,20,Woodson County,207,,,,,,,,,,,,,,,.,.,,,,,,,,,,,,0500000US20207,,,20207,"Woodson County, Kansas",1226,1024,202,"Woodson County, Kansas",90,86,59,0.835236541598695,0.164763458401305
G2002090,2019-2023,KS,,,Kansas,20,Wyandotte County,209,,,,,,,,,,,,,,,.,.,,,,,,,,,,,,0500000US20209,,,20209,"Wyandotte County, Kansas",61241,37573,23668,"Wyandotte County, Kansas",656,799,899,0.613526885583188,0.386473114416812
G2100010,2019-2023,KY,,,Kentucky,21,Adair County,1,,,,,,,,,,,,,,,.,.,,,,,,,,,,,,0500000US21001,,,21001,"Adair County, Kentucky",6986,5325,1661,"Adair County, Kentucky",239,270,255,0.762238763240767,0.237761236759233
G2100030,2019-2023,KY,,,Kentucky,21,Allen County,3,,,,,,,,,,,,,,,.,.,,,,,,,,,,,,0500000US21003,,,21003,"Allen County, Kentucky",7852,6026,1826,"Allen County, Kentucky",230,327,275,0.767447784004075,0.232552215995925
G2100050,2019-2023,KY,,,Kentucky,21,Anderson County,5,,,,,,,,,,,,,,,.,.,,,,,,,,,,,,0500000US21005,,,21005,"Anderson County, Kentucky",9496,7402,2094,"Anderson County, Kentucky",245,368,343,0.779486099410278,0.220513900589722
G2100070,2019-2023,KY,,,Kentucky,21,Ballard County,7,,,,,,,,,,,,,,,.,.,,,,,,,,,,,,0500000US21007,,,21007,"Ballard County, Kentucky",3121,2488,633,"Ballard County, Kentucky",138,152,132,0.797180390900352,0.202819609099648
G2100090,2019-2023,KY,,,Kentucky,21,Barren County,9,,,,,,,,,,,,,,,.,.,,,,,,,,,,,,0500000US21009,,,21009,"Barren County, Kentucky",17972,11711,6261,"Barren County, Kentucky",342,534,512,0.651624749610505,0.348375250389495
G2100110,2019-2023,KY,,,Kentucky,21,Bath County,11,,,,,,,,,,,,,,,.,.,,,,,,,,,,,,0500000US21011,,,21011,"Bath County, Kentucky",4743,3453,1290,"Bath County, Kentucky",226,216,230,0.728020240354206,0.271979759645794
G2100130,2019-2023,KY,,,Kentucky,21,Bell County,13,,,,,,,,,,,,,,,.,.,,,,,,,,,,,,0500000US21013,,,21013,"Bell County, Kentucky",9526,5817,3709,"Bell County, Kentucky",348,392,434,0.610644551753097,0.389355448246903
G2100150,2019-2023,KY,,,Kentucky,21,Boone County,15,,,,,,,,,,,,,,,.,.,,,,,,,,,,,,0500000US21015,,,21015,"Boone County, Kentucky",50341,38593,11748,"Boone County, Kentucky",398,854,859,0.766631572674361,0.233368427325639
G2100170,2019-2023,KY,,,Kentucky,21,Bourbon County,17,,,,,,,,,,,,,,,.,.,,,,,,,,,,,,0500000US21017,,,21017,"Bourbon County, Kentucky",8128,5269,2859,"Bourbon County, Kentucky",251,296,275,0.648252952755906,0.351747047244095
G2100190,2019-2023,KY,,,Kentucky,21,Boyd County,19,,,,,,,,,,,,,,,.,.,,,,,,,,,,,,0500000US21019,,,21019,"Boyd County, Kentucky",19016,13006,6010,"Boyd County, Kentucky",395,547,491,0.683950357593605,0.316049642406395
G2100210,2019-2023,KY,,,Kentucky,21,Boyle County,21,,,,,,,,,,,,,,,.,.,,,,,,,,,,,,0500000US21021,,,21021,"Boyle County, Kentucky",11806,8200,3606,"Boyle County, Kentucky",246,339,372,0.694562087074369,0.305437912925631
G2100230,2019-2023,KY,,,Kentucky,21,Bracken County,23,,,,,,,,,,,,,,,.,.,,,,,,,,,,,,0500000US21023,,,21023,"Bracken County, Kentucky",3263,2533,730,"Bracken County, Kentucky",135,170,138,0.776279497395035,0.223720502604965
G2100250,2019-2023,KY,,,Kentucky,21,Breathitt County,25,,,,,,,,,,,,,,,.,.,,,,,,,,,,,,0500000US21025,,,21025,"Breathitt County, Kentucky",5532,4112,1420,"Breathitt County, Kentucky",171,226,207,0.743311641359364,0.256688358640636
G2100270,2019-2023,KY,,,Kentucky,21,Breckinridge County,27,,,,,,,,,,,,,,,.,.,,,,,,,,,,,,0500000US21027,,,21027,"Breckinridge County, Kentucky",7647,6272,1375,"Breckinridge County, Kentucky",263,308,240,0.820190924545573,0.179809075454427
G2100290,2019-2023,KY,,,Kentucky,21,Bullitt County,29,,,,,,,,,,,,,,,.,.,,,,,,,,,,,,0500000US21029,,,21029,"Bullitt County, Kentucky",31425,26367,5058,"Bullitt County, Kentucky",376,598,499,0.839045346062053,0.160954653937948
G2100310,2019-2023,KY,,,Kentucky,21,Butler County,31,,,,,,,,,,,,,,,.,.,,,,,,,,,,,,0500000US21031,,,21031,"Butler County, Kentucky",4561,3336,1225,"Butler County, Kentucky",178,184,167,0.731418548563911,0.268581451436089
G2100330,2019-2023,KY,,,Kentucky,21,Caldwell County,33,,,,,,,,,,,,,,,.,.,,,,,,,,,,,,0500000US21033,,,21033,"Caldwell County, Kentucky",5187,3723,1464,"Caldwell County, Kentucky",208,236,233,0.717755928282244,0.282244071717756
G2100350,2019-2023,KY,,,Kentucky,21,Calloway County,35,,,,,,,,,,,,,,,.,.,,,,,,,,,,,,0500000US21035,,,21035,"Calloway County, Kentucky",15086,9608,5478,"Calloway County, Kentucky",389,478,500,0.636881877237174,0.363118122762826
G2100370,2019-2023,KY,,,Kentucky,21,Campbell County,37,,,,,,,,,,,,,,,.,.,,,,,,,,,,,,0500000US21037,,,21037,"Campbell County, Kentucky",39232,27867,11365,"Campbell County, Kentucky",324,531,543,0.710313009787928,0.289686990212072
G2100390,2019-2023,KY,,,Kentucky,21,Carlisle County,39,,,,,,,,,,,,,,,.,.,,,,,,,,,,,,0500000US21039,,,21039,"Carlisle County, Kentucky",1876,1527,349,"Carlisle County, Kentucky",83,96,75,0.813965884861407,0.186034115138593
G2100410,2019-2023,KY,,,Kentucky,21,Carroll County,41,,,,,,,,,,,,,,,.,.,,,,,,,,,,,,0500000US21041,,,21041,"Carroll County, Kentucky",4087,2624,1463,"Carroll County, Kentucky",172,253,216,0.642035723024223,0.357964276975777
G2100430,2019-2023,KY,,,Kentucky,21,Carter County,43,,,,,,,,,,,,,,,.,.,,,,,,,,,,,,0500000US21043,,,21043,"Carter County, Kentucky",10371,8136,2235,"Carter County, Kentucky",321,354,284,0.784495227075499,0.215504772924501
G2100450,2019-2023,KY,,,Kentucky,21,Casey County,45,,,,,,,,,,,,,,,.,.,,,,,,,,,,,,0500000US21045,,,21045,"Casey County, Kentucky",6217,4885,1332,"Casey County, Kentucky",252,290,264,0.785748753418047,0.214251246581953
G2100470,2019-2023,KY,,,Kentucky,21,Christian County,47,,,,,,,,,,,,,,,.,.,,,,,,,,,,,,0500000US21047,,,21047,"Christian County, Kentucky",25676,13394,12282,"Christian County, Kentucky",386,537,558,0.521654463312042,0.478345536687958
G2100490,2019-2023,KY,,,Kentucky,21,Clark County,49,,,,,,,,,,,,,,,.,.,,,,,,,,,,,,0500000US21049,,,21049,"Clark County, Kentucky",14934,10675,4259,"Clark County, Kentucky",299,443,423,0.714811838757198,0.285188161242802
G2100510,2019-2023,KY,,,Kentucky,21,Clay County,51,,,,,,,,,,,,,,,.,.,,,,,,,,,,,,0500000US21051,,,21051,"Clay County, Kentucky",7178,5567,1611,"Clay County, Kentucky",286,317,219,0.775564224017832,0.224435775982168
G2100530,2019-2023,KY,,,Kentucky,21,Clinton County,53,,,,,,,,,,,,,,,.,.,,,,,,,,,,,,0500000US21053,,,21053,"Clinton County, Kentucky",3762,2726,1036,"Clinton County, Kentucky",187,230,204,0.72461456671983,0.27538543328017
G2100550,2019-2023,KY,,,Kentucky,21,Crittenden County,55,,,,,,,,,,,,,,,.,.,,,,,,,,,,,,0500000US21055,,,21055,"Crittenden County, Kentucky",3553,2756,797,"Crittenden County, Kentucky",189,192,165,0.775682521812553,0.224317478187447
G2100570,2019-2023,KY,,,Kentucky,21,Cumberland County,57,,,,,,,,,,,,,,,.,.,,,,,,,,,,,,0500000US21057,,,21057,"Cumberland County, Kentucky",2430,1756,674,"Cumberland County, Kentucky",170,166,176,0.722633744855967,0.277366255144033
G2100590,2019-2023,KY,,,Kentucky,21,Daviess County,59,,,,,,,,,,,,,,,.,.,,,,,,,,,,,,0500000US21059,,,21059,"Daviess County, Kentucky",41157,27479,13678,"Daviess County, Kentucky",406,868,847,0.667662852005734,0.332337147994266
G2100610,2019-2023,KY,,,Kentucky,21,Edmonson County,61,,,,,,,,,,,,,,,.,.,,,,,,,,,,,,0500000US21061,,,21061,"Edmonson County, Kentucky",4955,4106,849,"Edmonson County, Kentucky",171,235,168,0.828657921291625,0.171342078708375
G2100630,2019-2023,KY,,,Kentucky,21,Elliott County,63,,,,,,,,,,,,,,,.,.,,,,,,,,,,,,0500000US21063,,,21063,"Elliott County, Kentucky",2289,1907,382,"Elliott County, Kentucky",146,146,124,0.833114897335081,0.166885102664919
G2100650,2019-2023,KY,,,Kentucky,21,Estill County,65,,,,,,,,,,,,,,,.,.,,,,,,,,,,,,0500000US21065,,,21065,"Estill County, Kentucky",5900,4269,1631,"Estill County, Kentucky",208,271,263,0.723559322033898,0.276440677966102
G2100670,2019-2023,KY,,,Kentucky,21,Fayette County,67,,,,,,,,,,,,,,,.,.,,,,,,,,,,,,0500000US21067,,,21067,"Fayette County, Kentucky",137803,73881,63922,"Fayette County, Kentucky",852,1351,1428,0.536134917236925,0.463865082763075
G2100690,2019-2023,KY,,,Kentucky,21,Fleming County,69,,,,,,,,,,,,,,,.,.,,,,,,,,,,,,0500000US21069,,,21069,"Fleming County, Kentucky",5779,4369,1410,"Fleming County, Kentucky",211,267,233,0.756013151064198,0.243986848935802
G2100710,2019-2023,KY,,,Kentucky,21,Floyd County,71,,,,,,,,,,,,,,,.,.,,,,,,,,,,,,0500000US21071,,,21071,"Floyd County, Kentucky",14460,10429,4031,"Floyd County, Kentucky",378,550,505,0.721230982019364,0.278769017980636
G2100730,2019-2023,KY,,,Kentucky,21,Franklin County,73,,,,,,,,,,,,,,,.,.,,,,,,,,,,,,0500000US21073,,,21073,"Franklin County, Kentucky",22548,14514,8034,"Franklin County, Kentucky",331,544,600,0.643693453964875,0.356306546035125
G2100750,2019-2023,KY,,,Kentucky,21,Fulton County,75,,,,,,,,,,,,,,,.,.,,,,,,,,,,,,0500000US21075,,,21075,"Fulton County, Kentucky",2494,1598,896,"Fulton County, Kentucky",158,134,124,0.640737770649559,0.359262229350441
G2100770,2019-2023,KY,,,Kentucky,21,Gallatin County,77,,,,,,,,,,,,,,,.,.,,,,,,,,,,,,0500000US21077,,,21077,"Gallatin County, Kentucky",3250,2386,864,"Gallatin County, Kentucky",154,155,139,0.734153846153846,0.265846153846154
G2100790,2019-2023,KY,,,Kentucky,21,Garrard County,79,,,,,,,,,,,,,,,.,.,,,,,,,,,,,,0500000US21079,,,21079,"Garrard County, Kentucky",6625,5284,1341,"Garrard County, Kentucky",159,239,200,0.797584905660377,0.202415094339623
G2100810,2019-2023,KY,,,Kentucky,21,Grant County,81,,,,,,,,,,,,,,,.,.,,,,,,,,,,,,0500000US21081,,,21081,"Grant County, Kentucky",9235,6813,2422,"Grant County, Kentucky",228,338,320,0.737736870600975,0.262263129399025
G2100830,2019-2023,KY,,,Kentucky,21,Graves County,83,,,,,,,,,,,,,,,.,.,,,,,,,,,,,,0500000US21083,,,21083,"Graves County, Kentucky",14152,10810,3342,"Graves County, Kentucky",371,504,451,0.763849632560769,0.236150367439231
G2100850,2019-2023,KY,,,Kentucky,21,Grayson County,85,,,,,,,,,,,,,,,.,.,,,,,,,,,,,,0500000US21085,,,21085,"Grayson County, Kentucky",9772,7448,2324,"Grayson County, Kentucky",326,341,286,0.7621776504298,0.237822349570201
G2100870,2019-2023,KY,,,Kentucky,21,Green County,87,,,,,,,,,,,,,,,.,.,,,,,,,,,,,,0500000US21087,,,21087,"Green County, Kentucky",4394,3364,1030,"Green County, Kentucky",183,200,169,0.765589440145653,0.234410559854347
G2100890,2019-2023,KY,,,Kentucky,21,Greenup County,89,,,,,,,,,,,,,,,.,.,,,,,,,,,,,,0500000US21089,,,21089,"Greenup County, Kentucky",14600,11754,2846,"Greenup County, Kentucky",271,297,319,0.805068493150685,0.194931506849315
G2100910,2019-2023,KY,,,Kentucky,21,Hancock County,91,,,,,,,,,,,,,,,.,.,,,,,,,,,,,,0500000US21091,,,21091,"Hancock County, Kentucky",3537,2773,764,"Hancock County, Kentucky",114,152,130,0.783997738196211,0.216002261803789
G2100930,2019-2023,KY,,,Kentucky,21,Hardin County,93,,,,,,,,,,,,,,,.,.,,,,,,,,,,,,0500000US21093,,,21093,"Hardin County, Kentucky",43485,27100,16385,"Hardin County, Kentucky",623,823,807,0.623203403472462,0.376796596527538
G2100950,2019-2023,KY,,,Kentucky,21,Harlan County,95,,,,,,,,,,,,,,,.,.,,,,,,,,,,,,0500000US21095,,,21095,"Harlan County, Kentucky",10500,7437,3063,"Harlan County, Kentucky",219,324,287,0.708285714285714,0.291714285714286
G2100970,2019-2023,KY,,,Kentucky,21,Harrison County,97,,,,,,,,,,,,,,,.,.,,,,,,,,,,,,0500000US21097,,,21097,"Harrison County, Kentucky",7239,5095,2144,"Harrison County, Kentucky",239,306,309,0.703826495372289,0.296173504627711
G2100990,2019-2023,KY,,,Kentucky,21,Hart County,99,,,,,,,,,,,,,,,.,.,,,,,,,,,,,,0500000US21099,,,21099,"Hart County, Kentucky",7222,5323,1899,"Hart County, Kentucky",281,349,310,0.737053447798394,0.262946552201606
G2101010,2019-2023,KY,,,Kentucky,21,Henderson County,101,,,,,,,,,,,,,,,.,.,,,,,,,,,,,,0500000US21101,,,21101,"Henderson County, Kentucky",18458,11872,6586,"Henderson County, Kentucky",360,479,459,0.643189944739408,0.356810055260592
G2101030,2019-2023,KY,,,Kentucky,21,Henry County,103,,,,,,,,,,,,,,,.,.,,,,,,,,,,,,0500000US21103,,,21103,"Henry County, Kentucky",6147,4660,1487,"Henry County, Kentucky",125,158,170,0.758093378884008,0.241906621115992
G2101050,2019-2023,KY,,,Kentucky,21,Hickman County,105,,,,,,,,,,,,,,,.,.,,,,,,,,,,,,0500000US21105,,,21105,"Hickman County, Kentucky",1640,1226,414,"Hickman County, Kentucky",149,139,111,0.747560975609756,0.252439024390244
G2101070,2019-2023,KY,,,Kentucky,21,Hopkins County,107,,,,,,,,,,,,,,,.,.,,,,,,,,,,,,0500000US21107,,,21107,"Hopkins County, Kentucky",18169,13037,5132,"Hopkins County, Kentucky",426,512,535,0.717540866310749,0.282459133689251
G2101090,2019-2023,KY,,,Kentucky,21,Jackson County,109,,,,,,,,,,,,,,,.,.,,,,,,,,,,,,0500000US21109,,,21109,"Jackson County, Kentucky",5015,3998,1017,"Jackson County, Kentucky",214,239,199,0.797208374875374,0.202791625124626
G2101110,2019-2023,KY,,,Kentucky,21,Jefferson County,111,,,,,,,,,,,,,,,.,.,,,,,,,,,,,,0500000US21111,,,21111,"Jefferson County, Kentucky",329392,203618,125774,"Jefferson County, Kentucky",1172,2181,2253,0.618163161218245,0.381836838781755
G2101130,2019-2023,KY,,,Kentucky,21,Jessamine County,113,,,,,,,,,,,,,,,.,.,,,,,,,,,,,,0500000US21113,,,21113,"Jessamine County, Kentucky",19645,13607,6038,"Jessamine County, Kentucky",334,500,511,0.692644438788496,0.307355561211504
G2101150,2019-2023,KY,,,Kentucky,21,Johnson County,115,,,,,,,,,,,,,,,.,.,,,,,,,,,,,,0500000US21115,,,21115,"Johnson County, Kentucky",8843,5872,2971,"Johnson County, Kentucky",338,435,399,0.664028044781183,0.335971955218817
G2101170,2019-2023,KY,,,Kentucky,21,Kenton County,117,,,,,,,,,,,,,,,.,.,,,,,,,,,,,,0500000US21117,,,21117,"Kenton County, Kentucky",67593,47340,20253,"Kenton County, Kentucky",614,960,836,0.700368381341263,0.299631618658737
G2101190,2019-2023,KY,,,Kentucky,21,Knott County,119,,,,,,,,,,,,,,,.,.,,,,,,,,,,,,0500000US21119,,,21119,"Knott County, Kentucky",5448,3858,1590,"Knott County, Kentucky",269,242,209,0.708149779735683,0.291850220264317
G2101210,2019-2023,KY,,,Kentucky,21,Knox County,121,,,,,,,,,,,,,,,.,.,,,,,,,,,,,,0500000US21121,,,21121,"Knox County, Kentucky",11326,7425,3901,"Knox County, Kentucky",299,460,484,0.65557125198658,0.34442874801342
G2101230,2019-2023,KY,,,Kentucky,21,Larue County,123,,,,,,,,,,,,,,,.,.,,,,,,,,,,,,0500000US21123,,,21123,"Larue County, Kentucky",5966,4514,1452,"Larue County, Kentucky",153,274,268,0.756620851491787,0.243379148508213
G2101250,2019-2023,KY,,,Kentucky,21,Laurel County,125,,,,,,,,,,,,,,,.,.,,,,,,,,,,,,0500000US21125,,,21125,"Laurel County, Kentucky",23835,17041,6794,"Laurel County, Kentucky",458,691,619,0.714956996014265,0.285043003985735
G2101270,2019-2023,KY,,,Kentucky,21,Lawrence County,127,,,,,,,,,,,,,,,.,.,,,,,,,,,,,,0500000US21127,,,21127,"Lawrence County, Kentucky",6150,4690,1460,"Lawrence County, Kentucky",223,286,275,0.76260162601626,0.23739837398374
G2101290,2019-2023,KY,,,Kentucky,21,Lee County,129,,,,,,,,,,,,,,,.,.,,,,,,,,,,,,0500000US21129,,,21129,"Lee County, Kentucky",2606,1955,651,"Lee County, Kentucky",137,157,141,0.750191864927091,0.249808135072909
G2101310,2019-2023,KY,,,Kentucky,21,Leslie County,131,,,,,,,,,,,,,,,.,.,,,,,,,,,,,,0500000US21131,,,21131,"Leslie County, Kentucky",3909,3228,681,"Leslie County, Kentucky",247,279,230,0.825786646201074,0.174213353798926
G2101330,2019-2023,KY,,,Kentucky,21,Letcher County,133,,,,,,,,,,,,,,,.,.,,,,,,,,,,,,0500000US21133,,,21133,"Letcher County, Kentucky",8367,6075,2292,"Letcher County, Kentucky",286,388,333,0.726066690570097,0.273933309429903
G2101350,2019-2023,KY,,,Kentucky,21,Lewis County,135,,,,,,,,,,,,,,,.,.,,,,,,,,,,,,0500000US21135,,,21135,"Lewis County, Kentucky",4905,3875,1030,"Lewis County, Kentucky",203,198,162,0.790010193679918,0.209989806320082
G2101370,2019-2023,KY,,,Kentucky,21,Lincoln County,137,,,,,,,,,,,,,,,.,.,,,,,,,,,,,,0500000US21137,,,21137,"Lincoln County, Kentucky",9684,7530,2154,"Lincoln County, Kentucky",251,321,275,0.777571251548947,0.222428748451053
G2101390,2019-2023,KY,,,Kentucky,21,Livingston County,139,,,,,,,,,,,,,,,.,.,,,,,,,,,,,,0500000US21139,,,21139,"Livingston County, Kentucky",3502,2829,673,"Livingston County, Kentucky",182,192,160,0.807824100513992,0.192175899486008
G2101410,2019-2023,KY,,,Kentucky,21,Logan County,141,,,,,,,,,,,,,,,.,.,,,,,,,,,,,,0500000US21141,,,21141,"Logan County, Kentucky",10922,8235,2687,"Logan County, Kentucky",324,331,309,0.753982787035342,0.246017212964658
G2101430,2019-2023,KY,,,Kentucky,21,Lyon County,143,,,,,,,,,,,,,,,.,.,,,,,,,,,,,,0500000US21143,,,21143,"Lyon County, Kentucky",3315,2704,611,"Lyon County, Kentucky",187,204,163,0.815686274509804,0.184313725490196
G2101450,2019-2023,KY,,,Kentucky,21,McCracken County,145,,,,,,,,,,,,,,,.,.,,,,,,,,,,,,0500000US21145,,,21145,"McCracken County, Kentucky",27287,18397,8890,"McCracken County, Kentucky",438,628,654,0.674203833327225,0.325796166672775
G2101470,2019-2023,KY,,,Kentucky,21,McCreary County,147,,,,,,,,,,,,,,,.,.,,,,,,,,,,,,0500000US21147,,,21147,"McCreary County, Kentucky",5595,4164,1431,"McCreary County, Kentucky",303,403,343,0.744235924932976,0.255764075067024
G2101490,2019-2023,KY,,,Kentucky,21,McLean County,149,,,,,,,,,,,,,,,.,.,,,,,,,,,,,,0500000US21149,,,21149,"McLean County, Kentucky",3608,2929,679,"McLean County, Kentucky",153,133,131,0.811807095343681,0.188192904656319
G2101510,2019-2023,KY,,,Kentucky,21,Madison County,151,,,,,,,,,,,,,,,.,.,,,,,,,,,,,,0500000US21151,,,21151,"Madison County, Kentucky",36722,22915,13807,"Madison County, Kentucky",445,637,616,0.624012853330429,0.375987146669571
G2101530,2019-2023,KY,,,Kentucky,21,Magoffin County,153,,,,,,,,,,,,,,,.,.,,,,,,,,,,,,0500000US21153,,,21153,"Magoffin County, Kentucky",4564,3539,1025,"Magoffin County, Kentucky",200,222,215,0.775416301489921,0.224583698510079
G2101550,2019-2023,KY,,,Kentucky,21,Marion County,155,,,,,,,,,,,,,,,.,.,,,,,,,,,,,,0500000US21155,,,21155,"Marion County, Kentucky",7590,5866,1724,"Marion County, Kentucky",215,268,235,0.772859025032938,0.227140974967062
G2101570,2019-2023,KY,,,Kentucky,21,Marshall County,157,,,,,,,,,,,,,,,.,.,,,,,,,,,,,,0500000US21157,,,21157,"Marshall County, Kentucky",13150,10792,2358,"Marshall County, Kentucky",424,437,395,0.820684410646388,0.179315589353612
G2101590,2019-2023,KY,,,Kentucky,21,Martin County,159,,,,,,,,,,,,,,,.,.,,,,,,,,,,,,0500000US21159,,,21159,"Martin County, Kentucky",3935,3154,781,"Martin County, Kentucky",229,211,191,0.801524777636595,0.198475222363405
G2101610,2019-2023,KY,,,Kentucky,21,Mason County,161,,,,,,,,,,,,,,,.,.,,,,,,,,,,,,0500000US21161,,,21161,"Mason County, Kentucky",6927,4751,2176,"Mason County, Kentucky",219,266,232,0.685866897646889,0.314133102353111
G2101630,2019-2023,KY,,,Kentucky,21,Meade County,163,,,,,,,,,,,,,,,.,.,,,,,,,,,,,,0500000US21163,,,21163,"Meade County, Kentucky",10798,7902,2896,"Meade County, Kentucky",281,418,351,0.731802185589924,0.268197814410076
G2101650,2019-2023,KY,,,Kentucky,21,Menifee County,165,,,,,,,,,,,,,,,.,.,,,,,,,,,,,,0500000US21165,,,21165,"Menifee County, Kentucky",2387,1734,653,"Menifee County, Kentucky",184,154,162,0.726434855467114,0.273565144532887
G2101670,2019-2023,KY,,,Kentucky,21,Mercer County,167,,,,,,,,,,,,,,,.,.,,,,,,,,,,,,0500000US21167,,,21167,"Mercer County, Kentucky",9137,7048,2089,"Mercer County, Kentucky",296,390,321,0.771369158367079,0.228630841632921
G2101690,2019-2023,KY,,,Kentucky,21,Metcalfe County,169,,,,,,,,,,,,,,,.,.,,,,,,,,,,,,0500000US21169,,,21169,"Metcalfe County, Kentucky",4245,3195,1050,"Metcalfe County, Kentucky",168,241,245,0.752650176678445,0.247349823321555
G2101710,2019-2023,KY,,,Kentucky,21,Monroe County,171,,,,,,,,,,,,,,,.,.,,,,,,,,,,,,0500000US21171,,,21171,"Monroe County, Kentucky",4586,3174,1412,"Monroe County, Kentucky",138,219,197,0.692106410815526,0.307893589184475
G2101730,2019-2023,KY,,,Kentucky,21,Montgomery County,173,,,,,,,,,,,,,,,.,.,,,,,,,,,,,,0500000US21173,,,21173,"Montgomery County, Kentucky",10950,7258,3692,"Montgomery County, Kentucky",311,414,423,0.662831050228311,0.33716894977169
G2101750,2019-2023,KY,,,Kentucky,21,Morgan County,175,,,,,,,,,,,,,,,.,.,,,,,,,,,,,,0500000US21175,,,21175,"Morgan County, Kentucky",4747,3714,1033,"Morgan County, Kentucky",164,194,179,0.782388877185591,0.217611122814409
G2101770,2019-2023,KY,,,Kentucky,21,Muhlenberg County,177,,,,,,,,,,,,,,,.,.,,,,,,,,,,,,0500000US21177,,,21177,"Muhlenberg County, Kentucky",11937,9781,2156,"Muhlenberg County, Kentucky",313,346,257,0.819385105135294,0.180614894864706
G2101790,2019-2023,KY,,,Kentucky,21,Nelson County,179,,,,,,,,,,,,,,,.,.,,,,,,,,,,,,0500000US21179,,,21179,"Nelson County, Kentucky",18787,14517,4270,"Nelson County, Kentucky",270,472,423,0.772715175387236,0.227284824612764
G2101810,2019-2023,KY,,,Kentucky,21,Nicholas County,181,,,,,,,,,,,,,,,.,.,,,,,,,,,,,,0500000US21181,,,21181,"Nicholas County, Kentucky",2745,1964,781,"Nicholas County, Kentucky",166,187,172,0.715482695810565,0.284517304189435
G2101830,2019-2023,KY,,,Kentucky,21,Ohio County,183,,,,,,,,,,,,,,,.,.,,,,,,,,,,,,0500000US21183,,,21183,"Ohio County, Kentucky",9155,7193,1962,"Ohio County, Kentucky",259,356,300,0.785690879300928,0.214309120699072
G2101850,2019-2023,KY,,,Kentucky,21,Oldham County,185,,,,,,,,,,,,,,,.,.,,,,,,,,,,,,0500000US21185,,,21185,"Oldham County, Kentucky",22457,19774,2683,"Oldham County, Kentucky",239,318,321,0.880527229816984,0.119472770183016
G2101870,2019-2023,KY,,,Kentucky,21,Owen County,187,,,,,,,,,,,,,,,.,.,,,,,,,,,,,,0500000US21187,,,21187,"Owen County, Kentucky",4261,3743,518,"Owen County, Kentucky",238,246,138,0.878432292888993,0.121567707111007
G2101890,2019-2023,KY,,,Kentucky,21,Owsley County,189,,,,,,,,,,,,,,,.,.,,,,,,,,,,,,0500000US21189,,,21189,"Owsley County, Kentucky",1506,1028,478,"Owsley County, Kentucky",139,133,127,0.682602921646746,0.317397078353254
G2101910,2019-2023,KY,,,Kentucky,21,Pendleton County,191,,,,,,,,,,,,,,,.,.,,,,,,,,,,,,0500000US21191,,,21191,"Pendleton County, Kentucky",5333,3946,1387,"Pendleton County, Kentucky",237,290,237,0.739921245077817,0.260078754922183
G2101930,2019-2023,KY,,,Kentucky,21,Perry County,193,,,,,,,,,,,,,,,.,.,,,,,,,,,,,,0500000US21193,,,21193,"Perry County, Kentucky",11293,8152,3141,"Perry County, Kentucky",298,456,482,0.72186310103604,0.27813689896396
G2101950,2019-2023,KY,,,Kentucky,21,Pike County,195,,,,,,,,,,,,,,,.,.,,,,,,,,,,,,0500000US21195,,,21195,"Pike County, Kentucky",24449,18372,6077,"Pike County, Kentucky",463,564,483,0.751441776759786,0.248558223240214
G2101970,2019-2023,KY,,,Kentucky,21,Powell County,197,,,,,,,,,,,,,,,.,.,,,,,,,,,,,,0500000US21197,,,21197,"Powell County, Kentucky",4629,3204,1425,"Powell County, Kentucky",215,205,231,0.692158133506157,0.307841866493843
G2101990,2019-2023,KY,,,Kentucky,21,Pulaski County,199,,,,,,,,,,,,,,,.,.,,,,,,,,,,,,0500000US21199,,,21199,"Pulaski County, Kentucky",25920,18627,7293,"Pulaski County, Kentucky",478,619,603,0.718634259259259,0.281365740740741
G2102010,2019-2023,KY,,,Kentucky,21,Robertson County,201,,,,,,,,,,,,,,,.,.,,,,,,,,,,,,0500000US21201,,,21201,"Robertson County, Kentucky",791,596,195,"Robertson County, Kentucky",82,98,60,0.753476611883692,0.246523388116308
G2102030,2019-2023,KY,,,Kentucky,21,Rockcastle County,203,,,,,,,,,,,,,,,.,.,,,,,,,,,,,,0500000US21203,,,21203,"Rockcastle County, Kentucky",6428,4911,1517,"Rockcastle County, Kentucky",208,233,242,0.764001244555072,0.235998755444928
G2102050,2019-2023,KY,,,Kentucky,21,Rowan County,205,,,,,,,,,,,,,,,.,.,,,,,,,,,,,,0500000US21205,,,21205,"Rowan County, Kentucky",9345,5895,3450,"Rowan County, Kentucky",296,342,397,0.630818619582665,0.369181380417335
G2102070,2019-2023,KY,,,Kentucky,21,Russell County,207,,,,,,,,,,,,,,,.,.,,,,,,,,,,,,0500000US21207,,,21207,"Russell County, Kentucky",7210,5300,1910,"Russell County, Kentucky",280,338,326,0.735090152565881,0.264909847434119
G2102090,2019-2023,KY,,,Kentucky,21,Scott County,209,,,,,,,,,,,,,,,.,.,,,,,,,,,,,,0500000US21209,,,21209,"Scott County, Kentucky",22119,15958,6161,"Scott County, Kentucky",294,498,425,0.721461187214612,0.278538812785388
G2102110,2019-2023,KY,,,Kentucky,21,Shelby County,211,,,,,,,,,,,,,,,.,.,,,,,,,,,,,,0500000US21211,,,21211,"Shelby County, Kentucky",17850,13218,4632,"Shelby County, Kentucky",331,635,579,0.740504201680672,0.259495798319328
G2102130,2019-2023,KY,,,Kentucky,21,Simpson County,213,,,,,,,,,,,,,,,.,.,,,,,,,,,,,,0500000US21213,,,21213,"Simpson County, Kentucky",7689,5097,2592,"Simpson County, Kentucky",205,344,331,0.662895044869294,0.337104955130706
G2102150,2019-2023,KY,,,Kentucky,21,Spencer County,215,,,,,,,,,,,,,,,.,.,,,,,,,,,,,,0500000US21215,,,21215,"Spencer County, Kentucky",7062,6117,945,"Spencer County, Kentucky",189,218,208,0.866185216652506,0.133814783347494
G2102170,2019-2023,KY,,,Kentucky,21,Taylor County,217,,,,,,,,,,,,,,,.,.,,,,,,,,,,,,0500000US21217,,,21217,"Taylor County, Kentucky",10045,6787,3258,"Taylor County, Kentucky",278,422,406,0.675659532105525,0.324340467894475
G2102190,2019-2023,KY,,,Kentucky,21,Todd County,219,,,,,,,,,,,,,,,.,.,,,,,,,,,,,,0500000US21219,,,21219,"Todd County, Kentucky",4434,3286,1148,"Todd County, Kentucky",157,208,185,0.741091565178169,0.258908434821831
G2102210,2019-2023,KY,,,Kentucky,21,Trigg County,221,,,,,,,,,,,,,,,.,.,,,,,,,,,,,,0500000US21221,,,21221,"Trigg County, Kentucky",6012,4462,1550,"Trigg County, Kentucky",257,295,271,0.742182302062542,0.257817697937458
G2102230,2019-2023,KY,,,Kentucky,21,Trimble County,223,,,,,,,,,,,,,,,.,.,,,,,,,,,,,,0500000US21223,,,21223,"Trimble County, Kentucky",3277,2687,590,"Trimble County, Kentucky",150,192,158,0.819957277998169,0.180042722001831
G2102250,2019-2023,KY,,,Kentucky,21,Union County,225,,,,,,,,,,,,,,,.,.,,,,,,,,,,,,0500000US21225,,,21225,"Union County, Kentucky",5128,3679,1449,"Union County, Kentucky",199,186,242,0.717433697347894,0.282566302652106
G2102270,2019-2023,KY,,,Kentucky,21,Warren County,227,,,,,,,,,,,,,,,.,.,,,,,,,,,,,,0500000US21227,,,21227,"Warren County, Kentucky",54208,30740,23468,"Warren County, Kentucky",577,883,971,0.567074970484061,0.432925029515939
G2102290,2019-2023,KY,,,Kentucky,21,Washington County,229,,,,,,,,,,,,,,,.,.,,,,,,,,,,,,0500000US21229,,,21229,"Washington County, Kentucky",4650,3634,1016,"Washington County, Kentucky",183,169,184,0.781505376344086,0.218494623655914
G2102310,2019-2023,KY,,,Kentucky,21,Wayne County,231,,,,,,,,,,,,,,,.,.,,,,,,,,,,,,0500000US21231,,,21231,"Wayne County, Kentucky",8028,5779,2249,"Wayne County, Kentucky",297,357,358,0.719855505729945,0.280144494270055
G2102330,2019-2023,KY,,,Kentucky,21,Webster County,233,,,,,,,,,,,,,,,.,.,,,,,,,,,,,,0500000US21233,,,21233,"Webster County, Kentucky",4920,3592,1328,"Webster County, Kentucky",165,169,190,0.730081300813008,0.269918699186992
G2102350,2019-2023,KY,,,Kentucky,21,Whitley County,235,,,,,,,,,,,,,,,.,.,,,,,,,,,,,,0500000US21235,,,21235,"Whitley County, Kentucky",13570,9055,4515,"Whitley County, Kentucky",369,480,487,0.667280766396463,0.332719233603537
G2102370,2019-2023,KY,,,Kentucky,21,Wolfe County,237,,,,,,,,,,,,,,,.,.,,,,,,,,,,,,0500000US21237,,,21237,"Wolfe County, Kentucky",2545,1778,767,"Wolfe County, Kentucky",147,214,179,0.698624754420432,0.301375245579568
G2102390,2019-2023,KY,,,Kentucky,21,Woodford County,239,,,,,,,,,,,,,,,.,.,,,,,,,,,,,,0500000US21239,,,21239,"Woodford County, Kentucky",10743,7688,3055,"Woodford County, Kentucky",189,306,279,0.715628781532161,0.28437121846784
G2200010,2019-2023,LA,,,Louisiana,22,Acadia Parish,1,,,,,,,,,,,,,,,.,.,,,,,,,,,,,,0500000US22001,,,22001,"Acadia Parish, Louisiana",21529,14629,6900,"Acadia Parish, Louisiana",480,557,522,0.679502066979423,0.320497933020577
G2200030,2019-2023,LA,,,Louisiana,22,Allen Parish,3,,,,,,,,,,,,,,,.,.,,,,,,,,,,,,0500000US22003,,,22003,"Allen Parish, Louisiana",7659,5885,1774,"Allen Parish, Louisiana",323,321,310,0.768377072724899,0.231622927275101
G2200050,2019-2023,LA,,,Louisiana,22,Ascension Parish,5,,,,,,,,,,,,,,,.,.,,,,,,,,,,,,0500000US22005,,,22005,"Ascension Parish, Louisiana",46773,38755,8018,"Ascension Parish, Louisiana",623,927,847,0.828576315395634,0.171423684604366
G2200070,2019-2023,LA,,,Louisiana,22,Assumption Parish,7,,,,,,,,,,,,,,,.,.,,,,,,,,,,,,0500000US22007,,,22007,"Assumption Parish, Louisiana",8420,7201,1219,"Assumption Parish, Louisiana",263,334,261,0.855225653206651,0.144774346793349
G2200090,2019-2023,LA,,,Louisiana,22,Avoyelles Parish,9,,,,,,,,,,,,,,,.,.,,,,,,,,,,,,0500000US22009,,,22009,"Avoyelles Parish, Louisiana",14540,9991,4549,"Avoyelles Parish, Louisiana",377,481,466,0.687138927097662,0.312861072902338
G2200110,2019-2023,LA,,,Louisiana,22,Beauregard Parish,11,,,,,,,,,,,,,,,.,.,,,,,,,,,,,,0500000US22011,,,22011,"Beauregard Parish, Louisiana",13691,11387,2304,"Beauregard Parish, Louisiana",371,395,298,0.831714264845519,0.168285735154481
G2200130,2019-2023,LA,,,Louisiana,22,Bienville Parish,13,,,,,,,,,,,,,,,.,.,,,,,,,,,,,,0500000US22013,,,22013,"Bienville Parish, Louisiana",5425,3831,1594,"Bienville Parish, Louisiana",228,232,236,0.706175115207373,0.293824884792627
G2200150,2019-2023,LA,,,Louisiana,22,Bossier Parish,15,,,,,,,,,,,,,,,.,.,,,,,,,,,,,,0500000US22015,,,22015,"Bossier Parish, Louisiana",49661,32813,16848,"Bossier Parish, Louisiana",621,865,893,0.660739815952156,0.339260184047844
G2200170,2019-2023,LA,,,Louisiana,22,Caddo Parish,17,,,,,,,,,,,,,,,.,.,,,,,,,,,,,,0500000US22017,,,22017,"Caddo Parish, Louisiana",94917,57563,37354,"Caddo Parish, Louisiana",1057,1479,1550,0.606456166966929,0.393543833033071
G2200190,2019-2023,LA,,,Louisiana,22,Calcasieu Parish,19,,,,,,,,,,,,,,,.,.,,,,,,,,,,,,0500000US22019,,,22019,"Calcasieu Parish, Louisiana",76995,55624,21371,"Calcasieu Parish, Louisiana",1171,1537,1468,0.722436521852068,0.277563478147932
G2200210,2019-2023,LA,,,Louisiana,22,Caldwell Parish,21,,,,,,,,,,,,,,,.,.,,,,,,,,,,,,0500000US22021,,,22021,"Caldwell Parish, Louisiana",3686,2544,1142,"Caldwell Parish, Louisiana",200,254,198,0.690179055887141,0.30982094411286
G2200230,2019-2023,LA,,,Louisiana,22,Cameron Parish,23,,,,,,,,,,,,,,,.,.,,,,,,,,,,,,0500000US22023,,,22023,"Cameron Parish, Louisiana",2034,1971,63,"Cameron Parish, Louisiana",150,144,35,0.969026548672566,0.0309734513274336
G2200250,2019-2023,LA,,,Louisiana,22,Catahoula Parish,25,,,,,,,,,,,,,,,.,.,,,,,,,,,,,,0500000US22025,,,22025,"Catahoula Parish, Louisiana",3076,2337,739,"Catahoula Parish, Louisiana",172,165,145,0.759752925877763,0.240247074122237
G2200270,2019-2023,LA,,,Louisiana,22,Claiborne Parish,27,,,,,,,,,,,,,,,.,.,,,,,,,,,,,,0500000US22027,,,22027,"Claiborne Parish, Louisiana",5019,3538,1481,"Claiborne Parish, Louisiana",238,221,230,0.704921299063559,0.295078700936442
G2200290,2019-2023,LA,,,Louisiana,22,Concordia Parish,29,,,,,,,,,,,,,,,.,.,,,,,,,,,,,,0500000US22029,,,22029,"Concordia Parish, Louisiana",6575,4627,1948,"Concordia Parish, Louisiana",296,314,355,0.703726235741445,0.296273764258555
G2200310,2019-2023,LA,,,Louisiana,22,De Soto Parish,31,,,,,,,,,,,,,,,.,.,,,,,,,,,,,,0500000US22031,,,22031,"De Soto Parish, Louisiana",10293,7745,2548,"De Soto Parish, Louisiana",328,406,299,0.752453123481978,0.247546876518022
G2200330,2019-2023,LA,,,Louisiana,22,East Baton Rouge Parish,33,,,,,,,,,,,,,,,.,.,,,,,,,,,,,,0500000US22033,,,22033,"East Baton Rouge Parish, Louisiana",175408,103597,71811,"East Baton Rouge Parish, Louisiana",1261,1770,1871,0.590605901669251,0.409394098330749
G2200350,2019-2023,LA,,,Louisiana,22,East Carroll Parish,35,,,,,,,,,,,,,,,.,.,,,,,,,,,,,,0500000US22035,,,22035,"East Carroll Parish, Louisiana",2508,1504,1004,"East Carroll Parish, Louisiana",222,172,207,0.599681020733652,0.400318979266348
G2200370,2019-2023,LA,,,Louisiana,22,East Feliciana Parish,37,,,,,,,,,,,,,,,.,.,,,,,,,,,,,,0500000US22037,,,22037,"East Feliciana Parish, Louisiana",6536,5480,1056,"East Feliciana Parish, Louisiana",305,336,269,0.83843329253366,0.16156670746634
G2200390,2019-2023,LA,,,Louisiana,22,Evangeline Parish,39,,,,,,,,,,,,,,,.,.,,,,,,,,,,,,0500000US22039,,,22039,"Evangeline Parish, Louisiana",12240,7935,4305,"Evangeline Parish, Louisiana",258,437,418,0.64828431372549,0.35171568627451
G2200410,2019-2023,LA,,,Louisiana,22,Franklin Parish,41,,,,,,,,,,,,,,,.,.,,,,,,,,,,,,0500000US22041,,,22041,"Franklin Parish, Louisiana",7351,5418,1933,"Franklin Parish, Louisiana",275,339,250,0.73704257924092,0.26295742075908
G2200430,2019-2023,LA,,,Louisiana,22,Grant Parish,43,,,,,,,,,,,,,,,.,.,,,,,,,,,,,,0500000US22043,,,22043,"Grant Parish, Louisiana",7195,5907,1288,"Grant Parish, Louisiana",267,335,232,0.820986796386379,0.179013203613621
G2200450,2019-2023,LA,,,Louisiana,22,Iberia Parish,45,,,,,,,,,,,,,,,.,.,,,,,,,,,,,,0500000US22045,,,22045,"Iberia Parish, Louisiana",26869,18267,8602,"Iberia Parish, Louisiana",510,582,645,0.679854106963415,0.320145893036585
G2200470,2019-2023,LA,,,Louisiana,22,Iberville Parish,47,,,,,,,,,,,,,,,.,.,,,,,,,,,,,,0500000US22047,,,22047,"Iberville Parish, Louisiana",11032,8355,2677,"Iberville Parish, Louisiana",428,457,430,0.757342277012328,0.242657722987672
G2200490,2019-2023,LA,,,Louisiana,22,Jackson Parish,49,,,,,,,,,,,,,,,.,.,,,,,,,,,,,,0500000US22049,,,22049,"Jackson Parish, Louisiana",5602,3943,1659,"Jackson Parish, Louisiana",288,240,264,0.703855765797929,0.296144234202071
G2200510,2019-2023,LA,,,Louisiana,22,Jefferson Parish,51,,,,,,,,,,,,,,,.,.,,,,,,,,,,,,0500000US22051,,,22051,"Jefferson Parish, Louisiana",176986,110285,66701,"Jefferson Parish, Louisiana",1015,1751,1834,0.623128383035946,0.376871616964054
G2200530,2019-2023,LA,,,Louisiana,22,Jefferson Davis Parish,53,,,,,,,,,,,,,,,.,.,,,,,,,,,,,,0500000US22053,,,22053,"Jefferson Davis Parish, Louisiana",11704,8934,2770,"Jefferson Davis Parish, Louisiana",375,389,390,0.763328776486671,0.236671223513329
G2200550,2019-2023,LA,,,Louisiana,22,Lafayette Parish,55,,,,,,,,,,,,,,,.,.,,,,,,,,,,,,0500000US22055,,,22055,"Lafayette Parish, Louisiana",99357,65678,33679,"Lafayette Parish, Louisiana",1053,1455,1476,0.661030425636845,0.338969574363155
G2200570,2019-2023,LA,,,Louisiana,22,Lafourche Parish,57,,,,,,,,,,,,,,,.,.,,,,,,,,,,,,0500000US22057,,,22057,"Lafourche Parish, Louisiana",37397,29285,8112,"Lafourche Parish, Louisiana",485,691,685,0.783084204615343,0.216915795384657
G2200590,2019-2023,LA,,,Louisiana,22,LaSalle Parish,59,,,,,,,,,,,,,,,.,.,,,,,,,,,,,,0500000US22059,,,22059,"LaSalle Parish, Louisiana",4883,4046,837,"LaSalle Parish, Louisiana",206,239,196,0.828588982183084,0.171411017816916
G2200610,2019-2023,LA,,,Louisiana,22,Lincoln Parish,61,,,,,,,,,,,,,,,.,.,,,,,,,,,,,,0500000US22061,,,22061,"Lincoln Parish, Louisiana",18341,9814,8527,"Lincoln Parish, Louisiana",397,411,487,0.535085327953765,0.464914672046235
G2200630,2019-2023,LA,,,Louisiana,22,Livingston Parish,63,,,,,,,,,,,,,,,.,.,,,,,,,,,,,,0500000US22063,,,22063,"Livingston Parish, Louisiana",51362,41743,9619,"Livingston Parish, Louisiana",861,999,942,0.812721467232584,0.187278532767416
G2200650,2019-2023,LA,,,Louisiana,22,Madison Parish,65,,,,,,,,,,,,,,,.,.,,,,,,,,,,,,0500000US22065,,,22065,"Madison Parish, Louisiana",3020,1703,1317,"Madison Parish, Louisiana",156,165,179,0.563907284768212,0.436092715231788
G2200670,2019-2023,LA,,,Louisiana,22,Morehouse Parish,67,,,,,,,,,,,,,,,.,.,,,,,,,,,,,,0500000US22067,,,22067,"Morehouse Parish, Louisiana",9779,6514,3265,"Morehouse Parish, Louisiana",364,403,411,0.666121280294509,0.333878719705491
G2200690,2019-2023,LA,,,Louisiana,22,Natchitoches Parish,69,,,,,,,,,,,,,,,.,.,,,,,,,,,,,,0500000US22069,,,22069,"Natchitoches Parish, Louisiana",14108,8785,5323,"Natchitoches Parish, Louisiana",449,333,441,0.622696342500709,0.377303657499291
G2200710,2019-2023,LA,,,Louisiana,22,Orleans Parish,71,,,,,,,,,,,,,,,.,.,,,,,,,,,,,,0500000US22071,,,22071,"Orleans Parish, Louisiana",155060,78376,76684,"Orleans Parish, Louisiana",1231,1431,1581,0.505455952534503,0.494544047465497
G2200730,2019-2023,LA,,,Louisiana,22,Ouachita Parish,73,,,,,,,,,,,,,,,.,.,,,,,,,,,,,,0500000US22073,,,22073,"Ouachita Parish, Louisiana",60804,36178,24626,"Ouachita Parish, Louisiana",727,861,1047,0.594993750411157,0.405006249588843
G2200750,2019-2023,LA,,,Louisiana,22,Plaquemines Parish,75,,,,,,,,,,,,,,,.,.,,,,,,,,,,,,0500000US22075,,,22075,"Plaquemines Parish, Louisiana",8200,6057,2143,"Plaquemines Parish, Louisiana",303,319,380,0.738658536585366,0.261341463414634
G2200770,2019-2023,LA,,,Louisiana,22,Pointe Coupee Parish,77,,,,,,,,,,,,,,,.,.,,,,,,,,,,,,0500000US22077,,,22077,"Pointe Coupee Parish, Louisiana",8202,6353,1849,"Pointe Coupee Parish, Louisiana",307,404,386,0.774567178736893,0.225432821263107
G2200790,2019-2023,LA,,,Louisiana,22,Rapides Parish,79,,,,,,,,,,,,,,,.,.,,,,,,,,,,,,0500000US22079,,,22079,"Rapides Parish, Louisiana",48660,31771,16889,"Rapides Parish, Louisiana",623,886,872,0.652918207973695,0.347081792026305
G2200810,2019-2023,LA,,,Louisiana,22,Red River Parish,81,,,,,,,,,,,,,,,.,.,,,,,,,,,,,,0500000US22081,,,22081,"Red River Parish, Louisiana",3002,2302,700,"Red River Parish, Louisiana",192,190,181,0.766822118587608,0.233177881412392
G2200830,2019-2023,LA,,,Louisiana,22,Richland Parish,83,,,,,,,,,,,,,,,.,.,,,,,,,,,,,,0500000US22083,,,22083,"Richland Parish, Louisiana",7251,4861,2390,"Richland Parish, Louisiana",245,267,240,0.670390290994346,0.329609709005654
G2200850,2019-2023,LA,,,Louisiana,22,Sabine Parish,85,,,,,,,,,,,,,,,.,.,,,,,,,,,,,,0500000US22085,,,22085,"Sabine Parish, Louisiana",8485,6815,1670,"Sabine Parish, Louisiana",310,290,199,0.803182086034178,0.196817913965822
G2200870,2019-2023,LA,,,Louisiana,22,St. Bernard Parish,87,,,,,,,,,,,,,,,.,.,,,,,,,,,,,,0500000US22087,,,22087,"St. Bernard Parish, Louisiana",15803,11084,4719,"St. Bernard Parish, Louisiana",248,379,375,0.701385812820351,0.298614187179649
G2200890,2019-2023,LA,,,Louisiana,22,St. Charles Parish,89,,,,,,,,,,,,,,,.,.,,,,,,,,,,,,0500000US22089,,,22089,"St. Charles Parish, Louisiana",18622,15397,3225,"St. Charles Parish, Louisiana",408,559,529,0.826817742455161,0.173182257544839
G2200910,2019-2023,LA,,,Louisiana,22,St. Helena Parish,91,,,,,,,,,,,,,,,.,.,,,,,,,,,,,,0500000US22091,,,22091,"St. Helena Parish, Louisiana",4101,3055,1046,"St. Helena Parish, Louisiana",278,314,263,0.744940258473543,0.255059741526457
G2200930,2019-2023,LA,,,Louisiana,22,St. James Parish,93,,,,,,,,,,,,,,,.,.,,,,,,,,,,,,0500000US22093,,,22093,"St. James Parish, Louisiana",7436,6355,1081,"St. James Parish, Louisiana",227,273,232,0.854626143087682,0.145373856912318
G2200950,2019-2023,LA,,,Louisiana,22,St. John the Baptist Parish,95,,,,,,,,,,,,,,,.,.,,,,,,,,,,,,0500000US22095,,,22095,"St. John the Baptist Parish, Louisiana",14922,11890,3032,"St. John the Baptist Parish, Louisiana",446,544,537,0.796810079077872,0.203189920922128
G2200970,2019-2023,LA,,,Louisiana,22,St. Landry Parish,97,,,,,,,,,,,,,,,.,.,,,,,,,,,,,,0500000US22097,,,22097,"St. Landry Parish, Louisiana",31638,22159,9479,"St. Landry Parish, Louisiana",480,613,554,0.700391933750553,0.299608066249447
G2200990,2019-2023,LA,,,Louisiana,22,St. Martin Parish,99,,,,,,,,,,,,,,,.,.,,,,,,,,,,,,0500000US22099,,,22099,"St. Martin Parish, Louisiana",19963,15744,4219,"St. Martin Parish, Louisiana",429,544,533,0.788659019185493,0.211340980814507
G2201010,2019-2023,LA,,,Louisiana,22,St. Mary Parish,101,,,,,,,,,,,,,,,.,.,,,,,,,,,,,,0500000US22101,,,22101,"St. Mary Parish, Louisiana",18705,13064,5641,"St. Mary Parish, Louisiana",401,552,571,0.698422881582465,0.301577118417535
G2201030,2019-2023,LA,,,Louisiana,22,St. Tammany Parish,103,,,,,,,,,,,,,,,.,.,,,,,,,,,,,,0500000US22103,,,22103,"St. Tammany Parish, Louisiana",103286,81413,21873,"St. Tammany Parish, Louisiana",876,1398,1233,0.788228801580079,0.211771198419921
G2201050,2019-2023,LA,,,Louisiana,22,Tangipahoa Parish,105,,,,,,,,,,,,,,,.,.,,,,,,,,,,,,0500000US22105,,,22105,"Tangipahoa Parish, Louisiana",50191,35896,14295,"Tangipahoa Parish, Louisiana",853,1082,1078,0.715187981909107,0.284812018090893
G2201070,2019-2023,LA,,,Louisiana,22,Tensas Parish,107,,,,,,,,,,,,,,,.,.,,,,,,,,,,,,0500000US22107,,,22107,"Tensas Parish, Louisiana",1629,1134,495,"Tensas Parish, Louisiana",125,98,114,0.696132596685083,0.303867403314917
G2201090,2019-2023,LA,,,Louisiana,22,Terrebonne Parish,109,,,,,,,,,,,,,,,.,.,,,,,,,,,,,,0500000US22109,,,22109,"Terrebonne Parish, Louisiana",41841,30806,11035,"Terrebonne Parish, Louisiana",683,762,715,0.736263473626347,0.263736526373653
G2201110,2019-2023,LA,,,Louisiana,22,Union Parish,111,,,,,,,,,,,,,,,.,.,,,,,,,,,,,,0500000US22111,,,22111,"Union Parish, Louisiana",8247,6274,1973,"Union Parish, Louisiana",266,263,298,0.760761489026313,0.239238510973687
G2201130,2019-2023,LA,,,Louisiana,22,Vermilion Parish,113,,,,,,,,,,,,,,,.,.,,,,,,,,,,,,0500000US22113,,,22113,"Vermilion Parish, Louisiana",21914,16272,5642,"Vermilion Parish, Louisiana",427,543,445,0.742539016154057,0.257460983845943
G2201150,2019-2023,LA,,,Louisiana,22,Vernon Parish,115,,,,,,,,,,,,,,,.,.,,,,,,,,,,,,0500000US22115,,,22115,"Vernon Parish, Louisiana",17754,9901,7853,"Vernon Parish, Louisiana",440,351,418,0.557677143179002,0.442322856820998
G2201170,2019-2023,LA,,,Louisiana,22,Washington Parish,117,,,,,,,,,,,,,,,.,.,,,,,,,,,,,,0500000US22117,,,22117,"Washington Parish, Louisiana",17651,12247,5404,"Washington Parish, Louisiana",472,554,595,0.69384170868506,0.30615829131494
G2201190,2019-2023,LA,,,Louisiana,22,Webster Parish,119,,,,,,,,,,,,,,,.,.,,,,,,,,,,,,0500000US22119,,,22119,"Webster Parish, Louisiana",14761,10067,4694,"Webster Parish, Louisiana",421,530,477,0.681999864507825,0.318000135492175
G2201210,2019-2023,LA,,,Louisiana,22,West Baton Rouge Parish,121,,,,,,,,,,,,,,,.,.,,,,,,,,,,,,0500000US22121,,,22121,"West Baton Rouge Parish, Louisiana",10400,7889,2511,"West Baton Rouge Parish, Louisiana",306,400,388,0.758557692307692,0.241442307692308
G2201230,2019-2023,LA,,,Louisiana,22,West Carroll Parish,123,,,,,,,,,,,,,,,.,.,,,,,,,,,,,,0500000US22123,,,22123,"West Carroll Parish, Louisiana",3875,2858,1017,"West Carroll Parish, Louisiana",165,189,176,0.737548387096774,0.262451612903226
G2201250,2019-2023,LA,,,Louisiana,22,West Feliciana Parish,125,,,,,,,,,,,,,,,.,.,,,,,,,,,,,,0500000US22125,,,22125,"West Feliciana Parish, Louisiana",3911,3081,830,"West Feliciana Parish, Louisiana",218,272,225,0.787778061876758,0.212221938123242
G2201270,2019-2023,LA,,,Louisiana,22,Winn Parish,127,,,,,,,,,,,,,,,.,.,,,,,,,,,,,,0500000US22127,,,22127,"Winn Parish, Louisiana",4883,3474,1409,"Winn Parish, Louisiana",222,226,254,0.711447880401393,0.288552119598607
G2300010,2019-2023,ME,,,Maine,23,Androscoggin County,1,,,,,,,,,,,,,,,.,.,,,,,,,,,,,,0500000US23001,,,23001,"Androscoggin County, Maine",46632,31410,15222,"Androscoggin County, Maine",474,780,766,0.673571796191457,0.326428203808544
G2300030,2019-2023,ME,,,Maine,23,Aroostook County,3,,,,,,,,,,,,,,,.,.,,,,,,,,,,,,0500000US23003,,,23003,"Aroostook County, Maine",29684,22080,7604,"Aroostook County, Maine",414,519,484,0.743835062660019,0.256164937339981
G2300050,2019-2023,ME,,,Maine,23,Cumberland County,5,,,,,,,,,,,,,,,.,.,,,,,,,,,,,,0500000US23005,,,23005,"Cumberland County, Maine",130003,91485,38518,"Cumberland County, Maine",922,1420,1165,0.7037145296647,0.2962854703353
G2300070,2019-2023,ME,,,Maine,23,Franklin County,7,,,,,,,,,,,,,,,.,.,,,,,,,,,,,,0500000US23007,,,23007,"Franklin County, Maine",12457,9592,2865,"Franklin County, Maine",336,315,309,0.770008830376495,0.229991169623505
G2300090,2019-2023,ME,,,Maine,23,Hancock County,9,,,,,,,,,,,,,,,.,.,,,,,,,,,,,,0500000US23009,,,23009,"Hancock County, Maine",24992,19691,5301,"Hancock County, Maine",571,550,497,0.787892125480154,0.212107874519846
G2300110,2019-2023,ME,,,Maine,23,Kennebec County,11,,,,,,,,,,,,,,,.,.,,,,,,,,,,,,0500000US23011,,,23011,"Kennebec County, Maine",53936,39242,14694,"Kennebec County, Maine",598,797,839,0.72756600415307,0.27243399584693
G2300130,2019-2023,ME,,,Maine,23,Knox County,13,,,,,,,,,,,,,,,.,.,,,,,,,,,,,,0500000US23013,,,23013,"Knox County, Maine",17979,14120,3859,"Knox County, Maine",444,432,412,0.785360698592803,0.214639301407197
G2300150,2019-2023,ME,,,Maine,23,Lincoln County,15,,,,,,,,,,,,,,,.,.,,,,,,,,,,,,0500000US23015,,,23015,"Lincoln County, Maine",16201,13582,2619,"Lincoln County, Maine",435,373,354,0.838343312141226,0.161656687858774
G2300170,2019-2023,ME,,,Maine,23,Oxford County,17,,,,,,,,,,,,,,,.,.,,,,,,,,,,,,0500000US23017,,,23017,"Oxford County, Maine",23694,19148,4546,"Oxford County, Maine",572,567,423,0.808137081117583,0.191862918882418
G2300190,2019-2023,ME,,,Maine,23,Penobscot County,19,,,,,,,,,,,,,,,.,.,,,,,,,,,,,,0500000US23019,,,23019,"Penobscot County, Maine",64769,45520,19249,"Penobscot County, Maine",669,740,794,0.702805354413377,0.297194645586623
G2300210,2019-2023,ME,,,Maine,23,Piscataquis County,21,,,,,,,,,,,,,,,.,.,,,,,,,,,,,,0500000US23021,,,23021,"Piscataquis County, Maine",8111,6239,1872,"Piscataquis County, Maine",258,302,251,0.76920231783997,0.23079768216003
G2300230,2019-2023,ME,,,Maine,23,Sagadahoc County,23,,,,,,,,,,,,,,,.,.,,,,,,,,,,,,0500000US23023,,,23023,"Sagadahoc County, Maine",16175,12579,3596,"Sagadahoc County, Maine",402,378,376,0.777681607418856,0.222318392581144
G2300250,2019-2023,ME,,,Maine,23,Somerset County,25,,,,,,,,,,,,,,,.,.,,,,,,,,,,,,0500000US23025,,,23025,"Somerset County, Maine",22737,17567,5170,"Somerset County, Maine",370,602,498,0.772617319787131,0.227382680212869
G2300270,2019-2023,ME,,,Maine,23,Waldo County,27,,,,,,,,,,,,,,,.,.,,,,,,,,,,,,0500000US23027,,,23027,"Waldo County, Maine",17476,14141,3335,"Waldo County, Maine",345,391,369,0.80916685740444,0.19083314259556
G2300290,2019-2023,ME,,,Maine,23,Washington County,29,,,,,,,,,,,,,,,.,.,,,,,,,,,,,,0500000US23029,,,23029,"Washington County, Maine",13989,10919,3070,"Washington County, Maine",241,250,222,0.780541854314104,0.219458145685896
G2300310,2019-2023,ME,,,Maine,23,York County,31,,,,,,,,,,,,,,,.,.,,,,,,,,,,,,0500000US23031,,,23031,"York County, Maine",90250,68714,21536,"York County, Maine",907,1232,1184,0.761373961218837,0.238626038781163
G2400010,2019-2023,MD,,,Maryland,24,Allegany County,1,,,,,,,,,,,,,,,.,.,,,,,,,,,,,,0500000US24001,,,24001,"Allegany County, Maryland",27436,19294,8142,"Allegany County, Maryland",447,613,555,0.703236623414492,0.296763376585508
G2400030,2019-2023,MD,,,Maryland,24,Anne Arundel County,3,,,,,,,,,,,,,,,.,.,,,,,,,,,,,,0500000US24003,,,24003,"Anne Arundel County, Maryland",223602,167618,55984,"Anne Arundel County, Maryland",892,1778,1763,0.749626568635343,0.250373431364657
G2400050,2019-2023,MD,,,Maryland,24,Baltimore County,5,,,,,,,,,,,,,,,.,.,,,,,,,,,,,,0500000US24005,,,24005,"Baltimore County, Maryland",330151,218994,111157,"Baltimore County, Maryland",1404,2395,1971,0.663314665107784,0.336685334892216
G2400090,2019-2023,MD,,,Maryland,24,Calvert County,9,,,,,,,,,,,,,,,.,.,,,,,,,,,,,,0500000US24009,,,24009,"Calvert County, Maryland",33485,29184,4301,"Calvert County, Maryland",409,548,495,0.871554427355532,0.128445572644468
G2400110,2019-2023,MD,,,Maryland,24,Caroline County,11,,,,,,,,,,,,,,,.,.,,,,,,,,,,,,0500000US24011,,,24011,"Caroline County, Maryland",12181,8753,3428,"Caroline County, Maryland",242,345,302,0.718578113455381,0.281421886544619
G2400130,2019-2023,MD,,,Maryland,24,Carroll County,13,,,,,,,,,,,,,,,.,.,,,,,,,,,,,,0500000US24013,,,24013,"Carroll County, Maryland",63487,53237,10250,"Carroll County, Maryland",392,700,679,0.838549624332541,0.161450375667459
G2400150,2019-2023,MD,,,Maryland,24,Cecil County,15,,,,,,,,,,,,,,,.,.,,,,,,,,,,,,0500000US24015,,,24015,"Cecil County, Maryland",40172,30252,9920,"Cecil County, Maryland",468,639,589,0.753061834113313,0.246938165886687
G2400170,2019-2023,MD,,,Maryland,24,Charles County,17,,,,,,,,,,,,,,,.,.,,,,,,,,,,,,0500000US24017,,,24017,"Charles County, Maryland",60199,48900,11299,"Charles County, Maryland",423,859,863,0.812305852256682,0.187694147743318
G2400190,2019-2023,MD,,,Maryland,24,Dorchester County,19,,,,,,,,,,,,,,,.,.,,,,,,,,,,,,0500000US24019,,,24019,"Dorchester County, Maryland",13324,8837,4487,"Dorchester County, Maryland",367,385,361,0.663239267487241,0.336760732512759
G2400210,2019-2023,MD,,,Maryland,24,Frederick County,21,,,,,,,,,,,,,,,.,.,,,,,,,,,,,,0500000US24021,,,24021,"Frederick County, Maryland",101807,78429,23378,"Frederick County, Maryland",547,949,976,0.770369424499298,0.229630575500702
G2400230,2019-2023,MD,,,Maryland,24,Garrett County,23,,,,,,,,,,,,,,,.,.,,,,,,,,,,,,0500000US24023,,,24023,"Garrett County, Maryland",12565,10180,2385,"Garrett County, Maryland",414,384,291,0.810187027457223,0.189812972542778
G2400250,2019-2023,MD,,,Maryland,24,Harford County,25,,,,,,,,,,,,,,,.,.,,,,,,,,,,,,0500000US24025,,,24025,"Harford County, Maryland",100271,79927,20344,"Harford County, Maryland",556,1085,975,0.79710983235432,0.20289016764568
G2400270,2019-2023,MD,,,Maryland,24,Howard County,27,,,,,,,,,,,,,,,.,.,,,,,,,,,,,,0500000US24027,,,24027,"Howard County, Maryland",120066,86100,33966,"Howard County, Maryland",669,1023,1071,0.717105591924442,0.282894408075558
G2400290,2019-2023,MD,,,Maryland,24,Kent County,29,,,,,,,,,,,,,,,.,.,,,,,,,,,,,,0500000US24029,,,24029,"Kent County, Maryland",8530,6147,2383,"Kent County, Maryland",249,317,325,0.72063305978898,0.27936694021102
G2400310,2019-2023,MD,,,Maryland,24,Montgomery County,31,,,,,,,,,,,,,,,.,.,,,,,,,,,,,,0500000US24031,,,24031,"Montgomery County, Maryland",387881,253448,134433,"Montgomery County, Maryland",1133,2086,2033,0.653416898481751,0.346583101518249
G2400330,2019-2023,MD,,,Maryland,24,Prince George's County,33,,,,,,,,,,,,,,,.,.,,,,,,,,,,,,0500000US24033,,,24033,"Prince George's County, Maryland",344586,214809,129777,"Prince George's County, Maryland",1188,2173,2245,0.623382842019119,0.376617157980881
G2400350,2019-2023,MD,,,Maryland,24,Queen Anne's County,35,,,,,,,,,,,,,,,.,.,,,,,,,,,,,,0500000US24035,,,24035,"Queen Anne's County, Maryland",19637,15972,3665,"Queen Anne's County, Maryland",296,472,426,0.813362529918012,0.186637470081988
G2400370,2019-2023,MD,,,Maryland,24,St. Mary's County,37,,,,,,,,,,,,,,,.,.,,,,,,,,,,,,0500000US24037,,,24037,"St. Mary's County, Maryland",41743,30325,11418,"St. Mary's County, Maryland",605,679,757,0.726469108593058,0.273530891406943
G2400390,2019-2023,MD,,,Maryland,24,Somerset County,39,,,,,,,,,,,,,,,.,.,,,,,,,,,,,,0500000US24039,,,24039,"Somerset County, Maryland",8296,5710,2586,"Somerset County, Maryland",343,329,336,0.688283510125362,0.311716489874638
G2400410,2019-2023,MD,,,Maryland,24,Talbot County,41,,,,,,,,,,,,,,,.,.,,,,,,,,,,,,0500000US24041,,,24041,"Talbot County, Maryland",16211,11784,4427,"Talbot County, Maryland",339,477,430,0.726913823946703,0.273086176053297
G2400430,2019-2023,MD,,,Maryland,24,Washington County,43,,,,,,,,,,,,,,,.,.,,,,,,,,,,,,0500000US24043,,,24043,"Washington County, Maryland",59411,39145,20266,"Washington County, Maryland",542,882,829,0.658884718318157,0.341115281681843
G2400450,2019-2023,MD,,,Maryland,24,Wicomico County,45,,,,,,,,,,,,,,,.,.,,,,,,,,,,,,0500000US24045,,,24045,"Wicomico County, Maryland",40034,24294,15740,"Wicomico County, Maryland",545,680,759,0.606834190937703,0.393165809062297
G2400470,2019-2023,MD,,,Maryland,24,Worcester County,47,,,,,,,,,,,,,,,.,.,,,,,,,,,,,,0500000US24047,,,24047,"Worcester County, Maryland",23827,18286,5541,"Worcester County, Maryland",590,703,574,0.767448692659588,0.232551307340412
G2405100,2019-2023,MD,,,Maryland,24,Baltimore city,510,,,,,,,,,,,,,,,.,.,,,,,,,,,,,,0500000US24510,,,24510,"Baltimore city, Maryland",250608,119077,131531,"Baltimore city, Maryland",1325,1987,2214,0.475152429291962,0.524847570708038
G2500010,2019-2023,MA,,,Massachusetts,25,Barnstable County,1,,,,,,,,,,,,,,,.,.,,,,,,,,,,,,0500000US25001,,,25001,"Barnstable County, Massachusetts",102981,82954,20027,"Barnstable County, Massachusetts",1224,1284,1044,0.805527233178936,0.194472766821064
G2500030,2019-2023,MA,,,Massachusetts,25,Berkshire County,3,,,,,,,,,,,,,,,.,.,,,,,,,,,,,,0500000US25003,,,25003,"Berkshire County, Massachusetts",56517,39542,16975,"Berkshire County, Massachusetts",835,870,851,0.699647893554152,0.300352106445848
G2500050,2019-2023,MA,,,Massachusetts,25,Bristol County,5,,,,,,,,,,,,,,,.,.,,,,,,,,,,,,0500000US25005,,,25005,"Bristol County, Massachusetts",232202,144543,87659,"Bristol County, Massachusetts",954,1769,1735,0.622488178396396,0.377511821603604
G2500070,2019-2023,MA,,,Massachusetts,25,Dukes County,7,,,,,,,,,,,,,,,.,.,,,,,,,,,,,,0500000US25007,,,25007,"Dukes County, Massachusetts",7362,5495,1867,"Dukes County, Massachusetts",547,443,394,0.746400434664493,0.253599565335507
G2500090,2019-2023,MA,,,Massachusetts,25,Essex County,9,,,,,,,,,,,,,,,.,.,,,,,,,,,,,,0500000US25009,,,25009,"Essex County, Massachusetts",311676,199350,112326,"Essex County, Massachusetts",1208,2080,2190,0.639606514457321,0.360393485542679
G2500110,2019-2023,MA,,,Massachusetts,25,Franklin County,11,,,,,,,,,,,,,,,.,.,,,,,,,,,,,,0500000US25011,,,25011,"Franklin County, Massachusetts",31498,21650,9848,"Franklin County, Massachusetts",335,478,488,0.687345228268462,0.312654771731539
G2500130,2019-2023,MA,,,Massachusetts,25,Hampden County,13,,,,,,,,,,,,,,,.,.,,,,,,,,,,,,0500000US25013,,,25013,"Hampden County, Massachusetts",184217,114621,69596,"Hampden County, Massachusetts",840,1556,1643,0.622206419602968,0.377793580397032
G2500150,2019-2023,MA,,,Massachusetts,25,Hampshire County,15,,,,,,,,,,,,,,,.,.,,,,,,,,,,,,0500000US25015,,,25015,"Hampshire County, Massachusetts",61770,42489,19281,"Hampshire County, Massachusetts",606,831,911,0.687858183584264,0.312141816415736
G2500170,2019-2023,MA,,,Massachusetts,25,Middlesex County,17,,,,,,,,,,,,,,,.,.,,,,,,,,,,,,0500000US25017,,,25017,"Middlesex County, Massachusetts",630939,388864,242075,"Middlesex County, Massachusetts",1636,2665,2710,0.616325825475997,0.383674174524003
G2500190,2019-2023,MA,,,Massachusetts,25,Nantucket County,19,,,,,,,,,,,,,,,.,.,,,,,,,,,,,,0500000US25019,,,25019,"Nantucket County, Massachusetts",5048,3861,1187,"Nantucket County, Massachusetts",332,308,287,0.764857369255151,0.235142630744849
G2500210,2019-2023,MA,,,Massachusetts,25,Norfolk County,21,,,,,,,,,,,,,,,.,.,,,,,,,,,,,,0500000US25021,,,25021,"Norfolk County, Massachusetts",281408,192815,88593,"Norfolk County, Massachusetts",1189,2020,1993,0.685179525813054,0.314820474186946
G2500230,2019-2023,MA,,,Massachusetts,25,Plymouth County,23,,,,,,,,,,,,,,,.,.,,,,,,,,,,,,0500000US25023,,,25023,"Plymouth County, Massachusetts",200995,156015,44980,"Plymouth County, Massachusetts",1063,1499,1416,0.776213338640265,0.223786661359735
G2500250,2019-2023,MA,,,Massachusetts,25,Suffolk County,25,,,,,,,,,,,,,,,.,.,,,,,,,,,,,,0500000US25025,,,25025,"Suffolk County, Massachusetts",322184,117938,204246,"Suffolk County, Massachusetts",1711,2304,2300,0.366057904799742,0.633942095200258
G2500270,2019-2023,MA,,,Massachusetts,25,Worcester County,27,,,,,,,,,,,,,,,.,.,,,,,,,,,,,,0500000US25027,,,25027,"Worcester County, Massachusetts",333273,218849,114424,"Worcester County, Massachusetts",1196,2052,2169,0.65666585652003,0.34333414347997
G2600010,2019-2023,MI,,,Michigan,26,Alcona County,1,,,,,,,,,,,,,,,.,.,,,,,,,,,,,,0500000US26001,,,26001,"Alcona County, Michigan",5116,4586,530,"Alcona County, Michigan",174,174,85,0.896403440187647,0.103596559812353
G2600030,2019-2023,MI,,,Michigan,26,Alger County,3,,,,,,,,,,,,,,,.,.,,,,,,,,,,,,0500000US26003,,,26003,"Alger County, Michigan",3490,2941,549,"Alger County, Michigan",156,169,119,0.84269340974212,0.15730659025788
G2600050,2019-2023,MI,,,Michigan,26,Allegan County,5,,,,,,,,,,,,,,,.,.,,,,,,,,,,,,0500000US26005,,,26005,"Allegan County, Michigan",44984,38711,6273,"Allegan County, Michigan",524,701,630,0.860550417926374,0.139449582073626
G2600070,2019-2023,MI,,,Michigan,26,Alpena County,7,,,,,,,,,,,,,,,.,.,,,,,,,,,,,,0500000US26007,,,26007,"Alpena County, Michigan",12734,10114,2620,"Alpena County, Michigan",261,309,253,0.794251609863358,0.205748390136642
G2600090,2019-2023,MI,,,Michigan,26,Antrim County,9,,,,,,,,,,,,,,,.,.,,,,,,,,,,,,0500000US26009,,,26009,"Antrim County, Michigan",11034,9600,1434,"Antrim County, Michigan",329,277,203,0.870038064165307,0.129961935834693
G2600110,2019-2023,MI,,,Michigan,26,Arenac County,11,,,,,,,,,,,,,,,.,.,,,,,,,,,,,,0500000US26011,,,26011,"Arenac County, Michigan",6421,5502,919,"Arenac County, Michigan",163,161,113,0.856875876031771,0.143124123968229
G2600130,2019-2023,MI,,,Michigan,26,Baraga County,13,,,,,,,,,,,,,,,.,.,,,,,,,,,,,,0500000US26013,,,26013,"Baraga County, Michigan",3337,2568,769,"Baraga County, Michigan",124,113,114,0.769553491159724,0.230446508840276
G2600150,2019-2023,MI,,,Michigan,26,Barry County,15,,,,,,,,,,,,,,,.,.,,,,,,,,,,,,0500000US26015,,,26015,"Barry County, Michigan",24409,21017,3392,"Barry County, Michigan",327,471,434,0.861034864189438,0.138965135810562
G2600170,2019-2023,MI,,,Michigan,26,Bay County,17,,,,,,,,,,,,,,,.,.,,,,,,,,,,,,0500000US26017,,,26017,"Bay County, Michigan",44917,34299,10618,"Bay County, Michigan",389,685,614,0.763608433332591,0.236391566667409
G2600190,2019-2023,MI,,,Michigan,26,Benzie County,19,,,,,,,,,,,,,,,.,.,,,,,,,,,,,,0500000US26019,,,26019,"Benzie County, Michigan",7466,6557,909,"Benzie County, Michigan",213,206,113,0.878248057862309,0.121751942137691
G2600210,2019-2023,MI,,,Michigan,26,Berrien County,21,,,,,,,,,,,,,,,.,.,,,,,,,,,,,,0500000US26021,,,26021,"Berrien County, Michigan",63651,46311,17340,"Berrien County, Michigan",629,909,778,0.727576943017392,0.272423056982608
G2600230,2019-2023,MI,,,Michigan,26,Branch County,23,,,,,,,,,,,,,,,.,.,,,,,,,,,,,,0500000US26023,,,26023,"Branch County, Michigan",16922,13113,3809,"Branch County, Michigan",292,355,332,0.774908403262026,0.225091596737974
G2600250,2019-2023,MI,,,Michigan,26,Calhoun County,25,,,,,,,,,,,,,,,.,.,,,,,,,,,,,,0500000US26025,,,26025,"Calhoun County, Michigan",53431,38691,14740,"Calhoun County, Michigan",484,664,682,0.724130186595796,0.275869813404204
G2600270,2019-2023,MI,,,Michigan,26,Cass County,27,,,,,,,,,,,,,,,.,.,,,,,,,,,,,,0500000US26027,,,26027,"Cass County, Michigan",21089,16986,4103,"Cass County, Michigan",348,405,362,0.805443596187586,0.194556403812414
G2600290,2019-2023,MI,,,Michigan,26,Charlevoix County,29,,,,,,,,,,,,,,,.,.,,,,,,,,,,,,0500000US26029,,,26029,"Charlevoix County, Michigan",12247,10130,2117,"Charlevoix County, Michigan",272,268,232,0.827141340736507,0.172858659263493
G2600310,2019-2023,MI,,,Michigan,26,Cheboygan County,31,,,,,,,,,,,,,,,.,.,,,,,,,,,,,,0500000US26031,,,26031,"Cheboygan County, Michigan",10757,9145,1612,"Cheboygan County, Michigan",291,287,207,0.85014409221902,0.14985590778098
G2600330,2019-2023,MI,,,Michigan,26,Chippewa County,33,,,,,,,,,,,,,,,.,.,,,,,,,,,,,,0500000US26033,,,26033,"Chippewa County, Michigan",13867,10223,3644,"Chippewa County, Michigan",298,342,288,0.737217855340016,0.262782144659984
G2600350,2019-2023,MI,,,Michigan,26,Clare County,35,,,,,,,,,,,,,,,.,.,,,,,,,,,,,,0500000US26035,,,26035,"Clare County, Michigan",12150,10473,1677,"Clare County, Michigan",351,319,237,0.861975308641975,0.138024691358025
G2600370,2019-2023,MI,,,Michigan,26,Clinton County,37,,,,,,,,,,,,,,,.,.,,,,,,,,,,,,0500000US26037,,,26037,"Clinton County, Michigan",31314,25927,5387,"Clinton County, Michigan",293,393,448,0.82796832087884,0.17203167912116
G2600390,2019-2023,MI,,,Michigan,26,Crawford County,39,,,,,,,,,,,,,,,.,.,,,,,,,,,,,,0500000US26039,,,26039,"Crawford County, Michigan",6009,4898,1111,"Crawford County, Michigan",237,249,205,0.815110667332335,0.184889332667665
G2600410,2019-2023,MI,,,Michigan,26,Delta County,41,,,,,,,,,,,,,,,.,.,,,,,,,,,,,,0500000US26041,,,26041,"Delta County, Michigan",15900,12502,3398,"Delta County, Michigan",320,401,316,0.786289308176101,0.213710691823899
G2600430,2019-2023,MI,,,Michigan,26,Dickinson County,43,,,,,,,,,,,,,,,.,.,,,,,,,,,,,,0500000US26043,,,26043,"Dickinson County, Michigan",11837,9681,2156,"Dickinson County, Michigan",238,313,307,0.81785925487877,0.18214074512123
G2600450,2019-2023,MI,,,Michigan,26,Eaton County,45,,,,,,,,,,,,,,,.,.,,,,,,,,,,,,0500000US26045,,,26045,"Eaton County, Michigan",45115,33492,11623,"Eaton County, Michigan",404,625,648,0.742369500166242,0.257630499833758
G2600470,2019-2023,MI,,,Michigan,26,Emmet County,47,,,,,,,,,,,,,,,.,.,,,,,,,,,,,,0500000US26047,,,26047,"Emmet County, Michigan",14604,11214,3390,"Emmet County, Michigan",414,300,308,0.767871815940838,0.232128184059162
G2600490,2019-2023,MI,,,Michigan,26,Genesee County,49,,,,,,,,,,,,,,,.,.,,,,,,,,,,,,0500000US26049,,,26049,"Genesee County, Michigan",166375,117865,48510,"Genesee County, Michigan",1059,1292,1382,0.708429752066116,0.291570247933884
G2600510,2019-2023,MI,,,Michigan,26,Gladwin County,51,,,,,,,,,,,,,,,.,.,,,,,,,,,,,,0500000US26051,,,26051,"Gladwin County, Michigan",11060,9634,1426,"Gladwin County, Michigan",258,247,159,0.871066907775769,0.128933092224231
G2600530,2019-2023,MI,,,Michigan,26,Gogebic County,53,,,,,,,,,,,,,,,.,.,,,,,,,,,,,,0500000US26053,,,26053,"Gogebic County, Michigan",7038,5689,1349,"Gogebic County, Michigan",231,226,181,0.808326229042342,0.191673770957658
G2600550,2019-2023,MI,,,Michigan,26,Grand Traverse County,55,,,,,,,,,,,,,,,.,.,,,,,,,,,,,,0500000US26055,,,26055,"Grand Traverse County, Michigan",39596,30302,9294,"Grand Traverse County, Michigan",534,654,596,0.76527932114355,0.23472067885645
G2600570,2019-2023,MI,,,Michigan,26,Gratiot County,57,,,,,,,,,,,,,,,.,.,,,,,,,,,,,,0500000US26057,,,26057,"Gratiot County, Michigan",14511,11442,3069,"Gratiot County, Michigan",258,332,273,0.788505271862725,0.211494728137275
G2600590,2019-2023,MI,,,Michigan,26,Hillsdale County,59,,,,,,,,,,,,,,,.,.,,,,,,,,,,,,0500000US26059,,,26059,"Hillsdale County, Michigan",17858,14468,3390,"Hillsdale County, Michigan",321,308,264,0.81016911188263,0.18983088811737
G2600610,2019-2023,MI,,,Michigan,26,Houghton County,61,,,,,,,,,,,,,,,.,.,,,,,,,,,,,,0500000US26061,,,26061,"Houghton County, Michigan",14251,10147,4104,"Houghton County, Michigan",340,253,353,0.712020209108133,0.287979790891867
G2600630,2019-2023,MI,,,Michigan,26,Huron County,63,,,,,,,,,,,,,,,.,.,,,,,,,,,,,,0500000US26063,,,26063,"Huron County, Michigan",13836,11357,2479,"Huron County, Michigan",219,211,184,0.820829719572131,0.179170280427869
G2600650,2019-2023,MI,,,Michigan,26,Ingham County,65,,,,,,,,,,,,,,,.,.,,,,,,,,,,,,0500000US26065,,,26065,"Ingham County, Michigan",116566,69412,47154,"Ingham County, Michigan",792,1068,1124,0.595473808829333,0.404526191170667
G2600670,2019-2023,MI,,,Michigan,26,Ionia County,67,,,,,,,,,,,,,,,.,.,,,,,,,,,,,,0500000US26067,,,26067,"Ionia County, Michigan",22994,17762,5232,"Ionia County, Michigan",331,517,439,0.772462381490824,0.227537618509176
G2600690,2019-2023,MI,,,Michigan,26,Iosco County,69,,,,,,,,,,,,,,,.,.,,,,,,,,,,,,0500000US26069,,,26069,"Iosco County, Michigan",11449,9491,1958,"Iosco County, Michigan",335,359,227,0.828980697004105,0.171019302995895
G2600710,2019-2023,MI,,,Michigan,26,Iron County,71,,,,,,,,,,,,,,,.,.,,,,,,,,,,,,0500000US26071,,,26071,"Iron County, Michigan",5354,4566,788,"Iron County, Michigan",169,173,138,0.852820321255136,0.147179678744864
G2600730,2019-2023,MI,,,Michigan,26,Isabella County,73,,,,,,,,,,,,,,,.,.,,,,,,,,,,,,0500000US26073,,,26073,"Isabella County, Michigan",24942,15283,9659,"Isabella County, Michigan",374,411,410,0.612741560420175,0.387258439579825
G2600750,2019-2023,MI,,,Michigan,26,Jackson County,75,,,,,,,,,,,,,,,.,.,,,,,,,,,,,,0500000US26075,,,26075,"Jackson County, Michigan",62034,46556,15478,"Jackson County, Michigan",612,764,734,0.750491665860657,0.249508334139343
G2600770,2019-2023,MI,,,Michigan,26,Kalamazoo County,77,,,,,,,,,,,,,,,.,.,,,,,,,,,,,,0500000US26077,,,26077,"Kalamazoo County, Michigan",106251,67948,38303,"Kalamazoo County, Michigan",764,1043,1070,0.639504569368759,0.360495430631241
G2600790,2019-2023,MI,,,Michigan,26,Kalkaska County,79,,,,,,,,,,,,,,,.,.,,,,,,,,,,,,0500000US26079,,,26079,"Kalkaska County, Michigan",7716,6748,968,"Kalkaska County, Michigan",220,211,165,0.874546397096941,0.125453602903059
G2600810,2019-2023,MI,,,Michigan,26,Kent County,81,,,,,,,,,,,,,,,.,.,,,,,,,,,,,,0500000US26081,,,26081,"Kent County, Michigan",254860,179313,75547,"Kent County, Michigan",920,1979,1921,0.703574511496508,0.296425488503492
G2600830,2019-2023,MI,,,Michigan,26,Keweenaw County,83,,,,,,,,,,,,,,,.,.,,,,,,,,,,,,0500000US26083,,,26083,"Keweenaw County, Michigan",1090,1000,90,"Keweenaw County, Michigan",75,72,41,0.917431192660551,0.0825688073394496
G2600850,2019-2023,MI,,,Michigan,26,Lake County,85,,,,,,,,,,,,,,,.,.,,,,,,,,,,,,0500000US26085,,,26085,"Lake County, Michigan",4931,4003,928,"Lake County, Michigan",142,152,126,0.811802879740418,0.188197120259582
G2600870,2019-2023,MI,,,Michigan,26,Lapeer County,87,,,,,,,,,,,,,,,.,.,,,,,,,,,,,,0500000US26087,,,26087,"Lapeer County, Michigan",34479,29644,4835,"Lapeer County, Michigan",354,438,351,0.859769714898924,0.140230285101076
G2600890,2019-2023,MI,,,Michigan,26,Leelanau County,89,,,,,,,,,,,,,,,.,.,,,,,,,,,,,,0500000US26089,,,26089,"Leelanau County, Michigan",9439,8548,891,"Leelanau County, Michigan",314,287,161,0.90560440724653,0.0943955927534697
G2600910,2019-2023,MI,,,Michigan,26,Lenawee County,91,,,,,,,,,,,,,,,.,.,,,,,,,,,,,,0500000US26091,,,26091,"Lenawee County, Michigan",38807,30517,8290,"Lenawee County, Michigan",421,570,568,0.786378746102507,0.213621253897493
G2600930,2019-2023,MI,,,Michigan,26,Livingston County,93,,,,,,,,,,,,,,,.,.,,,,,,,,,,,,0500000US26093,,,26093,"Livingston County, Michigan",75722,65589,10133,"Livingston County, Michigan",408,641,628,0.866181558860041,0.133818441139959
G2600950,2019-2023,MI,,,Michigan,26,Luce County,95,,,,,,,,,,,,,,,.,.,,,,,,,,,,,,0500000US26095,,,26095,"Luce County, Michigan",2404,1891,513,"Luce County, Michigan",130,112,82,0.786605657237937,0.213394342762063
G2600970,2019-2023,MI,,,Michigan,26,Mackinac County,97,,,,,,,,,,,,,,,.,.,,,,,,,,,,,,0500000US26097,,,26097,"Mackinac County, Michigan",5128,3970,1158,"Mackinac County, Michigan",194,173,105,0.77418096723869,0.22581903276131
G2600990,2019-2023,MI,,,Michigan,26,Macomb County,99,,,,,,,,,,,,,,,.,.,,,,,,,,,,,,0500000US26099,,,26099,"Macomb County, Michigan",356426,267161,89265,"Macomb County, Michigan",1000,2013,1910,0.749555307413039,0.250444692586961
G2601010,2019-2023,MI,,,Michigan,26,Manistee County,101,,,,,,,,,,,,,,,.,.,,,,,,,,,,,,0500000US26101,,,26101,"Manistee County, Michigan",10324,8865,1459,"Manistee County, Michigan",262,217,219,0.858678806664084,0.141321193335916
G2601030,2019-2023,MI,,,Michigan,26,Marquette County,103,,,,,,,,,,,,,,,.,.,,,,,,,,,,,,0500000US26103,,,26103,"Marquette County, Michigan",27887,19863,8024,"Marquette County, Michigan",408,504,480,0.712267364721913,0.287732635278087
G2601050,2019-2023,MI,,,Michigan,26,Mason County,105,,,,,,,,,,,,,,,.,.,,,,,,,,,,,,0500000US26105,,,26105,"Mason County, Michigan",12426,9699,2727,"Mason County, Michigan",320,359,259,0.780540801545147,0.219459198454853
G2601070,2019-2023,MI,,,Michigan,26,Mecosta County,107,,,,,,,,,,,,,,,.,.,,,,,,,,,,,,0500000US26107,,,26107,"Mecosta County, Michigan",16312,12383,3929,"Mecosta County, Michigan",309,302,271,0.759134379597842,0.240865620402158
G2601090,2019-2023,MI,,,Michigan,26,Menominee County,109,,,,,,,,,,,,,,,.,.,,,,,,,,,,,,0500000US26109,,,26109,"Menominee County, Michigan",10011,8049,1962,"Menominee County, Michigan",282,290,207,0.804015582858855,0.195984417141145
G2601110,2019-2023,MI,,,Michigan,26,Midland County,111,,,,,,,,,,,,,,,.,.,,,,,,,,,,,,0500000US26111,,,26111,"Midland County, Michigan",34608,27079,7529,"Midland County, Michigan",359,602,584,0.782449144706426,0.217550855293574
G2601130,2019-2023,MI,,,Michigan,26,Missaukee County,113,,,,,,,,,,,,,,,.,.,,,,,,,,,,,,0500000US26113,,,26113,"Missaukee County, Michigan",5750,4811,939,"Missaukee County, Michigan",180,190,126,0.836695652173913,0.163304347826087
G2601150,2019-2023,MI,,,Michigan,26,Monroe County,115,,,,,,,,,,,,,,,.,.,,,,,,,,,,,,0500000US26115,,,26115,"Monroe County, Michigan",62509,50732,11777,"Monroe County, Michigan",561,776,597,0.811595130301237,0.188404869698763
G2601170,2019-2023,MI,,,Michigan,26,Montcalm County,117,,,,,,,,,,,,,,,.,.,,,,,,,,,,,,0500000US26117,,,26117,"Montcalm County, Michigan",24153,19849,4304,"Montcalm County, Michigan",350,423,361,0.82180267461599,0.17819732538401
G2601190,2019-2023,MI,,,Michigan,26,Montmorency County,119,,,,,,,,,,,,,,,.,.,,,,,,,,,,,,0500000US26119,,,26119,"Montmorency County, Michigan",4769,4177,592,"Montmorency County, Michigan",207,184,137,0.8758649612078,0.1241350387922
G2601210,2019-2023,MI,,,Michigan,26,Muskegon County,121,,,,,,,,,,,,,,,.,.,,,,,,,,,,,,0500000US26121,,,26121,"Muskegon County, Michigan",67112,52525,14587,"Muskegon County, Michigan",563,681,734,0.78264691858386,0.21735308141614
G2601230,2019-2023,MI,,,Michigan,26,Newaygo County,123,,,,,,,,,,,,,,,.,.,,,,,,,,,,,,0500000US26123,,,26123,"Newaygo County, Michigan",19428,16787,2641,"Newaygo County, Michigan",307,329,251,0.864062178299362,0.135937821700638
G2601250,2019-2023,MI,,,Michigan,26,Oakland County,125,,,,,,,,,,,,,,,.,.,,,,,,,,,,,,0500000US26125,,,26125,"Oakland County, Michigan",528681,382057,146624,"Oakland County, Michigan",1510,2719,2411,0.722660734923328,0.277339265076672
G2601270,2019-2023,MI,,,Michigan,26,Oceana County,127,,,,,,,,,,,,,,,.,.,,,,,,,,,,,,0500000US26127,,,26127,"Oceana County, Michigan",10247,8723,1524,"Oceana County, Michigan",218,211,163,0.851273543476139,0.148726456523861
G2601290,2019-2023,MI,,,Michigan,26,Ogemaw County,129,,,,,,,,,,,,,,,.,.,,,,,,,,,,,,0500000US26129,,,26129,"Ogemaw County, Michigan",9122,7528,1594,"Ogemaw County, Michigan",223,219,180,0.825257618943214,0.174742381056786
G2601310,2019-2023,MI,,,Michigan,26,Ontonagon County,131,,,,,,,,,,,,,,,.,.,,,,,,,,,,,,0500000US26131,,,26131,"Ontonagon County, Michigan",2978,2599,379,"Ontonagon County, Michigan",117,106,64,0.872733378106112,0.127266621893889
G2601330,2019-2023,MI,,,Michigan,26,Osceola County,133,,,,,,,,,,,,,,,.,.,,,,,,,,,,,,0500000US26133,,,26133,"Osceola County, Michigan",9072,7594,1478,"Osceola County, Michigan",173,170,130,0.837081128747795,0.162918871252205
G2601350,2019-2023,MI,,,Michigan,26,Oscoda County,135,,,,,,,,,,,,,,,.,.,,,,,,,,,,,,0500000US26135,,,26135,"Oscoda County, Michigan",3648,3162,486,"Oscoda County, Michigan",183,160,84,0.866776315789474,0.133223684210526
G2601370,2019-2023,MI,,,Michigan,26,Otsego County,137,,,,,,,,,,,,,,,.,.,,,,,,,,,,,,0500000US26137,,,26137,"Otsego County, Michigan",10996,8577,2419,"Otsego County, Michigan",346,325,302,0.780010913059294,0.219989086940706
G2601390,2019-2023,MI,,,Michigan,26,Ottawa County,139,,,,,,,,,,,,,,,.,.,,,,,,,,,,,,0500000US26139,,,26139,"Ottawa County, Michigan",110019,86362,23657,"Ottawa County, Michigan",682,1089,1008,0.784973504576482,0.215026495423518
G2601410,2019-2023,MI,,,Michigan,26,Presque Isle County,141,,,,,,,,,,,,,,,.,.,,,,,,,,,,,,0500000US26141,,,26141,"Presque Isle County, Michigan",6316,5665,651,"Presque Isle County, Michigan",178,198,124,0.896928435718809,0.103071564281191
G2601430,2019-2023,MI,,,Michigan,26,Roscommon County,143,,,,,,,,,,,,,,,.,.,,,,,,,,,,,,0500000US26143,,,26143,"Roscommon County, Michigan",11475,9679,1796,"Roscommon County, Michigan",391,360,230,0.843485838779956,0.156514161220044
G2601450,2019-2023,MI,,,Michigan,26,Saginaw County,145,,,,,,,,,,,,,,,.,.,,,,,,,,,,,,0500000US26145,,,26145,"Saginaw County, Michigan",77586,57042,20544,"Saginaw County, Michigan",647,938,1010,0.735209960559895,0.264790039440105
G2601470,2019-2023,MI,,,Michigan,26,St. Clair County,147,,,,,,,,,,,,,,,.,.,,,,,,,,,,,,0500000US26147,,,26147,"St. Clair County, Michigan",66618,53655,12963,"St. Clair County, Michigan",617,739,662,0.805412951454562,0.194587048545438
G2601490,2019-2023,MI,,,Michigan,26,St. Joseph County,149,,,,,,,,,,,,,,,.,.,,,,,,,,,,,,0500000US26149,,,26149,"St. Joseph County, Michigan",23610,17743,5867,"St. Joseph County, Michigan",384,411,401,0.75150360016942,0.24849639983058
G2601510,2019-2023,MI,,,Michigan,26,Sanilac County,151,,,,,,,,,,,,,,,.,.,,,,,,,,,,,,0500000US26151,,,26151,"Sanilac County, Michigan",17451,14249,3202,"Sanilac County, Michigan",251,244,228,0.816514812904705,0.183485187095295
G2601530,2019-2023,MI,,,Michigan,26,Schoolcraft County,153,,,,,,,,,,,,,,,.,.,,,,,,,,,,,,0500000US26153,,,26153,"Schoolcraft County, Michigan",3821,3262,559,"Schoolcraft County, Michigan",203,199,124,0.853703219052604,0.146296780947396
G2601550,2019-2023,MI,,,Michigan,26,Shiawassee County,155,,,,,,,,,,,,,,,.,.,,,,,,,,,,,,0500000US26155,,,26155,"Shiawassee County, Michigan",27618,21905,5713,"Shiawassee County, Michigan",417,491,417,0.793142153667898,0.206857846332102
G2601570,2019-2023,MI,,,Michigan,26,Tuscola County,157,,,,,,,,,,,,,,,.,.,,,,,,,,,,,,0500000US26157,,,26157,"Tuscola County, Michigan",21472,18296,3176,"Tuscola County, Michigan",300,307,263,0.852086438152012,0.147913561847988
G2601590,2019-2023,MI,,,Michigan,26,Van Buren County,159,,,,,,,,,,,,,,,.,.,,,,,,,,,,,,0500000US26159,,,26159,"Van Buren County, Michigan",30101,24218,5883,"Van Buren County, Michigan",504,516,460,0.804557988106707,0.195442011893293
G2601610,2019-2023,MI,,,Michigan,26,Washtenaw County,161,,,,,,,,,,,,,,,.,.,,,,,,,,,,,,0500000US26161,,,26161,"Washtenaw County, Michigan",149256,91988,57268,"Washtenaw County, Michigan",827,1191,1180,0.616310232084472,0.383689767915528
G2601630,2019-2023,MI,,,Michigan,26,Wayne County,163,,,,,,,,,,,,,,,.,.,,,,,,,,,,,,0500000US26163,,,26163,"Wayne County, Michigan",693446,447120,246326,"Wayne County, Michigan",1934,3364,2675,0.644779838660833,0.355220161339167
G2601650,2019-2023,MI,,,Michigan,26,Wexford County,165,,,,,,,,,,,,,,,.,.,,,,,,,,,,,,0500000US26165,,,26165,"Wexford County, Michigan",13428,10927,2501,"Wexford County, Michigan",302,287,269,0.813747393506107,0.186252606493893
G2700010,2019-2023,MN,,,Minnesota,27,Aitkin County,1,,,,,,,,,,,,,,,.,.,,,,,,,,,,,,0500000US27001,,,27001,"Aitkin County, Minnesota",6935,5916,1019,"Aitkin County, Minnesota",184,178,99,0.853064167267484,0.146935832732516
G2700030,2019-2023,MN,,,Minnesota,27,Anoka County,3,,,,,,,,,,,,,,,.,.,,,,,,,,,,,,0500000US27003,,,27003,"Anoka County, Minnesota",136171,108888,27283,"Anoka County, Minnesota",518,1133,1092,0.799641627071844,0.200358372928157
G2700050,2019-2023,MN,,,Minnesota,27,Becker County,5,,,,,,,,,,,,,,,.,.,,,,,,,,,,,,0500000US27005,,,27005,"Becker County, Minnesota",14404,11207,3197,"Becker County, Minnesota",247,277,241,0.778047764509858,0.221952235490142
G2700070,2019-2023,MN,,,Minnesota,27,Beltrami County,7,,,,,,,,,,,,,,,.,.,,,,,,,,,,,,0500000US27007,,,27007,"Beltrami County, Minnesota",17908,12441,5467,"Beltrami County, Minnesota",287,393,356,0.694717444717445,0.305282555282555
G2700090,2019-2023,MN,,,Minnesota,27,Benton County,9,,,,,,,,,,,,,,,.,.,,,,,,,,,,,,0500000US27009,,,27009,"Benton County, Minnesota",16494,11192,5302,"Benton County, Minnesota",320,361,340,0.678549775676003,0.321450224323997
G2700110,2019-2023,MN,,,Minnesota,27,Big Stone County,11,,,,,,,,,,,,,,,.,.,,,,,,,,,,,,0500000US27011,,,27011,"Big Stone County, Minnesota",2179,1730,449,"Big Stone County, Minnesota",83,92,83,0.793942175309775,0.206057824690225
G2700130,2019-2023,MN,,,Minnesota,27,Blue Earth County,13,,,,,,,,,,,,,,,.,.,,,,,,,,,,,,0500000US27013,,,27013,"Blue Earth County, Minnesota",27183,16787,10396,"Blue Earth County, Minnesota",381,493,517,0.617555089578045,0.382444910421955
G2700150,2019-2023,MN,,,Minnesota,27,Brown County,15,,,,,,,,,,,,,,,.,.,,,,,,,,,,,,0500000US27015,,,27015,"Brown County, Minnesota",10946,8695,2251,"Brown County, Minnesota",189,246,244,0.794354101955052,0.205645898044948
G2700170,2019-2023,MN,,,Minnesota,27,Carlton County,17,,,,,,,,,,,,,,,.,.,,,,,,,,,,,,0500000US27017,,,27017,"Carlton County, Minnesota",13972,11087,2885,"Carlton County, Minnesota",204,268,280,0.793515602633839,0.206484397366161
G2700190,2019-2023,MN,,,Minnesota,27,Carver County,19,,,,,,,,,,,,,,,.,.,,,,,,,,,,,,0500000US27019,,,27019,"Carver County, Minnesota",40231,32874,7357,"Carver County, Minnesota",282,568,561,0.817131068081827,0.182868931918173
G2700210,2019-2023,MN,,,Minnesota,27,Cass County,21,,,,,,,,,,,,,,,.,.,,,,,,,,,,,,0500000US27021,,,27021,"Cass County, Minnesota",12768,10840,1928,"Cass County, Minnesota",211,183,163,0.848997493734336,0.151002506265664
G2700230,2019-2023,MN,,,Minnesota,27,Chippewa County,23,,,,,,,,,,,,,,,.,.,,,,,,,,,,,,0500000US27023,,,27023,"Chippewa County, Minnesota",5196,3712,1484,"Chippewa County, Minnesota",112,176,181,0.714395688991532,0.285604311008468
G2700250,2019-2023,MN,,,Minnesota,27,Chisago County,25,,,,,,,,,,,,,,,.,.,,,,,,,,,,,,0500000US27025,,,27025,"Chisago County, Minnesota",21252,18200,3052,"Chisago County, Minnesota",245,341,266,0.856389986824769,0.143610013175231
G2700270,2019-2023,MN,,,Minnesota,27,Clay County,27,,,,,,,,,,,,,,,.,.,,,,,,,,,,,,0500000US27027,,,27027,"Clay County, Minnesota",25939,17285,8654,"Clay County, Minnesota",335,458,462,0.666371101430279,0.333628898569721
G2700290,2019-2023,MN,,,Minnesota,27,Clearwater County,29,,,,,,,,,,,,,,,.,.,,,,,,,,,,,,0500000US27029,,,27029,"Clearwater County, Minnesota",3245,2633,612,"Clearwater County, Minnesota",115,97,74,0.811402157164869,0.188597842835131
G2700310,2019-2023,MN,,,Minnesota,27,Cook County,31,,,,,,,,,,,,,,,.,.,,,,,,,,,,,,0500000US27031,,,27031,"Cook County, Minnesota",2700,2150,550,"Cook County, Minnesota",211,160,131,0.796296296296296,0.203703703703704
G2700330,2019-2023,MN,,,Minnesota,27,Cottonwood County,33,,,,,,,,,,,,,,,.,.,,,,,,,,,,,,0500000US27033,,,27033,"Cottonwood County, Minnesota",4659,3544,1115,"Cottonwood County, Minnesota",127,176,159,0.760678257136725,0.239321742863275
G2700350,2019-2023,MN,,,Minnesota,27,Crow Wing County,35,,,,,,,,,,,,,,,.,.,,,,,,,,,,,,0500000US27035,,,27035,"Crow Wing County, Minnesota",28778,22266,6512,"Crow Wing County, Minnesota",376,469,502,0.773716033080826,0.226283966919174
G2700370,2019-2023,MN,,,Minnesota,27,Dakota County,37,,,,,,,,,,,,,,,.,.,,,,,,,,,,,,0500000US27037,,,27037,"Dakota County, Minnesota",171630,129327,42303,"Dakota County, Minnesota",571,1379,1371,0.753522111518965,0.246477888481035
G2700390,2019-2023,MN,,,Minnesota,27,Dodge County,39,,,,,,,,,,,,,,,.,.,,,,,,,,,,,,0500000US27039,,,27039,"Dodge County, Minnesota",8018,7029,989,"Dodge County, Minnesota",151,190,164,0.876652531803442,0.123347468196558
G2700410,2019-2023,MN,,,Minnesota,27,Douglas County,41,,,,,,,,,,,,,,,.,.,,,,,,,,,,,,0500000US27041,,,27041,"Douglas County, Minnesota",17416,13312,4104,"Douglas County, Minnesota",320,308,314,0.764354616444649,0.235645383555351
G2700430,2019-2023,MN,,,Minnesota,27,Faribault County,43,,,,,,,,,,,,,,,.,.,,,,,,,,,,,,0500000US27043,,,27043,"Faribault County, Minnesota",6170,4814,1356,"Faribault County, Minnesota",147,156,152,0.780226904376013,0.219773095623987
G2700450,2019-2023,MN,,,Minnesota,27,Fillmore County,45,,,,,,,,,,,,,,,.,.,,,,,,,,,,,,0500000US27045,,,27045,"Fillmore County, Minnesota",8626,7105,1521,"Fillmore County, Minnesota",116,147,143,0.823672617667517,0.176327382332483
G2700470,2019-2023,MN,,,Minnesota,27,Freeborn County,47,,,,,,,,,,,,,,,.,.,,,,,,,,,,,,0500000US27047,,,27047,"Freeborn County, Minnesota",12885,10221,2664,"Freeborn County, Minnesota",232,255,242,0.793247962747381,0.206752037252619
G2700490,2019-2023,MN,,,Minnesota,27,Goodhue County,49,,,,,,,,,,,,,,,.,.,,,,,,,,,,,,0500000US27049,,,27049,"Goodhue County, Minnesota",19631,15312,4319,"Goodhue County, Minnesota",296,346,416,0.779990830828791,0.220009169171209
G2700510,2019-2023,MN,,,Minnesota,27,Grant County,51,,,,,,,,,,,,,,,.,.,,,,,,,,,,,,0500000US27051,,,27051,"Grant County, Minnesota",2521,1991,530,"Grant County, Minnesota",88,92,62,0.789765965886553,0.210234034113447
G2700530,2019-2023,MN,,,Minnesota,27,Hennepin County,53,,,,,,,,,,,,,,,.,.,,,,,,,,,,,,0500000US27053,,,27053,"Hennepin County, Minnesota",534573,336521,198052,"Hennepin County, Minnesota",1776,2267,2355,0.629513649211614,0.370486350788386
G2700550,2019-2023,MN,,,Minnesota,27,Houston County,55,,,,,,,,,,,,,,,.,.,,,,,,,,,,,,0500000US27055,,,27055,"Houston County, Minnesota",8074,6792,1282,"Houston County, Minnesota",163,185,150,0.84121872677731,0.15878127322269
G2700570,2019-2023,MN,,,Minnesota,27,Hubbard County,57,,,,,,,,,,,,,,,.,.,,,,,,,,,,,,0500000US27057,,,27057,"Hubbard County, Minnesota",8885,7340,1545,"Hubbard County, Minnesota",161,204,190,0.82611142374789,0.17388857625211
G2700590,2019-2023,MN,,,Minnesota,27,Isanti County,59,,,,,,,,,,,,,,,.,.,,,,,,,,,,,,0500000US27059,,,27059,"Isanti County, Minnesota",15875,13300,2575,"Isanti County, Minnesota",232,327,311,0.837795275590551,0.162204724409449
G2700610,2019-2023,MN,,,Minnesota,27,Itasca County,61,,,,,,,,,,,,,,,.,.,,,,,,,,,,,,0500000US27061,,,27061,"Itasca County, Minnesota",18510,15168,3342,"Itasca County, Minnesota",415,363,244,0.819448946515397,0.180551053484603
G2700630,2019-2023,MN,,,Minnesota,27,Jackson County,63,,,,,,,,,,,,,,,.,.,,,,,,,,,,,,0500000US27063,,,27063,"Jackson County, Minnesota",4421,3595,826,"Jackson County, Minnesota",86,132,113,0.813164442433839,0.186835557566162
G2700650,2019-2023,MN,,,Minnesota,27,Kanabec County,65,,,,,,,,,,,,,,,.,.,,,,,,,,,,,,0500000US27065,,,27065,"Kanabec County, Minnesota",6475,5426,1049,"Kanabec County, Minnesota",153,184,125,0.837992277992278,0.162007722007722
G2700670,2019-2023,MN,,,Minnesota,27,Kandiyohi County,67,,,,,,,,,,,,,,,.,.,,,,,,,,,,,,0500000US27067,,,27067,"Kandiyohi County, Minnesota",17450,12590,4860,"Kandiyohi County, Minnesota",307,374,425,0.721489971346705,0.278510028653295
G2700690,2019-2023,MN,,,Minnesota,27,Kittson County,69,,,,,,,,,,,,,,,.,.,,,,,,,,,,,,0500000US27069,,,27069,"Kittson County, Minnesota",1758,1449,309,"Kittson County, Minnesota",65,62,44,0.824232081911263,0.175767918088737
G2700710,2019-2023,MN,,,Minnesota,27,Koochiching County,71,,,,,,,,,,,,,,,.,.,,,,,,,,,,,,0500000US27071,,,27071,"Koochiching County, Minnesota",5710,4683,1027,"Koochiching County, Minnesota",216,236,159,0.820140105078809,0.179859894921191
G2700730,2019-2023,MN,,,Minnesota,27,Lac qui Parle County,73,,,,,,,,,,,,,,,.,.,,,,,,,,,,,,0500000US27073,,,27073,"Lac qui Parle County, Minnesota",2881,2390,491,"Lac qui Parle County, Minnesota",96,97,66,0.829573064908018,0.170426935091982
G2700750,2019-2023,MN,,,Minnesota,27,Lake County,75,,,,,,,,,,,,,,,.,.,,,,,,,,,,,,0500000US27075,,,27075,"Lake County, Minnesota",5030,4225,805,"Lake County, Minnesota",189,184,153,0.839960238568589,0.160039761431412
G2700770,2019-2023,MN,,,Minnesota,27,Lake of the Woods County,77,,,,,,,,,,,,,,,.,.,,,,,,,,,,,,0500000US27077,,,27077,"Lake of the Woods County, Minnesota",1665,1403,262,"Lake of the Woods County, Minnesota",135,103,72,0.842642642642643,0.157357357357357
G2700790,2019-2023,MN,,,Minnesota,27,Le Sueur County,79,,,,,,,,,,,,,,,.,.,,,,,,,,,,,,0500000US27079,,,27079,"Le Sueur County, Minnesota",11499,9309,2190,"Le Sueur County, Minnesota",167,281,286,0.809548656404905,0.190451343595095
G2700810,2019-2023,MN,,,Minnesota,27,Lincoln County,81,,,,,,,,,,,,,,,.,.,,,,,,,,,,,,0500000US27081,,,27081,"Lincoln County, Minnesota",2435,1998,437,"Lincoln County, Minnesota",81,78,63,0.820533880903491,0.179466119096509
G2700830,2019-2023,MN,,,Minnesota,27,Lyon County,83,,,,,,,,,,,,,,,.,.,,,,,,,,,,,,0500000US27083,,,27083,"Lyon County, Minnesota",10003,7057,2946,"Lyon County, Minnesota",215,234,258,0.705488353493952,0.294511646506048
G2700850,2019-2023,MN,,,Minnesota,27,McLeod County,85,,,,,,,,,,,,,,,.,.,,,,,,,,,,,,0500000US27085,,,27085,"McLeod County, Minnesota",14971,11645,3326,"McLeod County, Minnesota",254,338,321,0.777837151826865,0.222162848173135
G2700870,2019-2023,MN,,,Minnesota,27,Mahnomen County,87,,,,,,,,,,,,,,,.,.,,,,,,,,,,,,0500000US27087,,,27087,"Mahnomen County, Minnesota",1871,1356,515,"Mahnomen County, Minnesota",42,58,72,0.724746125066809,0.275253874933191
G2700890,2019-2023,MN,,,Minnesota,27,Marshall County,89,,,,,,,,,,,,,,,.,.,,,,,,,,,,,,0500000US27089,,,27089,"Marshall County, Minnesota",3740,3188,552,"Marshall County, Minnesota",96,82,76,0.8524064171123,0.147593582887701
G2700910,2019-2023,MN,,,Minnesota,27,Martin County,91,,,,,,,,,,,,,,,.,.,,,,,,,,,,,,0500000US27091,,,27091,"Martin County, Minnesota",8840,6399,2441,"Martin County, Minnesota",261,274,280,0.723868778280543,0.276131221719457
G2700930,2019-2023,MN,,,Minnesota,27,Meeker County,93,,,,,,,,,,,,,,,.,.,,,,,,,,,,,,0500000US27093,,,27093,"Meeker County, Minnesota",9141,7404,1737,"Meeker County, Minnesota",191,235,200,0.809977026583525,0.190022973416475
G2700950,2019-2023,MN,,,Minnesota,27,Mille Lacs County,95,,,,,,,,,,,,,,,.,.,,,,,,,,,,,,0500000US27095,,,27095,"Mille Lacs County, Minnesota",10739,8346,2393,"Mille Lacs County, Minnesota",147,233,209,0.777167334016203,0.222832665983797
G2700970,2019-2023,MN,,,Minnesota,27,Morrison County,97,,,,,,,,,,,,,,,.,.,,,,,,,,,,,,0500000US27097,,,27097,"Morrison County, Minnesota",13860,11216,2644,"Morrison County, Minnesota",213,242,242,0.809235209235209,0.190764790764791
G2700990,2019-2023,MN,,,Minnesota,27,Mower County,99,,,,,,,,,,,,,,,.,.,,,,,,,,,,,,0500000US27099,,,27099,"Mower County, Minnesota",15570,11840,3730,"Mower County, Minnesota",267,336,344,0.76043673731535,0.23956326268465
G2701010,2019-2023,MN,,,Minnesota,27,Murray County,101,,,,,,,,,,,,,,,.,.,,,,,,,,,,,,0500000US27101,,,27101,"Murray County, Minnesota",3601,2947,654,"Murray County, Minnesota",116,123,92,0.818383782282699,0.181616217717301
G2701030,2019-2023,MN,,,Minnesota,27,Nicollet County,103,,,,,,,,,,,,,,,.,.,,,,,,,,,,,,0500000US27103,,,27103,"Nicollet County, Minnesota",12984,9381,3603,"Nicollet County, Minnesota",171,282,293,0.722504621072089,0.277495378927911
G2701050,2019-2023,MN,,,Minnesota,27,Nobles County,105,,,,,,,,,,,,,,,.,.,,,,,,,,,,,,0500000US27105,,,27105,"Nobles County, Minnesota",7689,5530,2159,"Nobles County, Minnesota",181,244,215,0.719209259981792,0.280790740018208
G2701070,2019-2023,MN,,,Minnesota,27,Norman County,107,,,,,,,,,,,,,,,.,.,,,,,,,,,,,,0500000US27107,,,27107,"Norman County, Minnesota",2676,2183,493,"Norman County, Minnesota",83,84,69,0.81576980568012,0.18423019431988
G2701090,2019-2023,MN,,,Minnesota,27,Olmsted County,109,,,,,,,,,,,,,,,.,.,,,,,,,,,,,,0500000US27109,,,27109,"Olmsted County, Minnesota",66629,47115,19514,"Olmsted County, Minnesota",576,736,728,0.707124525356827,0.292875474643173
G2701110,2019-2023,MN,,,Minnesota,27,Otter Tail County,111,,,,,,,,,,,,,,,.,.,,,,,,,,,,,,0500000US27111,,,27111,"Otter Tail County, Minnesota",25181,19934,5247,"Otter Tail County, Minnesota",348,394,362,0.791628608871768,0.208371391128232
G2701130,2019-2023,MN,,,Minnesota,27,Pennington County,113,,,,,,,,,,,,,,,.,.,,,,,,,,,,,,0500000US27113,,,27113,"Pennington County, Minnesota",6170,4402,1768,"Pennington County, Minnesota",184,196,199,0.713452188006483,0.286547811993517
G2701150,2019-2023,MN,,,Minnesota,27,Pine County,115,,,,,,,,,,,,,,,.,.,,,,,,,,,,,,0500000US27115,,,27115,"Pine County, Minnesota",11913,9848,2065,"Pine County, Minnesota",215,224,160,0.826659951313691,0.173340048686309
G2701170,2019-2023,MN,,,Minnesota,27,Pipestone County,117,,,,,,,,,,,,,,,.,.,,,,,,,,,,,,0500000US27117,,,27117,"Pipestone County, Minnesota",3971,3235,736,"Pipestone County, Minnesota",145,152,119,0.814656257869554,0.185343742130446
G2701190,2019-2023,MN,,,Minnesota,27,Polk County,119,,,,,,,,,,,,,,,.,.,,,,,,,,,,,,0500000US27119,,,27119,"Polk County, Minnesota",12448,8977,3471,"Polk County, Minnesota",281,259,270,0.721160025706941,0.278839974293059
G2701210,2019-2023,MN,,,Minnesota,27,Pope County,121,,,,,,,,,,,,,,,.,.,,,,,,,,,,,,0500000US27121,,,27121,"Pope County, Minnesota",4987,4122,865,"Pope County, Minnesota",119,115,105,0.826549027471426,0.173450972528574
G2701230,2019-2023,MN,,,Minnesota,27,Ramsey County,123,,,,,,,,,,,,,,,.,.,,,,,,,,,,,,0500000US27123,,,27123,"Ramsey County, Minnesota",219075,133704,85371,"Ramsey County, Minnesota",1061,1491,1440,0.610311537144814,0.389688462855187
G2701250,2019-2023,MN,,,Minnesota,27,Red Lake County,125,,,,,,,,,,,,,,,.,.,,,,,,,,,,,,0500000US27125,,,27125,"Red Lake County, Minnesota",1650,1382,268,"Red Lake County, Minnesota",56,63,53,0.837575757575758,0.162424242424242
G2701270,2019-2023,MN,,,Minnesota,27,Redwood County,127,,,,,,,,,,,,,,,.,.,,,,,,,,,,,,0500000US27127,,,27127,"Redwood County, Minnesota",6156,4905,1251,"Redwood County, Minnesota",153,135,125,0.796783625730994,0.203216374269006
G2701290,2019-2023,MN,,,Minnesota,27,Renville County,129,,,,,,,,,,,,,,,.,.,,,,,,,,,,,,0500000US27129,,,27129,"Renville County, Minnesota",5965,4738,1227,"Renville County, Minnesota",118,125,110,0.794300083822297,0.205699916177703
G2701310,2019-2023,MN,,,Minnesota,27,Rice County,131,,,,,,,,,,,,,,,.,.,,,,,,,,,,,,0500000US27131,,,27131,"Rice County, Minnesota",23345,17714,5631,"Rice County, Minnesota",334,539,473,0.758792032555151,0.241207967444849
G2701330,2019-2023,MN,,,Minnesota,27,Rock County,133,,,,,,,,,,,,,,,.,.,,,,,,,,,,,,0500000US27133,,,27133,"Rock County, Minnesota",3956,3005,951,"Rock County, Minnesota",98,128,102,0.759605662285137,0.240394337714864
G2701350,2019-2023,MN,,,Minnesota,27,Roseau County,135,,,,,,,,,,,,,,,.,.,,,,,,,,,,,,0500000US27135,,,27135,"Roseau County, Minnesota",6058,4897,1161,"Roseau County, Minnesota",153,157,153,0.808352591614394,0.191647408385606
G2701370,2019-2023,MN,,,Minnesota,27,St. Louis County,137,,,,,,,,,,,,,,,.,.,,,,,,,,,,,,0500000US27137,,,27137,"St. Louis County, Minnesota",86264,62085,24179,"St. Louis County, Minnesota",796,912,853,0.71970926458314,0.28029073541686
G2701390,2019-2023,MN,,,Minnesota,27,Scott County,139,,,,,,,,,,,,,,,.,.,,,,,,,,,,,,0500000US27139,,,27139,"Scott County, Minnesota",54238,45724,8514,"Scott County, Minnesota",363,597,558,0.843025185294443,0.156974814705557
G2701410,2019-2023,MN,,,Minnesota,27,Sherburne County,141,,,,,,,,,,,,,,,.,.,,,,,,,,,,,,0500000US27141,,,27141,"Sherburne County, Minnesota",34951,29445,5506,"Sherburne County, Minnesota",406,573,539,0.842465165517439,0.157534834482561
G2701430,2019-2023,MN,,,Minnesota,27,Sibley County,143,,,,,,,,,,,,,,,.,.,,,,,,,,,,,,0500000US27143,,,27143,"Sibley County, Minnesota",5884,4782,1102,"Sibley County, Minnesota",139,174,117,0.812712440516655,0.187287559483345
G2701450,2019-2023,MN,,,Minnesota,27,Stearns County,145,,,,,,,,,,,,,,,.,.,,,,,,,,,,,,0500000US27145,,,27145,"Stearns County, Minnesota",60937,41324,19613,"Stearns County, Minnesota",436,674,714,0.678143000147694,0.321856999852307
G2701470,2019-2023,MN,,,Minnesota,27,Steele County,147,,,,,,,,,,,,,,,.,.,,,,,,,,,,,,0500000US27147,,,27147,"Steele County, Minnesota",15001,11986,3015,"Steele County, Minnesota",193,312,309,0.799013399106726,0.200986600893274
G2701490,2019-2023,MN,,,Minnesota,27,Stevens County,149,,,,,,,,,,,,,,,.,.,,,,,,,,,,,,0500000US27149,,,27149,"Stevens County, Minnesota",3835,2558,1277,"Stevens County, Minnesota",101,117,129,0.667014341590613,0.332985658409387
G2701510,2019-2023,MN,,,Minnesota,27,Swift County,151,,,,,,,,,,,,,,,.,.,,,,,,,,,,,,0500000US27151,,,27151,"Swift County, Minnesota",4134,3072,1062,"Swift County, Minnesota",142,145,138,0.743105950653121,0.25689404934688
G2701530,2019-2023,MN,,,Minnesota,27,Todd County,153,,,,,,,,,,,,,,,.,.,,,,,,,,,,,,0500000US27153,,,27153,"Todd County, Minnesota",10049,8347,1702,"Todd County, Minnesota",216,225,204,0.830629913424221,0.169370086575779
G2701550,2019-2023,MN,,,Minnesota,27,Traverse County,155,,,,,,,,,,,,,,,.,.,,,,,,,,,,,,0500000US27155,,,27155,"Traverse County, Minnesota",1410,1125,285,"Traverse County, Minnesota",68,62,54,0.797872340425532,0.202127659574468
G2701570,2019-2023,MN,,,Minnesota,27,Wabasha County,157,,,,,,,,,,,,,,,.,.,,,,,,,,,,,,0500000US27157,,,27157,"Wabasha County, Minnesota",9129,7450,1679,"Wabasha County, Minnesota",208,205,190,0.816080622193011,0.183919377806989
G2701590,2019-2023,MN,,,Minnesota,27,Wadena County,159,,,,,,,,,,,,,,,.,.,,,,,,,,,,,,0500000US27159,,,27159,"Wadena County, Minnesota",5889,4270,1619,"Wadena County, Minnesota",172,200,201,0.725080658855493,0.274919341144507
G2701610,2019-2023,MN,,,Minnesota,27,Waseca County,161,,,,,,,,,,,,,,,.,.,,,,,,,,,,,,0500000US27161,,,27161,"Waseca County, Minnesota",7505,5950,1555,"Waseca County, Minnesota",110,229,231,0.792804796802132,0.207195203197868
G2701630,2019-2023,MN,,,Minnesota,27,Washington County,163,,,,,,,,,,,,,,,.,.,,,,,,,,,,,,0500000US27163,,,27163,"Washington County, Minnesota",103411,83919,19492,"Washington County, Minnesota",614,1121,1129,0.811509413892139,0.188490586107861
G2701650,2019-2023,MN,,,Minnesota,27,Watonwan County,165,,,,,,,,,,,,,,,.,.,,,,,,,,,,,,0500000US27165,,,27165,"Watonwan County, Minnesota",4314,3373,941,"Watonwan County, Minnesota",151,195,154,0.781872971719982,0.218127028280019
G2701670,2019-2023,MN,,,Minnesota,27,Wilkin County,167,,,,,,,,,,,,,,,.,.,,,,,,,,,,,,0500000US27167,,,27167,"Wilkin County, Minnesota",2691,2144,547,"Wilkin County, Minnesota",125,125,115,0.796729840208101,0.203270159791899
G2701690,2019-2023,MN,,,Minnesota,27,Winona County,169,,,,,,,,,,,,,,,.,.,,,,,,,,,,,,0500000US27169,,,27169,"Winona County, Minnesota",20288,13948,6340,"Winona County, Minnesota",291,353,364,0.6875,0.3125
G2701710,2019-2023,MN,,,Minnesota,27,Wright County,171,,,,,,,,,,,,,,,.,.,,,,,,,,,,,,0500000US27171,,,27171,"Wright County, Minnesota",52757,44451,8306,"Wright County, Minnesota",356,599,573,0.842561176715886,0.157438823284114
G2701730,2019-2023,MN,,,Minnesota,27,Yellow Medicine County,173,,,,,,,,,,,,,,,.,.,,,,,,,,,,,,0500000US27173,,,27173,"Yellow Medicine County, Minnesota",3993,3364,629,"Yellow Medicine County, Minnesota",101,101,74,0.842474330077636,0.157525669922364
G2800010,2019-2023,MS,,,Mississippi,28,Adams County,1,,,,,,,,,,,,,,,.,.,,,,,,,,,,,,0500000US28001,,,28001,"Adams County, Mississippi",11573,7691,3882,"Adams County, Mississippi",528,406,447,0.664564071545839,0.335435928454161
G2800030,2019-2023,MS,,,Mississippi,28,Alcorn County,3,,,,,,,,,,,,,,,.,.,,,,,,,,,,,,0500000US28003,,,28003,"Alcorn County, Mississippi",14281,9340,4941,"Alcorn County, Mississippi",330,462,512,0.654015825222323,0.345984174777677
G2800050,2019-2023,MS,,,Mississippi,28,Amite County,5,,,,,,,,,,,,,,,.,.,,,,,,,,,,,,0500000US28005,,,28005,"Amite County, Mississippi",5862,4880,982,"Amite County, Mississippi",295,364,265,0.832480382122143,0.167519617877857
G2800070,2019-2023,MS,,,Mississippi,28,Attala County,7,,,,,,,,,,,,,,,.,.,,,,,,,,,,,,0500000US28007,,,28007,"Attala County, Mississippi",6467,4953,1514,"Attala County, Mississippi",253,225,203,0.765888356270295,0.234111643729705
G2800090,2019-2023,MS,,,Mississippi,28,Benton County,9,,,,,,,,,,,,,,,.,.,,,,,,,,,,,,0500000US28009,,,28009,"Benton County, Mississippi",3027,2521,506,"Benton County, Mississippi",209,199,134,0.832837793194582,0.167162206805418
G2800110,2019-2023,MS,,,Mississippi,28,Bolivar County,11,,,,,,,,,,,,,,,.,.,,,,,,,,,,,,0500000US28011,,,28011,"Bolivar County, Mississippi",11907,7258,4649,"Bolivar County, Mississippi",293,335,346,0.609557403208197,0.390442596791803
G2800130,2019-2023,MS,,,Mississippi,28,Calhoun County,13,,,,,,,,,,,,,,,.,.,,,,,,,,,,,,0500000US28013,,,28013,"Calhoun County, Mississippi",5696,4161,1535,"Calhoun County, Mississippi",167,186,207,0.730512640449438,0.269487359550562
G2800150,2019-2023,MS,,,Mississippi,28,Carroll County,15,,,,,,,,,,,,,,,.,.,,,,,,,,,,,,0500000US28015,,,28015,"Carroll County, Mississippi",4205,3357,848,"Carroll County, Mississippi",244,275,252,0.79833531510107,0.20166468489893
G2800170,2019-2023,MS,,,Mississippi,28,Chickasaw County,17,,,,,,,,,,,,,,,.,.,,,,,,,,,,,,0500000US28017,,,28017,"Chickasaw County, Mississippi",6681,4492,2189,"Chickasaw County, Mississippi",231,254,285,0.67235443795839,0.327645562041611
G2800190,2019-2023,MS,,,Mississippi,28,Choctaw County,19,,,,,,,,,,,,,,,.,.,,,,,,,,,,,,0500000US28019,,,28019,"Choctaw County, Mississippi",3450,2770,680,"Choctaw County, Mississippi",169,195,134,0.802898550724638,0.197101449275362
G2800210,2019-2023,MS,,,Mississippi,28,Claiborne County,21,,,,,,,,,,,,,,,.,.,,,,,,,,,,,,0500000US28021,,,28021,"Claiborne County, Mississippi",2836,2132,704,"Claiborne County, Mississippi",175,193,185,0.751763046544429,0.248236953455571
G2800230,2019-2023,MS,,,Mississippi,28,Clarke County,23,,,,,,,,,,,,,,,.,.,,,,,,,,,,,,0500000US28023,,,28023,"Clarke County, Mississippi",6246,5250,996,"Clarke County, Mississippi",208,268,222,0.840537944284342,0.159462055715658
G2800250,2019-2023,MS,,,Mississippi,28,Clay County,25,,,,,,,,,,,,,,,.,.,,,,,,,,,,,,0500000US28025,,,28025,"Clay County, Mississippi",7728,5465,2263,"Clay County, Mississippi",277,255,289,0.707168737060041,0.292831262939959
G2800270,2019-2023,MS,,,Mississippi,28,Coahoma County,27,,,,,,,,,,,,,,,.,.,,,,,,,,,,,,0500000US28027,,,28027,"Coahoma County, Mississippi",8463,4399,4064,"Coahoma County, Mississippi",292,264,324,0.519792035921068,0.480207964078932
G2800290,2019-2023,MS,,,Mississippi,28,Copiah County,29,,,,,,,,,,,,,,,.,.,,,,,,,,,,,,0500000US28029,,,28029,"Copiah County, Mississippi",9906,7337,2569,"Copiah County, Mississippi",301,416,361,0.740662224914193,0.259337775085807
G2800310,2019-2023,MS,,,Mississippi,28,Covington County,31,,,,,,,,,,,,,,,.,.,,,,,,,,,,,,0500000US28031,,,28031,"Covington County, Mississippi",7079,5379,1700,"Covington County, Mississippi",2348,2016,544,0.759853086594152,0.240146913405848
G2800330,2019-2023,MS,,,Mississippi,28,DeSoto County,33,,,,,,,,,,,,,,,.,.,,,,,,,,,,,,0500000US28033,,,28033,"DeSoto County, Mississippi",69327,53934,15393,"DeSoto County, Mississippi",571,999,992,0.777965294906746,0.222034705093254
G2800350,2019-2023,MS,,,Mississippi,28,Forrest County,35,,,,,,,,,,,,,,,.,.,,,,,,,,,,,,0500000US28035,,,28035,"Forrest County, Mississippi",29722,16964,12758,"Forrest County, Mississippi",474,579,509,0.570755669201265,0.429244330798735
G2800370,2019-2023,MS,,,Mississippi,28,Franklin County,37,,,,,,,,,,,,,,,.,.,,,,,,,,,,,,0500000US28037,,,28037,"Franklin County, Mississippi",2949,2360,589,"Franklin County, Mississippi",222,207,156,0.800271278399457,0.199728721600543
G2800390,2019-2023,MS,,,Mississippi,28,George County,39,,,,,,,,,,,,,,,.,.,,,,,,,,,,,,0500000US28039,,,28039,"George County, Mississippi",9195,7688,1507,"George County, Mississippi",253,297,317,0.83610657966286,0.16389342033714
G2800410,2019-2023,MS,,,Mississippi,28,Greene County,41,,,,,,,,,,,,,,,.,.,,,,,,,,,,,,0500000US28041,,,28041,"Greene County, Mississippi",3818,2979,839,"Greene County, Mississippi",266,298,266,0.780251440544788,0.219748559455212
G2800430,2019-2023,MS,,,Mississippi,28,Grenada County,43,,,,,,,,,,,,,,,.,.,,,,,,,,,,,,0500000US28043,,,28043,"Grenada County, Mississippi",8535,5370,3165,"Grenada County, Mississippi",315,484,427,0.629173989455185,0.370826010544815
G2800450,2019-2023,MS,,,Mississippi,28,Hancock County,45,,,,,,,,,,,,,,,.,.,,,,,,,,,,,,0500000US28045,,,28045,"Hancock County, Mississippi",19911,15678,4233,"Hancock County, Mississippi",491,500,543,0.787403947566672,0.212596052433328
G2800470,2019-2023,MS,,,Mississippi,28,Harrison County,47,,,,,,,,,,,,,,,.,.,,,,,,,,,,,,0500000US28047,,,28047,"Harrison County, Mississippi",81214,49207,32007,"Harrison County, Mississippi",795,1309,1224,0.605893072622947,0.394106927377053
G2800490,2019-2023,MS,,,Mississippi,28,Hinds County,49,,,,,,,,,,,,,,,.,.,,,,,,,,,,,,0500000US28049,,,28049,"Hinds County, Mississippi",89720,51934,37786,"Hinds County, Mississippi",754,966,1012,0.578845296477931,0.421154703522069
G2800510,2019-2023,MS,,,Mississippi,28,Holmes County,51,,,,,,,,,,,,,,,.,.,,,,,,,,,,,,0500000US28051,,,28051,"Holmes County, Mississippi",6003,3635,2368,"Holmes County, Mississippi",187,231,292,0.605530568049309,0.394469431950691
G2800530,2019-2023,MS,,,Mississippi,28,Humphreys County,53,,,,,,,,,,,,,,,.,.,,,,,,,,,,,,0500000US28053,,,28053,"Humphreys County, Mississippi",3003,1792,1211,"Humphreys County, Mississippi",154,139,186,0.596736596736597,0.403263403263403
G2800550,2019-2023,MS,,,Mississippi,28,Issaquena County,55,,,,,,,,,,,,,,,.,.,,,,,,,,,,,,0500000US28055,,,28055,"Issaquena County, Mississippi",376,238,138,"Issaquena County, Mississippi",66,56,52,0.632978723404255,0.367021276595745
G2800570,2019-2023,MS,,,Mississippi,28,Itawamba County,57,,,,,,,,,,,,,,,.,.,,,,,,,,,,,,0500000US28057,,,28057,"Itawamba County, Mississippi",9224,7318,1906,"Itawamba County, Mississippi",305,380,329,0.793365134431917,0.206634865568083
G2800590,2019-2023,MS,,,Mississippi,28,Jackson County,59,,,,,,,,,,,,,,,.,.,,,,,,,,,,,,0500000US28059,,,28059,"Jackson County, Mississippi",57027,41043,15984,"Jackson County, Mississippi",597,1080,1047,0.719711715503183,0.280288284496817
G2800610,2019-2023,MS,,,Mississippi,28,Jasper County,61,,,,,,,,,,,,,,,.,.,,,,,,,,,,,,0500000US28061,,,28061,"Jasper County, Mississippi",6390,5316,1074,"Jasper County, Mississippi",302,354,270,0.831924882629108,0.168075117370892
G2800630,2019-2023,MS,,,Mississippi,28,Jefferson County,63,,,,,,,,,,,,,,,.,.,,,,,,,,,,,,0500000US28063,,,28063,"Jefferson County, Mississippi",2372,1870,502,"Jefferson County, Mississippi",195,225,171,0.788364249578415,0.211635750421585
G2800650,2019-2023,MS,,,Mississippi,28,Jefferson Davis County,65,,,,,,,,,,,,,,,.,.,,,,,,,,,,,,0500000US28065,,,28065,"Jefferson Davis County, Mississippi",4383,3582,801,"Jefferson Davis County, Mississippi",224,233,214,0.817248459958932,0.182751540041068
G2800670,2019-2023,MS,,,Mississippi,28,Jones County,67,,,,,,,,,,,,,,,.,.,,,,,,,,,,,,0500000US28067,,,28067,"Jones County, Mississippi",24600,18150,6450,"Jones County, Mississippi",622,645,578,0.737804878048781,0.26219512195122
G2800690,2019-2023,MS,,,Mississippi,28,Kemper County,69,,,,,,,,,,,,,,,.,.,,,,,,,,,,,,0500000US28069,,,28069,"Kemper County, Mississippi",3209,2489,720,"Kemper County, Mississippi",178,173,195,0.775631037706451,0.224368962293549
G2800710,2019-2023,MS,,,Mississippi,28,Lafayette County,71,,,,,,,,,,,,,,,.,.,,,,,,,,,,,,0500000US28071,,,28071,"Lafayette County, Mississippi",18510,11704,6806,"Lafayette County, Mississippi",628,503,576,0.632306861156132,0.367693138843868
G2800730,2019-2023,MS,,,Mississippi,28,Lamar County,73,,,,,,,,,,,,,,,.,.,,,,,,,,,,,,0500000US28073,,,28073,"Lamar County, Mississippi",25053,17068,7985,"Lamar County, Mississippi",425,555,618,0.681275695525486,0.318724304474514
G2800750,2019-2023,MS,,,Mississippi,28,Lauderdale County,75,,,,,,,,,,,,,,,.,.,,,,,,,,,,,,0500000US28075,,,28075,"Lauderdale County, Mississippi",28553,18053,10500,"Lauderdale County, Mississippi",533,643,622,0.632262809512135,0.367737190487865
G2800770,2019-2023,MS,,,Mississippi,28,Lawrence County,77,,,,,,,,,,,,,,,.,.,,,,,,,,,,,,0500000US28077,,,28077,"Lawrence County, Mississippi",4323,3530,793,"Lawrence County, Mississippi",242,274,211,0.816562572287763,0.183437427712237
G2800790,2019-2023,MS,,,Mississippi,28,Leake County,79,,,,,,,,,,,,,,,.,.,,,,,,,,,,,,0500000US28079,,,28079,"Leake County, Mississippi",7384,5601,1783,"Leake County, Mississippi",262,267,266,0.75853196099675,0.24146803900325
G2800810,2019-2023,MS,,,Mississippi,28,Lee County,81,,,,,,,,,,,,,,,.,.,,,,,,,,,,,,0500000US28081,,,28081,"Lee County, Mississippi",31823,22347,9476,"Lee County, Mississippi",535,638,660,0.702227948339252,0.297772051660749
G2800830,2019-2023,MS,,,Mississippi,28,Leflore County,83,,,,,,,,,,,,,,,.,.,,,,,,,,,,,,0500000US28083,,,28083,"Leflore County, Mississippi",9973,5391,4582,"Leflore County, Mississippi",343,400,448,0.540559510678833,0.459440489321167
G2800850,2019-2023,MS,,,Mississippi,28,Lincoln County,85,,,,,,,,,,,,,,,.,.,,,,,,,,,,,,0500000US28085,,,28085,"Lincoln County, Mississippi",13026,9614,3412,"Lincoln County, Mississippi",323,443,422,0.738062336864732,0.261937663135268
G2800870,2019-2023,MS,,,Mississippi,28,Lowndes County,87,,,,,,,,,,,,,,,.,.,,,,,,,,,,,,0500000US28087,,,28087,"Lowndes County, Mississippi",22829,14224,8605,"Lowndes County, Mississippi",505,504,583,0.623067151430198,0.376932848569802
G2800890,2019-2023,MS,,,Mississippi,28,Madison County,89,,,,,,,,,,,,,,,.,.,,,,,,,,,,,,0500000US28089,,,28089,"Madison County, Mississippi",43097,30774,12323,"Madison County, Mississippi",572,810,903,0.714063623918138,0.285936376081862
G2800910,2019-2023,MS,,,Mississippi,28,Marion County,91,,,,,,,,,,,,,,,.,.,,,,,,,,,,,,0500000US28091,,,28091,"Marion County, Mississippi",9199,7192,2007,"Marion County, Mississippi",313,413,329,0.781824111316448,0.218175888683553
G2800930,2019-2023,MS,,,Mississippi,28,Marshall County,93,,,,,,,,,,,,,,,.,.,,,,,,,,,,,,0500000US28093,,,28093,"Marshall County, Mississippi",12798,9817,2981,"Marshall County, Mississippi",373,412,380,0.767072980153149,0.232927019846851
G2800950,2019-2023,MS,,,Mississippi,28,Monroe County,95,,,,,,,,,,,,,,,.,.,,,,,,,,,,,,0500000US28095,,,28095,"Monroe County, Mississippi",13673,10482,3191,"Monroe County, Mississippi",436,442,438,0.766620346668617,0.233379653331383
G2800970,2019-2023,MS,,,Mississippi,28,Montgomery County,97,,,,,,,,,,,,,,,.,.,,,,,,,,,,,,0500000US28097,,,28097,"Montgomery County, Mississippi",3787,2732,1055,"Montgomery County, Mississippi",233,223,232,0.721415368365461,0.278584631634539
G2800990,2019-2023,MS,,,Mississippi,28,Neshoba County,99,,,,,,,,,,,,,,,.,.,,,,,,,,,,,,0500000US28099,,,28099,"Neshoba County, Mississippi",10285,7745,2540,"Neshoba County, Mississippi",296,331,323,0.753038405444823,0.246961594555177
G2801010,2019-2023,MS,,,Mississippi,28,Newton County,101,,,,,,,,,,,,,,,.,.,,,,,,,,,,,,0500000US28101,,,28101,"Newton County, Mississippi",7697,6073,1624,"Newton County, Mississippi",291,332,252,0.789008704690139,0.210991295309861
G2801030,2019-2023,MS,,,Mississippi,28,Noxubee County,103,,,,,,,,,,,,,,,.,.,,,,,,,,,,,,0500000US28103,,,28103,"Noxubee County, Mississippi",3786,2869,917,"Noxubee County, Mississippi",268,286,191,0.757791864764923,0.242208135235077
G2801050,2019-2023,MS,,,Mississippi,28,Oktibbeha County,105,,,,,,,,,,,,,,,.,.,,,,,,,,,,,,0500000US28105,,,28105,"Oktibbeha County, Mississippi",21300,10125,11175,"Oktibbeha County, Mississippi",517,505,620,0.475352112676056,0.524647887323944
G2801070,2019-2023,MS,,,Mississippi,28,Panola County,107,,,,,,,,,,,,,,,.,.,,,,,,,,,,,,0500000US28107,,,28107,"Panola County, Mississippi",12382,8525,3857,"Panola County, Mississippi",441,563,544,0.688499434663221,0.311500565336779
G2801090,2019-2023,MS,,,Mississippi,28,Pearl River County,109,,,,,,,,,,,,,,,.,.,,,,,,,,,,,,0500000US28109,,,28109,"Pearl River County, Mississippi",21489,17804,3685,"Pearl River County, Mississippi",497,600,483,0.828516915631253,0.171483084368747
G2801110,2019-2023,MS,,,Mississippi,28,Perry County,111,,,,,,,,,,,,,,,.,.,,,,,,,,,,,,0500000US28111,,,28111,"Perry County, Mississippi",4552,3644,908,"Perry County, Mississippi",212,280,214,0.800527240773287,0.199472759226714
G2801130,2019-2023,MS,,,Mississippi,28,Pike County,113,,,,,,,,,,,,,,,.,.,,,,,,,,,,,,0500000US28113,,,28113,"Pike County, Mississippi",15226,10187,5039,"Pike County, Mississippi",518,533,547,0.669052935767766,0.330947064232234
G2801150,2019-2023,MS,,,Mississippi,28,Pontotoc County,115,,,,,,,,,,,,,,,.,.,,,,,,,,,,,,0500000US28115,,,28115,"Pontotoc County, Mississippi",11682,8242,3440,"Pontotoc County, Mississippi",369,472,433,0.7055298750214,0.2944701249786
G2801170,2019-2023,MS,,,Mississippi,28,Prentiss County,117,,,,,,,,,,,,,,,.,.,,,,,,,,,,,,0500000US28117,,,28117,"Prentiss County, Mississippi",9363,7388,1975,"Prentiss County, Mississippi",310,391,340,0.789063334401367,0.210936665598633
G2801190,2019-2023,MS,,,Mississippi,28,Quitman County,119,,,,,,,,,,,,,,,.,.,,,,,,,,,,,,0500000US28119,,,28119,"Quitman County, Mississippi",2653,1641,1012,"Quitman County, Mississippi",113,119,151,0.618545043347154,0.381454956652846
G2801210,2019-2023,MS,,,Mississippi,28,Rankin County,121,,,,,,,,,,,,,,,.,.,,,,,,,,,,,,0500000US28121,,,28121,"Rankin County, Mississippi",59624,46278,13346,"Rankin County, Mississippi",604,1103,1014,0.776163960821146,0.223836039178854
G2801230,2019-2023,MS,,,Mississippi,28,Scott County,123,,,,,,,,,,,,,,,.,.,,,,,,,,,,,,0500000US28123,,,28123,"Scott County, Mississippi",9668,6953,2715,"Scott County, Mississippi",350,510,429,0.719176665287547,0.280823334712453
G2801250,2019-2023,MS,,,Mississippi,28,Sharkey County,125,,,,,,,,,,,,,,,.,.,,,,,,,,,,,,0500000US28125,,,28125,"Sharkey County, Mississippi",1400,881,519,"Sharkey County, Mississippi",107,128,117,0.629285714285714,0.370714285714286
G2801270,2019-2023,MS,,,Mississippi,28,Simpson County,127,,,,,,,,,,,,,,,.,.,,,,,,,,,,,,0500000US28127,,,28127,"Simpson County, Mississippi",9573,7704,1869,"Simpson County, Mississippi",364,368,300,0.804763397054215,0.195236602945785
G2801290,2019-2023,MS,,,Mississippi,28,Smith County,129,,,,,,,,,,,,,,,.,.,,,,,,,,,,,,0500000US28129,,,28129,"Smith County, Mississippi",5397,4660,737,"Smith County, Mississippi",228,286,189,0.863442653325922,0.136557346674078
G2801310,2019-2023,MS,,,Mississippi,28,Stone County,131,,,,,,,,,,,,,,,.,.,,,,,,,,,,,,0500000US28131,,,28131,"Stone County, Mississippi",6616,5295,1321,"Stone County, Mississippi",293,332,284,0.800332527206772,0.199667472793229
G2801330,2019-2023,MS,,,Mississippi,28,Sunflower County,133,,,,,,,,,,,,,,,.,.,,,,,,,,,,,,0500000US28133,,,28133,"Sunflower County, Mississippi",8058,4536,3522,"Sunflower County, Mississippi",261,325,333,0.562918838421445,0.437081161578556
G2801350,2019-2023,MS,,,Mississippi,28,Tallahatchie County,135,,,,,,,,,,,,,,,.,.,,,,,,,,,,,,0500000US28135,,,28135,"Tallahatchie County, Mississippi",4322,2892,1430,"Tallahatchie County, Mississippi",200,237,253,0.669134659879685,0.330865340120315
G2801370,2019-2023,MS,,,Mississippi,28,Tate County,137,,,,,,,,,,,,,,,.,.,,,,,,,,,,,,0500000US28137,,,28137,"Tate County, Mississippi",10720,7819,2901,"Tate County, Mississippi",285,372,442,0.729384328358209,0.270615671641791
G2801390,2019-2023,MS,,,Mississippi,28,Tippah County,139,,,,,,,,,,,,,,,.,.,,,,,,,,,,,,0500000US28139,,,28139,"Tippah County, Mississippi",7896,6013,1883,"Tippah County, Mississippi",321,398,386,0.761524822695035,0.238475177304965
G2801410,2019-2023,MS,,,Mississippi,28,Tishomingo County,141,,,,,,,,,,,,,,,.,.,,,,,,,,,,,,0500000US28141,,,28141,"Tishomingo County, Mississippi",8633,6702,1931,"Tishomingo County, Mississippi",260,303,302,0.776323410170277,0.223676589829723
G2801430,2019-2023,MS,,,Mississippi,28,Tunica County,143,,,,,,,,,,,,,,,.,.,,,,,,,,,,,,0500000US28143,,,28143,"Tunica County, Mississippi",3600,1468,2132,"Tunica County, Mississippi",240,199,224,0.407777777777778,0.592222222222222
G2801450,2019-2023,MS,,,Mississippi,28,Union County,145,,,,,,,,,,,,,,,.,.,,,,,,,,,,,,0500000US28145,,,28145,"Union County, Mississippi",10000,7477,2523,"Union County, Mississippi",344,353,332,0.7477,0.2523
G2801470,2019-2023,MS,,,Mississippi,28,Walthall County,147,,,,,,,,,,,,,,,.,.,,,,,,,,,,,,0500000US28147,,,28147,"Walthall County, Mississippi",5400,4278,1122,"Walthall County, Mississippi",338,383,315,0.792222222222222,0.207777777777778
G2801490,2019-2023,MS,,,Mississippi,28,Warren County,149,,,,,,,,,,,,,,,.,.,,,,,,,,,,,,0500000US28149,,,28149,"Warren County, Mississippi",16816,11974,4842,"Warren County, Mississippi",402,564,507,0.712059942911513,0.287940057088487
G2801510,2019-2023,MS,,,Mississippi,28,Washington County,151,,,,,,,,,,,,,,,.,.,,,,,,,,,,,,0500000US28151,,,28151,"Washington County, Mississippi",17227,9777,7450,"Washington County, Mississippi",377,408,433,0.567539327799385,0.432460672200615
G2801530,2019-2023,MS,,,Mississippi,28,Wayne County,153,,,,,,,,,,,,,,,.,.,,,,,,,,,,,,0500000US28153,,,28153,"Wayne County, Mississippi",7446,6576,870,"Wayne County, Mississippi",343,356,211,0.883158742949235,0.116841257050766
G2801550,2019-2023,MS,,,Mississippi,28,Webster County,155,,,,,,,,,,,,,,,.,.,,,,,,,,,,,,0500000US28155,,,28155,"Webster County, Mississippi",4101,3199,902,"Webster County, Mississippi",216,217,181,0.780053645452329,0.219946354547671
G2801570,2019-2023,MS,,,Mississippi,28,Wilkinson County,157,,,,,,,,,,,,,,,.,.,,,,,,,,,,,,0500000US28157,,,28157,"Wilkinson County, Mississippi",3436,2713,723,"Wilkinson County, Mississippi",296,327,261,0.789580908032596,0.210419091967404
G2801590,2019-2023,MS,,,Mississippi,28,Winston County,159,,,,,,,,,,,,,,,.,.,,,,,,,,,,,,0500000US28159,,,28159,"Winston County, Mississippi",7070,4929,2141,"Winston County, Mississippi",249,292,272,0.697171145685997,0.302828854314003
G2801610,2019-2023,MS,,,Mississippi,28,Yalobusha County,161,,,,,,,,,,,,,,,.,.,,,,,,,,,,,,0500000US28161,,,28161,"Yalobusha County, Mississippi",5037,3541,1496,"Yalobusha County, Mississippi",257,264,279,0.702997816160413,0.297002183839587
G2801630,2019-2023,MS,,,Mississippi,28,Yazoo County,163,,,,,,,,,,,,,,,.,.,,,,,,,,,,,,0500000US28163,,,28163,"Yazoo County, Mississippi",8892,4920,3972,"Yazoo County, Mississippi",353,389,363,0.553306342780027,0.446693657219973
G2900010,2019-2023,MO,,,Missouri,29,Adair County,1,,,,,,,,,,,,,,,.,.,,,,,,,,,,,,0500000US29001,,,29001,"Adair County, Missouri",8911,5399,3512,"Adair County, Missouri",306,282,317,0.605880372573224,0.394119627426776
G2900030,2019-2023,MO,,,Missouri,29,Andrew County,3,,,,,,,,,,,,,,,.,.,,,,,,,,,,,,0500000US29003,,,29003,"Andrew County, Missouri",6975,5368,1607,"Andrew County, Missouri",150,242,233,0.769605734767025,0.230394265232975
G2900050,2019-2023,MO,,,Missouri,29,Atchison County,5,,,,,,,,,,,,,,,.,.,,,,,,,,,,,,0500000US29005,,,29005,"Atchison County, Missouri",2295,1690,605,"Atchison County, Missouri",86,103,80,0.736383442265795,0.263616557734205
G2900070,2019-2023,MO,,,Missouri,29,Audrain County,7,,,,,,,,,,,,,,,.,.,,,,,,,,,,,,0500000US29007,,,29007,"Audrain County, Missouri",8991,6540,2451,"Audrain County, Missouri",229,298,319,0.727394060727394,0.272605939272606
G2900090,2019-2023,MO,,,Missouri,29,Barry County,9,,,,,,,,,,,,,,,.,.,,,,,,,,,,,,0500000US29009,,,29009,"Barry County, Missouri",13360,10007,3353,"Barry County, Missouri",414,459,398,0.749026946107784,0.250973053892216
G2900110,2019-2023,MO,,,Missouri,29,Barton County,11,,,,,,,,,,,,,,,.,.,,,,,,,,,,,,0500000US29011,,,29011,"Barton County, Missouri",4425,3081,1344,"Barton County, Missouri",203,221,218,0.696271186440678,0.303728813559322
G2900130,2019-2023,MO,,,Missouri,29,Bates County,13,,,,,,,,,,,,,,,.,.,,,,,,,,,,,,0500000US29013,,,29013,"Bates County, Missouri",5975,4322,1653,"Bates County, Missouri",215,244,250,0.723347280334728,0.276652719665272
G2900150,2019-2023,MO,,,Missouri,29,Benton County,15,,,,,,,,,,,,,,,.,.,,,,,,,,,,,,0500000US29015,,,29015,"Benton County, Missouri",8166,6837,1329,"Benton County, Missouri",310,314,231,0.837252020573108,0.162747979426892
G2900170,2019-2023,MO,,,Missouri,29,Bollinger County,17,,,,,,,,,,,,,,,.,.,,,,,,,,,,,,0500000US29017,,,29017,"Bollinger County, Missouri",3887,3113,774,"Bollinger County, Missouri",191,210,158,0.800874710573707,0.199125289426293
G2900190,2019-2023,MO,,,Missouri,29,Boone County,19,,,,,,,,,,,,,,,.,.,,,,,,,,,,,,0500000US29019,,,29019,"Boone County, Missouri",75084,43636,31448,"Boone County, Missouri",748,886,1065,0.581162431410154,0.418837568589846
G2900210,2019-2023,MO,,,Missouri,29,Buchanan County,21,,,,,,,,,,,,,,,.,.,,,,,,,,,,,,0500000US29021,,,29021,"Buchanan County, Missouri",33398,21674,11724,"Buchanan County, Missouri",464,718,693,0.648961015629679,0.351038984370322
G2900230,2019-2023,MO,,,Missouri,29,Butler County,23,,,,,,,,,,,,,,,.,.,,,,,,,,,,,,0500000US29023,,,29023,"Butler County, Missouri",16490,10717,5773,"Butler County, Missouri",420,568,527,0.64990903577926,0.35009096422074
G2900250,2019-2023,MO,,,Missouri,29,Caldwell County,25,,,,,,,,,,,,,,,.,.,,,,,,,,,,,,0500000US29025,,,29025,"Caldwell County, Missouri",3591,2907,684,"Caldwell County, Missouri",105,122,87,0.80952380952381,0.19047619047619
G2900270,2019-2023,MO,,,Missouri,29,Callaway County,27,,,,,,,,,,,,,,,.,.,,,,,,,,,,,,0500000US29027,,,29027,"Callaway County, Missouri",16203,12370,3833,"Callaway County, Missouri",431,451,358,0.763438869345183,0.236561130654817
G2900290,2019-2023,MO,,,Missouri,29,Camden County,29,,,,,,,,,,,,,,,.,.,,,,,,,,,,,,0500000US29029,,,29029,"Camden County, Missouri",17170,14271,2899,"Camden County, Missouri",638,514,435,0.831158998252766,0.168841001747234
G2900310,2019-2023,MO,,,Missouri,29,Cape Girardeau County,31,,,,,,,,,,,,,,,.,.,,,,,,,,,,,,0500000US29031,,,29031,"Cape Girardeau County, Missouri",32544,21463,11081,"Cape Girardeau County, Missouri",498,539,627,0.659507128810226,0.340492871189774
G2900330,2019-2023,MO,,,Missouri,29,Carroll County,33,,,,,,,,,,,,,,,.,.,,,,,,,,,,,,0500000US29033,,,29033,"Carroll County, Missouri",3443,2499,944,"Carroll County, Missouri",169,202,174,0.725820505373221,0.274179494626779
G2900350,2019-2023,MO,,,Missouri,29,Carter County,35,,,,,,,,,,,,,,,.,.,,,,,,,,,,,,0500000US29035,,,29035,"Carter County, Missouri",1965,1259,706,"Carter County, Missouri",155,196,200,0.640712468193384,0.359287531806616
G2900370,2019-2023,MO,,,Missouri,29,Cass County,37,,,,,,,,,,,,,,,.,.,,,,,,,,,,,,0500000US29037,,,29037,"Cass County, Missouri",42311,32111,10200,"Cass County, Missouri",476,811,758,0.758927938361183,0.241072061638817
G2900390,2019-2023,MO,,,Missouri,29,Cedar County,39,,,,,,,,,,,,,,,.,.,,,,,,,,,,,,0500000US29039,,,29039,"Cedar County, Missouri",5636,4167,1469,"Cedar County, Missouri",279,315,239,0.739354151880767,0.260645848119234
G2900410,2019-2023,MO,,,Missouri,29,Chariton County,41,,,,,,,,,,,,,,,.,.,,,,,,,,,,,,0500000US29041,,,29041,"Chariton County, Missouri",2655,2148,507,"Chariton County, Missouri",129,113,94,0.809039548022599,0.190960451977401
G2900430,2019-2023,MO,,,Missouri,29,Christian County,43,,,,,,,,,,,,,,,.,.,,,,,,,,,,,,0500000US29043,,,29043,"Christian County, Missouri",34256,26030,8226,"Christian County, Missouri",374,654,639,0.759866884633349,0.240133115366651
G2900450,2019-2023,MO,,,Missouri,29,Clark County,45,,,,,,,,,,,,,,,.,.,,,,,,,,,,,,0500000US29045,,,29045,"Clark County, Missouri",2265,1778,487,"Clark County, Missouri",127,141,105,0.784988962472406,0.215011037527594
G2900470,2019-2023,MO,,,Missouri,29,Clay County,47,,,,,,,,,,,,,,,.,.,,,,,,,,,,,,0500000US29047,,,29047,"Clay County, Missouri",101008,69570,31438,"Clay County, Missouri",765,1204,1108,0.688757326152384,0.311242673847616
G2900490,2019-2023,MO,,,Missouri,29,Clinton County,49,,,,,,,,,,,,,,,.,.,,,,,,,,,,,,0500000US29049,,,29049,"Clinton County, Missouri",8238,6273,1965,"Clinton County, Missouri",262,338,284,0.761471230881282,0.238528769118718
G2900510,2019-2023,MO,,,Missouri,29,Cole County,51,,,,,,,,,,,,,,,.,.,,,,,,,,,,,,0500000US29051,,,29051,"Cole County, Missouri",30746,20710,10036,"Cole County, Missouri",383,647,594,0.673583555584466,0.326416444415534
G2900530,2019-2023,MO,,,Missouri,29,Cooper County,53,,,,,,,,,,,,,,,.,.,,,,,,,,,,,,0500000US29053,,,29053,"Cooper County, Missouri",6169,4824,1345,"Cooper County, Missouri",214,214,188,0.781974388069379,0.218025611930621
G2900550,2019-2023,MO,,,Missouri,29,Crawford County,55,,,,,,,,,,,,,,,.,.,,,,,,,,,,,,0500000US29055,,,29055,"Crawford County, Missouri",9468,6856,2612,"Crawford County, Missouri",300,360,282,0.724123362906633,0.275876637093367
G2900570,2019-2023,MO,,,Missouri,29,Dade County,57,,,,,,,,,,,,,,,.,.,,,,,,,,,,,,0500000US29057,,,29057,"Dade County, Missouri",3038,2321,717,"Dade County, Missouri",129,151,118,0.763989466754444,0.236010533245556
G2900590,2019-2023,MO,,,Missouri,29,Dallas County,59,,,,,,,,,,,,,,,.,.,,,,,,,,,,,,0500000US29059,,,29059,"Dallas County, Missouri",6621,5041,1580,"Dallas County, Missouri",234,267,279,0.76136535266576,0.23863464733424
G2900610,2019-2023,MO,,,Missouri,29,Daviess County,61,,,,,,,,,,,,,,,.,.,,,,,,,,,,,,0500000US29061,,,29061,"Daviess County, Missouri",3071,2385,686,"Daviess County, Missouri",132,130,104,0.776619993487463,0.223380006512537
G2900630,2019-2023,MO,,,Missouri,29,DeKalb County,63,,,,,,,,,,,,,,,.,.,,,,,,,,,,,,0500000US29063,,,29063,"DeKalb County, Missouri",3775,2717,1058,"DeKalb County, Missouri",152,174,148,0.719735099337748,0.280264900662252
G2900650,2019-2023,MO,,,Missouri,29,Dent County,65,,,,,,,,,,,,,,,.,.,,,,,,,,,,,,0500000US29065,,,29065,"Dent County, Missouri",5675,4360,1315,"Dent County, Missouri",257,276,215,0.768281938325991,0.231718061674009
G2900670,2019-2023,MO,,,Missouri,29,Douglas County,67,,,,,,,,,,,,,,,.,.,,,,,,,,,,,,0500000US29067,,,29067,"Douglas County, Missouri",4688,3718,970,"Douglas County, Missouri",175,219,205,0.793088737201365,0.206911262798635
G2900690,2019-2023,MO,,,Missouri,29,Dunklin County,69,,,,,,,,,,,,,,,.,.,,,,,,,,,,,,0500000US29069,,,29069,"Dunklin County, Missouri",11165,6899,4266,"Dunklin County, Missouri",266,298,326,0.617913121361397,0.382086878638603
G2900710,2019-2023,MO,,,Missouri,29,Franklin County,71,,,,,,,,,,,,,,,.,.,,,,,,,,,,,,0500000US29071,,,29071,"Franklin County, Missouri",42267,32290,9977,"Franklin County, Missouri",485,697,678,0.763952965670618,0.236047034329382
G2900730,2019-2023,MO,,,Missouri,29,Gasconade County,73,,,,,,,,,,,,,,,.,.,,,,,,,,,,,,0500000US29073,,,29073,"Gasconade County, Missouri",6037,4893,1144,"Gasconade County, Missouri",207,218,145,0.810501904919662,0.189498095080338
G2900750,2019-2023,MO,,,Missouri,29,Gentry County,75,,,,,,,,,,,,,,,.,.,,,,,,,,,,,,0500000US29075,,,29075,"Gentry County, Missouri",2402,1797,605,"Gentry County, Missouri",98,91,75,0.748126561199001,0.251873438800999
G2900770,2019-2023,MO,,,Missouri,29,Greene County,77,,,,,,,,,,,,,,,.,.,,,,,,,,,,,,0500000US29077,,,29077,"Greene County, Missouri",131708,74888,56820,"Greene County, Missouri",768,1217,1129,0.568591125823792,0.431408874176208
G2900790,2019-2023,MO,,,Missouri,29,Grundy County,79,,,,,,,,,,,,,,,.,.,,,,,,,,,,,,0500000US29079,,,29079,"Grundy County, Missouri",3828,2652,1176,"Grundy County, Missouri",168,185,175,0.692789968652038,0.307210031347962
G2900810,2019-2023,MO,,,Missouri,29,Harrison County,81,,,,,,,,,,,,,,,.,.,,,,,,,,,,,,0500000US29081,,,29081,"Harrison County, Missouri",3064,2241,823,"Harrison County, Missouri",122,147,130,0.731396866840731,0.268603133159269
G2900830,2019-2023,MO,,,Missouri,29,Henry County,83,,,,,,,,,,,,,,,.,.,,,,,,,,,,,,0500000US29083,,,29083,"Henry County, Missouri",9248,6830,2418,"Henry County, Missouri",233,243,275,0.738538062283737,0.261461937716263
G2900850,2019-2023,MO,,,Missouri,29,Hickory County,85,,,,,,,,,,,,,,,.,.,,,,,,,,,,,,0500000US29085,,,29085,"Hickory County, Missouri",3457,2932,525,"Hickory County, Missouri",181,188,130,0.848134220422332,0.151865779577669
G2900870,2019-2023,MO,,,Missouri,29,Holt County,87,,,,,,,,,,,,,,,.,.,,,,,,,,,,,,0500000US29087,,,29087,"Holt County, Missouri",1722,1350,372,"Holt County, Missouri",72,73,60,0.78397212543554,0.21602787456446
G2900890,2019-2023,MO,,,Missouri,29,Howard County,89,,,,,,,,,,,,,,,.,.,,,,,,,,,,,,0500000US29089,,,29089,"Howard County, Missouri",3469,2785,684,"Howard County, Missouri",123,126,116,0.802825021620063,0.197174978379937
G2900910,2019-2023,MO,,,Missouri,29,Howell County,91,,,,,,,,,,,,,,,.,.,,,,,,,,,,,,0500000US29091,,,29091,"Howell County, Missouri",15997,10982,5015,"Howell County, Missouri",310,481,498,0.686503719447396,0.313496280552604
G2900930,2019-2023,MO,,,Missouri,29,Iron County,93,,,,,,,,,,,,,,,.,.,,,,,,,,,,,,0500000US29093,,,29093,"Iron County, Missouri",3803,2903,900,"Iron County, Missouri",164,173,129,0.763344727846437,0.236655272153563
G2900950,2019-2023,MO,,,Missouri,29,Jackson County,95,,,,,,,,,,,,,,,.,.,,,,,,,,,,,,0500000US29095,,,29095,"Jackson County, Missouri",302726,178151,124575,"Jackson County, Missouri",1224,2043,2121,0.588489260915812,0.411510739084188
G2900970,2019-2023,MO,,,Missouri,29,Jasper County,97,,,,,,,,,,,,,,,.,.,,,,,,,,,,,,0500000US29097,,,29097,"Jasper County, Missouri",48367,30577,17790,"Jasper County, Missouri",692,971,899,0.632187235098311,0.367812764901689
G2900990,2019-2023,MO,,,Missouri,29,Jefferson County,99,,,,,,,,,,,,,,,.,.,,,,,,,,,,,,0500000US29099,,,29099,"Jefferson County, Missouri",87025,70872,16153,"Jefferson County, Missouri",784,1124,1041,0.814386670496984,0.185613329503016
G2901010,2019-2023,MO,,,Missouri,29,Johnson County,101,,,,,,,,,,,,,,,.,.,,,,,,,,,,,,0500000US29101,,,29101,"Johnson County, Missouri",20680,13207,7473,"Johnson County, Missouri",336,439,501,0.638636363636364,0.361363636363636
G2901030,2019-2023,MO,,,Missouri,29,Knox County,103,,,,,,,,,,,,,,,.,.,,,,,,,,,,,,0500000US29103,,,29103,"Knox County, Missouri",1214,1043,171,"Knox County, Missouri",83,76,44,0.859143327841845,0.140856672158155
G2901050,2019-2023,MO,,,Missouri,29,Laclede County,105,,,,,,,,,,,,,,,.,.,,,,,,,,,,,,0500000US29105,,,29105,"Laclede County, Missouri",14453,10132,4321,"Laclede County, Missouri",295,440,402,0.701030927835052,0.298969072164948
G2901070,2019-2023,MO,,,Missouri,29,Lafayette County,107,,,,,,,,,,,,,,,.,.,,,,,,,,,,,,0500000US29107,,,29107,"Lafayette County, Missouri",12438,9510,2928,"Lafayette County, Missouri",349,432,364,0.764592378195852,0.235407621804149
G2901090,2019-2023,MO,,,Missouri,29,Lawrence County,109,,,,,,,,,,,,,,,.,.,,,,,,,,,,,,0500000US29109,,,29109,"Lawrence County, Missouri",14694,10697,3997,"Lawrence County, Missouri",275,449,359,0.727984211242684,0.272015788757316
G2901110,2019-2023,MO,,,Missouri,29,Lewis County,111,,,,,,,,,,,,,,,.,.,,,,,,,,,,,,0500000US29111,,,29111,"Lewis County, Missouri",3216,2476,740,"Lewis County, Missouri",126,150,109,0.769900497512438,0.230099502487562
G2901130,2019-2023,MO,,,Missouri,29,Lincoln County,113,,,,,,,,,,,,,,,.,.,,,,,,,,,,,,0500000US29113,,,29113,"Lincoln County, Missouri",22420,17563,4857,"Lincoln County, Missouri",259,583,517,0.783363068688671,0.216636931311329
G2901150,2019-2023,MO,,,Missouri,29,Linn County,115,,,,,,,,,,,,,,,.,.,,,,,,,,,,,,0500000US29115,,,29115,"Linn County, Missouri",4804,3779,1025,"Linn County, Missouri",190,185,159,0.786636136552873,0.213363863447127
G2901170,2019-2023,MO,,,Missouri,29,Livingston County,117,,,,,,,,,,,,,,,.,.,,,,,,,,,,,,0500000US29117,,,29117,"Livingston County, Missouri",5523,3783,1740,"Livingston County, Missouri",176,201,201,0.684953829440521,0.315046170559479
G2901190,2019-2023,MO,,,Missouri,29,McDonald County,119,,,,,,,,,,,,,,,.,.,,,,,,,,,,,,0500000US29119,,,29119,"McDonald County, Missouri",8512,5774,2738,"McDonald County, Missouri",253,333,272,0.678336466165414,0.321663533834586
G2901210,2019-2023,MO,,,Missouri,29,Macon County,121,,,,,,,,,,,,,,,.,.,,,,,,,,,,,,0500000US29121,,,29121,"Macon County, Missouri",5947,4523,1424,"Macon County, Missouri",172,228,175,0.760551538590886,0.239448461409114
G2901230,2019-2023,MO,,,Missouri,29,Madison County,123,,,,,,,,,,,,,,,.,.,,,,,,,,,,,,0500000US29123,,,29123,"Madison County, Missouri",4604,3470,1134,"Madison County, Missouri",203,204,196,0.753692441355343,0.246307558644657
G2901250,2019-2023,MO,,,Missouri,29,Maries County,125,,,,,,,,,,,,,,,.,.,,,,,,,,,,,,0500000US29125,,,29125,"Maries County, Missouri",3536,2753,783,"Maries County, Missouri",169,164,130,0.77856334841629,0.22143665158371
G2901270,2019-2023,MO,,,Missouri,29,Marion County,127,,,,,,,,,,,,,,,.,.,,,,,,,,,,,,0500000US29127,,,29127,"Marion County, Missouri",11253,7856,3397,"Marion County, Missouri",277,352,345,0.698124944459255,0.301875055540745
G2901290,2019-2023,MO,,,Missouri,29,Mercer County,129,,,,,,,,,,,,,,,.,.,,,,,,,,,,,,0500000US29129,,,29129,"Mercer County, Missouri",1288,1019,269,"Mercer County, Missouri",87,77,58,0.791149068322981,0.208850931677019
G2901310,2019-2023,MO,,,Missouri,29,Miller County,131,,,,,,,,,,,,,,,.,.,,,,,,,,,,,,0500000US29131,,,29131,"Miller County, Missouri",10034,7632,2402,"Miller County, Missouri",271,372,304,0.760613912696831,0.239386087303169
G2901330,2019-2023,MO,,,Missouri,29,Mississippi County,133,,,,,,,,,,,,,,,.,.,,,,,,,,,,,,0500000US29133,,,29133,"Mississippi County, Missouri",4559,2775,1784,"Mississippi County, Missouri",192,276,264,0.608686115376179,0.391313884623821
G2901350,2019-2023,MO,,,Missouri,29,Moniteau County,135,,,,,,,,,,,,,,,.,.,,,,,,,,,,,,0500000US29135,,,29135,"Moniteau County, Missouri",5774,4491,1283,"Moniteau County, Missouri",131,181,190,0.7777970211292,0.2222029788708
G2901370,2019-2023,MO,,,Missouri,29,Monroe County,137,,,,,,,,,,,,,,,.,.,,,,,,,,,,,,0500000US29137,,,29137,"Monroe County, Missouri",3461,2596,865,"Monroe County, Missouri",153,162,163,0.750072233458538,0.249927766541462
G2901390,2019-2023,MO,,,Missouri,29,Montgomery County,139,,,,,,,,,,,,,,,.,.,,,,,,,,,,,,0500000US29139,,,29139,"Montgomery County, Missouri",4589,3363,1226,"Montgomery County, Missouri",202,228,168,0.732839398561778,0.267160601438222
G2901410,2019-2023,MO,,,Missouri,29,Morgan County,141,,,,,,,,,,,,,,,.,.,,,,,,,,,,,,0500000US29141,,,29141,"Morgan County, Missouri",8198,6536,1662,"Morgan County, Missouri",356,357,237,0.797267626250305,0.202732373749695
G2901430,2019-2023,MO,,,Missouri,29,New Madrid County,143,,,,,,,,,,,,,,,.,.,,,,,,,,,,,,0500000US29143,,,29143,"New Madrid County, Missouri",6796,4324,2472,"New Madrid County, Missouri",219,198,269,0.636256621542084,0.363743378457916
G2901450,2019-2023,MO,,,Missouri,29,Newton County,145,,,,,,,,,,,,,,,.,.,,,,,,,,,,,,0500000US29145,,,29145,"Newton County, Missouri",22084,16971,5113,"Newton County, Missouri",403,482,523,0.768474913964862,0.231525086035139
G2901470,2019-2023,MO,,,Missouri,29,Nodaway County,147,,,,,,,,,,,,,,,.,.,,,,,,,,,,,,0500000US29147,,,29147,"Nodaway County, Missouri",8389,5224,3165,"Nodaway County, Missouri",240,238,284,0.622720228871141,0.377279771128859
G2901490,2019-2023,MO,,,Missouri,29,Oregon County,149,,,,,,,,,,,,,,,.,.,,,,,,,,,,,,0500000US29149,,,29149,"Oregon County, Missouri",3360,2578,782,"Oregon County, Missouri",140,168,159,0.767261904761905,0.232738095238095
G2901510,2019-2023,MO,,,Missouri,29,Osage County,151,,,,,,,,,,,,,,,.,.,,,,,,,,,,,,0500000US29151,,,29151,"Osage County, Missouri",5173,4203,970,"Osage County, Missouri",186,196,152,0.812487918035956,0.187512081964044
G2901530,2019-2023,MO,,,Missouri,29,Ozark County,153,,,,,,,,,,,,,,,.,.,,,,,,,,,,,,0500000US29153,,,29153,"Ozark County, Missouri",3583,2879,704,"Ozark County, Missouri",155,163,136,0.803516606195925,0.196483393804075
G2901550,2019-2023,MO,,,Missouri,29,Pemiscot County,155,,,,,,,,,,,,,,,.,.,,,,,,,,,,,,0500000US29155,,,29155,"Pemiscot County, Missouri",6231,3595,2636,"Pemiscot County, Missouri",231,205,221,0.576953939977532,0.423046060022468
G2901570,2019-2023,MO,,,Missouri,29,Perry County,157,,,,,,,,,,,,,,,.,.,,,,,,,,,,,,0500000US29157,,,29157,"Perry County, Missouri",7323,5684,1639,"Perry County, Missouri",238,253,251,0.776184623788065,0.223815376211935
G2901590,2019-2023,MO,,,Missouri,29,Pettis County,159,,,,,,,,,,,,,,,.,.,,,,,,,,,,,,0500000US29159,,,29159,"Pettis County, Missouri",16937,11876,5061,"Pettis County, Missouri",304,411,352,0.701186750900396,0.298813249099604
G2901610,2019-2023,MO,,,Missouri,29,Phelps County,161,,,,,,,,,,,,,,,.,.,,,,,,,,,,,,0500000US29161,,,29161,"Phelps County, Missouri",17644,10923,6721,"Phelps County, Missouri",399,511,451,0.619077306733167,0.380922693266833
G2901630,2019-2023,MO,,,Missouri,29,Pike County,163,,,,,,,,,,,,,,,.,.,,,,,,,,,,,,0500000US29163,,,29163,"Pike County, Missouri",6451,4728,1723,"Pike County, Missouri",208,242,229,0.732909626414509,0.267090373585491
G2901650,2019-2023,MO,,,Missouri,29,Platte County,165,,,,,,,,,,,,,,,.,.,,,,,,,,,,,,0500000US29165,,,29165,"Platte County, Missouri",43316,29031,14285,"Platte County, Missouri",412,673,755,0.670214239541971,0.329785760458029
G2901670,2019-2023,MO,,,Missouri,29,Polk County,167,,,,,,,,,,,,,,,.,.,,,,,,,,,,,,0500000US29167,,,29167,"Polk County, Missouri",11957,8523,3434,"Polk County, Missouri",333,382,347,0.712804215104123,0.287195784895877
G2901690,2019-2023,MO,,,Missouri,29,Pulaski County,169,,,,,,,,,,,,,,,.,.,,,,,,,,,,,,0500000US29169,,,29169,"Pulaski County, Missouri",16434,9763,6671,"Pulaski County, Missouri",461,442,500,0.594073262747962,0.405926737252039
G2901710,2019-2023,MO,,,Missouri,29,Putnam County,171,,,,,,,,,,,,,,,.,.,,,,,,,,,,,,0500000US29171,,,29171,"Putnam County, Missouri",1874,1521,353,"Putnam County, Missouri",154,149,108,0.811632870864461,0.188367129135539
G2901730,2019-2023,MO,,,Missouri,29,Ralls County,173,,,,,,,,,,,,,,,.,.,,,,,,,,,,,,0500000US29173,,,29173,"Ralls County, Missouri",3959,3408,551,"Ralls County, Missouri",166,141,121,0.860823440262693,0.139176559737307
G2901750,2019-2023,MO,,,Missouri,29,Randolph County,175,,,,,,,,,,,,,,,.,.,,,,,,,,,,,,0500000US29175,,,29175,"Randolph County, Missouri",9252,6510,2742,"Randolph County, Missouri",297,310,335,0.703631647211414,0.296368352788586
G2901770,2019-2023,MO,,,Missouri,29,Ray County,177,,,,,,,,,,,,,,,.,.,,,,,,,,,,,,0500000US29177,,,29177,"Ray County, Missouri",9046,7007,2039,"Ray County, Missouri",187,279,252,0.774596506743312,0.225403493256688
G2901790,2019-2023,MO,,,Missouri,29,Reynolds County,179,,,,,,,,,,,,,,,.,.,,,,,,,,,,,,0500000US29179,,,29179,"Reynolds County, Missouri",2312,1865,447,"Reynolds County, Missouri",139,150,86,0.806660899653979,0.193339100346021
G2901810,2019-2023,MO,,,Missouri,29,Ripley County,181,,,,,,,,,,,,,,,.,.,,,,,,,,,,,,0500000US29181,,,29181,"Ripley County, Missouri",4030,3179,851,"Ripley County, Missouri",179,201,148,0.788833746898263,0.211166253101737
G2901830,2019-2023,MO,,,Missouri,29,St. Charles County,183,,,,,,,,,,,,,,,.,.,,,,,,,,,,,,0500000US29183,,,29183,"St. Charles County, Missouri",158682,128045,30637,"St. Charles County, Missouri",615,1201,1108,0.806928322052911,0.193071677947089
G2901850,2019-2023,MO,,,Missouri,29,St. Clair County,185,,,,,,,,,,,,,,,.,.,,,,,,,,,,,,0500000US29185,,,29185,"St. Clair County, Missouri",4090,3096,994,"St. Clair County, Missouri",205,183,155,0.756968215158924,0.243031784841076
G2901860,2019-2023,MO,,,Missouri,29,Ste. Genevieve County,186,,,,,,,,,,,,,,,.,.,,,,,,,,,,,,0500000US29186,,,29186,"Ste. Genevieve County, Missouri",7113,5801,1312,"Ste. Genevieve County, Missouri",246,264,238,0.815548994798257,0.184451005201743
G2901870,2019-2023,MO,,,Missouri,29,St. Francois County,187,,,,,,,,,,,,,,,.,.,,,,,,,,,,,,0500000US29187,,,29187,"St. Francois County, Missouri",24113,16670,7443,"St. Francois County, Missouri",536,709,584,0.691328329117074,0.308671670882926
G2901890,2019-2023,MO,,,Missouri,29,St. Louis County,189,,,,,,,,,,,,,,,.,.,,,,,,,,,,,,0500000US29189,,,29189,"St. Louis County, Missouri",414739,286352,128387,"St. Louis County, Missouri",1617,2272,2340,0.690439047208003,0.309560952791997
G2901950,2019-2023,MO,,,Missouri,29,Saline County,195,,,,,,,,,,,,,,,.,.,,,,,,,,,,,,0500000US29195,,,29195,"Saline County, Missouri",8008,5670,2338,"Saline County, Missouri",212,293,290,0.708041958041958,0.291958041958042
G2901970,2019-2023,MO,,,Missouri,29,Schuyler County,197,,,,,,,,,,,,,,,.,.,,,,,,,,,,,,0500000US29197,,,29197,"Schuyler County, Missouri",1251,988,263,"Schuyler County, Missouri",93,75,61,0.789768185451639,0.210231814548361
G2901990,2019-2023,MO,,,Missouri,29,Scotland County,199,,,,,,,,,,,,,,,.,.,,,,,,,,,,,,0500000US29199,,,29199,"Scotland County, Missouri",1543,1281,262,"Scotland County, Missouri",101,99,69,0.830200907323396,0.169799092676604
G2902010,2019-2023,MO,,,Missouri,29,Scott County,201,,,,,,,,,,,,,,,.,.,,,,,,,,,,,,0500000US29201,,,29201,"Scott County, Missouri",15163,10426,4737,"Scott County, Missouri",310,384,368,0.687594803139221,0.31240519686078
G2902030,2019-2023,MO,,,Missouri,29,Shannon County,203,,,,,,,,,,,,,,,.,.,,,,,,,,,,,,0500000US29203,,,29203,"Shannon County, Missouri",2802,2331,471,"Shannon County, Missouri",141,158,98,0.831905781584582,0.168094218415418
G2902050,2019-2023,MO,,,Missouri,29,Shelby County,205,,,,,,,,,,,,,,,.,.,,,,,,,,,,,,0500000US29205,,,29205,"Shelby County, Missouri",2374,1780,594,"Shelby County, Missouri",94,96,85,0.749789385004212,0.250210614995788
G2902070,2019-2023,MO,,,Missouri,29,Stoddard County,207,,,,,,,,,,,,,,,.,.,,,,,,,,,,,,0500000US29207,,,29207,"Stoddard County, Missouri",11393,8058,3335,"Stoddard County, Missouri",250,334,301,0.707276397788116,0.292723602211885
G2902090,2019-2023,MO,,,Missouri,29,Stone County,209,,,,,,,,,,,,,,,.,.,,,,,,,,,,,,0500000US29209,,,29209,"Stone County, Missouri",13161,11011,2150,"Stone County, Missouri",424,429,267,0.836638553301421,0.163361446698579
G2902110,2019-2023,MO,,,Missouri,29,Sullivan County,211,,,,,,,,,,,,,,,.,.,,,,,,,,,,,,0500000US29211,,,29211,"Sullivan County, Missouri",2040,1505,535,"Sullivan County, Missouri",113,121,96,0.737745098039216,0.262254901960784
G2902130,2019-2023,MO,,,Missouri,29,Taney County,213,,,,,,,,,,,,,,,.,.,,,,,,,,,,,,0500000US29213,,,29213,"Taney County, Missouri",22145,14816,7329,"Taney County, Missouri",594,600,602,0.669044931135697,0.330955068864304
G2902150,2019-2023,MO,,,Missouri,29,Texas County,215,,,,,,,,,,,,,,,.,.,,,,,,,,,,,,0500000US29215,,,29215,"Texas County, Missouri",9532,7294,2238,"Texas County, Missouri",253,312,260,0.765211917750734,0.234788082249266
G2902170,2019-2023,MO,,,Missouri,29,Vernon County,217,,,,,,,,,,,,,,,.,.,,,,,,,,,,,,0500000US29217,,,29217,"Vernon County, Missouri",7815,5674,2141,"Vernon County, Missouri",228,297,297,0.726039667306462,0.273960332693538
G2902190,2019-2023,MO,,,Missouri,29,Warren County,219,,,,,,,,,,,,,,,.,.,,,,,,,,,,,,0500000US29219,,,29219,"Warren County, Missouri",13414,11048,2366,"Warren County, Missouri",314,421,371,0.823617116445505,0.176382883554495
G2902210,2019-2023,MO,,,Missouri,29,Washington County,221,,,,,,,,,,,,,,,.,.,,,,,,,,,,,,0500000US29221,,,29221,"Washington County, Missouri",8864,6766,2098,"Washington County, Missouri",285,367,296,0.763312274368231,0.236687725631769
G2902230,2019-2023,MO,,,Missouri,29,Wayne County,223,,,,,,,,,,,,,,,.,.,,,,,,,,,,,,0500000US29223,,,29223,"Wayne County, Missouri",4503,3422,1081,"Wayne County, Missouri",250,205,200,0.759937819231623,0.240062180768377
G2902250,2019-2023,MO,,,Missouri,29,Webster County,225,,,,,,,,,,,,,,,.,.,,,,,,,,,,,,0500000US29225,,,29225,"Webster County, Missouri",13751,10531,3220,"Webster County, Missouri",373,412,419,0.765835211984583,0.234164788015417
G2902270,2019-2023,MO,,,Missouri,29,Worth County,227,,,,,,,,,,,,,,,.,.,,,,,,,,,,,,0500000US29227,,,29227,"Worth County, Missouri",798,621,177,"Worth County, Missouri",65,56,45,0.778195488721805,0.221804511278195
G2902290,2019-2023,MO,,,Missouri,29,Wright County,229,,,,,,,,,,,,,,,.,.,,,,,,,,,,,,0500000US29229,,,29229,"Wright County, Missouri",6964,5401,1563,"Wright County, Missouri",293,361,294,0.775560022975302,0.224439977024698
G2905100,2019-2023,MO,,,Missouri,29,St. Louis city,510,,,,,,,,,,,,,,,.,.,,,,,,,,,,,,0500000US29510,,,29510,"St. Louis city, Missouri",144450,65511,78939,"St. Louis city, Missouri",1371,1248,1688,0.453520249221184,0.546479750778816
G3000010,2019-2023,MT,,,Montana,30,Beaverhead County,1,,,,,,,,,,,,,,,.,.,,,,,,,,,,,,0500000US30001,,,30001,"Beaverhead County, Montana",4121,2774,1347,"Beaverhead County, Montana",167,204,208,0.673137587964086,0.326862412035914
G3000030,2019-2023,MT,,,Montana,30,Big Horn County,3,,,,,,,,,,,,,,,.,.,,,,,,,,,,,,0500000US30003,,,30003,"Big Horn County, Montana",3691,2519,1172,"Big Horn County, Montana",123,172,191,0.682470875101598,0.317529124898402
G3000050,2019-2023,MT,,,Montana,30,Blaine County,5,,,,,,,,,,,,,,,.,.,,,,,,,,,,,,0500000US30005,,,30005,"Blaine County, Montana",2297,1451,846,"Blaine County, Montana",102,116,110,0.631693513278189,0.368306486721811
G3000070,2019-2023,MT,,,Montana,30,Broadwater County,7,,,,,,,,,,,,,,,.,.,,,,,,,,,,,,0500000US30007,,,30007,"Broadwater County, Montana",2888,2373,515,"Broadwater County, Montana",102,134,119,0.821675900277008,0.178324099722992
G3000090,2019-2023,MT,,,Montana,30,Carbon County,9,,,,,,,,,,,,,,,.,.,,,,,,,,,,,,0500000US30009,,,30009,"Carbon County, Montana",4716,3493,1223,"Carbon County, Montana",192,196,192,0.740670059372349,0.259329940627651
G3000110,2019-2023,MT,,,Montana,30,Carter County,11,,,,,,,,,,,,,,,.,.,,,,,,,,,,,,0500000US30011,,,30011,"Carter County, Montana",599,369,230,"Carter County, Montana",71,49,71,0.616026711185309,0.383973288814691
G3000130,2019-2023,MT,,,Montana,30,Cascade County,13,,,,,,,,,,,,,,,.,.,,,,,,,,,,,,0500000US30013,,,30013,"Cascade County, Montana",34909,24490,10419,"Cascade County, Montana",456,601,516,0.701538285255951,0.298461714744049
G3000150,2019-2023,MT,,,Montana,30,Chouteau County,15,,,,,,,,,,,,,,,.,.,,,,,,,,,,,,0500000US30015,,,30015,"Chouteau County, Montana",2212,1458,754,"Chouteau County, Montana",96,92,109,0.659132007233273,0.340867992766727
G3000170,2019-2023,MT,,,Montana,30,Custer County,17,,,,,,,,,,,,,,,.,.,,,,,,,,,,,,0500000US30017,,,30017,"Custer County, Montana",5044,3455,1589,"Custer County, Montana",154,198,181,0.684972244250595,0.315027755749405
G3000190,2019-2023,MT,,,Montana,30,Daniels County,19,,,,,,,,,,,,,,,.,.,,,,,,,,,,,,0500000US30019,,,30019,"Daniels County, Montana",716,576,140,"Daniels County, Montana",69,73,41,0.804469273743017,0.195530726256983
G3000210,2019-2023,MT,,,Montana,30,Dawson County,21,,,,,,,,,,,,,,,.,.,,,,,,,,,,,,0500000US30021,,,30021,"Dawson County, Montana",3710,2687,1023,"Dawson County, Montana",215,211,224,0.724258760107817,0.275741239892183
G3000230,2019-2023,MT,,,Montana,30,Deer Lodge County,23,,,,,,,,,,,,,,,.,.,,,,,,,,,,,,0500000US30023,,,30023,"Deer Lodge County, Montana",4560,3168,1392,"Deer Lodge County, Montana",218,238,242,0.694736842105263,0.305263157894737
G3000250,2019-2023,MT,,,Montana,30,Fallon County,25,,,,,,,,,,,,,,,.,.,,,,,,,,,,,,0500000US30025,,,30025,"Fallon County, Montana",1145,799,346,"Fallon County, Montana",106,96,90,0.697816593886463,0.302183406113537
G3000270,2019-2023,MT,,,Montana,30,Fergus County,27,,,,,,,,,,,,,,,.,.,,,,,,,,,,,,0500000US30027,,,30027,"Fergus County, Montana",5200,3433,1767,"Fergus County, Montana",186,248,272,0.660192307692308,0.339807692307692
G3000290,2019-2023,MT,,,Montana,30,Flathead County,29,,,,,,,,,,,,,,,.,.,,,,,,,,,,,,0500000US30029,,,30029,"Flathead County, Montana",43568,32259,11309,"Flathead County, Montana",608,812,738,0.740428755049578,0.259571244950422
G3000310,2019-2023,MT,,,Montana,30,Gallatin County,31,,,,,,,,,,,,,,,.,.,,,,,,,,,,,,0500000US30031,,,30031,"Gallatin County, Montana",50031,30780,19251,"Gallatin County, Montana",585,867,878,0.615218564490016,0.384781435509984
G3000330,2019-2023,MT,,,Montana,30,Garfield County,33,,,,,,,,,,,,,,,.,.,,,,,,,,,,,,0500000US30033,,,30033,"Garfield County, Montana",407,286,121,"Garfield County, Montana",48,44,34,0.702702702702703,0.297297297297297
G3000350,2019-2023,MT,,,Montana,30,Glacier County,35,,,,,,,,,,,,,,,.,.,,,,,,,,,,,,0500000US30035,,,30035,"Glacier County, Montana",4174,2708,1466,"Glacier County, Montana",170,186,192,0.648778150455199,0.351221849544801
G3000370,2019-2023,MT,,,Montana,30,Golden Valley County,37,,,,,,,,,,,,,,,.,.,,,,,,,,,,,,0500000US30037,,,30037,"Golden Valley County, Montana",362,292,70,"Golden Valley County, Montana",45,37,22,0.806629834254144,0.193370165745856
G3000390,2019-2023,MT,,,Montana,30,Granite County,39,,,,,,,,,,,,,,,.,.,,,,,,,,,,,,0500000US30039,,,30039,"Granite County, Montana",1375,1051,324,"Granite County, Montana",140,120,109,0.764363636363636,0.235636363636364
G3000410,2019-2023,MT,,,Montana,30,Hill County,41,,,,,,,,,,,,,,,.,.,,,,,,,,,,,,0500000US30041,,,30041,"Hill County, Montana",6226,4160,2066,"Hill County, Montana",202,220,233,0.668165756504979,0.331834243495021
G3000430,2019-2023,MT,,,Montana,30,Jefferson County,43,,,,,,,,,,,,,,,.,.,,,,,,,,,,,,0500000US30043,,,30043,"Jefferson County, Montana",4890,4065,825,"Jefferson County, Montana",128,157,169,0.831288343558282,0.168711656441718
G3000450,2019-2023,MT,,,Montana,30,Judith Basin County,45,,,,,,,,,,,,,,,.,.,,,,,,,,,,,,0500000US30045,,,30045,"Judith Basin County, Montana",907,683,224,"Judith Basin County, Montana",64,61,51,0.75303197353914,0.24696802646086
G3000470,2019-2023,MT,,,Montana,30,Lake County,47,,,,,,,,,,,,,,,.,.,,,,,,,,,,,,0500000US30047,,,30047,"Lake County, Montana",12175,8985,3190,"Lake County, Montana",274,280,257,0.737987679671458,0.262012320328542
G3000490,2019-2023,MT,,,Montana,30,Lewis and Clark County,49,,,,,,,,,,,,,,,.,.,,,,,,,,,,,,0500000US30049,,,30049,"Lewis and Clark County, Montana",30655,21363,9292,"Lewis and Clark County, Montana",381,591,566,0.696884684390801,0.303115315609199
G3000510,2019-2023,MT,,,Montana,30,Liberty County,51,,,,,,,,,,,,,,,.,.,,,,,,,,,,,,0500000US30051,,,30051,"Liberty County, Montana",685,440,245,"Liberty County, Montana",67,61,57,0.642335766423358,0.357664233576642
G3000530,2019-2023,MT,,,Montana,30,Lincoln County,53,,,,,,,,,,,,,,,.,.,,,,,,,,,,,,0500000US30053,,,30053,"Lincoln County, Montana",8858,6999,1859,"Lincoln County, Montana",264,341,293,0.790133212914879,0.209866787085121
G3000550,2019-2023,MT,,,Montana,30,McCone County,55,,,,,,,,,,,,,,,.,.,,,,,,,,,,,,0500000US30055,,,30055,"McCone County, Montana",818,704,114,"McCone County, Montana",74,77,42,0.860635696821516,0.139364303178484
G3000570,2019-2023,MT,,,Montana,30,Madison County,57,,,,,,,,,,,,,,,.,.,,,,,,,,,,,,0500000US30057,,,30057,"Madison County, Montana",3703,2986,717,"Madison County, Montana",191,151,124,0.806373210910073,0.193626789089927
G3000590,2019-2023,MT,,,Montana,30,Meagher County,59,,,,,,,,,,,,,,,.,.,,,,,,,,,,,,0500000US30059,,,30059,"Meagher County, Montana",897,739,158,"Meagher County, Montana",83,86,58,0.823857302118172,0.176142697881828
G3000610,2019-2023,MT,,,Montana,30,Mineral County,61,,,,,,,,,,,,,,,.,.,,,,,,,,,,,,0500000US30061,,,30061,"Mineral County, Montana",2132,1712,420,"Mineral County, Montana",99,113,99,0.803001876172608,0.196998123827392
G3000630,2019-2023,MT,,,Montana,30,Missoula County,63,,,,,,,,,,,,,,,.,.,,,,,,,,,,,,0500000US30063,,,30063,"Missoula County, Montana",51642,30808,20834,"Missoula County, Montana",626,788,908,0.596568684404167,0.403431315595833
G3000650,2019-2023,MT,,,Montana,30,Musselshell County,65,,,,,,,,,,,,,,,.,.,,,,,,,,,,,,0500000US30065,,,30065,"Musselshell County, Montana",2131,1759,372,"Musselshell County, Montana",149,134,90,0.825434068512436,0.174565931487565
G3000670,2019-2023,MT,,,Montana,30,Park County,67,,,,,,,,,,,,,,,.,.,,,,,,,,,,,,0500000US30067,,,30067,"Park County, Montana",8257,5748,2509,"Park County, Montana",197,280,281,0.696136611360058,0.303863388639942
G3000690,2019-2023,MT,,,Montana,30,Petroleum County,69,,,,,,,,,,,,,,,.,.,,,,,,,,,,,,0500000US30069,,,30069,"Petroleum County, Montana",200,154,46,"Petroleum County, Montana",44,42,20,0.77,0.23
G3000710,2019-2023,MT,,,Montana,30,Phillips County,71,,,,,,,,,,,,,,,.,.,,,,,,,,,,,,0500000US30071,,,30071,"Phillips County, Montana",1769,1324,445,"Phillips County, Montana",108,139,102,0.748445449406444,0.251554550593556
G3000730,2019-2023,MT,,,Montana,30,Pondera County,73,,,,,,,,,,,,,,,.,.,,,,,,,,,,,,0500000US30073,,,30073,"Pondera County, Montana",2240,1493,747,"Pondera County, Montana",109,102,116,0.666517857142857,0.333482142857143
G3000750,2019-2023,MT,,,Montana,30,Powder River County,75,,,,,,,,,,,,,,,.,.,,,,,,,,,,,,0500000US30075,,,30075,"Powder River County, Montana",713,553,160,"Powder River County, Montana",80,79,45,0.775596072931276,0.224403927068724
G3000770,2019-2023,MT,,,Montana,30,Powell County,77,,,,,,,,,,,,,,,.,.,,,,,,,,,,,,0500000US30077,,,30077,"Powell County, Montana",2348,1631,717,"Powell County, Montana",125,159,146,0.694633730834753,0.305366269165247
G3000790,2019-2023,MT,,,Montana,30,Prairie County,79,,,,,,,,,,,,,,,.,.,,,,,,,,,,,,0500000US30079,,,30079,"Prairie County, Montana",520,397,123,"Prairie County, Montana",62,70,35,0.763461538461538,0.236538461538462
G3000810,2019-2023,MT,,,Montana,30,Ravalli County,81,,,,,,,,,,,,,,,.,.,,,,,,,,,,,,0500000US30081,,,30081,"Ravalli County, Montana",18779,14757,4022,"Ravalli County, Montana",440,520,455,0.785824591298791,0.214175408701209
G3000830,2019-2023,MT,,,Montana,30,Richland County,83,,,,,,,,,,,,,,,.,.,,,,,,,,,,,,0500000US30083,,,30083,"Richland County, Montana",4500,3141,1359,"Richland County, Montana",200,218,214,0.698,0.302
G3000850,2019-2023,MT,,,Montana,30,Roosevelt County,85,,,,,,,,,,,,,,,.,.,,,,,,,,,,,,0500000US30085,,,30085,"Roosevelt County, Montana",2988,2049,939,"Roosevelt County, Montana",102,122,100,0.68574297188755,0.31425702811245
G3000870,2019-2023,MT,,,Montana,30,Rosebud County,87,,,,,,,,,,,,,,,.,.,,,,,,,,,,,,0500000US30087,,,30087,"Rosebud County, Montana",3069,2036,1033,"Rosebud County, Montana",120,152,171,0.663408276311502,0.336591723688498
G3000890,2019-2023,MT,,,Montana,30,Sanders County,89,,,,,,,,,,,,,,,.,.,,,,,,,,,,,,0500000US30089,,,30089,"Sanders County, Montana",5453,4361,1092,"Sanders County, Montana",203,221,159,0.799743260590501,0.200256739409499
G3000910,2019-2023,MT,,,Montana,30,Sheridan County,91,,,,,,,,,,,,,,,.,.,,,,,,,,,,,,0500000US30091,,,30091,"Sheridan County, Montana",1470,1126,344,"Sheridan County, Montana",122,109,85,0.765986394557823,0.234013605442177
G3000930,2019-2023,MT,,,Montana,30,Silver Bow County,93,,,,,,,,,,,,,,,.,.,,,,,,,,,,,,0500000US30093,,,30093,"Silver Bow County, Montana",15347,10818,4529,"Silver Bow County, Montana",325,358,363,0.704893464520753,0.295106535479247
G3000950,2019-2023,MT,,,Montana,30,Stillwater County,95,,,,,,,,,,,,,,,.,.,,,,,,,,,,,,0500000US30095,,,30095,"Stillwater County, Montana",3869,3125,744,"Stillwater County, Montana",116,152,122,0.80770224864306,0.19229775135694
G3000970,2019-2023,MT,,,Montana,30,Sweet Grass County,97,,,,,,,,,,,,,,,.,.,,,,,,,,,,,,0500000US30097,,,30097,"Sweet Grass County, Montana",1497,1140,357,"Sweet Grass County, Montana",102,109,88,0.761523046092184,0.238476953907816
G3000990,2019-2023,MT,,,Montana,30,Teton County,99,,,,,,,,,,,,,,,.,.,,,,,,,,,,,,0500000US30099,,,30099,"Teton County, Montana",2452,1837,615,"Teton County, Montana",99,98,108,0.749184339314845,0.250815660685155
G3001010,2019-2023,MT,,,Montana,30,Toole County,101,,,,,,,,,,,,,,,.,.,,,,,,,,,,,,0500000US30101,,,30101,"Toole County, Montana",1823,1177,646,"Toole County, Montana",124,118,140,0.645639056500274,0.354360943499726
G3001030,2019-2023,MT,,,Montana,30,Treasure County,103,,,,,,,,,,,,,,,.,.,,,,,,,,,,,,0500000US30103,,,30103,"Treasure County, Montana",382,254,128,"Treasure County, Montana",66,49,48,0.664921465968586,0.335078534031414
G3001050,2019-2023,MT,,,Montana,30,Valley County,105,,,,,,,,,,,,,,,.,.,,,,,,,,,,,,0500000US30105,,,30105,"Valley County, Montana",2958,2297,661,"Valley County, Montana",138,162,126,0.776538201487492,0.223461798512508
G3001070,2019-2023,MT,,,Montana,30,Wheatland County,107,,,,,,,,,,,,,,,.,.,,,,,,,,,,,,0500000US30107,,,30107,"Wheatland County, Montana",865,659,206,"Wheatland County, Montana",61,82,67,0.761849710982659,0.238150289017341
G3001090,2019-2023,MT,,,Montana,30,Wibaux County,109,,,,,,,,,,,,,,,.,.,,,,,,,,,,,,0500000US30109,,,30109,"Wibaux County, Montana",468,351,117,"Wibaux County, Montana",60,56,44,0.75,0.25
G3001110,2019-2023,MT,,,Montana,30,Yellowstone County,111,,,,,,,,,,,,,,,.,.,,,,,,,,,,,,0500000US30111,,,30111,"Yellowstone County, Montana",69272,48014,21258,"Yellowstone County, Montana",650,996,1077,0.6931227624437,0.3068772375563
G3100010,2019-2023,NE,,,Nebraska,31,Adams County,1,,,,,,,,,,,,,,,.,.,,,,,,,,,,,,0500000US31001,,,31001,"Adams County, Nebraska",12900,8859,4041,"Adams County, Nebraska",257,334,292,0.686744186046512,0.313255813953488
G3100030,2019-2023,NE,,,Nebraska,31,Antelope County,3,,,,,,,,,,,,,,,.,.,,,,,,,,,,,,0500000US31003,,,31003,"Antelope County, Nebraska",2687,2032,655,"Antelope County, Nebraska",106,117,92,0.756233717901005,0.243766282098995
G3100050,2019-2023,NE,,,Nebraska,31,Arthur County,5,,,,,,,,,,,,,,,.,.,,,,,,,,,,,,0500000US31005,,,31005,"Arthur County, Nebraska",184,137,47,"Arthur County, Nebraska",28,31,17,0.744565217391304,0.255434782608696
G3100070,2019-2023,NE,,,Nebraska,31,Banner County,7,,,,,,,,,,,,,,,.,.,,,,,,,,,,,,0500000US31007,,,31007,"Banner County, Nebraska",258,195,63,"Banner County, Nebraska",45,34,28,0.755813953488372,0.244186046511628
G3100090,2019-2023,NE,,,Nebraska,31,Blaine County,9,,,,,,,,,,,,,,,.,.,,,,,,,,,,,,0500000US31009,,,31009,"Blaine County, Nebraska",192,137,55,"Blaine County, Nebraska",33,29,21,0.713541666666667,0.286458333333333
G3100110,2019-2023,NE,,,Nebraska,31,Boone County,11,,,,,,,,,,,,,,,.,.,,,,,,,,,,,,0500000US31011,,,31011,"Boone County, Nebraska",2202,1745,457,"Boone County, Nebraska",90,100,67,0.792461398728429,0.207538601271571
G3100130,2019-2023,NE,,,Nebraska,31,Box Butte County,13,,,,,,,,,,,,,,,.,.,,,,,,,,,,,,0500000US31013,,,31013,"Box Butte County, Nebraska",4537,3424,1113,"Box Butte County, Nebraska",226,253,255,0.754683711703769,0.245316288296231
G3100150,2019-2023,NE,,,Nebraska,31,Boyd County,15,,,,,,,,,,,,,,,.,.,,,,,,,,,,,,0500000US31015,,,31015,"Boyd County, Nebraska",784,651,133,"Boyd County, Nebraska",70,59,38,0.830357142857143,0.169642857142857
G3100170,2019-2023,NE,,,Nebraska,31,Brown County,17,,,,,,,,,,,,,,,.,.,,,,,,,,,,,,0500000US31017,,,31017,"Brown County, Nebraska",1208,892,316,"Brown County, Nebraska",103,93,75,0.73841059602649,0.26158940397351
G3100190,2019-2023,NE,,,Nebraska,31,Buffalo County,19,,,,,,,,,,,,,,,.,.,,,,,,,,,,,,0500000US31019,,,31019,"Buffalo County, Nebraska",19662,12812,6850,"Buffalo County, Nebraska",263,407,433,0.651612246973858,0.348387753026142
G3100210,2019-2023,NE,,,Nebraska,31,Burt County,21,,,,,,,,,,,,,,,.,.,,,,,,,,,,,,0500000US31021,,,31021,"Burt County, Nebraska",2867,2213,654,"Burt County, Nebraska",118,116,90,0.771886989884897,0.228113010115103
G3100230,2019-2023,NE,,,Nebraska,31,Butler County,23,,,,,,,,,,,,,,,.,.,,,,,,,,,,,,0500000US31023,,,31023,"Butler County, Nebraska",3538,2841,697,"Butler County, Nebraska",106,122,106,0.802996042962126,0.197003957037875
G3100250,2019-2023,NE,,,Nebraska,31,Cass County,25,,,,,,,,,,,,,,,.,.,,,,,,,,,,,,0500000US31025,,,31025,"Cass County, Nebraska",10561,8854,1707,"Cass County, Nebraska",216,246,222,0.838367578827763,0.161632421172237
G3100270,2019-2023,NE,,,Nebraska,31,Cedar County,27,,,,,,,,,,,,,,,.,.,,,,,,,,,,,,0500000US31027,,,31027,"Cedar County, Nebraska",3419,2692,727,"Cedar County, Nebraska",111,101,104,0.787364726528225,0.212635273471775
G3100290,2019-2023,NE,,,Nebraska,31,Chase County,29,,,,,,,,,,,,,,,.,.,,,,,,,,,,,,0500000US31029,,,31029,"Chase County, Nebraska",1437,1114,323,"Chase County, Nebraska",110,106,87,0.775226165622825,0.224773834377175
G3100310,2019-2023,NE,,,Nebraska,31,Cherry County,31,,,,,,,,,,,,,,,.,.,,,,,,,,,,,,0500000US31031,,,31031,"Cherry County, Nebraska",2229,1382,847,"Cherry County, Nebraska",161,141,143,0.620008972633468,0.379991027366532
G3100330,2019-2023,NE,,,Nebraska,31,Cheyenne County,33,,,,,,,,,,,,,,,.,.,,,,,,,,,,,,0500000US31033,,,31033,"Cheyenne County, Nebraska",4351,2912,1439,"Cheyenne County, Nebraska",130,170,154,0.669271431854746,0.330728568145254
G3100350,2019-2023,NE,,,Nebraska,31,Clay County,35,,,,,,,,,,,,,,,.,.,,,,,,,,,,,,0500000US31035,,,31035,"Clay County, Nebraska",2475,1996,479,"Clay County, Nebraska",88,79,69,0.806464646464646,0.193535353535354
G3100370,2019-2023,NE,,,Nebraska,31,Colfax County,37,,,,,,,,,,,,,,,.,.,,,,,,,,,,,,0500000US31037,,,31037,"Colfax County, Nebraska",3639,2768,871,"Colfax County, Nebraska",109,197,177,0.760648529815884,0.239351470184117
G3100390,2019-2023,NE,,,Nebraska,31,Cuming County,39,,,,,,,,,,,,,,,.,.,,,,,,,,,,,,0500000US31039,,,31039,"Cuming County, Nebraska",3782,2695,1087,"Cuming County, Nebraska",126,142,167,0.712585933368588,0.287414066631412
G3100410,2019-2023,NE,,,Nebraska,31,Custer County,41,,,,,,,,,,,,,,,.,.,,,,,,,,,,,,0500000US31041,,,31041,"Custer County, Nebraska",4456,3159,1297,"Custer County, Nebraska",144,152,124,0.708931777378815,0.291068222621185
G3100430,2019-2023,NE,,,Nebraska,31,Dakota County,43,,,,,,,,,,,,,,,.,.,,,,,,,,,,,,0500000US31043,,,31043,"Dakota County, Nebraska",7299,4712,2587,"Dakota County, Nebraska",196,286,274,0.645567886011782,0.354432113988218
G3100450,2019-2023,NE,,,Nebraska,31,Dawes County,45,,,,,,,,,,,,,,,.,.,,,,,,,,,,,,0500000US31045,,,31045,"Dawes County, Nebraska",3381,2222,1159,"Dawes County, Nebraska",234,196,221,0.657202011239278,0.342797988760722
G3100470,2019-2023,NE,,,Nebraska,31,Dawson County,47,,,,,,,,,,,,,,,.,.,,,,,,,,,,,,0500000US31047,,,31047,"Dawson County, Nebraska",8982,5808,3174,"Dawson County, Nebraska",185,313,344,0.646626586506346,0.353373413493654
G3100490,2019-2023,NE,,,Nebraska,31,Deuel County,49,,,,,,,,,,,,,,,.,.,,,,,,,,,,,,0500000US31049,,,31049,"Deuel County, Nebraska",825,682,143,"Deuel County, Nebraska",70,64,50,0.826666666666667,0.173333333333333
G3100510,2019-2023,NE,,,Nebraska,31,Dixon County,51,,,,,,,,,,,,,,,.,.,,,,,,,,,,,,0500000US31051,,,31051,"Dixon County, Nebraska",2237,1729,508,"Dixon County, Nebraska",97,96,100,0.772910147518999,0.227089852481001
G3100530,2019-2023,NE,,,Nebraska,31,Dodge County,53,,,,,,,,,,,,,,,.,.,,,,,,,,,,,,0500000US31053,,,31053,"Dodge County, Nebraska",14863,9924,4939,"Dodge County, Nebraska",300,397,417,0.667698311242683,0.332301688757317
G3100550,2019-2023,NE,,,Nebraska,31,Douglas County,55,,,,,,,,,,,,,,,.,.,,,,,,,,,,,,0500000US31055,,,31055,"Douglas County, Nebraska",235080,145152,89928,"Douglas County, Nebraska",960,1551,1709,0.617457886676876,0.382542113323124
G3100570,2019-2023,NE,,,Nebraska,31,Dundy County,57,,,,,,,,,,,,,,,.,.,,,,,,,,,,,,0500000US31057,,,31057,"Dundy County, Nebraska",804,618,186,"Dundy County, Nebraska",64,66,51,0.76865671641791,0.23134328358209
G3100590,2019-2023,NE,,,Nebraska,31,Fillmore County,59,,,,,,,,,,,,,,,.,.,,,,,,,,,,,,0500000US31059,,,31059,"Fillmore County, Nebraska",2382,1909,473,"Fillmore County, Nebraska",83,90,75,0.801427371956339,0.198572628043661
G3100610,2019-2023,NE,,,Nebraska,31,Franklin County,61,,,,,,,,,,,,,,,.,.,,,,,,,,,,,,0500000US31061,,,31061,"Franklin County, Nebraska",1290,1025,265,"Franklin County, Nebraska",59,58,47,0.794573643410853,0.205426356589147
G3100630,2019-2023,NE,,,Nebraska,31,Frontier County,63,,,,,,,,,,,,,,,.,.,,,,,,,,,,,,0500000US31063,,,31063,"Frontier County, Nebraska",1053,757,296,"Frontier County, Nebraska",67,57,57,0.718898385565052,0.281101614434948
G3100650,2019-2023,NE,,,Nebraska,31,Furnas County,65,,,,,,,,,,,,,,,.,.,,,,,,,,,,,,0500000US31065,,,31065,"Furnas County, Nebraska",2006,1543,463,"Furnas County, Nebraska",85,84,80,0.769192422731805,0.230807577268195
G3100670,2019-2023,NE,,,Nebraska,31,Gage County,67,,,,,,,,,,,,,,,.,.,,,,,,,,,,,,0500000US31067,,,31067,"Gage County, Nebraska",9162,6622,2540,"Gage County, Nebraska",197,245,257,0.722767954595067,0.277232045404933
G3100690,2019-2023,NE,,,Nebraska,31,Garden County,69,,,,,,,,,,,,,,,.,.,,,,,,,,,,,,0500000US31069,,,31069,"Garden County, Nebraska",827,648,179,"Garden County, Nebraska",77,80,43,0.783555018137848,0.216444981862152
G3100710,2019-2023,NE,,,Nebraska,31,Garfield County,71,,,,,,,,,,,,,,,.,.,,,,,,,,,,,,0500000US31071,,,31071,"Garfield County, Nebraska",750,558,192,"Garfield County, Nebraska",65,65,53,0.744,0.256
G3100730,2019-2023,NE,,,Nebraska,31,Gosper County,73,,,,,,,,,,,,,,,.,.,,,,,,,,,,,,0500000US31073,,,31073,"Gosper County, Nebraska",777,638,139,"Gosper County, Nebraska",87,79,37,0.821106821106821,0.178893178893179
G3100750,2019-2023,NE,,,Nebraska,31,Grant County,75,,,,,,,,,,,,,,,.,.,,,,,,,,,,,,0500000US31075,,,31075,"Grant County, Nebraska",295,202,93,"Grant County, Nebraska",48,39,29,0.684745762711864,0.315254237288136
G3100770,2019-2023,NE,,,Nebraska,31,Greeley County,77,,,,,,,,,,,,,,,.,.,,,,,,,,,,,,0500000US31077,,,31077,"Greeley County, Nebraska",941,774,167,"Greeley County, Nebraska",50,44,36,0.822529224229543,0.177470775770457
G3100790,2019-2023,NE,,,Nebraska,31,Hall County,79,,,,,,,,,,,,,,,.,.,,,,,,,,,,,,0500000US31079,,,31079,"Hall County, Nebraska",24406,15435,8971,"Hall County, Nebraska",260,541,516,0.632426452511678,0.367573547488323
G3100810,2019-2023,NE,,,Nebraska,31,Hamilton County,81,,,,,,,,,,,,,,,.,.,,,,,,,,,,,,0500000US31081,,,31081,"Hamilton County, Nebraska",3499,2903,596,"Hamilton County, Nebraska",160,138,113,0.829665618748214,0.170334381251786
G3100830,2019-2023,NE,,,Nebraska,31,Harlan County,83,,,,,,,,,,,,,,,.,.,,,,,,,,,,,,0500000US31083,,,31083,"Harlan County, Nebraska",1200,1018,182,"Harlan County, Nebraska",87,82,36,0.848333333333333,0.151666666666667
G3100850,2019-2023,NE,,,Nebraska,31,Hayes County,85,,,,,,,,,,,,,,,.,.,,,,,,,,,,,,0500000US31085,,,31085,"Hayes County, Nebraska",357,254,103,"Hayes County, Nebraska",40,39,36,0.711484593837535,0.288515406162465
G3100870,2019-2023,NE,,,Nebraska,31,Hitchcock County,87,,,,,,,,,,,,,,,.,.,,,,,,,,,,,,0500000US31087,,,31087,"Hitchcock County, Nebraska",1125,890,235,"Hitchcock County, Nebraska",72,58,48,0.791111111111111,0.208888888888889
G3100890,2019-2023,NE,,,Nebraska,31,Holt County,89,,,,,,,,,,,,,,,.,.,,,,,,,,,,,,0500000US31089,,,31089,"Holt County, Nebraska",4064,2960,1104,"Holt County, Nebraska",139,183,153,0.728346456692913,0.271653543307087
G3100910,2019-2023,NE,,,Nebraska,31,Hooker County,91,,,,,,,,,,,,,,,.,.,,,,,,,,,,,,0500000US31091,,,31091,"Hooker County, Nebraska",314,188,126,"Hooker County, Nebraska",47,33,39,0.598726114649682,0.401273885350319
G3100930,2019-2023,NE,,,Nebraska,31,Howard County,93,,,,,,,,,,,,,,,.,.,,,,,,,,,,,,0500000US31093,,,31093,"Howard County, Nebraska",2494,1847,647,"Howard County, Nebraska",103,114,118,0.740577385725742,0.259422614274258
G3100950,2019-2023,NE,,,Nebraska,31,Jefferson County,95,,,,,,,,,,,,,,,.,.,,,,,,,,,,,,0500000US31095,,,31095,"Jefferson County, Nebraska",3114,2247,867,"Jefferson County, Nebraska",119,155,156,0.721579961464355,0.278420038535645
G3100970,2019-2023,NE,,,Nebraska,31,Johnson County,97,,,,,,,,,,,,,,,.,.,,,,,,,,,,,,0500000US31097,,,31097,"Johnson County, Nebraska",1750,1198,552,"Johnson County, Nebraska",73,100,104,0.684571428571429,0.315428571428571
G3100990,2019-2023,NE,,,Nebraska,31,Kearney County,99,,,,,,,,,,,,,,,.,.,,,,,,,,,,,,0500000US31099,,,31099,"Kearney County, Nebraska",2730,2140,590,"Kearney County, Nebraska",88,123,113,0.783882783882784,0.216117216117216
G3101010,2019-2023,NE,,,Nebraska,31,Keith County,101,,,,,,,,,,,,,,,.,.,,,,,,,,,,,,0500000US31101,,,31101,"Keith County, Nebraska",3946,2793,1153,"Keith County, Nebraska",169,152,169,0.707805372529143,0.292194627470857
G3101030,2019-2023,NE,,,Nebraska,31,Keya Paha County,103,,,,,,,,,,,,,,,.,.,,,,,,,,,,,,0500000US31103,,,31103,"Keya Paha County, Nebraska",327,262,65,"Keya Paha County, Nebraska",40,36,24,0.801223241590214,0.198776758409786
G3101050,2019-2023,NE,,,Nebraska,31,Kimball County,105,,,,,,,,,,,,,,,.,.,,,,,,,,,,,,0500000US31105,,,31105,"Kimball County, Nebraska",1531,1101,430,"Kimball County, Nebraska",109,126,113,0.719137818419334,0.280862181580666
G3101070,2019-2023,NE,,,Nebraska,31,Knox County,107,,,,,,,,,,,,,,,.,.,,,,,,,,,,,,0500000US31107,,,31107,"Knox County, Nebraska",3235,2542,693,"Knox County, Nebraska",118,117,81,0.785780525502318,0.214219474497682
G3101090,2019-2023,NE,,,Nebraska,31,Lancaster County,109,,,,,,,,,,,,,,,.,.,,,,,,,,,,,,0500000US31109,,,31109,"Lancaster County, Nebraska",132162,77767,54395,"Lancaster County, Nebraska",682,1146,1156,0.588421785384604,0.411578214615396
G3101110,2019-2023,NE,,,Nebraska,31,Lincoln County,111,,,,,,,,,,,,,,,.,.,,,,,,,,,,,,0500000US31111,,,31111,"Lincoln County, Nebraska",14585,9357,5228,"Lincoln County, Nebraska",405,533,529,0.641549537195749,0.358450462804251
G3101130,2019-2023,NE,,,Nebraska,31,Logan County,113,,,,,,,,,,,,,,,.,.,,,,,,,,,,,,0500000US31113,,,31113,"Logan County, Nebraska",311,244,67,"Logan County, Nebraska",38,37,21,0.784565916398714,0.215434083601286
G3101150,2019-2023,NE,,,Nebraska,31,Loup County,115,,,,,,,,,,,,,,,.,.,,,,,,,,,,,,0500000US31115,,,31115,"Loup County, Nebraska",249,165,84,"Loup County, Nebraska",39,32,29,0.662650602409639,0.337349397590361
G3101170,2019-2023,NE,,,Nebraska,31,McPherson County,117,,,,,,,,,,,,,,,.,.,,,,,,,,,,,,0500000US31117,,,31117,"McPherson County, Nebraska",196,143,53,"McPherson County, Nebraska",32,30,20,0.729591836734694,0.270408163265306
G3101190,2019-2023,NE,,,Nebraska,31,Madison County,119,,,,,,,,,,,,,,,.,.,,,,,,,,,,,,0500000US31119,,,31119,"Madison County, Nebraska",14152,9559,4593,"Madison County, Nebraska",275,285,332,0.675452232899944,0.324547767100057
G3101210,2019-2023,NE,,,Nebraska,31,Merrick County,121,,,,,,,,,,,,,,,.,.,,,,,,,,,,,,0500000US31121,,,31121,"Merrick County, Nebraska",3210,2587,623,"Merrick County, Nebraska",103,136,101,0.805919003115265,0.194080996884735
G3101230,2019-2023,NE,,,Nebraska,31,Morrill County,123,,,,,,,,,,,,,,,.,.,,,,,,,,,,,,0500000US31123,,,31123,"Morrill County, Nebraska",1890,1474,416,"Morrill County, Nebraska",85,86,82,0.77989417989418,0.22010582010582
G3101250,2019-2023,NE,,,Nebraska,31,Nance County,125,,,,,,,,,,,,,,,.,.,,,,,,,,,,,,0500000US31125,,,31125,"Nance County, Nebraska",1346,1059,287,"Nance County, Nebraska",67,65,57,0.786775631500743,0.213224368499257
G3101270,2019-2023,NE,,,Nebraska,31,Nemaha County,127,,,,,,,,,,,,,,,.,.,,,,,,,,,,,,0500000US31127,,,31127,"Nemaha County, Nebraska",2812,1985,827,"Nemaha County, Nebraska",153,151,170,0.705903271692745,0.294096728307255
G3101290,2019-2023,NE,,,Nebraska,31,Nuckolls County,129,,,,,,,,,,,,,,,.,.,,,,,,,,,,,,0500000US31129,,,31129,"Nuckolls County, Nebraska",1819,1482,337,"Nuckolls County, Nebraska",102,88,80,0.814733369983507,0.185266630016493
G3101310,2019-2023,NE,,,Nebraska,31,Otoe County,131,,,,,,,,,,,,,,,.,.,,,,,,,,,,,,0500000US31131,,,31131,"Otoe County, Nebraska",6423,5149,1274,"Otoe County, Nebraska",183,206,190,0.801650319165499,0.198349680834501
G3101330,2019-2023,NE,,,Nebraska,31,Pawnee County,133,,,,,,,,,,,,,,,.,.,,,,,,,,,,,,0500000US31133,,,31133,"Pawnee County, Nebraska",1077,871,206,"Pawnee County, Nebraska",69,59,52,0.808727948003714,0.191272051996286
G3101350,2019-2023,NE,,,Nebraska,31,Perkins County,135,,,,,,,,,,,,,,,.,.,,,,,,,,,,,,0500000US31135,,,31135,"Perkins County, Nebraska",1162,903,259,"Perkins County, Nebraska",58,58,57,0.77710843373494,0.22289156626506
G3101370,2019-2023,NE,,,Nebraska,31,Phelps County,137,,,,,,,,,,,,,,,.,.,,,,,,,,,,,,0500000US31137,,,31137,"Phelps County, Nebraska",3819,2668,1151,"Phelps County, Nebraska",115,148,138,0.698612202147159,0.301387797852841
G3101390,2019-2023,NE,,,Nebraska,31,Pierce County,139,,,,,,,,,,,,,,,.,.,,,,,,,,,,,,0500000US31139,,,31139,"Pierce County, Nebraska",2859,2245,614,"Pierce County, Nebraska",71,106,115,0.785239594263729,0.214760405736271
G3101410,2019-2023,NE,,,Nebraska,31,Platte County,141,,,,,,,,,,,,,,,.,.,,,,,,,,,,,,0500000US31141,,,31141,"Platte County, Nebraska",13398,9714,3684,"Platte County, Nebraska",254,365,376,0.725033587102553,0.274966412897447
G3101430,2019-2023,NE,,,Nebraska,31,Polk County,143,,,,,,,,,,,,,,,.,.,,,,,,,,,,,,0500000US31143,,,31143,"Polk County, Nebraska",2058,1680,378,"Polk County, Nebraska",98,97,58,0.816326530612245,0.183673469387755
G3101450,2019-2023,NE,,,Nebraska,31,Red Willow County,145,,,,,,,,,,,,,,,.,.,,,,,,,,,,,,0500000US31145,,,31145,"Red Willow County, Nebraska",4442,3250,1192,"Red Willow County, Nebraska",218,244,215,0.731652408824854,0.268347591175146
G3101470,2019-2023,NE,,,Nebraska,31,Richardson County,147,,,,,,,,,,,,,,,.,.,,,,,,,,,,,,0500000US31147,,,31147,"Richardson County, Nebraska",3563,2655,908,"Richardson County, Nebraska",123,163,169,0.745158574235195,0.254841425764805
G3101490,2019-2023,NE,,,Nebraska,31,Rock County,149,,,,,,,,,,,,,,,.,.,,,,,,,,,,,,0500000US31149,,,31149,"Rock County, Nebraska",582,441,141,"Rock County, Nebraska",73,66,38,0.757731958762887,0.242268041237113
G3101510,2019-2023,NE,,,Nebraska,31,Saline County,151,,,,,,,,,,,,,,,.,.,,,,,,,,,,,,0500000US31151,,,31151,"Saline County, Nebraska",5166,3804,1362,"Saline County, Nebraska",171,224,223,0.736353077816492,0.263646922183508
G3101530,2019-2023,NE,,,Nebraska,31,Sarpy County,153,,,,,,,,,,,,,,,.,.,,,,,,,,,,,,0500000US31153,,,31153,"Sarpy County, Nebraska",72661,51311,21350,"Sarpy County, Nebraska",493,770,854,0.70616974718212,0.29383025281788
G3101550,2019-2023,NE,,,Nebraska,31,Saunders County,155,,,,,,,,,,,,,,,.,.,,,,,,,,,,,,0500000US31155,,,31155,"Saunders County, Nebraska",8820,7203,1617,"Saunders County, Nebraska",224,246,204,0.816666666666667,0.183333333333333
G3101570,2019-2023,NE,,,Nebraska,31,Scotts Bluff County,157,,,,,,,,,,,,,,,.,.,,,,,,,,,,,,0500000US31157,,,31157,"Scotts Bluff County, Nebraska",15093,10314,4779,"Scotts Bluff County, Nebraska",235,362,347,0.683363148479428,0.316636851520572
G3101590,2019-2023,NE,,,Nebraska,31,Seward County,159,,,,,,,,,,,,,,,.,.,,,,,,,,,,,,0500000US31159,,,31159,"Seward County, Nebraska",6645,4790,1855,"Seward County, Nebraska",144,150,162,0.72084273890143,0.27915726109857
G3101610,2019-2023,NE,,,Nebraska,31,Sheridan County,161,,,,,,,,,,,,,,,.,.,,,,,,,,,,,,0500000US31161,,,31161,"Sheridan County, Nebraska",2122,1482,640,"Sheridan County, Nebraska",104,88,86,0.698397737983035,0.301602262016965
G3101630,2019-2023,NE,,,Nebraska,31,Sherman County,163,,,,,,,,,,,,,,,.,.,,,,,,,,,,,,0500000US31163,,,31163,"Sherman County, Nebraska",1294,988,306,"Sherman County, Nebraska",79,98,66,0.763523956723339,0.236476043276662
G3101650,2019-2023,NE,,,Nebraska,31,Sioux County,165,,,,,,,,,,,,,,,.,.,,,,,,,,,,,,0500000US31165,,,31165,"Sioux County, Nebraska",457,258,199,"Sioux County, Nebraska",61,42,51,0.564551422319475,0.435448577680525
G3101670,2019-2023,NE,,,Nebraska,31,Stanton County,167,,,,,,,,,,,,,,,.,.,,,,,,,,,,,,0500000US31167,,,31167,"Stanton County, Nebraska",2289,1769,520,"Stanton County, Nebraska",65,96,104,0.772826561817388,0.227173438182612
G3101690,2019-2023,NE,,,Nebraska,31,Thayer County,169,,,,,,,,,,,,,,,.,.,,,,,,,,,,,,0500000US31169,,,31169,"Thayer County, Nebraska",2082,1575,507,"Thayer County, Nebraska",85,78,76,0.756484149855908,0.243515850144092
G3101710,2019-2023,NE,,,Nebraska,31,Thomas County,171,,,,,,,,,,,,,,,.,.,,,,,,,,,,,,0500000US31171,,,31171,"Thomas County, Nebraska",318,222,96,"Thomas County, Nebraska",42,39,32,0.69811320754717,0.30188679245283
G3101730,2019-2023,NE,,,Nebraska,31,Thurston County,173,,,,,,,,,,,,,,,.,.,,,,,,,,,,,,0500000US31173,,,31173,"Thurston County, Nebraska",1983,1211,772,"Thurston County, Nebraska",35,64,62,0.610690872415532,0.389309127584468
G3101750,2019-2023,NE,,,Nebraska,31,Valley County,175,,,,,,,,,,,,,,,.,.,,,,,,,,,,,,0500000US31175,,,31175,"Valley County, Nebraska",1822,1328,494,"Valley County, Nebraska",75,86,79,0.728869374313941,0.271130625686059
G3101770,2019-2023,NE,,,Nebraska,31,Washington County,177,,,,,,,,,,,,,,,.,.,,,,,,,,,,,,0500000US31177,,,31177,"Washington County, Nebraska",8391,6897,1494,"Washington County, Nebraska",139,255,275,0.821952091526636,0.178047908473364
G3101790,2019-2023,NE,,,Nebraska,31,Wayne County,179,,,,,,,,,,,,,,,.,.,,,,,,,,,,,,0500000US31179,,,31179,"Wayne County, Nebraska",3762,2558,1204,"Wayne County, Nebraska",119,190,202,0.679957469431154,0.320042530568846
G3101810,2019-2023,NE,,,Nebraska,31,Webster County,181,,,,,,,,,,,,,,,.,.,,,,,,,,,,,,0500000US31181,,,31181,"Webster County, Nebraska",1503,1222,281,"Webster County, Nebraska",96,77,66,0.813040585495675,0.186959414504325
G3101830,2019-2023,NE,,,Nebraska,31,Wheeler County,183,,,,,,,,,,,,,,,.,.,,,,,,,,,,,,0500000US31183,,,31183,"Wheeler County, Nebraska",359,290,69,"Wheeler County, Nebraska",43,41,23,0.807799442896936,0.192200557103064
G3101850,2019-2023,NE,,,Nebraska,31,York County,185,,,,,,,,,,,,,,,.,.,,,,,,,,,,,,0500000US31185,,,31185,"York County, Nebraska",5589,4172,1417,"York County, Nebraska",189,170,195,0.746466273036321,0.253533726963679
G3200010,2019-2023,NV,,,Nevada,32,Churchill County,1,,,,,,,,,,,,,,,.,.,,,,,,,,,,,,0500000US32001,,,32001,"Churchill County, Nevada",9728,6620,3108,"Churchill County, Nevada",277,355,337,0.680509868421053,0.319490131578947
G3200030,2019-2023,NV,,,Nevada,32,Clark County,3,,,,,,,,,,,,,,,.,.,,,,,,,,,,,,0500000US32003,,,32003,"Clark County, Nevada",847378,483415,363963,"Clark County, Nevada",2361,3430,3553,0.570483302611113,0.429516697388887
G3200050,2019-2023,NV,,,Nevada,32,Douglas County,5,,,,,,,,,,,,,,,.,.,,,,,,,,,,,,0500000US32005,,,32005,"Douglas County, Nevada",21096,16532,4564,"Douglas County, Nevada",306,518,476,0.783655669321198,0.216344330678802
G3200070,2019-2023,NV,,,Nevada,32,Elko County,7,,,,,,,,,,,,,,,.,.,,,,,,,,,,,,0500000US32007,,,32007,"Elko County, Nevada",19546,13770,5776,"Elko County, Nevada",371,449,438,0.704491967666019,0.295508032333981
G3200090,2019-2023,NV,,,Nevada,32,Esmeralda County,9,,,,,,,,,,,,,,,.,.,,,,,,,,,,,,0500000US32009,,,32009,"Esmeralda County, Nevada",493,235,258,"Esmeralda County, Nevada",139,65,129,0.476673427991886,0.523326572008114
G3200110,2019-2023,NV,,,Nevada,32,Eureka County,11,,,,,,,,,,,,,,,.,.,,,,,,,,,,,,0500000US32011,,,32011,"Eureka County, Nevada",630,538,92,"Eureka County, Nevada",115,123,56,0.853968253968254,0.146031746031746
G3200130,2019-2023,NV,,,Nevada,32,Humboldt County,13,,,,,,,,,,,,,,,.,.,,,,,,,,,,,,0500000US32013,,,32013,"Humboldt County, Nevada",6997,5147,1850,"Humboldt County, Nevada",168,333,302,0.735600971845076,0.264399028154924
G3200150,2019-2023,NV,,,Nevada,32,Lander County,15,,,,,,,,,,,,,,,.,.,,,,,,,,,,,,0500000US32015,,,32015,"Lander County, Nevada",2296,1537,759,"Lander County, Nevada",225,201,168,0.669425087108014,0.330574912891986
G3200170,2019-2023,NV,,,Nevada,32,Lincoln County,17,,,,,,,,,,,,,,,.,.,,,,,,,,,,,,0500000US32017,,,32017,"Lincoln County, Nevada",1626,1199,427,"Lincoln County, Nevada",197,171,165,0.737392373923739,0.262607626076261
G3200190,2019-2023,NV,,,Nevada,32,Lyon County,19,,,,,,,,,,,,,,,.,.,,,,,,,,,,,,0500000US32019,,,32019,"Lyon County, Nevada",23423,17938,5485,"Lyon County, Nevada",307,580,553,0.765828459206763,0.234171540793237
G3200210,2019-2023,NV,,,Nevada,32,Mineral County,21,,,,,,,,,,,,,,,.,.,,,,,,,,,,,,0500000US32021,,,32021,"Mineral County, Nevada",1732,1281,451,"Mineral County, Nevada",210,216,136,0.739607390300231,0.260392609699769
G3200230,2019-2023,NV,,,Nevada,32,Nye County,23,,,,,,,,,,,,,,,.,.,,,,,,,,,,,,0500000US32023,,,32023,"Nye County, Nevada",21943,16508,5435,"Nye County, Nevada",497,641,527,0.752312810463474,0.247687189536526
G3200270,2019-2023,NV,,,Nevada,32,Pershing County,27,,,,,,,,,,,,,,,.,.,,,,,,,,,,,,0500000US32027,,,32027,"Pershing County, Nevada",1847,1372,475,"Pershing County, Nevada",153,157,130,0.742826204656199,0.257173795343801
G3200290,2019-2023,NV,,,Nevada,32,Storey County,29,,,,,,,,,,,,,,,.,.,,,,,,,,,,,,0500000US32029,,,32029,"Storey County, Nevada",1874,1825,49,"Storey County, Nevada",182,189,36,0.973852721451441,0.0261472785485592
G3200310,2019-2023,NV,,,Nevada,32,Washoe County,31,,,,,,,,,,,,,,,.,.,,,,,,,,,,,,0500000US32031,,,32031,"Washoe County, Nevada",195725,116406,79319,"Washoe County, Nevada",1063,1381,1524,0.594742623579001,0.405257376420999
G3200330,2019-2023,NV,,,Nevada,32,White Pine County,33,,,,,,,,,,,,,,,.,.,,,,,,,,,,,,0500000US32033,,,32033,"White Pine County, Nevada",3407,2641,766,"White Pine County, Nevada",191,202,148,0.775168770179043,0.224831229820957
G3205100,2019-2023,NV,,,Nevada,32,Carson City,510,,,,,,,,,,,,,,,.,.,,,,,,,,,,,,0500000US32510,,,32510,"Carson City, Nevada",23652,14950,8702,"Carson City, Nevada",362,588,551,0.632081853543041,0.367918146456959
G3300010,2019-2023,NH,,,New Hampshire,33,Belknap County,1,,,,,,,,,,,,,,,.,.,,,,,,,,,,,,0500000US33001,,,33001,"Belknap County, New Hampshire",26118,20553,5565,"Belknap County, New Hampshire",696,686,547,0.786928555019527,0.213071444980473
G3300030,2019-2023,NH,,,New Hampshire,33,Carroll County,3,,,,,,,,,,,,,,,.,.,,,,,,,,,,,,0500000US33003,,,33003,"Carroll County, New Hampshire",22096,17940,4156,"Carroll County, New Hampshire",648,527,477,0.811911658218682,0.188088341781318
G3300050,2019-2023,NH,,,New Hampshire,33,Cheshire County,5,,,,,,,,,,,,,,,.,.,,,,,,,,,,,,0500000US33005,,,33005,"Cheshire County, New Hampshire",30519,21452,9067,"Cheshire County, New Hampshire",463,543,623,0.702906386185655,0.297093613814345
G3300070,2019-2023,NH,,,New Hampshire,33,Coos County,7,,,,,,,,,,,,,,,.,.,,,,,,,,,,,,0500000US33007,,,33007,"Coos County, New Hampshire",13818,10225,3593,"Coos County, New Hampshire",331,326,348,0.73997684180055,0.26002315819945
G3300090,2019-2023,NH,,,New Hampshire,33,Grafton County,9,,,,,,,,,,,,,,,.,.,,,,,,,,,,,,0500000US33009,,,33009,"Grafton County, New Hampshire",36107,25623,10484,"Grafton County, New Hampshire",741,666,680,0.70964078987454,0.29035921012546
G3300110,2019-2023,NH,,,New Hampshire,33,Hillsborough County,11,,,,,,,,,,,,,,,.,.,,,,,,,,,,,,0500000US33011,,,33011,"Hillsborough County, New Hampshire",167732,113275,54457,"Hillsborough County, New Hampshire",860,1397,1477,0.675333269739823,0.324666730260177
G3300130,2019-2023,NH,,,New Hampshire,33,Merrimack County,13,,,,,,,,,,,,,,,.,.,,,,,,,,,,,,0500000US33013,,,33013,"Merrimack County, New Hampshire",60445,44426,16019,"Merrimack County, New Hampshire",478,660,635,0.734982215236992,0.265017784763008
G3300150,2019-2023,NH,,,New Hampshire,33,Rockingham County,15,,,,,,,,,,,,,,,.,.,,,,,,,,,,,,0500000US33015,,,33015,"Rockingham County, New Hampshire",126588,99519,27069,"Rockingham County, New Hampshire",777,1353,1202,0.786164565361646,0.213835434638354
G3300170,2019-2023,NH,,,New Hampshire,33,Strafford County,17,,,,,,,,,,,,,,,.,.,,,,,,,,,,,,0500000US33017,,,33017,"Strafford County, New Hampshire",51684,34619,17065,"Strafford County, New Hampshire",445,717,773,0.669820447333798,0.330179552666202
G3300190,2019-2023,NH,,,New Hampshire,33,Sullivan County,19,,,,,,,,,,,,,,,.,.,,,,,,,,,,,,0500000US33019,,,33019,"Sullivan County, New Hampshire",16079,12031,4048,"Sullivan County, New Hampshire",404,445,416,0.748243049940917,0.251756950059083
G3400010,2019-2023,NJ,,,New Jersey,34,Atlantic County,1,,,,,,,,,,,,,,,.,.,,,,,,,,,,,,0500000US34001,,,34001,"Atlantic County, New Jersey",108712,73746,34966,"Atlantic County, New Jersey",934,1443,1466,0.678361174479358,0.321638825520642
G3400030,2019-2023,NJ,,,New Jersey,34,Bergen County,3,,,,,,,,,,,,,,,.,.,,,,,,,,,,,,0500000US34003,,,34003,"Bergen County, New Jersey",353307,230923,122384,"Bergen County, New Jersey",1254,2207,2345,0.653604372401339,0.346395627598661
G3400050,2019-2023,NJ,,,New Jersey,34,Burlington County,5,,,,,,,,,,,,,,,.,.,,,,,,,,,,,,0500000US34005,,,34005,"Burlington County, New Jersey",176046,133325,42721,"Burlington County, New Jersey",999,1323,1332,0.757330470445225,0.242669529554775
G3400070,2019-2023,NJ,,,New Jersey,34,Camden County,7,,,,,,,,,,,,,,,.,.,,,,,,,,,,,,0500000US34007,,,34007,"Camden County, New Jersey",200569,130430,70139,"Camden County, New Jersey",957,1851,1722,0.650299896793622,0.349700103206378
G3400090,2019-2023,NJ,,,New Jersey,34,Cape May County,9,,,,,,,,,,,,,,,.,.,,,,,,,,,,,,0500000US34009,,,34009,"Cape May County, New Jersey",44369,35180,9189,"Cape May County, New Jersey",752,770,705,0.792895940859609,0.207104059140391
G3400110,2019-2023,NJ,,,New Jersey,34,Cumberland County,11,,,,,,,,,,,,,,,.,.,,,,,,,,,,,,0500000US34011,,,34011,"Cumberland County, New Jersey",53341,34966,18375,"Cumberland County, New Jersey",486,910,933,0.655518269248796,0.344481730751205
G3400130,2019-2023,NJ,,,New Jersey,34,Essex County,13,,,,,,,,,,,,,,,.,.,,,,,,,,,,,,0500000US34013,,,34013,"Essex County, New Jersey",317473,141377,176096,"Essex County, New Jersey",1127,2510,2481,0.445319759475609,0.554680240524391
G3400150,2019-2023,NJ,,,New Jersey,34,Gloucester County,15,,,,,,,,,,,,,,,.,.,,,,,,,,,,,,0500000US34015,,,34015,"Gloucester County, New Jersey",111796,88794,23002,"Gloucester County, New Jersey",621,1136,1049,0.794250241511324,0.205749758488676
G3400170,2019-2023,NJ,,,New Jersey,34,Hudson County,17,,,,,,,,,,,,,,,.,.,,,,,,,,,,,,0500000US34017,,,34017,"Hudson County, New Jersey",295552,92160,203392,"Hudson County, New Jersey",1294,1574,1909,0.311823300129926,0.688176699870074
G3400190,2019-2023,NJ,,,New Jersey,34,Hunterdon County,19,,,,,,,,,,,,,,,.,.,,,,,,,,,,,,0500000US34019,,,34019,"Hunterdon County, New Jersey",50322,42670,7652,"Hunterdon County, New Jersey",324,579,457,0.847939271094154,0.152060728905846
G3400210,2019-2023,NJ,,,New Jersey,34,Mercer County,21,,,,,,,,,,,,,,,.,.,,,,,,,,,,,,0500000US34021,,,34021,"Mercer County, New Jersey",141464,87554,53910,"Mercer County, New Jersey",876,1404,1472,0.618913645874569,0.381086354125431
G3400230,2019-2023,NJ,,,New Jersey,34,Middlesex County,23,,,,,,,,,,,,,,,.,.,,,,,,,,,,,,0500000US34023,,,34023,"Middlesex County, New Jersey",305610,193963,111647,"Middlesex County, New Jersey",933,2391,2245,0.634674912470142,0.365325087529858
G3400250,2019-2023,NJ,,,New Jersey,34,Monmouth County,25,,,,,,,,,,,,,,,.,.,,,,,,,,,,,,0500000US34025,,,34025,"Monmouth County, New Jersey",250195,188578,61617,"Monmouth County, New Jersey",963,1561,1593,0.75372409520574,0.24627590479426
G3400270,2019-2023,NJ,,,New Jersey,34,Morris County,27,,,,,,,,,,,,,,,.,.,,,,,,,,,,,,0500000US34027,,,34027,"Morris County, New Jersey",191840,141771,50069,"Morris County, New Jersey",754,1515,1386,0.739006463719767,0.260993536280234
G3400290,2019-2023,NJ,,,New Jersey,34,Ocean County,29,,,,,,,,,,,,,,,.,.,,,,,,,,,,,,0500000US34029,,,34029,"Ocean County, New Jersey",241521,193630,47891,"Ocean County, New Jersey",1413,1915,1497,0.801710824317554,0.198289175682446
G3400310,2019-2023,NJ,,,New Jersey,34,Passaic County,31,,,,,,,,,,,,,,,.,.,,,,,,,,,,,,0500000US34031,,,34031,"Passaic County, New Jersey",177964,94011,83953,"Passaic County, New Jersey",777,1604,1596,0.528258524195905,0.471741475804095
G3400330,2019-2023,NJ,,,New Jersey,34,Salem County,33,,,,,,,,,,,,,,,.,.,,,,,,,,,,,,0500000US34033,,,34033,"Salem County, New Jersey",24881,17738,7143,"Salem County, New Jersey",323,408,418,0.712913468108195,0.287086531891805
G3400350,2019-2023,NJ,,,New Jersey,34,Somerset County,35,,,,,,,,,,,,,,,.,.,,,,,,,,,,,,0500000US34035,,,34035,"Somerset County, New Jersey",129459,96414,33045,"Somerset County, New Jersey",472,1231,1162,0.744745440641439,0.255254559358561
G3400370,2019-2023,NJ,,,New Jersey,34,Sussex County,37,,,,,,,,,,,,,,,.,.,,,,,,,,,,,,0500000US34037,,,34037,"Sussex County, New Jersey",57328,48678,8650,"Sussex County, New Jersey",501,647,618,0.849113871057773,0.150886128942227
G3400390,2019-2023,NJ,,,New Jersey,34,Union County,39,,,,,,,,,,,,,,,.,.,,,,,,,,,,,,0500000US34039,,,34039,"Union County, New Jersey",201663,116188,85475,"Union County, New Jersey",869,1506,1479,0.57614931841736,0.42385068158264
G3400410,2019-2023,NJ,,,New Jersey,34,Warren County,41,,,,,,,,,,,,,,,.,.,,,,,,,,,,,,0500000US34041,,,34041,"Warren County, New Jersey",44943,33386,11557,"Warren County, New Jersey",382,682,668,0.742852057050041,0.257147942949959
G3500010,2019-2023,NM,,,New Mexico,35,Bernalillo County,1,,,,,,,,,,,,,,,.,.,,,,,,,,,,,,0500000US35001,,,35001,"Bernalillo County, New Mexico",283609,182272,101337,"Bernalillo County, New Mexico",1074,2053,2087,0.642687643904107,0.357312356095893
G3500030,2019-2023,NM,,,New Mexico,35,Catron County,3,,,,,,,,,,,,,,,.,.,,,,,,,,,,,,0500000US35003,,,35003,"Catron County, New Mexico",1645,1443,202,"Catron County, New Mexico",180,172,98,0.877203647416413,0.122796352583587
G3500050,2019-2023,NM,,,New Mexico,35,Chaves County,5,,,,,,,,,,,,,,,.,.,,,,,,,,,,,,0500000US35005,,,35005,"Chaves County, New Mexico",23605,16214,7391,"Chaves County, New Mexico",499,660,571,0.686888371107816,0.313111628892184
G3500060,2019-2023,NM,,,New Mexico,35,Cibola County,6,,,,,,,,,,,,,,,.,.,,,,,,,,,,,,0500000US35006,,,35006,"Cibola County, New Mexico",8353,5886,2467,"Cibola County, New Mexico",310,434,387,0.70465700945768,0.29534299054232
G3500070,2019-2023,NM,,,New Mexico,35,Colfax County,7,,,,,,,,,,,,,,,.,.,,,,,,,,,,,,0500000US35007,,,35007,"Colfax County, New Mexico",5413,3898,1515,"Colfax County, New Mexico",324,256,240,0.720118233881397,0.279881766118603
G3500090,2019-2023,NM,,,New Mexico,35,Curry County,9,,,,,,,,,,,,,,,.,.,,,,,,,,,,,,0500000US35009,,,35009,"Curry County, New Mexico",18471,11315,7156,"Curry County, New Mexico",401,458,535,0.612581885117211,0.387418114882789
G3500110,2019-2023,NM,,,New Mexico,35,De Baca County,11,,,,,,,,,,,,,,,.,.,,,,,,,,,,,,0500000US35011,,,35011,"De Baca County, New Mexico",727,502,225,"De Baca County, New Mexico",114,159,126,0.69050894085282,0.30949105914718
G3500130,2019-2023,NM,,,New Mexico,35,Doña Ana County,13,,,,,,,,,,,,,,,.,.,,,,,,,,,,,,0500000US35013,,,35013,"DoÃ±a Ana County, New Mexico",83530,54542,28988,"DoÃ±a Ana County, New Mexico",937,1193,1264,0.652963007302766,0.347036992697235
G3500150,2019-2023,NM,,,New Mexico,35,Eddy County,15,,,,,,,,,,,,,,,.,.,,,,,,,,,,,,0500000US35015,,,35015,"Eddy County, New Mexico",23245,17354,5891,"Eddy County, New Mexico",603,743,641,0.746569154656915,0.253430845343085
G3500170,2019-2023,NM,,,New Mexico,35,Grant County,17,,,,,,,,,,,,,,,.,.,,,,,,,,,,,,0500000US35017,,,35017,"Grant County, New Mexico",11069,8107,2962,"Grant County, New Mexico",425,423,322,0.732405818050411,0.267594181949589
G3500190,2019-2023,NM,,,New Mexico,35,Guadalupe County,19,,,,,,,,,,,,,,,.,.,,,,,,,,,,,,0500000US35019,,,35019,"Guadalupe County, New Mexico",1451,1137,314,"Guadalupe County, New Mexico",177,171,93,0.783597518952447,0.216402481047553
G3500210,2019-2023,NM,,,New Mexico,35,Harding County,21,,,,,,,,,,,,,,,.,.,,,,,,,,,,,,0500000US35021,,,35021,"Harding County, New Mexico",282,221,61,"Harding County, New Mexico",63,53,30,0.783687943262411,0.216312056737589
G3500230,2019-2023,NM,,,New Mexico,35,Hidalgo County,23,,,,,,,,,,,,,,,.,.,,,,,,,,,,,,0500000US35023,,,35023,"Hidalgo County, New Mexico",1501,1131,370,"Hidalgo County, New Mexico",121,115,102,0.753497668221186,0.246502331778814
G3500250,2019-2023,NM,,,New Mexico,35,Lea County,25,,,,,,,,,,,,,,,.,.,,,,,,,,,,,,0500000US35025,,,35025,"Lea County, New Mexico",24568,17072,7496,"Lea County, New Mexico",440,795,753,0.69488765874308,0.30511234125692
G3500270,2019-2023,NM,,,New Mexico,35,Lincoln County,27,,,,,,,,,,,,,,,.,.,,,,,,,,,,,,0500000US35027,,,35027,"Lincoln County, New Mexico",9376,7455,1921,"Lincoln County, New Mexico",491,384,368,0.795115187713311,0.204884812286689
G3500280,2019-2023,NM,,,New Mexico,35,Los Alamos County,28,,,,,,,,,,,,,,,.,.,,,,,,,,,,,,0500000US35028,,,35028,"Los Alamos County, New Mexico",8211,6121,2090,"Los Alamos County, New Mexico",188,325,279,0.745463402752405,0.254536597247595
G3500290,2019-2023,NM,,,New Mexico,35,Luna County,29,,,,,,,,,,,,,,,.,.,,,,,,,,,,,,0500000US35029,,,35029,"Luna County, New Mexico",9082,6282,2800,"Luna County, New Mexico",330,450,381,0.691697863906629,0.308302136093372
G3500310,2019-2023,NM,,,New Mexico,35,McKinley County,31,,,,,,,,,,,,,,,.,.,,,,,,,,,,,,0500000US35031,,,35031,"McKinley County, New Mexico",21088,14509,6579,"McKinley County, New Mexico",281,455,426,0.688021623672231,0.311978376327769
G3500330,2019-2023,NM,,,New Mexico,35,Mora County,33,,,,,,,,,,,,,,,.,.,,,,,,,,,,,,0500000US35033,,,35033,"Mora County, New Mexico",1991,1775,216,"Mora County, New Mexico",208,215,111,0.891511803114013,0.108488196885987
G3500350,2019-2023,NM,,,New Mexico,35,Otero County,35,,,,,,,,,,,,,,,.,.,,,,,,,,,,,,0500000US35035,,,35035,"Otero County, New Mexico",24285,15794,8491,"Otero County, New Mexico",626,671,636,0.650360304714845,0.349639695285155
G3500370,2019-2023,NM,,,New Mexico,35,Quay County,37,,,,,,,,,,,,,,,.,.,,,,,,,,,,,,0500000US35037,,,35037,"Quay County, New Mexico",4102,2984,1118,"Quay County, New Mexico",220,234,212,0.727450024378352,0.272549975621648
G3500390,2019-2023,NM,,,New Mexico,35,Rio Arriba County,39,,,,,,,,,,,,,,,.,.,,,,,,,,,,,,0500000US35039,,,35039,"Rio Arriba County, New Mexico",14980,11697,3283,"Rio Arriba County, New Mexico",478,471,329,0.780841121495327,0.219158878504673
G3500410,2019-2023,NM,,,New Mexico,35,Roosevelt County,41,,,,,,,,,,,,,,,.,.,,,,,,,,,,,,0500000US35041,,,35041,"Roosevelt County, New Mexico",7211,4469,2742,"Roosevelt County, New Mexico",273,392,367,0.619747607821384,0.380252392178616
G3500430,2019-2023,NM,,,New Mexico,35,Sandoval County,43,,,,,,,,,,,,,,,.,.,,,,,,,,,,,,0500000US35043,,,35043,"Sandoval County, New Mexico",55741,46606,9135,"Sandoval County, New Mexico",494,754,647,0.836117041316087,0.163882958683913
G3500450,2019-2023,NM,,,New Mexico,35,San Juan County,45,,,,,,,,,,,,,,,.,.,,,,,,,,,,,,0500000US35045,,,35045,"San Juan County, New Mexico",41053,28811,12242,"San Juan County, New Mexico",622,833,826,0.701800112050277,0.298199887949724
G3500470,2019-2023,NM,,,New Mexico,35,San Miguel County,47,,,,,,,,,,,,,,,.,.,,,,,,,,,,,,0500000US35047,,,35047,"San Miguel County, New Mexico",11924,8735,3189,"San Miguel County, New Mexico",375,375,423,0.732556189198256,0.267443810801744
G3500490,2019-2023,NM,,,New Mexico,35,Santa Fe County,49,,,,,,,,,,,,,,,.,.,,,,,,,,,,,,0500000US35049,,,35049,"Santa Fe County, New Mexico",69348,48973,20375,"Santa Fe County, New Mexico",634,919,894,0.706191959393205,0.293808040606795
G3500510,2019-2023,NM,,,New Mexico,35,Sierra County,51,,,,,,,,,,,,,,,.,.,,,,,,,,,,,,0500000US35051,,,35051,"Sierra County, New Mexico",5419,3806,1613,"Sierra County, New Mexico",268,302,297,0.702343605831334,0.297656394168666
G3500530,2019-2023,NM,,,New Mexico,35,Socorro County,53,,,,,,,,,,,,,,,.,.,,,,,,,,,,,,0500000US35053,,,35053,"Socorro County, New Mexico",5222,3839,1383,"Socorro County, New Mexico",298,277,243,0.735158942933742,0.264841057066258
G3500550,2019-2023,NM,,,New Mexico,35,Taos County,55,,,,,,,,,,,,,,,.,.,,,,,,,,,,,,0500000US35055,,,35055,"Taos County, New Mexico",14459,11399,3060,"Taos County, New Mexico",443,547,486,0.788367106992185,0.211632893007815
G3500570,2019-2023,NM,,,New Mexico,35,Torrance County,57,,,,,,,,,,,,,,,.,.,,,,,,,,,,,,0500000US35057,,,35057,"Torrance County, New Mexico",5774,4715,1059,"Torrance County, New Mexico",269,290,215,0.816591617596121,0.183408382403879
G3500590,2019-2023,NM,,,New Mexico,35,Union County,59,,,,,,,,,,,,,,,.,.,,,,,,,,,,,,0500000US35059,,,35059,"Union County, New Mexico",1504,1025,479,"Union County, New Mexico",198,176,132,0.681515957446809,0.318484042553192
G3500610,2019-2023,NM,,,New Mexico,35,Valencia County,61,,,,,,,,,,,,,,,.,.,,,,,,,,,,,,0500000US35061,,,35061,"Valencia County, New Mexico",26782,21975,4807,"Valencia County, New Mexico",492,662,495,0.820513777910537,0.179486222089463
G3600010,2019-2023,NY,,,New York,36,Albany County,1,,,,,,,,,,,,,,,.,.,,,,,,,,,,,,0500000US36001,,,36001,"Albany County, New York",132728,75285,57443,"Albany County, New York",902,1338,1515,0.567212645410162,0.432787354589838
G3600030,2019-2023,NY,,,New York,36,Allegany County,3,,,,,,,,,,,,,,,.,.,,,,,,,,,,,,0500000US36003,,,36003,"Allegany County, New York",17057,13698,3359,"Allegany County, New York",356,266,277,0.803072052529753,0.196927947470247
G3600050,2019-2023,NY,,,New York,36,Bronx County,5,,,,,,,,,,,,,,,.,.,,,,,,,,,,,,0500000US36005,,,36005,"Bronx County, New York",530067,107439,422628,"Bronx County, New York",1380,2494,2689,0.202689471330983,0.797310528669017
G3600070,2019-2023,NY,,,New York,36,Broome County,7,,,,,,,,,,,,,,,.,.,,,,,,,,,,,,0500000US36007,,,36007,"Broome County, New York",81781,52810,28971,"Broome County, New York",698,794,966,0.64574901260684,0.35425098739316
G3600090,2019-2023,NY,,,New York,36,Cattaraugus County,9,,,,,,,,,,,,,,,.,.,,,,,,,,,,,,0500000US36009,,,36009,"Cattaraugus County, New York",31822,23732,8090,"Cattaraugus County, New York",395,441,439,0.745773364339136,0.254226635660864
G3600110,2019-2023,NY,,,New York,36,Cayuga County,11,,,,,,,,,,,,,,,.,.,,,,,,,,,,,,0500000US36011,,,36011,"Cayuga County, New York",31334,22533,8801,"Cayuga County, New York",402,518,495,0.719122997383034,0.280877002616966
G3600130,2019-2023,NY,,,New York,36,Chautauqua County,13,,,,,,,,,,,,,,,.,.,,,,,,,,,,,,0500000US36013,,,36013,"Chautauqua County, New York",53602,37020,16582,"Chautauqua County, New York",620,807,741,0.690645871422708,0.309354128577292
G3600150,2019-2023,NY,,,New York,36,Chemung County,15,,,,,,,,,,,,,,,.,.,,,,,,,,,,,,0500000US36015,,,36015,"Chemung County, New York",34916,24384,10532,"Chemung County, New York",486,523,567,0.698361782563868,0.301638217436132
G3600170,2019-2023,NY,,,New York,36,Chenango County,17,,,,,,,,,,,,,,,.,.,,,,,,,,,,,,0500000US36017,,,36017,"Chenango County, New York",19800,15112,4688,"Chenango County, New York",340,410,371,0.763232323232323,0.236767676767677
G3600190,2019-2023,NY,,,New York,36,Clinton County,19,,,,,,,,,,,,,,,.,.,,,,,,,,,,,,0500000US36019,,,36019,"Clinton County, New York",33276,22911,10365,"Clinton County, New York",492,635,666,0.688514244500541,0.311485755499459
G3600210,2019-2023,NY,,,New York,36,Columbia County,21,,,,,,,,,,,,,,,.,.,,,,,,,,,,,,0500000US36021,,,36021,"Columbia County, New York",26098,19668,6430,"Columbia County, New York",545,525,547,0.753620967123918,0.246379032876082
G3600230,2019-2023,NY,,,New York,36,Cortland County,23,,,,,,,,,,,,,,,.,.,,,,,,,,,,,,0500000US36023,,,36023,"Cortland County, New York",18768,12460,6308,"Cortland County, New York",286,362,395,0.663895993179881,0.336104006820119
G3600250,2019-2023,NY,,,New York,36,Delaware County,25,,,,,,,,,,,,,,,.,.,,,,,,,,,,,,0500000US36025,,,36025,"Delaware County, New York",18947,14530,4417,"Delaware County, New York",444,387,348,0.766876022589328,0.233123977410672
G3600270,2019-2023,NY,,,New York,36,Dutchess County,27,,,,,,,,,,,,,,,.,.,,,,,,,,,,,,0500000US36027,,,36027,"Dutchess County, New York",115184,79284,35900,"Dutchess County, New York",632,1020,1100,0.688324767328796,0.311675232671204
G3600290,2019-2023,NY,,,New York,36,Erie County,29,,,,,,,,,,,,,,,.,.,,,,,,,,,,,,0500000US36029,,,36029,"Erie County, New York",408711,267519,141192,"Erie County, New York",1563,2155,2241,0.654543185771853,0.345456814228147
G3600310,2019-2023,NY,,,New York,36,Essex County,31,,,,,,,,,,,,,,,.,.,,,,,,,,,,,,0500000US36031,,,36031,"Essex County, New York",16039,12520,3519,"Essex County, New York",407,380,385,0.780597294095642,0.219402705904358
G3600330,2019-2023,NY,,,New York,36,Franklin County,33,,,,,,,,,,,,,,,.,.,,,,,,,,,,,,0500000US36033,,,36033,"Franklin County, New York",19234,13692,5542,"Franklin County, New York",342,434,443,0.711864406779661,0.288135593220339
G3600350,2019-2023,NY,,,New York,36,Fulton County,35,,,,,,,,,,,,,,,.,.,,,,,,,,,,,,0500000US36035,,,36035,"Fulton County, New York",22607,15645,6962,"Fulton County, New York",467,537,600,0.692042287786969,0.307957712213031
G3600370,2019-2023,NY,,,New York,36,Genesee County,37,,,,,,,,,,,,,,,.,.,,,,,,,,,,,,0500000US36037,,,36037,"Genesee County, New York",24769,18381,6388,"Genesee County, New York",323,477,470,0.742096976058783,0.257903023941217
G3600390,2019-2023,NY,,,New York,36,Greene County,39,,,,,,,,,,,,,,,.,.,,,,,,,,,,,,0500000US36039,,,36039,"Greene County, New York",18188,14107,4081,"Greene County, New York",435,484,361,0.775621288761821,0.224378711238179
G3600410,2019-2023,NY,,,New York,36,Hamilton County,41,,,,,,,,,,,,,,,.,.,,,,,,,,,,,,0500000US36041,,,36041,"Hamilton County, New York",2111,1741,370,"Hamilton County, New York",148,131,73,0.824727617243013,0.175272382756987
G3600430,2019-2023,NY,,,New York,36,Herkimer County,43,,,,,,,,,,,,,,,.,.,,,,,,,,,,,,0500000US36043,,,36043,"Herkimer County, New York",25426,19296,6130,"Herkimer County, New York",382,457,462,0.758908204200425,0.241091795799575
G3600450,2019-2023,NY,,,New York,36,Jefferson County,45,,,,,,,,,,,,,,,.,.,,,,,,,,,,,,0500000US36045,,,36045,"Jefferson County, New York",46701,25278,21423,"Jefferson County, New York",714,603,730,0.541273206141196,0.458726793858804
G3600470,2019-2023,NY,,,New York,36,Kings County,47,,,,,,,,,,,,,,,.,.,,,,,,,,,,,,0500000US36047,,,36047,"Kings County, New York",1009596,300026,709570,"Kings County, New York",2282,4077,4397,0.297174315270663,0.702825684729337
G3600490,2019-2023,NY,,,New York,36,Lewis County,49,,,,,,,,,,,,,,,.,.,,,,,,,,,,,,0500000US36049,,,36049,"Lewis County, New York",10958,8812,2146,"Lewis County, New York",245,237,240,0.804161343310823,0.195838656689177
G3600510,2019-2023,NY,,,New York,36,Livingston County,51,,,,,,,,,,,,,,,.,.,,,,,,,,,,,,0500000US36051,,,36051,"Livingston County, New York",24329,18759,5570,"Livingston County, New York",386,438,352,0.771055119404826,0.228944880595174
G3600530,2019-2023,NY,,,New York,36,Madison County,53,,,,,,,,,,,,,,,.,.,,,,,,,,,,,,0500000US36053,,,36053,"Madison County, New York",25563,20047,5516,"Madison County, New York",480,462,416,0.784219379572038,0.215780620427962
G3600550,2019-2023,NY,,,New York,36,Monroe County,55,,,,,,,,,,,,,,,.,.,,,,,,,,,,,,0500000US36055,,,36055,"Monroe County, New York",316506,201032,115474,"Monroe County, New York",1242,1899,1937,0.635160154941771,0.36483984505823
G3600570,2019-2023,NY,,,New York,36,Montgomery County,57,,,,,,,,,,,,,,,.,.,,,,,,,,,,,,0500000US36057,,,36057,"Montgomery County, New York",19234,13336,5898,"Montgomery County, New York",391,400,392,0.693355516273266,0.306644483726734
G3600590,2019-2023,NY,,,New York,36,Nassau County,59,,,,,,,,,,,,,,,.,.,,,,,,,,,,,,0500000US36059,,,36059,"Nassau County, New York",456076,373665,82411,"Nassau County, New York",1499,2711,2404,0.819304238767223,0.180695761232777
G3600610,2019-2023,NY,,,New York,36,New York County,61,,,,,,,,,,,,,,,.,.,,,,,,,,,,,,0500000US36061,,,36061,"New York County, New York",775376,191643,583733,"New York County, New York",4253,3837,4886,0.247161377189905,0.752838622810095
G3600630,2019-2023,NY,,,New York,36,Niagara County,63,,,,,,,,,,,,,,,.,.,,,,,,,,,,,,0500000US36063,,,36063,"Niagara County, New York",91493,64870,26623,"Niagara County, New York",741,983,965,0.70901599029434,0.290984009705661
G3600650,2019-2023,NY,,,New York,36,Oneida County,65,,,,,,,,,,,,,,,.,.,,,,,,,,,,,,0500000US36065,,,36065,"Oneida County, New York",94361,63966,30395,"Oneida County, New York",774,1010,1123,0.677885991034432,0.322114008965568
G3600670,2019-2023,NY,,,New York,36,Onondaga County,67,,,,,,,,,,,,,,,.,.,,,,,,,,,,,,0500000US36067,,,36067,"Onondaga County, New York",194963,128013,66950,"Onondaga County, New York",919,1221,1350,0.656601509004273,0.343398490995727
G3600690,2019-2023,NY,,,New York,36,Ontario County,69,,,,,,,,,,,,,,,.,.,,,,,,,,,,,,0500000US36069,,,36069,"Ontario County, New York",47684,34718,12966,"Ontario County, New York",633,734,697,0.72808489220703,0.27191510779297
G3600710,2019-2023,NY,,,New York,36,Orange County,71,,,,,,,,,,,,,,,.,.,,,,,,,,,,,,0500000US36071,,,36071,"Orange County, New York",137311,93959,43352,"Orange County, New York",913,1171,1274,0.68427875406923,0.31572124593077
G3600730,2019-2023,NY,,,New York,36,Orleans County,73,,,,,,,,,,,,,,,.,.,,,,,,,,,,,,0500000US36073,,,36073,"Orleans County, New York",16208,12539,3669,"Orleans County, New York",289,401,367,0.773630306021718,0.226369693978282
G3600750,2019-2023,NY,,,New York,36,Oswego County,75,,,,,,,,,,,,,,,.,.,,,,,,,,,,,,0500000US36075,,,36075,"Oswego County, New York",47132,34837,12295,"Oswego County, New York",570,670,602,0.739136892132734,0.260863107867266
G3600770,2019-2023,NY,,,New York,36,Otsego County,77,,,,,,,,,,,,,,,.,.,,,,,,,,,,,,0500000US36077,,,36077,"Otsego County, New York",22608,16807,5801,"Otsego County, New York",379,430,447,0.743409412597311,0.256590587402689
G3600790,2019-2023,NY,,,New York,36,Putnam County,79,,,,,,,,,,,,,,,.,.,,,,,,,,,,,,0500000US36079,,,36079,"Putnam County, New York",35054,29105,5949,"Putnam County, New York",470,569,497,0.830290409083129,0.169709590916871
G3600810,2019-2023,NY,,,New York,36,Queens County,81,,,,,,,,,,,,,,,.,.,,,,,,,,,,,,0500000US36081,,,36081,"Queens County, New York",828230,371778,456452,"Queens County, New York",2435,3707,3172,0.448882556777707,0.551117443222293
G3600830,2019-2023,NY,,,New York,36,Rensselaer County,83,,,,,,,,,,,,,,,.,.,,,,,,,,,,,,0500000US36083,,,36083,"Rensselaer County, New York",66233,42452,23781,"Rensselaer County, New York",599,800,861,0.640949375688856,0.359050624311144
G3600850,2019-2023,NY,,,New York,36,Richmond County,85,,,,,,,,,,,,,,,.,.,,,,,,,,,,,,0500000US36085,,,36085,"Richmond County, New York",170047,115534,54513,"Richmond County, New York",989,1853,1829,0.67942392397396,0.32057607602604
G3600870,2019-2023,NY,,,New York,36,Rockland County,87,,,,,,,,,,,,,,,.,.,,,,,,,,,,,,0500000US36087,,,36087,"Rockland County, New York",103284,70496,32788,"Rockland County, New York",668,1241,1259,0.682545215134968,0.317454784865032
G3600890,2019-2023,NY,,,New York,36,St. Lawrence County,89,,,,,,,,,,,,,,,.,.,,,,,,,,,,,,0500000US36089,,,36089,"St. Lawrence County, New York",41732,29840,11892,"St. Lawrence County, New York",460,613,631,0.715038819131602,0.284961180868398
G3600910,2019-2023,NY,,,New York,36,Saratoga County,91,,,,,,,,,,,,,,,.,.,,,,,,,,,,,,0500000US36091,,,36091,"Saratoga County, New York",99835,72048,27787,"Saratoga County, New York",837,1134,957,0.721670756748635,0.278329243251365
G3600930,2019-2023,NY,,,New York,36,Schenectady County,93,,,,,,,,,,,,,,,.,.,,,,,,,,,,,,0500000US36093,,,36093,"Schenectady County, New York",66324,42327,23997,"Schenectady County, New York",555,884,894,0.63818527229962,0.36181472770038
G3600950,2019-2023,NY,,,New York,36,Schoharie County,95,,,,,,,,,,,,,,,.,.,,,,,,,,,,,,0500000US36095,,,36095,"Schoharie County, New York",12439,9662,2777,"Schoharie County, New York",272,323,269,0.776750542648123,0.223249457351877
G3600970,2019-2023,NY,,,New York,36,Schuyler County,97,,,,,,,,,,,,,,,.,.,,,,,,,,,,,,0500000US36097,,,36097,"Schuyler County, New York",7405,5780,1625,"Schuyler County, New York",232,239,192,0.780553679945983,0.219446320054018
G3600990,2019-2023,NY,,,New York,36,Seneca County,99,,,,,,,,,,,,,,,.,.,,,,,,,,,,,,0500000US36099,,,36099,"Seneca County, New York",13679,9848,3831,"Seneca County, New York",256,286,300,0.719935667811975,0.280064332188025
G3601010,2019-2023,NY,,,New York,36,Steuben County,101,,,,,,,,,,,,,,,.,.,,,,,,,,,,,,0500000US36101,,,36101,"Steuben County, New York",38916,28614,10302,"Steuben County, New York",483,557,502,0.735275979031761,0.264724020968239
G3601030,2019-2023,NY,,,New York,36,Suffolk County,103,,,,,,,,,,,,,,,.,.,,,,,,,,,,,,0500000US36103,,,36103,"Suffolk County, New York",512280,419631,92649,"Suffolk County, New York",1798,2981,2329,0.819143827594284,0.180856172405716
G3601050,2019-2023,NY,,,New York,36,Sullivan County,105,,,,,,,,,,,,,,,.,.,,,,,,,,,,,,0500000US36105,,,36105,"Sullivan County, New York",30215,20934,9281,"Sullivan County, New York",767,704,665,0.692834684759226,0.307165315240774
G3601070,2019-2023,NY,,,New York,36,Tioga County,107,,,,,,,,,,,,,,,.,.,,,,,,,,,,,,0500000US36107,,,36107,"Tioga County, New York",20214,15811,4403,"Tioga County, New York",295,418,432,0.782180666864549,0.217819333135451
G3601090,2019-2023,NY,,,New York,36,Tompkins County,109,,,,,,,,,,,,,,,.,.,,,,,,,,,,,,0500000US36109,,,36109,"Tompkins County, New York",43269,23291,19978,"Tompkins County, New York",560,597,740,0.538283759735608,0.461716240264393
G3601110,2019-2023,NY,,,New York,36,Ulster County,111,,,,,,,,,,,,,,,.,.,,,,,,,,,,,,0500000US36111,,,36111,"Ulster County, New York",73105,51163,21942,"Ulster County, New York",823,1113,989,0.699856370973258,0.300143629026742
G3601130,2019-2023,NY,,,New York,36,Warren County,113,,,,,,,,,,,,,,,.,.,,,,,,,,,,,,0500000US36113,,,36113,"Warren County, New York",30041,21470,8571,"Warren County, New York",466,602,552,0.714689923770847,0.285310076229154
G3601150,2019-2023,NY,,,New York,36,Washington County,115,,,,,,,,,,,,,,,.,.,,,,,,,,,,,,0500000US36115,,,36115,"Washington County, New York",24254,18568,5686,"Washington County, New York",395,524,454,0.765564442978478,0.234435557021522
G3601170,2019-2023,NY,,,New York,36,Wayne County,117,,,,,,,,,,,,,,,.,.,,,,,,,,,,,,0500000US36117,,,36117,"Wayne County, New York",38222,30531,7691,"Wayne County, New York",427,609,569,0.798780806865156,0.201219193134844
G3601190,2019-2023,NY,,,New York,36,Westchester County,119,,,,,,,,,,,,,,,.,.,,,,,,,,,,,,0500000US36119,,,36119,"Westchester County, New York",370256,230294,139962,"Westchester County, New York",1368,2691,2535,0.62198586923642,0.37801413076358
G3601210,2019-2023,NY,,,New York,36,Wyoming County,121,,,,,,,,,,,,,,,.,.,,,,,,,,,,,,0500000US36121,,,36121,"Wyoming County, New York",16263,12518,3745,"Wyoming County, New York",307,350,309,0.769722683391748,0.230277316608252
G3601230,2019-2023,NY,,,New York,36,Yates County,123,,,,,,,,,,,,,,,.,.,,,,,,,,,,,,0500000US36123,,,36123,"Yates County, New York",9095,7024,2071,"Yates County, New York",378,363,225,0.772292468389225,0.227707531610775
G3700010,2019-2023,NC,,,North Carolina,37,Alamance County,1,,,,,,,,,,,,,,,.,.,,,,,,,,,,,,0500000US37001,,,37001,"Alamance County, North Carolina",68441,44903,23538,"Alamance County, North Carolina",675,871,810,0.65608334185649,0.34391665814351
G3700030,2019-2023,NC,,,North Carolina,37,Alexander County,3,,,,,,,,,,,,,,,.,.,,,,,,,,,,,,0500000US37003,,,37003,"Alexander County, North Carolina",13895,11348,2547,"Alexander County, North Carolina",293,467,397,0.816696653472472,0.183303346527528
G3700050,2019-2023,NC,,,North Carolina,37,Alleghany County,5,,,,,,,,,,,,,,,.,.,,,,,,,,,,,,0500000US37005,,,37005,"Alleghany County, North Carolina",5049,3891,1158,"Alleghany County, North Carolina",242,250,197,0.770647653000594,0.229352346999406
G3700070,2019-2023,NC,,,North Carolina,37,Anson County,7,,,,,,,,,,,,,,,.,.,,,,,,,,,,,,0500000US37007,,,37007,"Anson County, North Carolina",8314,5455,2859,"Anson County, North Carolina",350,360,385,0.656122203512148,0.343877796487852
G3700090,2019-2023,NC,,,North Carolina,37,Ashe County,9,,,,,,,,,,,,,,,.,.,,,,,,,,,,,,0500000US37009,,,37009,"Ashe County, North Carolina",11999,9405,2594,"Ashe County, North Carolina",521,478,421,0.783815317943162,0.216184682056838
G3700110,2019-2023,NC,,,North Carolina,37,Avery County,11,,,,,,,,,,,,,,,.,.,,,,,,,,,,,,0500000US37011,,,37011,"Avery County, North Carolina",6559,5245,1314,"Avery County, North Carolina",344,309,242,0.799664583015704,0.200335416984296
G3700130,2019-2023,NC,,,North Carolina,37,Beaufort County,13,,,,,,,,,,,,,,,.,.,,,,,,,,,,,,0500000US37013,,,37013,"Beaufort County, North Carolina",19103,13391,5712,"Beaufort County, North Carolina",475,577,512,0.700989373396849,0.299010626603151
G3700150,2019-2023,NC,,,North Carolina,37,Bertie County,15,,,,,,,,,,,,,,,.,.,,,,,,,,,,,,0500000US37015,,,37015,"Bertie County, North Carolina",7024,5232,1792,"Bertie County, North Carolina",322,313,347,0.744874715261959,0.255125284738041
G3700170,2019-2023,NC,,,North Carolina,37,Bladen County,17,,,,,,,,,,,,,,,.,.,,,,,,,,,,,,0500000US37017,,,37017,"Bladen County, North Carolina",11635,8127,3508,"Bladen County, North Carolina",406,380,387,0.698495917490331,0.301504082509669
G3700190,2019-2023,NC,,,North Carolina,37,Brunswick County,19,,,,,,,,,,,,,,,.,.,,,,,,,,,,,,0500000US37019,,,37019,"Brunswick County, North Carolina",64436,54023,10413,"Brunswick County, North Carolina",942,1031,920,0.838397790055249,0.161602209944751
G3700210,2019-2023,NC,,,North Carolina,37,Buncombe County,21,,,,,,,,,,,,,,,.,.,,,,,,,,,,,,0500000US37021,,,37021,"Buncombe County, North Carolina",102672,66159,36513,"Buncombe County, North Carolina",1818,1594,1549,0.64437237026648,0.35562762973352
G3700230,2019-2023,NC,,,North Carolina,37,Burke County,23,,,,,,,,,,,,,,,.,.,,,,,,,,,,,,0500000US37023,,,37023,"Burke County, North Carolina",35873,26823,9050,"Burke County, North Carolina",506,637,662,0.747721127310233,0.252278872689767
G3700250,2019-2023,NC,,,North Carolina,37,Cabarrus County,25,,,,,,,,,,,,,,,.,.,,,,,,,,,,,,0500000US37025,,,37025,"Cabarrus County, North Carolina",80370,57973,22397,"Cabarrus County, North Carolina",1094,1410,1302,0.721326365559288,0.278673634440712
G3700270,2019-2023,NC,,,North Carolina,37,Caldwell County,27,,,,,,,,,,,,,,,.,.,,,,,,,,,,,,0500000US37027,,,37027,"Caldwell County, North Carolina",32766,24251,8515,"Caldwell County, North Carolina",534,624,651,0.740126960874077,0.259873039125923
G3700290,2019-2023,NC,,,North Carolina,37,Camden County,29,,,,,,,,,,,,,,,.,.,,,,,,,,,,,,0500000US37029,,,37029,"Camden County, North Carolina",3948,3307,641,"Camden County, North Carolina",143,242,235,0.837639311043566,0.162360688956434
G3700310,2019-2023,NC,,,North Carolina,37,Carteret County,31,,,,,,,,,,,,,,,.,.,,,,,,,,,,,,0500000US37031,,,37031,"Carteret County, North Carolina",31198,22932,8266,"Carteret County, North Carolina",604,569,555,0.735047118405026,0.264952881594974
G3700330,2019-2023,NC,,,North Carolina,37,Caswell County,33,,,,,,,,,,,,,,,.,.,,,,,,,,,,,,0500000US37033,,,37033,"Caswell County, North Carolina",8677,6600,2077,"Caswell County, North Carolina",323,365,320,0.760631554684799,0.239368445315201
G3700350,2019-2023,NC,,,North Carolina,37,Catawba County,35,,,,,,,,,,,,,,,.,.,,,,,,,,,,,,0500000US37035,,,37035,"Catawba County, North Carolina",65201,47414,17787,"Catawba County, North Carolina",580,916,870,0.727197435622153,0.272802564377847
G3700370,2019-2023,NC,,,North Carolina,37,Chatham County,37,,,,,,,,,,,,,,,.,.,,,,,,,,,,,,0500000US37037,,,37037,"Chatham County, North Carolina",32253,25936,6317,"Chatham County, North Carolina",379,770,828,0.804142250333302,0.195857749666698
G3700390,2019-2023,NC,,,North Carolina,37,Cherokee County,39,,,,,,,,,,,,,,,.,.,,,,,,,,,,,,0500000US37039,,,37039,"Cherokee County, North Carolina",13042,10905,2137,"Cherokee County, North Carolina",396,461,356,0.836144763073148,0.163855236926852
G3700410,2019-2023,NC,,,North Carolina,37,Chowan County,41,,,,,,,,,,,,,,,.,.,,,,,,,,,,,,0500000US37041,,,37041,"Chowan County, North Carolina",5989,4173,1816,"Chowan County, North Carolina",253,246,287,0.69677742527968,0.303222574720321
G3700430,2019-2023,NC,,,North Carolina,37,Clay County,43,,,,,,,,,,,,,,,.,.,,,,,,,,,,,,0500000US37043,,,37043,"Clay County, North Carolina",5041,4024,1017,"Clay County, North Carolina",275,320,304,0.798254314620115,0.201745685379885
G3700450,2019-2023,NC,,,North Carolina,37,Cleveland County,45,,,,,,,,,,,,,,,.,.,,,,,,,,,,,,0500000US37045,,,37045,"Cleveland County, North Carolina",37218,26296,10922,"Cleveland County, North Carolina",633,778,668,0.706539846310925,0.293460153689075
G3700470,2019-2023,NC,,,North Carolina,37,Columbus County,47,,,,,,,,,,,,,,,.,.,,,,,,,,,,,,0500000US37047,,,37047,"Columbus County, North Carolina",19227,13893,5334,"Columbus County, North Carolina",415,572,499,0.722577625214542,0.277422374785458
G3700490,2019-2023,NC,,,North Carolina,37,Craven County,49,,,,,,,,,,,,,,,.,.,,,,,,,,,,,,0500000US37049,,,37049,"Craven County, North Carolina",41472,29008,12464,"Craven County, North Carolina",606,963,822,0.69945987654321,0.30054012345679
G3700510,2019-2023,NC,,,North Carolina,37,Cumberland County,51,,,,,,,,,,,,,,,.,.,,,,,,,,,,,,0500000US37051,,,37051,"Cumberland County, North Carolina",128118,68742,59376,"Cumberland County, North Carolina",643,1185,1171,0.536552240902918,0.463447759097082
G3700530,2019-2023,NC,,,North Carolina,37,Currituck County,53,,,,,,,,,,,,,,,.,.,,,,,,,,,,,,0500000US37053,,,37053,"Currituck County, North Carolina",11497,10061,1436,"Currituck County, North Carolina",281,385,263,0.875097851613464,0.124902148386536
G3700550,2019-2023,NC,,,North Carolina,37,Dare County,55,,,,,,,,,,,,,,,.,.,,,,,,,,,,,,0500000US37055,,,37055,"Dare County, North Carolina",16483,12821,3662,"Dare County, North Carolina",769,604,509,0.777831705393436,0.222168294606564
G3700570,2019-2023,NC,,,North Carolina,37,Davidson County,57,,,,,,,,,,,,,,,.,.,,,,,,,,,,,,0500000US37057,,,37057,"Davidson County, North Carolina",68512,50376,18136,"Davidson County, North Carolina",656,1052,941,0.735287248949089,0.264712751050911
G3700590,2019-2023,NC,,,North Carolina,37,Davie County,59,,,,,,,,,,,,,,,.,.,,,,,,,,,,,,0500000US37059,,,37059,"Davie County, North Carolina",16873,14070,2803,"Davie County, North Carolina",393,421,325,0.833876607597938,0.166123392402062
G3700610,2019-2023,NC,,,North Carolina,37,Duplin County,61,,,,,,,,,,,,,,,.,.,,,,,,,,,,,,0500000US37061,,,37061,"Duplin County, North Carolina",20096,14075,6021,"Duplin County, North Carolina",420,448,542,0.700388136942675,0.299611863057325
G3700630,2019-2023,NC,,,North Carolina,37,Durham County,63,,,,,,,,,,,,,,,.,.,,,,,,,,,,,,0500000US37063,,,37063,"Durham County, North Carolina",138502,76206,62296,"Durham County, North Carolina",984,1601,1694,0.550215881359114,0.449784118640886
G3700650,2019-2023,NC,,,North Carolina,37,Edgecombe County,65,,,,,,,,,,,,,,,.,.,,,,,,,,,,,,0500000US37065,,,37065,"Edgecombe County, North Carolina",19533,11600,7933,"Edgecombe County, North Carolina",400,529,619,0.593866789535658,0.406133210464342
G3700670,2019-2023,NC,,,North Carolina,37,Forsyth County,67,,,,,,,,,,,,,,,.,.,,,,,,,,,,,,0500000US37067,,,37067,"Forsyth County, North Carolina",155743,97629,58114,"Forsyth County, North Carolina",1119,1565,1775,0.62685963414086,0.37314036585914
G3700690,2019-2023,NC,,,North Carolina,37,Franklin County,69,,,,,,,,,,,,,,,.,.,,,,,,,,,,,,0500000US37069,,,37069,"Franklin County, North Carolina",27442,21438,6004,"Franklin County, North Carolina",512,662,574,0.781211281976532,0.218788718023468
G3700710,2019-2023,NC,,,North Carolina,37,Gaston County,71,,,,,,,,,,,,,,,.,.,,,,,,,,,,,,0500000US37071,,,37071,"Gaston County, North Carolina",92287,60745,31542,"Gaston County, North Carolina",692,1119,1118,0.658218383954403,0.341781616045597
G3700730,2019-2023,NC,,,North Carolina,37,Gates County,73,,,,,,,,,,,,,,,.,.,,,,,,,,,,,,0500000US37073,,,37073,"Gates County, North Carolina",4219,3472,747,"Gates County, North Carolina",176,226,211,0.822943825551079,0.177056174448922
G3700750,2019-2023,NC,,,North Carolina,37,Graham County,75,,,,,,,,,,,,,,,.,.,,,,,,,,,,,,0500000US37075,,,37075,"Graham County, North Carolina",3312,2677,635,"Graham County, North Carolina",218,219,163,0.808272946859903,0.191727053140097
G3700770,2019-2023,NC,,,North Carolina,37,Granville County,77,,,,,,,,,,,,,,,.,.,,,,,,,,,,,,0500000US37077,,,37077,"Granville County, North Carolina",22176,16988,5188,"Granville County, North Carolina",484,679,563,0.766053391053391,0.233946608946609
G3700790,2019-2023,NC,,,North Carolina,37,Greene County,79,,,,,,,,,,,,,,,.,.,,,,,,,,,,,,0500000US37079,,,37079,"Greene County, North Carolina",6831,4462,2369,"Greene County, North Carolina",230,275,314,0.653198653198653,0.346801346801347
G3700810,2019-2023,NC,,,North Carolina,37,Guilford County,81,,,,,,,,,,,,,,,.,.,,,,,,,,,,,,0500000US37081,,,37081,"Guilford County, North Carolina",215807,129397,86410,"Guilford County, North Carolina",1189,1523,1728,0.599595935256966,0.400404064743034
G3700830,2019-2023,NC,,,North Carolina,37,Halifax County,83,,,,,,,,,,,,,,,.,.,,,,,,,,,,,,0500000US37083,,,37083,"Halifax County, North Carolina",20269,12866,7403,"Halifax County, North Carolina",496,413,531,0.634762445113227,0.365237554886773
G3700850,2019-2023,NC,,,North Carolina,37,Harnett County,85,,,,,,,,,,,,,,,.,.,,,,,,,,,,,,0500000US37085,,,37085,"Harnett County, North Carolina",48639,33801,14838,"Harnett County, North Carolina",502,757,764,0.694936162338864,0.305063837661136
G3700870,2019-2023,NC,,,North Carolina,37,Haywood County,87,,,,,,,,,,,,,,,.,.,,,,,,,,,,,,0500000US37087,,,37087,"Haywood County, North Carolina",26772,20083,6689,"Haywood County, North Carolina",550,551,583,0.750149409831167,0.249850590168833
G3700890,2019-2023,NC,,,North Carolina,37,Henderson County,89,,,,,,,,,,,,,,,.,.,,,,,,,,,,,,0500000US37089,,,37089,"Henderson County, North Carolina",50423,37421,13002,"Henderson County, North Carolina",624,850,805,0.742141483053369,0.257858516946632
G3700910,2019-2023,NC,,,North Carolina,37,Hertford County,91,,,,,,,,,,,,,,,.,.,,,,,,,,,,,,0500000US37091,,,37091,"Hertford County, North Carolina",8329,5529,2800,"Hertford County, North Carolina",224,291,264,0.663825189098331,0.336174810901669
G3700930,2019-2023,NC,,,North Carolina,37,Hoke County,93,,,,,,,,,,,,,,,.,.,,,,,,,,,,,,0500000US37093,,,37093,"Hoke County, North Carolina",18763,13450,5313,"Hoke County, North Carolina",262,424,396,0.716836326813409,0.283163673186591
G3700950,2019-2023,NC,,,North Carolina,37,Hyde County,95,,,,,,,,,,,,,,,.,.,,,,,,,,,,,,0500000US37095,,,37095,"Hyde County, North Carolina",2115,1513,602,"Hyde County, North Carolina",280,255,212,0.715366430260047,0.284633569739953
G3700970,2019-2023,NC,,,North Carolina,37,Iredell County,97,,,,,,,,,,,,,,,.,.,,,,,,,,,,,,0500000US37097,,,37097,"Iredell County, North Carolina",73913,52829,21084,"Iredell County, North Carolina",648,987,839,0.714745714556303,0.285254285443697
G3700990,2019-2023,NC,,,North Carolina,37,Jackson County,99,,,,,,,,,,,,,,,.,.,,,,,,,,,,,,0500000US37099,,,37099,"Jackson County, North Carolina",18164,11370,6794,"Jackson County, North Carolina",640,486,578,0.625963444175292,0.374036555824708
G3701010,2019-2023,NC,,,North Carolina,37,Johnston County,101,,,,,,,,,,,,,,,.,.,,,,,,,,,,,,0500000US37101,,,37101,"Johnston County, North Carolina",82293,63448,18845,"Johnston County, North Carolina",726,1300,1172,0.771001178715079,0.228998821284921
G3701030,2019-2023,NC,,,North Carolina,37,Jones County,103,,,,,,,,,,,,,,,.,.,,,,,,,,,,,,0500000US37103,,,37103,"Jones County, North Carolina",3915,2961,954,"Jones County, North Carolina",127,175,157,0.75632183908046,0.24367816091954
G3701050,2019-2023,NC,,,North Carolina,37,Lee County,105,,,,,,,,,,,,,,,.,.,,,,,,,,,,,,0500000US37105,,,37105,"Lee County, North Carolina",24659,16263,8396,"Lee County, North Carolina",389,586,586,0.659515795449937,0.340484204550063
G3701070,2019-2023,NC,,,North Carolina,37,Lenoir County,107,,,,,,,,,,,,,,,.,.,,,,,,,,,,,,0500000US37107,,,37107,"Lenoir County, North Carolina",22930,13588,9342,"Lenoir County, North Carolina",519,627,671,0.59258613170519,0.40741386829481
G3701090,2019-2023,NC,,,North Carolina,37,Lincoln County,109,,,,,,,,,,,,,,,.,.,,,,,,,,,,,,0500000US37109,,,37109,"Lincoln County, North Carolina",35681,27998,7683,"Lincoln County, North Carolina",468,798,717,0.784675317395813,0.215324682604187
G3701110,2019-2023,NC,,,North Carolina,37,McDowell County,111,,,,,,,,,,,,,,,.,.,,,,,,,,,,,,0500000US37111,,,37111,"McDowell County, North Carolina",18445,13657,4788,"McDowell County, North Carolina",450,556,579,0.740417457305503,0.259582542694497
G3701130,2019-2023,NC,,,North Carolina,37,Macon County,113,,,,,,,,,,,,,,,.,.,,,,,,,,,,,,0500000US37113,,,37113,"Macon County, North Carolina",18090,13811,4279,"Macon County, North Carolina",659,647,525,0.763460475400774,0.236539524599226
G3701150,2019-2023,NC,,,North Carolina,37,Madison County,115,,,,,,,,,,,,,,,.,.,,,,,,,,,,,,0500000US37115,,,37115,"Madison County, North Carolina",8399,6546,1853,"Madison County, North Carolina",306,350,338,0.779378497440171,0.220621502559829
G3701170,2019-2023,NC,,,North Carolina,37,Martin County,117,,,,,,,,,,,,,,,.,.,,,,,,,,,,,,0500000US37117,,,37117,"Martin County, North Carolina",9361,6411,2950,"Martin County, North Carolina",323,348,374,0.684862728340989,0.315137271659011
G3701190,2019-2023,NC,,,North Carolina,37,Mecklenburg County,119,,,,,,,,,,,,,,,.,.,,,,,,,,,,,,0500000US37119,,,37119,"Mecklenburg County, North Carolina",455494,252815,202679,"Mecklenburg County, North Carolina",1674,2965,2972,0.555034753476445,0.444965246523555
G3701210,2019-2023,NC,,,North Carolina,37,Mitchell County,121,,,,,,,,,,,,,,,.,.,,,,,,,,,,,,0500000US37121,,,37121,"Mitchell County, North Carolina",6411,4973,1438,"Mitchell County, North Carolina",313,301,227,0.775698019029793,0.224301980970207
G3701230,2019-2023,NC,,,North Carolina,37,Montgomery County,123,,,,,,,,,,,,,,,.,.,,,,,,,,,,,,0500000US37123,,,37123,"Montgomery County, North Carolina",10075,7368,2707,"Montgomery County, North Carolina",441,410,340,0.731315136476427,0.268684863523573
G3701250,2019-2023,NC,,,North Carolina,37,Moore County,125,,,,,,,,,,,,,,,.,.,,,,,,,,,,,,0500000US37125,,,37125,"Moore County, North Carolina",42814,32681,10133,"Moore County, North Carolina",661,744,663,0.763325080581118,0.236674919418882
G3701270,2019-2023,NC,,,North Carolina,37,Nash County,127,,,,,,,,,,,,,,,.,.,,,,,,,,,,,,0500000US37127,,,37127,"Nash County, North Carolina",38123,24286,13837,"Nash County, North Carolina",595,720,653,0.637043254728117,0.362956745271883
G3701290,2019-2023,NC,,,North Carolina,37,New Hanover County,129,,,,,,,,,,,,,,,.,.,,,,,,,,,,,,0500000US37129,,,37129,"New Hanover County, North Carolina",102376,62143,40233,"New Hanover County, North Carolina",1001,1262,1164,0.607007501758225,0.392992498241775
G3701310,2019-2023,NC,,,North Carolina,37,Northampton County,131,,,,,,,,,,,,,,,.,.,,,,,,,,,,,,0500000US37131,,,37131,"Northampton County, North Carolina",7597,5562,2035,"Northampton County, North Carolina",305,280,233,0.732131104383309,0.267868895616691
G3701330,2019-2023,NC,,,North Carolina,37,Onslow County,133,,,,,,,,,,,,,,,.,.,,,,,,,,,,,,0500000US37133,,,37133,"Onslow County, North Carolina",72516,44208,28308,"Onslow County, North Carolina",972,1466,1321,0.609630977991064,0.390369022008936
G3701350,2019-2023,NC,,,North Carolina,37,Orange County,135,,,,,,,,,,,,,,,.,.,,,,,,,,,,,,0500000US37135,,,37135,"Orange County, North Carolina",56456,36269,20187,"Orange County, North Carolina",642,756,892,0.642429502621511,0.357570497378489
G3701370,2019-2023,NC,,,North Carolina,37,Pamlico County,137,,,,,,,,,,,,,,,.,.,,,,,,,,,,,,0500000US37137,,,37137,"Pamlico County, North Carolina",5228,4356,872,"Pamlico County, North Carolina",216,239,186,0.833205814843152,0.166794185156848
G3701390,2019-2023,NC,,,North Carolina,37,Pasquotank County,139,,,,,,,,,,,,,,,.,.,,,,,,,,,,,,0500000US37139,,,37139,"Pasquotank County, North Carolina",15394,10018,5376,"Pasquotank County, North Carolina",361,425,463,0.650773028452644,0.349226971547356
G3701410,2019-2023,NC,,,North Carolina,37,Pender County,141,,,,,,,,,,,,,,,.,.,,,,,,,,,,,,0500000US37141,,,37141,"Pender County, North Carolina",24152,19761,4391,"Pender County, North Carolina",477,605,466,0.818193110301424,0.181806889698576
G3701430,2019-2023,NC,,,North Carolina,37,Perquimans County,143,,,,,,,,,,,,,,,.,.,,,,,,,,,,,,0500000US37143,,,37143,"Perquimans County, North Carolina",5580,4058,1522,"Perquimans County, North Carolina",273,309,280,0.727240143369176,0.272759856630824
G3701450,2019-2023,NC,,,North Carolina,37,Person County,145,,,,,,,,,,,,,,,.,.,,,,,,,,,,,,0500000US37145,,,37145,"Person County, North Carolina",16211,12302,3909,"Person County, North Carolina",384,510,488,0.758867435691814,0.241132564308186
G3701470,2019-2023,NC,,,North Carolina,37,Pitt County,147,,,,,,,,,,,,,,,.,.,,,,,,,,,,,,0500000US37147,,,37147,"Pitt County, North Carolina",73404,37384,36020,"Pitt County, North Carolina",848,1110,1246,0.509291046809438,0.490708953190562
G3701490,2019-2023,NC,,,North Carolina,37,Polk County,149,,,,,,,,,,,,,,,.,.,,,,,,,,,,,,0500000US37149,,,37149,"Polk County, North Carolina",8727,6689,2038,"Polk County, North Carolina",219,294,288,0.76647186891257,0.23352813108743
G3701510,2019-2023,NC,,,North Carolina,37,Randolph County,151,,,,,,,,,,,,,,,.,.,,,,,,,,,,,,0500000US37151,,,37151,"Randolph County, North Carolina",56970,41402,15568,"Randolph County, North Carolina",563,828,862,0.72673336843953,0.27326663156047
G3701530,2019-2023,NC,,,North Carolina,37,Richmond County,153,,,,,,,,,,,,,,,.,.,,,,,,,,,,,,0500000US37153,,,37153,"Richmond County, North Carolina",16863,10909,5954,"Richmond County, North Carolina",435,643,610,0.646919290754907,0.353080709245093
G3701550,2019-2023,NC,,,North Carolina,37,Robeson County,155,,,,,,,,,,,,,,,.,.,,,,,,,,,,,,0500000US37155,,,37155,"Robeson County, North Carolina",42744,28049,14695,"Robeson County, North Carolina",300,591,548,0.656209058581321,0.343790941418679
G3701570,2019-2023,NC,,,North Carolina,37,Rockingham County,157,,,,,,,,,,,,,,,.,.,,,,,,,,,,,,0500000US37157,,,37157,"Rockingham County, North Carolina",39018,28230,10788,"Rockingham County, North Carolina",637,752,788,0.723512225126865,0.276487774873136
G3701590,2019-2023,NC,,,North Carolina,37,Rowan County,159,,,,,,,,,,,,,,,.,.,,,,,,,,,,,,0500000US37159,,,37159,"Rowan County, North Carolina",57762,41152,16610,"Rowan County, North Carolina",637,1077,1088,0.71244070496174,0.28755929503826
G3701610,2019-2023,NC,,,North Carolina,37,Rutherford County,161,,,,,,,,,,,,,,,.,.,,,,,,,,,,,,0500000US37161,,,37161,"Rutherford County, North Carolina",26589,19699,6890,"Rutherford County, North Carolina",473,636,607,0.740870284704201,0.259129715295799
G3701630,2019-2023,NC,,,North Carolina,37,Sampson County,163,,,,,,,,,,,,,,,.,.,,,,,,,,,,,,0500000US37163,,,37163,"Sampson County, North Carolina",21321,15519,5802,"Sampson County, North Carolina",437,566,506,0.727873927114113,0.272126072885887
G3701650,2019-2023,NC,,,North Carolina,37,Scotland County,165,,,,,,,,,,,,,,,.,.,,,,,,,,,,,,0500000US37165,,,37165,"Scotland County, North Carolina",12376,7288,5088,"Scotland County, North Carolina",238,268,283,0.588881706528765,0.411118293471235
G3701670,2019-2023,NC,,,North Carolina,37,Stanly County,167,,,,,,,,,,,,,,,.,.,,,,,,,,,,,,0500000US37167,,,37167,"Stanly County, North Carolina",24436,17997,6439,"Stanly County, North Carolina",447,645,652,0.736495334752005,0.263504665247995
G3701690,2019-2023,NC,,,North Carolina,37,Stokes County,169,,,,,,,,,,,,,,,.,.,,,,,,,,,,,,0500000US37169,,,37169,"Stokes County, North Carolina",19374,15187,4187,"Stokes County, North Carolina",365,581,520,0.783885619902963,0.216114380097037
G3701710,2019-2023,NC,,,North Carolina,37,Surry County,171,,,,,,,,,,,,,,,.,.,,,,,,,,,,,,0500000US37171,,,37171,"Surry County, North Carolina",29366,21534,7832,"Surry County, North Carolina",394,628,639,0.73329701014779,0.26670298985221
G3701730,2019-2023,NC,,,North Carolina,37,Swain County,173,,,,,,,,,,,,,,,.,.,,,,,,,,,,,,0500000US37173,,,37173,"Swain County, North Carolina",5837,4276,1561,"Swain County, North Carolina",316,327,230,0.732568100051396,0.267431899948604
G3701750,2019-2023,NC,,,North Carolina,37,Transylvania County,175,,,,,,,,,,,,,,,.,.,,,,,,,,,,,,0500000US37175,,,37175,"Transylvania County, North Carolina",14590,10961,3629,"Transylvania County, North Carolina",482,463,485,0.751267991775188,0.248732008224812
G3701770,2019-2023,NC,,,North Carolina,37,Tyrrell County,177,,,,,,,,,,,,,,,.,.,,,,,,,,,,,,0500000US37177,,,37177,"Tyrrell County, North Carolina",1426,1121,305,"Tyrrell County, North Carolina",152,156,94,0.786115007012623,0.213884992987377
G3701790,2019-2023,NC,,,North Carolina,37,Union County,179,,,,,,,,,,,,,,,.,.,,,,,,,,,,,,0500000US37179,,,37179,"Union County, North Carolina",82231,67303,14928,"Union County, North Carolina",626,1075,1022,0.81846262358478,0.181537376415221
G3701810,2019-2023,NC,,,North Carolina,37,Vance County,181,,,,,,,,,,,,,,,.,.,,,,,,,,,,,,0500000US37181,,,37181,"Vance County, North Carolina",16081,9224,6857,"Vance County, North Carolina",399,499,523,0.573596169392451,0.426403830607549
G3701830,2019-2023,NC,,,North Carolina,37,Wake County,183,,,,,,,,,,,,,,,.,.,,,,,,,,,,,,0500000US37183,,,37183,"Wake County, North Carolina",445636,287109,158527,"Wake County, North Carolina",1867,2853,3152,0.644267967578921,0.355732032421079
G3701850,2019-2023,NC,,,North Carolina,37,Warren County,185,,,,,,,,,,,,,,,.,.,,,,,,,,,,,,0500000US37185,,,37185,"Warren County, North Carolina",7930,5531,2399,"Warren County, North Carolina",297,296,301,0.697477931904161,0.302522068095839
G3701870,2019-2023,NC,,,North Carolina,37,Washington County,187,,,,,,,,,,,,,,,.,.,,,,,,,,,,,,0500000US37187,,,37187,"Washington County, North Carolina",4832,3320,1512,"Washington County, North Carolina",263,257,273,0.687086092715232,0.312913907284768
G3701890,2019-2023,NC,,,North Carolina,37,Watauga County,189,,,,,,,,,,,,,,,.,.,,,,,,,,,,,,0500000US37189,,,37189,"Watauga County, North Carolina",21187,12962,8225,"Watauga County, North Carolina",634,482,597,0.611790248737433,0.388209751262567
G3701910,2019-2023,NC,,,North Carolina,37,Wayne County,191,,,,,,,,,,,,,,,.,.,,,,,,,,,,,,0500000US37191,,,37191,"Wayne County, North Carolina",46888,28846,18042,"Wayne County, North Carolina",589,785,730,0.615210714895069,0.384789285104931
G3701930,2019-2023,NC,,,North Carolina,37,Wilkes County,193,,,,,,,,,,,,,,,.,.,,,,,,,,,,,,0500000US37193,,,37193,"Wilkes County, North Carolina",26975,19941,7034,"Wilkes County, North Carolina",518,622,580,0.739240037071362,0.260759962928638
G3701950,2019-2023,NC,,,North Carolina,37,Wilson County,195,,,,,,,,,,,,,,,.,.,,,,,,,,,,,,0500000US37195,,,37195,"Wilson County, North Carolina",32860,19417,13443,"Wilson County, North Carolina",483,663,837,0.590900791235545,0.409099208764455
G3701970,2019-2023,NC,,,North Carolina,37,Yadkin County,197,,,,,,,,,,,,,,,.,.,,,,,,,,,,,,0500000US37197,,,37197,"Yadkin County, North Carolina",14893,11480,3413,"Yadkin County, North Carolina",364,470,435,0.770831934465856,0.229168065534144
G3701990,2019-2023,NC,,,North Carolina,37,Yancey County,199,,,,,,,,,,,,,,,.,.,,,,,,,,,,,,0500000US37199,,,37199,"Yancey County, North Carolina",8188,6324,1864,"Yancey County, North Carolina",286,288,241,0.772349780166097,0.227650219833903
G3800010,2019-2023,ND,,,North Dakota,38,Adams County,1,,,,,,,,,,,,,,,.,.,,,,,,,,,,,,0500000US38001,,,38001,"Adams County, North Dakota",1019,752,267,"Adams County, North Dakota",73,69,60,0.737978410206084,0.262021589793916
G3800030,2019-2023,ND,,,North Dakota,38,Barnes County,3,,,,,,,,,,,,,,,.,.,,,,,,,,,,,,0500000US38003,,,38003,"Barnes County, North Dakota",4852,3562,1290,"Barnes County, North Dakota",154,158,188,0.734130255564716,0.265869744435284
G3800050,2019-2023,ND,,,North Dakota,38,Benson County,5,,,,,,,,,,,,,,,.,.,,,,,,,,,,,,0500000US38005,,,38005,"Benson County, North Dakota",1922,1426,496,"Benson County, North Dakota",91,91,72,0.741935483870968,0.258064516129032
G3800070,2019-2023,ND,,,North Dakota,38,Billings County,7,,,,,,,,,,,,,,,.,.,,,,,,,,,,,,0500000US38007,,,38007,"Billings County, North Dakota",372,302,70,"Billings County, North Dakota",54,47,26,0.811827956989247,0.188172043010753
G3800090,2019-2023,ND,,,North Dakota,38,Bottineau County,9,,,,,,,,,,,,,,,.,.,,,,,,,,,,,,0500000US38009,,,38009,"Bottineau County, North Dakota",2695,2139,556,"Bottineau County, North Dakota",142,114,103,0.793692022263451,0.206307977736549
G3800110,2019-2023,ND,,,North Dakota,38,Bowman County,11,,,,,,,,,,,,,,,.,.,,,,,,,,,,,,0500000US38011,,,38011,"Bowman County, North Dakota",1237,1027,210,"Bowman County, North Dakota",71,64,57,0.830234438156831,0.169765561843169
G3800130,2019-2023,ND,,,North Dakota,38,Burke County,13,,,,,,,,,,,,,,,.,.,,,,,,,,,,,,0500000US38013,,,38013,"Burke County, North Dakota",931,727,204,"Burke County, North Dakota",67,62,52,0.780880773361976,0.219119226638024
G3800150,2019-2023,ND,,,North Dakota,38,Burleigh County,15,,,,,,,,,,,,,,,.,.,,,,,,,,,,,,0500000US38015,,,38015,"Burleigh County, North Dakota",40361,28885,11476,"Burleigh County, North Dakota",473,631,625,0.715666113327222,0.284333886672778
G3800170,2019-2023,ND,,,North Dakota,38,Cass County,17,,,,,,,,,,,,,,,.,.,,,,,,,,,,,,0500000US38017,,,38017,"Cass County, North Dakota",81668,42465,39203,"Cass County, North Dakota",715,977,1073,0.519971102512612,0.480028897487388
G3800190,2019-2023,ND,,,North Dakota,38,Cavalier County,19,,,,,,,,,,,,,,,.,.,,,,,,,,,,,,0500000US38019,,,38019,"Cavalier County, North Dakota",1539,1274,265,"Cavalier County, North Dakota",97,100,75,0.827810266406758,0.172189733593242
G3800210,2019-2023,ND,,,North Dakota,38,Dickey County,21,,,,,,,,,,,,,,,.,.,,,,,,,,,,,,0500000US38021,,,38021,"Dickey County, North Dakota",1953,1525,428,"Dickey County, North Dakota",100,94,83,0.780849974398362,0.219150025601639
G3800230,2019-2023,ND,,,North Dakota,38,Divide County,23,,,,,,,,,,,,,,,.,.,,,,,,,,,,,,0500000US38023,,,38023,"Divide County, North Dakota",935,726,209,"Divide County, North Dakota",68,79,61,0.776470588235294,0.223529411764706
G3800250,2019-2023,ND,,,North Dakota,38,Dunn County,25,,,,,,,,,,,,,,,.,.,,,,,,,,,,,,0500000US38025,,,38025,"Dunn County, North Dakota",1513,1087,426,"Dunn County, North Dakota",89,100,75,0.718440185062789,0.281559814937211
G3800270,2019-2023,ND,,,North Dakota,38,Eddy County,27,,,,,,,,,,,,,,,.,.,,,,,,,,,,,,0500000US38027,,,38027,"Eddy County, North Dakota",1142,822,320,"Eddy County, North Dakota",72,72,70,0.719789842381786,0.280210157618214
G3800290,2019-2023,ND,,,North Dakota,38,Emmons County,29,,,,,,,,,,,,,,,.,.,,,,,,,,,,,,0500000US38029,,,38029,"Emmons County, North Dakota",1516,1234,282,"Emmons County, North Dakota",82,87,62,0.813984168865435,0.186015831134565
G3800310,2019-2023,ND,,,North Dakota,38,Foster County,31,,,,,,,,,,,,,,,.,.,,,,,,,,,,,,0500000US38031,,,38031,"Foster County, North Dakota",1515,1173,342,"Foster County, North Dakota",87,105,80,0.774257425742574,0.225742574257426
G3800330,2019-2023,ND,,,North Dakota,38,Golden Valley County,33,,,,,,,,,,,,,,,.,.,,,,,,,,,,,,0500000US38033,,,38033,"Golden Valley County, North Dakota",663,498,165,"Golden Valley County, North Dakota",57,62,41,0.751131221719457,0.248868778280543
G3800350,2019-2023,ND,,,North Dakota,38,Grand Forks County,35,,,,,,,,,,,,,,,.,.,,,,,,,,,,,,0500000US38035,,,38035,"Grand Forks County, North Dakota",31045,16162,14883,"Grand Forks County, North Dakota",387,577,659,0.520599130294734,0.479400869705267
G3800370,2019-2023,ND,,,North Dakota,38,Grant County,37,,,,,,,,,,,,,,,.,.,,,,,,,,,,,,0500000US38037,,,38037,"Grant County, North Dakota",1072,900,172,"Grant County, North Dakota",60,61,41,0.83955223880597,0.16044776119403
G3800390,2019-2023,ND,,,North Dakota,38,Griggs County,39,,,,,,,,,,,,,,,.,.,,,,,,,,,,,,0500000US38039,,,38039,"Griggs County, North Dakota",946,751,195,"Griggs County, North Dakota",72,74,45,0.793868921775899,0.206131078224101
G3800410,2019-2023,ND,,,North Dakota,38,Hettinger County,41,,,,,,,,,,,,,,,.,.,,,,,,,,,,,,0500000US38041,,,38041,"Hettinger County, North Dakota",1107,882,225,"Hettinger County, North Dakota",51,60,50,0.796747967479675,0.203252032520325
G3800430,2019-2023,ND,,,North Dakota,38,Kidder County,43,,,,,,,,,,,,,,,.,.,,,,,,,,,,,,0500000US38043,,,38043,"Kidder County, North Dakota",1129,858,271,"Kidder County, North Dakota",67,60,73,0.759964570416298,0.240035429583702
G3800450,2019-2023,ND,,,North Dakota,38,LaMoure County,45,,,,,,,,,,,,,,,.,.,,,,,,,,,,,,0500000US38045,,,38045,"LaMoure County, North Dakota",1712,1454,258,"LaMoure County, North Dakota",80,79,56,0.849299065420561,0.150700934579439
G3800470,2019-2023,ND,,,North Dakota,38,Logan County,47,,,,,,,,,,,,,,,.,.,,,,,,,,,,,,0500000US38047,,,38047,"Logan County, North Dakota",773,639,134,"Logan County, North Dakota",62,65,33,0.826649417852523,0.173350582147477
G3800490,2019-2023,ND,,,North Dakota,38,McHenry County,49,,,,,,,,,,,,,,,.,.,,,,,,,,,,,,0500000US38049,,,38049,"McHenry County, North Dakota",2265,1819,446,"McHenry County, North Dakota",104,94,85,0.803090507726269,0.196909492273731
G3800510,2019-2023,ND,,,North Dakota,38,McIntosh County,51,,,,,,,,,,,,,,,.,.,,,,,,,,,,,,0500000US38051,,,38051,"McIntosh County, North Dakota",1191,944,247,"McIntosh County, North Dakota",72,60,56,0.792611251049538,0.207388748950462
G3800530,2019-2023,ND,,,North Dakota,38,McKenzie County,53,,,,,,,,,,,,,,,.,.,,,,,,,,,,,,0500000US38053,,,38053,"McKenzie County, North Dakota",5910,3257,2653,"McKenzie County, North Dakota",252,278,315,0.551099830795262,0.448900169204738
G3800550,2019-2023,ND,,,North Dakota,38,McLean County,55,,,,,,,,,,,,,,,.,.,,,,,,,,,,,,0500000US38055,,,38055,"McLean County, North Dakota",4261,3555,706,"McLean County, North Dakota",151,124,102,0.834311194555269,0.165688805444731
G3800570,2019-2023,ND,,,North Dakota,38,Mercer County,57,,,,,,,,,,,,,,,.,.,,,,,,,,,,,,0500000US38057,,,38057,"Mercer County, North Dakota",3594,2894,700,"Mercer County, North Dakota",173,162,151,0.805230940456316,0.194769059543684
G3800590,2019-2023,ND,,,North Dakota,38,Morton County,59,,,,,,,,,,,,,,,.,.,,,,,,,,,,,,0500000US38059,,,38059,"Morton County, North Dakota",13529,10155,3374,"Morton County, North Dakota",407,417,400,0.750609801167862,0.249390198832138
G3800610,2019-2023,ND,,,North Dakota,38,Mountrail County,61,,,,,,,,,,,,,,,.,.,,,,,,,,,,,,0500000US38061,,,38061,"Mountrail County, North Dakota",3839,2304,1535,"Mountrail County, North Dakota",142,174,202,0.600156290700703,0.399843709299297
G3800630,2019-2023,ND,,,North Dakota,38,Nelson County,63,,,,,,,,,,,,,,,.,.,,,,,,,,,,,,0500000US38063,,,38063,"Nelson County, North Dakota",1295,996,299,"Nelson County, North Dakota",89,76,55,0.769111969111969,0.230888030888031
G3800650,2019-2023,ND,,,North Dakota,38,Oliver County,65,,,,,,,,,,,,,,,.,.,,,,,,,,,,,,0500000US38065,,,38065,"Oliver County, North Dakota",727,679,48,"Oliver County, North Dakota",65,65,29,0.933975240715268,0.0660247592847318
G3800670,2019-2023,ND,,,North Dakota,38,Pembina County,67,,,,,,,,,,,,,,,.,.,,,,,,,,,,,,0500000US38067,,,38067,"Pembina County, North Dakota",2959,2205,754,"Pembina County, North Dakota",106,108,119,0.745184183845894,0.254815816154106
G3800690,2019-2023,ND,,,North Dakota,38,Pierce County,69,,,,,,,,,,,,,,,.,.,,,,,,,,,,,,0500000US38069,,,38069,"Pierce County, North Dakota",1840,1452,388,"Pierce County, North Dakota",104,100,90,0.789130434782609,0.210869565217391
G3800710,2019-2023,ND,,,North Dakota,38,Ramsey County,71,,,,,,,,,,,,,,,.,.,,,,,,,,,,,,0500000US38071,,,38071,"Ramsey County, North Dakota",5185,3042,2143,"Ramsey County, North Dakota",179,207,220,0.586692381870781,0.413307618129219
G3800730,2019-2023,ND,,,North Dakota,38,Ransom County,73,,,,,,,,,,,,,,,.,.,,,,,,,,,,,,0500000US38073,,,38073,"Ransom County, North Dakota",2305,1744,561,"Ransom County, North Dakota",72,98,91,0.756616052060738,0.243383947939262
G3800750,2019-2023,ND,,,North Dakota,38,Renville County,75,,,,,,,,,,,,,,,.,.,,,,,,,,,,,,0500000US38075,,,38075,"Renville County, North Dakota",922,751,171,"Renville County, North Dakota",63,57,45,0.814533622559653,0.185466377440347
G3800770,2019-2023,ND,,,North Dakota,38,Richland County,77,,,,,,,,,,,,,,,.,.,,,,,,,,,,,,0500000US38077,,,38077,"Richland County, North Dakota",6764,4673,2091,"Richland County, North Dakota",155,188,228,0.690863394441159,0.309136605558841
G3800790,2019-2023,ND,,,North Dakota,38,Rolette County,79,,,,,,,,,,,,,,,.,.,,,,,,,,,,,,0500000US38079,,,38079,"Rolette County, North Dakota",3686,2403,1283,"Rolette County, North Dakota",122,156,154,0.651926207270754,0.348073792729246
G3800810,2019-2023,ND,,,North Dakota,38,Sargent County,81,,,,,,,,,,,,,,,.,.,,,,,,,,,,,,0500000US38081,,,38081,"Sargent County, North Dakota",1734,1282,452,"Sargent County, North Dakota",68,61,60,0.739331026528258,0.260668973471742
G3800830,2019-2023,ND,,,North Dakota,38,Sheridan County,83,,,,,,,,,,,,,,,.,.,,,,,,,,,,,,0500000US38083,,,38083,"Sheridan County, North Dakota",676,558,118,"Sheridan County, North Dakota",49,48,40,0.825443786982249,0.174556213017751
G3800850,2019-2023,ND,,,North Dakota,38,Sioux County,85,,,,,,,,,,,,,,,.,.,,,,,,,,,,,,0500000US38085,,,38085,"Sioux County, North Dakota",1067,491,576,"Sioux County, North Dakota",38,56,59,0.460168697282099,0.539831302717901
G3800870,2019-2023,ND,,,North Dakota,38,Slope County,87,,,,,,,,,,,,,,,.,.,,,,,,,,,,,,0500000US38087,,,38087,"Slope County, North Dakota",340,297,43,"Slope County, North Dakota",47,44,22,0.873529411764706,0.126470588235294
G3800890,2019-2023,ND,,,North Dakota,38,Stark County,89,,,,,,,,,,,,,,,.,.,,,,,,,,,,,,0500000US38089,,,38089,"Stark County, North Dakota",13217,8584,4633,"Stark County, North Dakota",399,419,446,0.649466596050541,0.350533403949459
G3800910,2019-2023,ND,,,North Dakota,38,Steele County,91,,,,,,,,,,,,,,,.,.,,,,,,,,,,,,0500000US38091,,,38091,"Steele County, North Dakota",731,569,162,"Steele County, North Dakota",68,58,61,0.778385772913817,0.221614227086183
G3800930,2019-2023,ND,,,North Dakota,38,Stutsman County,93,,,,,,,,,,,,,,,.,.,,,,,,,,,,,,0500000US38093,,,38093,"Stutsman County, North Dakota",9295,5915,3380,"Stutsman County, North Dakota",269,310,351,0.636363636363636,0.363636363636364
G3800950,2019-2023,ND,,,North Dakota,38,Towner County,95,,,,,,,,,,,,,,,.,.,,,,,,,,,,,,0500000US38095,,,38095,"Towner County, North Dakota",958,740,218,"Towner County, North Dakota",70,79,62,0.772442588726514,0.227557411273486
G3800970,2019-2023,ND,,,North Dakota,38,Traill County,97,,,,,,,,,,,,,,,.,.,,,,,,,,,,,,0500000US38097,,,38097,"Traill County, North Dakota",3316,2473,843,"Traill County, North Dakota",88,87,99,0.74577804583836,0.254221954161641
G3800990,2019-2023,ND,,,North Dakota,38,Walsh County,99,,,,,,,,,,,,,,,.,.,,,,,,,,,,,,0500000US38099,,,38099,"Walsh County, North Dakota",4450,3462,988,"Walsh County, North Dakota",107,170,168,0.777977528089888,0.222022471910112
G3801010,2019-2023,ND,,,North Dakota,38,Ward County,101,,,,,,,,,,,,,,,.,.,,,,,,,,,,,,0500000US38101,,,38101,"Ward County, North Dakota",28290,17518,10772,"Ward County, North Dakota",570,650,663,0.619229409685401,0.380770590314599
G3801030,2019-2023,ND,,,North Dakota,38,Wells County,103,,,,,,,,,,,,,,,.,.,,,,,,,,,,,,0500000US38103,,,38103,"Wells County, North Dakota",1808,1329,479,"Wells County, North Dakota",103,103,90,0.735066371681416,0.264933628318584
G3801050,2019-2023,ND,,,North Dakota,38,Williams County,105,,,,,,,,,,,,,,,.,.,,,,,,,,,,,,0500000US38105,,,38105,"Williams County, North Dakota",15308,8762,6546,"Williams County, North Dakota",824,713,790,0.572380454664228,0.427619545335772
G3900010,2019-2023,OH,,,Ohio,39,Adams County,1,,,,,,,,,,,,,,,.,.,,,,,,,,,,,,0500000US39001,,,39001,"Adams County, Ohio",10230,7263,2967,"Adams County, Ohio",353,357,385,0.709970674486804,0.290029325513197
G3900030,2019-2023,OH,,,Ohio,39,Allen County,3,,,,,,,,,,,,,,,.,.,,,,,,,,,,,,0500000US39003,,,39003,"Allen County, Ohio",40928,27960,12968,"Allen County, Ohio",449,620,619,0.683150899139953,0.316849100860047
G3900050,2019-2023,OH,,,Ohio,39,Ashland County,5,,,,,,,,,,,,,,,.,.,,,,,,,,,,,,0500000US39005,,,39005,"Ashland County, Ohio",20654,16291,4363,"Ashland County, Ohio",279,392,386,0.788757625641522,0.211242374358478
G3900070,2019-2023,OH,,,Ohio,39,Ashtabula County,7,,,,,,,,,,,,,,,.,.,,,,,,,,,,,,0500000US39007,,,39007,"Ashtabula County, Ohio",38959,28788,10171,"Ashtabula County, Ohio",533,636,569,0.7389306707051,0.2610693292949
G3900090,2019-2023,OH,,,Ohio,39,Athens County,9,,,,,,,,,,,,,,,.,.,,,,,,,,,,,,0500000US39009,,,39009,"Athens County, Ohio",22722,14071,8651,"Athens County, Ohio",426,484,513,0.619267670099463,0.380732329900537
G3900110,2019-2023,OH,,,Ohio,39,Auglaize County,11,,,,,,,,,,,,,,,.,.,,,,,,,,,,,,0500000US39011,,,39011,"Auglaize County, Ohio",18951,14380,4571,"Auglaize County, Ohio",225,427,442,0.758799007967917,0.241200992032083
G3900130,2019-2023,OH,,,Ohio,39,Belmont County,13,,,,,,,,,,,,,,,.,.,,,,,,,,,,,,0500000US39013,,,39013,"Belmont County, Ohio",26450,19563,6887,"Belmont County, Ohio",485,486,485,0.739621928166352,0.260378071833648
G3900150,2019-2023,OH,,,Ohio,39,Brown County,15,,,,,,,,,,,,,,,.,.,,,,,,,,,,,,0500000US39015,,,39015,"Brown County, Ohio",17145,13055,4090,"Brown County, Ohio",280,493,480,0.761446485855935,0.238553514144065
G3900170,2019-2023,OH,,,Ohio,39,Butler County,17,,,,,,,,,,,,,,,.,.,,,,,,,,,,,,0500000US39017,,,39017,"Butler County, Ohio",145232,101469,43763,"Butler County, Ohio",795,1485,1463,0.698668337556461,0.301331662443539
G3900190,2019-2023,OH,,,Ohio,39,Carroll County,19,,,,,,,,,,,,,,,.,.,,,,,,,,,,,,0500000US39019,,,39019,"Carroll County, Ohio",11476,8947,2529,"Carroll County, Ohio",290,376,354,0.77962704775183,0.22037295224817
G3900210,2019-2023,OH,,,Ohio,39,Champaign County,21,,,,,,,,,,,,,,,.,.,,,,,,,,,,,,0500000US39021,,,39021,"Champaign County, Ohio",15512,11891,3621,"Champaign County, Ohio",310,341,318,0.766567818463125,0.233432181536875
G3900230,2019-2023,OH,,,Ohio,39,Clark County,23,,,,,,,,,,,,,,,.,.,,,,,,,,,,,,0500000US39023,,,39023,"Clark County, Ohio",55325,38262,17063,"Clark County, Ohio",545,732,694,0.691586082241301,0.308413917758699
G3900250,2019-2023,OH,,,Ohio,39,Clermont County,25,,,,,,,,,,,,,,,.,.,,,,,,,,,,,,0500000US39025,,,39025,"Clermont County, Ohio",84334,61885,22449,"Clermont County, Ohio",507,983,1044,0.73380842839187,0.26619157160813
G3900270,2019-2023,OH,,,Ohio,39,Clinton County,27,,,,,,,,,,,,,,,.,.,,,,,,,,,,,,0500000US39027,,,39027,"Clinton County, Ohio",16534,11662,4872,"Clinton County, Ohio",276,405,406,0.705334462320068,0.294665537679932
G3900290,2019-2023,OH,,,Ohio,39,Columbiana County,29,,,,,,,,,,,,,,,.,.,,,,,,,,,,,,0500000US39029,,,39029,"Columbiana County, Ohio",41375,30255,11120,"Columbiana County, Ohio",550,784,756,0.731238670694864,0.268761329305136
G3900310,2019-2023,OH,,,Ohio,39,Coshocton County,31,,,,,,,,,,,,,,,.,.,,,,,,,,,,,,0500000US39031,,,39031,"Coshocton County, Ohio",14860,10776,4084,"Coshocton County, Ohio",304,383,337,0.725168236877524,0.274831763122476
G3900330,2019-2023,OH,,,Ohio,39,Crawford County,33,,,,,,,,,,,,,,,.,.,,,,,,,,,,,,0500000US39033,,,39033,"Crawford County, Ohio",18120,12864,5256,"Crawford County, Ohio",359,503,433,0.709933774834437,0.290066225165563
G3900350,2019-2023,OH,,,Ohio,39,Cuyahoga County,35,,,,,,,,,,,,,,,.,.,,,,,,,,,,,,0500000US39035,,,39035,"Cuyahoga County, Ohio",554173,327256,226917,"Cuyahoga County, Ohio",1923,2768,2928,0.590530393938355,0.409469606061645
G3900370,2019-2023,OH,,,Ohio,39,Darke County,37,,,,,,,,,,,,,,,.,.,,,,,,,,,,,,0500000US39037,,,39037,"Darke County, Ohio",21332,15359,5973,"Darke County, Ohio",256,404,398,0.719998124882805,0.280001875117195
G3900390,2019-2023,OH,,,Ohio,39,Defiance County,39,,,,,,,,,,,,,,,.,.,,,,,,,,,,,,0500000US39039,,,39039,"Defiance County, Ohio",15376,12084,3292,"Defiance County, Ohio",223,316,340,0.785900104058273,0.214099895941727
G3900410,2019-2023,OH,,,Ohio,39,Delaware County,41,,,,,,,,,,,,,,,.,.,,,,,,,,,,,,0500000US39041,,,39041,"Delaware County, Ohio",80455,62906,17549,"Delaware County, Ohio",530,924,1033,0.781878068485489,0.218121931514511
G3900430,2019-2023,OH,,,Ohio,39,Erie County,43,,,,,,,,,,,,,,,.,.,,,,,,,,,,,,0500000US39043,,,39043,"Erie County, Ohio",32122,22838,9284,"Erie County, Ohio",563,645,644,0.71097690056659,0.28902309943341
G3900450,2019-2023,OH,,,Ohio,39,Fairfield County,45,,,,,,,,,,,,,,,.,.,,,,,,,,,,,,0500000US39045,,,39045,"Fairfield County, Ohio",59979,44519,15460,"Fairfield County, Ohio",510,801,812,0.742243118424782,0.257756881575218
G3900470,2019-2023,OH,,,Ohio,39,Fayette County,47,,,,,,,,,,,,,,,.,.,,,,,,,,,,,,0500000US39047,,,39047,"Fayette County, Ohio",11635,7335,4300,"Fayette County, Ohio",239,400,399,0.630425440481306,0.369574559518694
G3900490,2019-2023,OH,,,Ohio,39,Franklin County,49,,,,,,,,,,,,,,,.,.,,,,,,,,,,,,0500000US39049,,,39049,"Franklin County, Ohio",547922,290219,257703,"Franklin County, Ohio",1767,3154,3050,0.529672106613715,0.470327893386285
G3900510,2019-2023,OH,,,Ohio,39,Fulton County,51,,,,,,,,,,,,,,,.,.,,,,,,,,,,,,0500000US39051,,,39051,"Fulton County, Ohio",16881,13732,3149,"Fulton County, Ohio",199,409,374,0.813458918310527,0.186541081689473
G3900530,2019-2023,OH,,,Ohio,39,Gallia County,53,,,,,,,,,,,,,,,.,.,,,,,,,,,,,,0500000US39053,,,39053,"Gallia County, Ohio",11305,8632,2673,"Gallia County, Ohio",323,396,339,0.763555948695268,0.236444051304732
G3900550,2019-2023,OH,,,Ohio,39,Geauga County,55,,,,,,,,,,,,,,,.,.,,,,,,,,,,,,0500000US39055,,,39055,"Geauga County, Ohio",35587,30958,4629,"Geauga County, Ohio",440,562,492,0.869924410599376,0.130075589400624
G3900570,2019-2023,OH,,,Ohio,39,Greene County,57,,,,,,,,,,,,,,,.,.,,,,,,,,,,,,0500000US39057,,,39057,"Greene County, Ohio",67478,45599,21879,"Greene County, Ohio",579,860,937,0.675760988766709,0.324239011233291
G3900590,2019-2023,OH,,,Ohio,39,Guernsey County,59,,,,,,,,,,,,,,,.,.,,,,,,,,,,,,0500000US39059,,,39059,"Guernsey County, Ohio",16247,11639,4608,"Guernsey County, Ohio",296,374,370,0.716378408321536,0.283621591678464
G3900610,2019-2023,OH,,,Ohio,39,Hamilton County,61,,,,,,,,,,,,,,,.,.,,,,,,,,,,,,0500000US39061,,,39061,"Hamilton County, Ohio",352181,207763,144418,"Hamilton County, Ohio",1495,2366,2262,0.589932449507498,0.410067550492502
G3900630,2019-2023,OH,,,Ohio,39,Hancock County,63,,,,,,,,,,,,,,,.,.,,,,,,,,,,,,0500000US39063,,,39063,"Hancock County, Ohio",31618,21877,9741,"Hancock County, Ohio",427,682,659,0.691915997216775,0.308084002783225
G3900650,2019-2023,OH,,,Ohio,39,Hardin County,65,,,,,,,,,,,,,,,.,.,,,,,,,,,,,,0500000US39065,,,39065,"Hardin County, Ohio",11711,8583,3128,"Hardin County, Ohio",270,345,405,0.732900691657416,0.267099308342584
G3900670,2019-2023,OH,,,Ohio,39,Harrison County,67,,,,,,,,,,,,,,,.,.,,,,,,,,,,,,0500000US39067,,,39067,"Harrison County, Ohio",5921,4540,1381,"Harrison County, Ohio",198,227,212,0.766762371221078,0.233237628778922
G3900690,2019-2023,OH,,,Ohio,39,Henry County,69,,,,,,,,,,,,,,,.,.,,,,,,,,,,,,0500000US39069,,,39069,"Henry County, Ohio",11226,9154,2072,"Henry County, Ohio",221,238,276,0.815428469624087,0.184571530375913
G3900710,2019-2023,OH,,,Ohio,39,Highland County,71,,,,,,,,,,,,,,,.,.,,,,,,,,,,,,0500000US39071,,,39071,"Highland County, Ohio",16814,12316,4498,"Highland County, Ohio",331,459,489,0.732484834066849,0.267515165933151
G3900730,2019-2023,OH,,,Ohio,39,Hocking County,73,,,,,,,,,,,,,,,.,.,,,,,,,,,,,,0500000US39073,,,39073,"Hocking County, Ohio",11565,9113,2452,"Hocking County, Ohio",286,329,321,0.787980977086035,0.212019022913965
G3900750,2019-2023,OH,,,Ohio,39,Holmes County,75,,,,,,,,,,,,,,,.,.,,,,,,,,,,,,0500000US39075,,,39075,"Holmes County, Ohio",13326,10595,2731,"Holmes County, Ohio",240,320,299,0.795062284256341,0.204937715743659
G3900770,2019-2023,OH,,,Ohio,39,Huron County,77,,,,,,,,,,,,,,,.,.,,,,,,,,,,,,0500000US39077,,,39077,"Huron County, Ohio",23432,17242,6190,"Huron County, Ohio",320,491,423,0.735831341754865,0.264168658245135
G3900790,2019-2023,OH,,,Ohio,39,Jackson County,79,,,,,,,,,,,,,,,.,.,,,,,,,,,,,,0500000US39079,,,39079,"Jackson County, Ohio",12672,9298,3374,"Jackson County, Ohio",423,458,390,0.733743686868687,0.266256313131313
G3900810,2019-2023,OH,,,Ohio,39,Jefferson County,81,,,,,,,,,,,,,,,.,.,,,,,,,,,,,,0500000US39081,,,39081,"Jefferson County, Ohio",27127,19477,7650,"Jefferson County, Ohio",382,447,453,0.717993143362701,0.282006856637299
G3900830,2019-2023,OH,,,Ohio,39,Knox County,83,,,,,,,,,,,,,,,.,.,,,,,,,,,,,,0500000US39083,,,39083,"Knox County, Ohio",23435,17588,5847,"Knox County, Ohio",457,584,587,0.750501386814594,0.249498613185406
G3900850,2019-2023,OH,,,Ohio,39,Lake County,85,,,,,,,,,,,,,,,.,.,,,,,,,,,,,,0500000US39085,,,39085,"Lake County, Ohio",100319,75305,25014,"Lake County, Ohio",727,1057,1026,0.75065540924451,0.24934459075549
G3900870,2019-2023,OH,,,Ohio,39,Lawrence County,87,,,,,,,,,,,,,,,.,.,,,,,,,,,,,,0500000US39087,,,39087,"Lawrence County, Ohio",22501,16315,6186,"Lawrence County, Ohio",434,533,488,0.725078885382872,0.274921114617128
G3900890,2019-2023,OH,,,Ohio,39,Licking County,89,,,,,,,,,,,,,,,.,.,,,,,,,,,,,,0500000US39089,,,39089,"Licking County, Ohio",68305,50358,17947,"Licking County, Ohio",557,904,895,0.737252031330064,0.262747968669936
G3900910,2019-2023,OH,,,Ohio,39,Logan County,91,,,,,,,,,,,,,,,.,.,,,,,,,,,,,,0500000US39091,,,39091,"Logan County, Ohio",19558,15193,4365,"Logan County, Ohio",407,480,391,0.776817670518458,0.223182329481542
G3900930,2019-2023,OH,,,Ohio,39,Lorain County,93,,,,,,,,,,,,,,,.,.,,,,,,,,,,,,0500000US39093,,,39093,"Lorain County, Ohio",125856,92762,33094,"Lorain County, Ohio",843,1119,1164,0.737048690566997,0.262951309433003
G3900950,2019-2023,OH,,,Ohio,39,Lucas County,95,,,,,,,,,,,,,,,.,.,,,,,,,,,,,,0500000US39095,,,39095,"Lucas County, Ohio",182146,112307,69839,"Lucas County, Ohio",922,1482,1677,0.61657681200795,0.38342318799205
G3900970,2019-2023,OH,,,Ohio,39,Madison County,97,,,,,,,,,,,,,,,.,.,,,,,,,,,,,,0500000US39097,,,39097,"Madison County, Ohio",15361,11666,3695,"Madison County, Ohio",312,398,320,0.759455764598659,0.240544235401341
G3900990,2019-2023,OH,,,Ohio,39,Mahoning County,99,,,,,,,,,,,,,,,.,.,,,,,,,,,,,,0500000US39099,,,39099,"Mahoning County, Ohio",98190,69012,29178,"Mahoning County, Ohio",723,935,979,0.702841429880843,0.297158570119157
G3901010,2019-2023,OH,,,Ohio,39,Marion County,101,,,,,,,,,,,,,,,.,.,,,,,,,,,,,,0500000US39101,,,39101,"Marion County, Ohio",24524,16630,7894,"Marion County, Ohio",340,525,521,0.678111237970967,0.321888762029033
G3901030,2019-2023,OH,,,Ohio,39,Medina County,103,,,,,,,,,,,,,,,.,.,,,,,,,,,,,,0500000US39103,,,39103,"Medina County, Ohio",72500,58016,14484,"Medina County, Ohio",490,774,786,0.800220689655173,0.199779310344828
G3901050,2019-2023,OH,,,Ohio,39,Meigs County,105,,,,,,,,,,,,,,,.,.,,,,,,,,,,,,0500000US39105,,,39105,"Meigs County, Ohio",8875,6694,2181,"Meigs County, Ohio",247,309,263,0.754253521126761,0.245746478873239
G3901070,2019-2023,OH,,,Ohio,39,Mercer County,107,,,,,,,,,,,,,,,.,.,,,,,,,,,,,,0500000US39107,,,39107,"Mercer County, Ohio",16278,12965,3313,"Mercer County, Ohio",236,387,339,0.796473768276201,0.203526231723799
G3901090,2019-2023,OH,,,Ohio,39,Miami County,109,,,,,,,,,,,,,,,.,.,,,,,,,,,,,,0500000US39109,,,39109,"Miami County, Ohio",44562,32710,11852,"Miami County, Ohio",436,729,760,0.734033481441587,0.265966518558413
G3901110,2019-2023,OH,,,Ohio,39,Monroe County,111,,,,,,,,,,,,,,,.,.,,,,,,,,,,,,0500000US39111,,,39111,"Monroe County, Ohio",5510,4539,971,"Monroe County, Ohio",175,204,139,0.823774954627949,0.176225045372051
G3901130,2019-2023,OH,,,Ohio,39,Montgomery County,113,,,,,,,,,,,,,,,.,.,,,,,,,,,,,,0500000US39113,,,39113,"Montgomery County, Ohio",230149,143441,86708,"Montgomery County, Ohio",1275,1927,2095,0.623252762340918,0.376747237659082
G3901150,2019-2023,OH,,,Ohio,39,Morgan County,115,,,,,,,,,,,,,,,.,.,,,,,,,,,,,,0500000US39115,,,39115,"Morgan County, Ohio",5633,4347,1286,"Morgan County, Ohio",229,203,184,0.771702467601633,0.228297532398367
G3901170,2019-2023,OH,,,Ohio,39,Morrow County,117,,,,,,,,,,,,,,,.,.,,,,,,,,,,,,0500000US39117,,,39117,"Morrow County, Ohio",13449,10997,2452,"Morrow County, Ohio",293,395,343,0.817681612015763,0.182318387984237
G3901190,2019-2023,OH,,,Ohio,39,Muskingum County,119,,,,,,,,,,,,,,,.,.,,,,,,,,,,,,0500000US39119,,,39119,"Muskingum County, Ohio",34243,23537,10706,"Muskingum County, Ohio",454,641,557,0.687352159565459,0.312647840434541
G3901210,2019-2023,OH,,,Ohio,39,Noble County,121,,,,,,,,,,,,,,,.,.,,,,,,,,,,,,0500000US39121,,,39121,"Noble County, Ohio",4587,3757,830,"Noble County, Ohio",180,212,167,0.819053847830826,0.180946152169174
G3901230,2019-2023,OH,,,Ohio,39,Ottawa County,123,,,,,,,,,,,,,,,.,.,,,,,,,,,,,,0500000US39123,,,39123,"Ottawa County, Ohio",18091,15123,2968,"Ottawa County, Ohio",459,506,396,0.835940522911945,0.164059477088055
G3901250,2019-2023,OH,,,Ohio,39,Paulding County,125,,,,,,,,,,,,,,,.,.,,,,,,,,,,,,0500000US39125,,,39125,"Paulding County, Ohio",7543,6047,1496,"Paulding County, Ohio",192,236,178,0.801670422908657,0.198329577091343
G3901270,2019-2023,OH,,,Ohio,39,Perry County,127,,,,,,,,,,,,,,,.,.,,,,,,,,,,,,0500000US39127,,,39127,"Perry County, Ohio",13349,10215,3134,"Perry County, Ohio",295,393,334,0.765225859614953,0.234774140385048
G3901290,2019-2023,OH,,,Ohio,39,Pickaway County,129,,,,,,,,,,,,,,,.,.,,,,,,,,,,,,0500000US39129,,,39129,"Pickaway County, Ohio",21412,15439,5973,"Pickaway County, Ohio",279,507,465,0.721044274238745,0.278955725761255
G3901310,2019-2023,OH,,,Ohio,39,Pike County,131,,,,,,,,,,,,,,,.,.,,,,,,,,,,,,0500000US39131,,,39131,"Pike County, Ohio",10816,7116,3700,"Pike County, Ohio",296,344,351,0.657914201183432,0.342085798816568
G3901330,2019-2023,OH,,,Ohio,39,Portage County,133,,,,,,,,,,,,,,,.,.,,,,,,,,,,,,0500000US39133,,,39133,"Portage County, Ohio",64560,45284,19276,"Portage County, Ohio",570,935,975,0.701425030978934,0.298574969021066
G3901350,2019-2023,OH,,,Ohio,39,Preble County,135,,,,,,,,,,,,,,,.,.,,,,,,,,,,,,0500000US39135,,,39135,"Preble County, Ohio",16742,13289,3453,"Preble County, Ohio",276,358,356,0.793752239875762,0.206247760124238
G3901370,2019-2023,OH,,,Ohio,39,Putnam County,137,,,,,,,,,,,,,,,.,.,,,,,,,,,,,,0500000US39137,,,39137,"Putnam County, Ohio",13173,11300,1873,"Putnam County, Ohio",169,225,227,0.85781522811812,0.14218477188188
G3901390,2019-2023,OH,,,Ohio,39,Richland County,139,,,,,,,,,,,,,,,.,.,,,,,,,,,,,,0500000US39139,,,39139,"Richland County, Ohio",50068,34280,15788,"Richland County, Ohio",567,896,772,0.684668850363506,0.315331149636494
G3901410,2019-2023,OH,,,Ohio,39,Ross County,141,,,,,,,,,,,,,,,.,.,,,,,,,,,,,,0500000US39141,,,39141,"Ross County, Ohio",29429,20779,8650,"Ross County, Ohio",440,675,678,0.706072241666384,0.293927758333617
G3901430,2019-2023,OH,,,Ohio,39,Sandusky County,143,,,,,,,,,,,,,,,.,.,,,,,,,,,,,,0500000US39143,,,39143,"Sandusky County, Ohio",24452,18167,6285,"Sandusky County, Ohio",366,544,491,0.742965810567643,0.257034189432357
G3901450,2019-2023,OH,,,Ohio,39,Scioto County,145,,,,,,,,,,,,,,,.,.,,,,,,,,,,,,0500000US39145,,,39145,"Scioto County, Ohio",28637,19764,8873,"Scioto County, Ohio",453,592,634,0.690156091769389,0.309843908230611
G3901470,2019-2023,OH,,,Ohio,39,Seneca County,147,,,,,,,,,,,,,,,.,.,,,,,,,,,,,,0500000US39147,,,39147,"Seneca County, Ohio",22099,16225,5874,"Seneca County, Ohio",342,505,492,0.734196117471379,0.265803882528621
G3901490,2019-2023,OH,,,Ohio,39,Shelby County,149,,,,,,,,,,,,,,,.,.,,,,,,,,,,,,0500000US39149,,,39149,"Shelby County, Ohio",18786,13854,4932,"Shelby County, Ohio",270,372,390,0.737464068987544,0.262535931012456
G3901510,2019-2023,OH,,,Ohio,39,Stark County,151,,,,,,,,,,,,,,,.,.,,,,,,,,,,,,0500000US39151,,,39151,"Stark County, Ohio",155366,106535,48831,"Stark County, Ohio",1028,1273,1306,0.685703435758145,0.314296564241855
G3901530,2019-2023,OH,,,Ohio,39,Summit County,153,,,,,,,,,,,,,,,.,.,,,,,,,,,,,,0500000US39153,,,39153,"Summit County, Ohio",229503,154431,75072,"Summit County, Ohio",1265,1772,1776,0.672893164795231,0.327106835204769
G3901550,2019-2023,OH,,,Ohio,39,Trumbull County,155,,,,,,,,,,,,,,,.,.,,,,,,,,,,,,0500000US39155,,,39155,"Trumbull County, Ohio",86135,61587,24548,"Trumbull County, Ohio",726,937,1065,0.715005514599176,0.284994485400824
G3901570,2019-2023,OH,,,Ohio,39,Tuscarawas County,157,,,,,,,,,,,,,,,.,.,,,,,,,,,,,,0500000US39157,,,39157,"Tuscarawas County, Ohio",38127,26185,11942,"Tuscarawas County, Ohio",488,714,736,0.686783644136701,0.313216355863299
G3901590,2019-2023,OH,,,Ohio,39,Union County,159,,,,,,,,,,,,,,,.,.,,,,,,,,,,,,0500000US39159,,,39159,"Union County, Ohio",23495,18647,4848,"Union County, Ohio",266,490,460,0.793658225154288,0.206341774845712
G3901610,2019-2023,OH,,,Ohio,39,Van Wert County,161,,,,,,,,,,,,,,,.,.,,,,,,,,,,,,0500000US39161,,,39161,"Van Wert County, Ohio",11651,9392,2259,"Van Wert County, Ohio",198,292,263,0.806111063428032,0.193888936571968
G3901630,2019-2023,OH,,,Ohio,39,Vinton County,163,,,,,,,,,,,,,,,.,.,,,,,,,,,,,,0500000US39163,,,39163,"Vinton County, Ohio",5222,3925,1297,"Vinton County, Ohio",185,300,260,0.751627728839525,0.248372271160475
G3901650,2019-2023,OH,,,Ohio,39,Warren County,165,,,,,,,,,,,,,,,.,.,,,,,,,,,,,,0500000US39165,,,39165,"Warren County, Ohio",90288,71866,18422,"Warren County, Ohio",796,1046,952,0.795964026227184,0.204035973772816
G3901670,2019-2023,OH,,,Ohio,39,Washington County,167,,,,,,,,,,,,,,,.,.,,,,,,,,,,,,0500000US39167,,,39167,"Washington County, Ohio",24887,18619,6268,"Washington County, Ohio",409,452,469,0.748141600032145,0.251858399967855
G3901690,2019-2023,OH,,,Ohio,39,Wayne County,169,,,,,,,,,,,,,,,.,.,,,,,,,,,,,,0500000US39169,,,39169,"Wayne County, Ohio",44192,33612,10580,"Wayne County, Ohio",375,600,569,0.760590152063722,0.239409847936278
G3901710,2019-2023,OH,,,Ohio,39,Williams County,171,,,,,,,,,,,,,,,.,.,,,,,,,,,,,,0500000US39171,,,39171,"Williams County, Ohio",15455,11686,3769,"Williams County, Ohio",225,386,329,0.756130702038175,0.243869297961825
G3901730,2019-2023,OH,,,Ohio,39,Wood County,173,,,,,,,,,,,,,,,.,.,,,,,,,,,,,,0500000US39173,,,39173,"Wood County, Ohio",54156,34961,19195,"Wood County, Ohio",415,752,783,0.645560972006795,0.354439027993205
G3901750,2019-2023,OH,,,Ohio,39,Wyandot County,175,,,,,,,,,,,,,,,.,.,,,,,,,,,,,,0500000US39175,,,39175,"Wyandot County, Ohio",9064,6685,2379,"Wyandot County, Ohio",219,271,277,0.737533097969991,0.262466902030009
G4000010,2019-2023,OK,,,Oklahoma,40,Adair County,1,,,,,,,,,,,,,,,.,.,,,,,,,,,,,,0500000US40001,,,40001,"Adair County, Oklahoma",6926,4709,2217,"Adair County, Oklahoma",150,234,207,0.67990181923188,0.32009818076812
G4000030,2019-2023,OK,,,Oklahoma,40,Alfalfa County,3,,,,,,,,,,,,,,,.,.,,,,,,,,,,,,0500000US40003,,,40003,"Alfalfa County, Oklahoma",1890,1488,402,"Alfalfa County, Oklahoma",86,78,75,0.787301587301587,0.212698412698413
G4000050,2019-2023,OK,,,Oklahoma,40,Atoka County,5,,,,,,,,,,,,,,,.,.,,,,,,,,,,,,0500000US40005,,,40005,"Atoka County, Oklahoma",4867,3688,1179,"Atoka County, Oklahoma",124,143,121,0.757756318060407,0.242243681939593
G4000070,2019-2023,OK,,,Oklahoma,40,Beaver County,7,,,,,,,,,,,,,,,.,.,,,,,,,,,,,,0500000US40007,,,40007,"Beaver County, Oklahoma",1695,1351,344,"Beaver County, Oklahoma",99,108,81,0.797050147492625,0.202949852507375
G4000090,2019-2023,OK,,,Oklahoma,40,Beckham County,9,,,,,,,,,,,,,,,.,.,,,,,,,,,,,,0500000US40009,,,40009,"Beckham County, Oklahoma",8192,5437,2755,"Beckham County, Oklahoma",300,335,454,0.6636962890625,0.3363037109375
G4000110,2019-2023,OK,,,Oklahoma,40,Blaine County,11,,,,,,,,,,,,,,,.,.,,,,,,,,,,,,0500000US40011,,,40011,"Blaine County, Oklahoma",3393,2422,971,"Blaine County, Oklahoma",188,157,142,0.713822575891541,0.286177424108459
G4000130,2019-2023,OK,,,Oklahoma,40,Bryan County,13,,,,,,,,,,,,,,,.,.,,,,,,,,,,,,0500000US40013,,,40013,"Bryan County, Oklahoma",18234,11590,6644,"Bryan County, Oklahoma",211,363,382,0.635625754085774,0.364374245914226
G4000150,2019-2023,OK,,,Oklahoma,40,Caddo County,15,,,,,,,,,,,,,,,.,.,,,,,,,,,,,,0500000US40015,,,40015,"Caddo County, Oklahoma",9108,6407,2701,"Caddo County, Oklahoma",176,213,215,0.70344751866491,0.29655248133509
G4000170,2019-2023,OK,,,Oklahoma,40,Canadian County,17,,,,,,,,,,,,,,,.,.,,,,,,,,,,,,0500000US40017,,,40017,"Canadian County, Oklahoma",57464,42958,14506,"Canadian County, Oklahoma",430,802,760,0.747563692050675,0.252436307949325
G4000190,2019-2023,OK,,,Oklahoma,40,Carter County,19,,,,,,,,,,,,,,,.,.,,,,,,,,,,,,0500000US40019,,,40019,"Carter County, Oklahoma",18887,12779,6108,"Carter County, Oklahoma",219,378,388,0.676602954413088,0.323397045586912
G4000210,2019-2023,OK,,,Oklahoma,40,Cherokee County,21,,,,,,,,,,,,,,,.,.,,,,,,,,,,,,0500000US40021,,,40021,"Cherokee County, Oklahoma",18403,12110,6293,"Cherokee County, Oklahoma",265,425,435,0.658044883986307,0.341955116013693
G4000230,2019-2023,OK,,,Oklahoma,40,Choctaw County,23,,,,,,,,,,,,,,,.,.,,,,,,,,,,,,0500000US40023,,,40023,"Choctaw County, Oklahoma",5858,3851,2007,"Choctaw County, Oklahoma",134,150,149,0.657391601229089,0.342608398770912
G4000250,2019-2023,OK,,,Oklahoma,40,Cimarron County,25,,,,,,,,,,,,,,,.,.,,,,,,,,,,,,0500000US40025,,,40025,"Cimarron County, Oklahoma",702,542,160,"Cimarron County, Oklahoma",90,67,75,0.772079772079772,0.227920227920228
G4000270,2019-2023,OK,,,Oklahoma,40,Cleveland County,27,,,,,,,,,,,,,,,.,.,,,,,,,,,,,,0500000US40027,,,40027,"Cleveland County, Oklahoma",115293,73882,41411,"Cleveland County, Oklahoma",818,1213,1257,0.640819477331668,0.359180522668332
G4000290,2019-2023,OK,,,Oklahoma,40,Coal County,29,,,,,,,,,,,,,,,.,.,,,,,,,,,,,,0500000US40029,,,40029,"Coal County, Oklahoma",2070,1466,604,"Coal County, Oklahoma",68,78,59,0.708212560386473,0.291787439613527
G4000310,2019-2023,OK,,,Oklahoma,40,Comanche County,31,,,,,,,,,,,,,,,.,.,,,,,,,,,,,,0500000US40031,,,40031,"Comanche County, Oklahoma",44718,24582,20136,"Comanche County, Oklahoma",519,666,750,0.549711525560177,0.450288474439823
G4000330,2019-2023,OK,,,Oklahoma,40,Cotton County,33,,,,,,,,,,,,,,,.,.,,,,,,,,,,,,0500000US40033,,,40033,"Cotton County, Oklahoma",2051,1632,419,"Cotton County, Oklahoma",123,109,93,0.795709410043881,0.204290589956119
G4000350,2019-2023,OK,,,Oklahoma,40,Craig County,35,,,,,,,,,,,,,,,.,.,,,,,,,,,,,,0500000US40035,,,40035,"Craig County, Oklahoma",5248,3842,1406,"Craig County, Oklahoma",101,162,136,0.732088414634146,0.267911585365854
G4000370,2019-2023,OK,,,Oklahoma,40,Creek County,37,,,,,,,,,,,,,,,.,.,,,,,,,,,,,,0500000US40037,,,40037,"Creek County, Oklahoma",27830,20726,7104,"Creek County, Oklahoma",227,452,423,0.744735896514553,0.255264103485447
G4000390,2019-2023,OK,,,Oklahoma,40,Custer County,39,,,,,,,,,,,,,,,.,.,,,,,,,,,,,,0500000US40039,,,40039,"Custer County, Oklahoma",10784,6918,3866,"Custer County, Oklahoma",351,401,434,0.641505934718101,0.358494065281899
G4000410,2019-2023,OK,,,Oklahoma,40,Delaware County,41,,,,,,,,,,,,,,,.,.,,,,,,,,,,,,0500000US40041,,,40041,"Delaware County, Oklahoma",16930,12850,4080,"Delaware County, Oklahoma",303,320,273,0.759007678676905,0.240992321323095
G4000430,2019-2023,OK,,,Oklahoma,40,Dewey County,43,,,,,,,,,,,,,,,.,.,,,,,,,,,,,,0500000US40043,,,40043,"Dewey County, Oklahoma",1595,1191,404,"Dewey County, Oklahoma",76,76,78,0.746708463949843,0.253291536050157
G4000450,2019-2023,OK,,,Oklahoma,40,Ellis County,45,,,,,,,,,,,,,,,.,.,,,,,,,,,,,,0500000US40045,,,40045,"Ellis County, Oklahoma",1447,1191,256,"Ellis County, Oklahoma",105,95,69,0.823082239115411,0.176917760884589
G4000470,2019-2023,OK,,,Oklahoma,40,Garfield County,47,,,,,,,,,,,,,,,.,.,,,,,,,,,,,,0500000US40047,,,40047,"Garfield County, Oklahoma",23910,15440,8470,"Garfield County, Oklahoma",523,624,597,0.645754914261815,0.354245085738185
G4000490,2019-2023,OK,,,Oklahoma,40,Garvin County,49,,,,,,,,,,,,,,,.,.,,,,,,,,,,,,0500000US40049,,,40049,"Garvin County, Oklahoma",10000,6813,3187,"Garvin County, Oklahoma",174,216,223,0.6813,0.3187
G4000510,2019-2023,OK,,,Oklahoma,40,Grady County,51,,,,,,,,,,,,,,,.,.,,,,,,,,,,,,0500000US40051,,,40051,"Grady County, Oklahoma",20540,15463,5077,"Grady County, Oklahoma",197,349,314,0.752823758519961,0.247176241480039
G4000530,2019-2023,OK,,,Oklahoma,40,Grant County,53,,,,,,,,,,,,,,,.,.,,,,,,,,,,,,0500000US40053,,,40053,"Grant County, Oklahoma",1555,1168,387,"Grant County, Oklahoma",90,80,64,0.751125401929261,0.24887459807074
G4000550,2019-2023,OK,,,Oklahoma,40,Greer County,55,,,,,,,,,,,,,,,.,.,,,,,,,,,,,,0500000US40055,,,40055,"Greer County, Oklahoma",2030,1579,451,"Greer County, Oklahoma",108,130,100,0.777832512315271,0.222167487684729
G4000570,2019-2023,OK,,,Oklahoma,40,Harmon County,57,,,,,,,,,,,,,,,.,.,,,,,,,,,,,,0500000US40057,,,40057,"Harmon County, Oklahoma",950,684,266,"Harmon County, Oklahoma",68,93,103,0.72,0.28
G4000590,2019-2023,OK,,,Oklahoma,40,Harper County,59,,,,,,,,,,,,,,,.,.,,,,,,,,,,,,0500000US40059,,,40059,"Harper County, Oklahoma",1255,1008,247,"Harper County, Oklahoma",88,91,72,0.803187250996016,0.196812749003984
G4000610,2019-2023,OK,,,Oklahoma,40,Haskell County,61,,,,,,,,,,,,,,,.,.,,,,,,,,,,,,0500000US40061,,,40061,"Haskell County, Oklahoma",4568,3526,1042,"Haskell County, Oklahoma",109,116,118,0.771891418563923,0.228108581436077
G4000630,2019-2023,OK,,,Oklahoma,40,Hughes County,63,,,,,,,,,,,,,,,.,.,,,,,,,,,,,,0500000US40063,,,40063,"Hughes County, Oklahoma",4003,2915,1088,"Hughes County, Oklahoma",109,143,119,0.728203847114664,0.271796152885336
G4000650,2019-2023,OK,,,Oklahoma,40,Jackson County,65,,,,,,,,,,,,,,,.,.,,,,,,,,,,,,0500000US40065,,,40065,"Jackson County, Oklahoma",9778,5992,3786,"Jackson County, Oklahoma",293,298,312,0.612804254448763,0.387195745551238
G4000670,2019-2023,OK,,,Oklahoma,40,Jefferson County,67,,,,,,,,,,,,,,,.,.,,,,,,,,,,,,0500000US40067,,,40067,"Jefferson County, Oklahoma",2160,1563,597,"Jefferson County, Oklahoma",71,80,64,0.723611111111111,0.276388888888889
G4000690,2019-2023,OK,,,Oklahoma,40,Johnston County,69,,,,,,,,,,,,,,,.,.,,,,,,,,,,,,0500000US40069,,,40069,"Johnston County, Oklahoma",3915,2749,1166,"Johnston County, Oklahoma",104,130,116,0.702171136653895,0.297828863346105
G4000710,2019-2023,OK,,,Oklahoma,40,Kay County,71,,,,,,,,,,,,,,,.,.,,,,,,,,,,,,0500000US40071,,,40071,"Kay County, Oklahoma",16716,11322,5394,"Kay County, Oklahoma",345,358,323,0.677315147164393,0.322684852835607
G4000730,2019-2023,OK,,,Oklahoma,40,Kingfisher County,73,,,,,,,,,,,,,,,.,.,,,,,,,,,,,,0500000US40073,,,40073,"Kingfisher County, Oklahoma",5639,4059,1580,"Kingfisher County, Oklahoma",149,253,245,0.719808476680263,0.280191523319738
G4000750,2019-2023,OK,,,Oklahoma,40,Kiowa County,75,,,,,,,,,,,,,,,.,.,,,,,,,,,,,,0500000US40075,,,40075,"Kiowa County, Oklahoma",3345,2385,960,"Kiowa County, Oklahoma",150,145,125,0.713004484304933,0.286995515695067
G4000770,2019-2023,OK,,,Oklahoma,40,Latimer County,77,,,,,,,,,,,,,,,.,.,,,,,,,,,,,,0500000US40077,,,40077,"Latimer County, Oklahoma",3852,2714,1138,"Latimer County, Oklahoma",106,141,130,0.704569055036345,0.295430944963655
G4000790,2019-2023,OK,,,Oklahoma,40,Le Flore County,79,,,,,,,,,,,,,,,.,.,,,,,,,,,,,,0500000US40079,,,40079,"Le Flore County, Oklahoma",17740,12772,4968,"Le Flore County, Oklahoma",209,302,240,0.719954904171364,0.280045095828636
G4000810,2019-2023,OK,,,Oklahoma,40,Lincoln County,81,,,,,,,,,,,,,,,.,.,,,,,,,,,,,,0500000US40081,,,40081,"Lincoln County, Oklahoma",12972,10411,2561,"Lincoln County, Oklahoma",168,285,240,0.802574776441567,0.197425223558434
G4000830,2019-2023,OK,,,Oklahoma,40,Logan County,83,,,,,,,,,,,,,,,.,.,,,,,,,,,,,,0500000US40083,,,40083,"Logan County, Oklahoma",17536,15051,2485,"Logan County, Oklahoma",361,390,274,0.85829151459854,0.14170848540146
G4000850,2019-2023,OK,,,Oklahoma,40,Love County,85,,,,,,,,,,,,,,,.,.,,,,,,,,,,,,0500000US40085,,,40085,"Love County, Oklahoma",3767,2748,1019,"Love County, Oklahoma",95,105,100,0.729492965224316,0.270507034775684
G4000870,2019-2023,OK,,,Oklahoma,40,McClain County,87,,,,,,,,,,,,,,,.,.,,,,,,,,,,,,0500000US40087,,,40087,"McClain County, Oklahoma",16025,12578,3447,"McClain County, Oklahoma",179,346,348,0.784898595943838,0.215101404056162
G4000890,2019-2023,OK,,,Oklahoma,40,McCurtain County,89,,,,,,,,,,,,,,,.,.,,,,,,,,,,,,0500000US40089,,,40089,"McCurtain County, Oklahoma",11304,8120,3184,"McCurtain County, Oklahoma",225,284,265,0.718329794762916,0.281670205237084
G4000910,2019-2023,OK,,,Oklahoma,40,McIntosh County,91,,,,,,,,,,,,,,,.,.,,,,,,,,,,,,0500000US40091,,,40091,"McIntosh County, Oklahoma",7618,5882,1736,"McIntosh County, Oklahoma",223,235,231,0.772118666316619,0.227881333683381
G4000930,2019-2023,OK,,,Oklahoma,40,Major County,93,,,,,,,,,,,,,,,.,.,,,,,,,,,,,,0500000US40093,,,40093,"Major County, Oklahoma",3201,2554,647,"Major County, Oklahoma",123,116,120,0.797875663855045,0.202124336144955
G4000950,2019-2023,OK,,,Oklahoma,40,Marshall County,95,,,,,,,,,,,,,,,.,.,,,,,,,,,,,,0500000US40095,,,40095,"Marshall County, Oklahoma",5747,4573,1174,"Marshall County, Oklahoma",199,219,118,0.795719505829128,0.204280494170872
G4000970,2019-2023,OK,,,Oklahoma,40,Mayes County,97,,,,,,,,,,,,,,,.,.,,,,,,,,,,,,0500000US40097,,,40097,"Mayes County, Oklahoma",15267,11338,3929,"Mayes County, Oklahoma",238,286,261,0.742647540446715,0.257352459553285
G4000990,2019-2023,OK,,,Oklahoma,40,Murray County,99,,,,,,,,,,,,,,,.,.,,,,,,,,,,,,0500000US40099,,,40099,"Murray County, Oklahoma",4974,3565,1409,"Murray County, Oklahoma",182,177,185,0.716726980297547,0.283273019702453
G4001010,2019-2023,OK,,,Oklahoma,40,Muskogee County,101,,,,,,,,,,,,,,,.,.,,,,,,,,,,,,0500000US40101,,,40101,"Muskogee County, Oklahoma",25792,17123,8669,"Muskogee County, Oklahoma",204,400,383,0.663888027295285,0.336111972704715
G4001030,2019-2023,OK,,,Oklahoma,40,Noble County,103,,,,,,,,,,,,,,,.,.,,,,,,,,,,,,0500000US40103,,,40103,"Noble County, Oklahoma",4203,3358,845,"Noble County, Oklahoma",171,144,153,0.798953128717583,0.201046871282417
G4001050,2019-2023,OK,,,Oklahoma,40,Nowata County,105,,,,,,,,,,,,,,,.,.,,,,,,,,,,,,0500000US40105,,,40105,"Nowata County, Oklahoma",3715,2721,994,"Nowata County, Oklahoma",103,128,104,0.732436069986541,0.267563930013459
G4001070,2019-2023,OK,,,Oklahoma,40,Okfuskee County,107,,,,,,,,,,,,,,,.,.,,,,,,,,,,,,0500000US40107,,,40107,"Okfuskee County, Oklahoma",3908,2778,1130,"Okfuskee County, Oklahoma",124,139,117,0.710849539406346,0.289150460593654
G4001090,2019-2023,OK,,,Oklahoma,40,Oklahoma County,109,,,,,,,,,,,,,,,.,.,,,,,,,,,,,,0500000US40109,,,40109,"Oklahoma County, Oklahoma",323102,189374,133728,"Oklahoma County, Oklahoma",1524,2188,2086,0.586112125582633,0.413887874417367
G4001110,2019-2023,OK,,,Oklahoma,40,Okmulgee County,111,,,,,,,,,,,,,,,.,.,,,,,,,,,,,,0500000US40111,,,40111,"Okmulgee County, Oklahoma",14177,9917,4260,"Okmulgee County, Oklahoma",203,307,319,0.69951329618396,0.30048670381604
G4001130,2019-2023,OK,,,Oklahoma,40,Osage County,113,,,,,,,,,,,,,,,.,.,,,,,,,,,,,,0500000US40113,,,40113,"Osage County, Oklahoma",17074,13362,3712,"Osage County, Oklahoma",217,325,313,0.78259341689118,0.21740658310882
G4001150,2019-2023,OK,,,Oklahoma,40,Ottawa County,115,,,,,,,,,,,,,,,.,.,,,,,,,,,,,,0500000US40115,,,40115,"Ottawa County, Oklahoma",11755,7907,3848,"Ottawa County, Oklahoma",182,164,176,0.672649936197363,0.327350063802637
G4001170,2019-2023,OK,,,Oklahoma,40,Pawnee County,117,,,,,,,,,,,,,,,.,.,,,,,,,,,,,,0500000US40117,,,40117,"Pawnee County, Oklahoma",6002,4691,1311,"Pawnee County, Oklahoma",136,172,140,0.781572809063646,0.218427190936355
G4001190,2019-2023,OK,,,Oklahoma,40,Payne County,119,,,,,,,,,,,,,,,.,.,,,,,,,,,,,,0500000US40119,,,40119,"Payne County, Oklahoma",32341,16466,15875,"Payne County, Oklahoma",517,545,617,0.509137008750503,0.490862991249498
G4001210,2019-2023,OK,,,Oklahoma,40,Pittsburg County,121,,,,,,,,,,,,,,,.,.,,,,,,,,,,,,0500000US40121,,,40121,"Pittsburg County, Oklahoma",17649,12608,5041,"Pittsburg County, Oklahoma",271,325,332,0.714374752110601,0.285625247889399
G4001230,2019-2023,OK,,,Oklahoma,40,Pontotoc County,123,,,,,,,,,,,,,,,.,.,,,,,,,,,,,,0500000US40123,,,40123,"Pontotoc County, Oklahoma",14974,9949,5025,"Pontotoc County, Oklahoma",203,313,302,0.664418325096835,0.335581674903166
G4001250,2019-2023,OK,,,Oklahoma,40,Pottawatomie County,125,,,,,,,,,,,,,,,.,.,,,,,,,,,,,,0500000US40125,,,40125,"Pottawatomie County, Oklahoma",26581,18578,8003,"Pottawatomie County, Oklahoma",241,497,478,0.69892028140401,0.30107971859599
G4001270,2019-2023,OK,,,Oklahoma,40,Pushmataha County,127,,,,,,,,,,,,,,,.,.,,,,,,,,,,,,0500000US40127,,,40127,"Pushmataha County, Oklahoma",4376,3317,1059,"Pushmataha County, Oklahoma",104,132,110,0.757998171846435,0.242001828153565
G4001290,2019-2023,OK,,,Oklahoma,40,Roger Mills County,129,,,,,,,,,,,,,,,.,.,,,,,,,,,,,,0500000US40129,,,40129,"Roger Mills County, Oklahoma",1423,1155,268,"Roger Mills County, Oklahoma",54,72,58,0.811665495432186,0.188334504567814
G4001310,2019-2023,OK,,,Oklahoma,40,Rogers County,131,,,,,,,,,,,,,,,.,.,,,,,,,,,,,,0500000US40131,,,40131,"Rogers County, Oklahoma",35722,27786,7936,"Rogers County, Oklahoma",253,390,392,0.777839986562902,0.222160013437098
G4001330,2019-2023,OK,,,Oklahoma,40,Seminole County,133,,,,,,,,,,,,,,,.,.,,,,,,,,,,,,0500000US40133,,,40133,"Seminole County, Oklahoma",8701,6056,2645,"Seminole County, Oklahoma",134,187,147,0.696011952649121,0.303988047350879
G4001350,2019-2023,OK,,,Oklahoma,40,Sequoyah County,135,,,,,,,,,,,,,,,.,.,,,,,,,,,,,,0500000US40135,,,40135,"Sequoyah County, Oklahoma",15184,10780,4404,"Sequoyah County, Oklahoma",183,315,308,0.709957850368809,0.290042149631191
G4001370,2019-2023,OK,,,Oklahoma,40,Stephens County,137,,,,,,,,,,,,,,,.,.,,,,,,,,,,,,0500000US40137,,,40137,"Stephens County, Oklahoma",17228,12834,4394,"Stephens County, Oklahoma",263,388,322,0.74495008126306,0.25504991873694
G4001390,2019-2023,OK,,,Oklahoma,40,Texas County,139,,,,,,,,,,,,,,,.,.,,,,,,,,,,,,0500000US40139,,,40139,"Texas County, Oklahoma",6870,4769,2101,"Texas County, Oklahoma",268,305,339,0.694177583697234,0.305822416302766
G4001410,2019-2023,OK,,,Oklahoma,40,Tillman County,141,,,,,,,,,,,,,,,.,.,,,,,,,,,,,,0500000US40141,,,40141,"Tillman County, Oklahoma",2655,1988,667,"Tillman County, Oklahoma",129,113,119,0.748775894538606,0.251224105461394
G4001430,2019-2023,OK,,,Oklahoma,40,Tulsa County,143,,,,,,,,,,,,,,,.,.,,,,,,,,,,,,0500000US40143,,,40143,"Tulsa County, Oklahoma",268530,160407,108123,"Tulsa County, Oklahoma",872,1454,1503,0.597352251145124,0.402647748854877
G4001450,2019-2023,OK,,,Oklahoma,40,Wagoner County,145,,,,,,,,,,,,,,,.,.,,,,,,,,,,,,0500000US40145,,,40145,"Wagoner County, Oklahoma",30565,24752,5813,"Wagoner County, Oklahoma",272,403,390,0.80981514804515,0.19018485195485
G4001470,2019-2023,OK,,,Oklahoma,40,Washington County,147,,,,,,,,,,,,,,,.,.,,,,,,,,,,,,0500000US40147,,,40147,"Washington County, Oklahoma",20596,14793,5803,"Washington County, Oklahoma",251,401,388,0.718246261409983,0.281753738590017
G4001490,2019-2023,OK,,,Oklahoma,40,Washita County,149,,,,,,,,,,,,,,,.,.,,,,,,,,,,,,0500000US40149,,,40149,"Washita County, Oklahoma",4101,3074,1027,"Washita County, Oklahoma",108,159,128,0.749573274811022,0.250426725188978
G4001510,2019-2023,OK,,,Oklahoma,40,Woods County,151,,,,,,,,,,,,,,,.,.,,,,,,,,,,,,0500000US40151,,,40151,"Woods County, Oklahoma",3488,2246,1242,"Woods County, Oklahoma",208,174,190,0.643922018348624,0.356077981651376
G4001530,2019-2023,OK,,,Oklahoma,40,Woodward County,153,,,,,,,,,,,,,,,.,.,,,,,,,,,,,,0500000US40153,,,40153,"Woodward County, Oklahoma",8116,5834,2282,"Woodward County, Oklahoma",261,282,351,0.718827008378512,0.281172991621488
G4100010,2019-2023,OR,,,Oregon,41,Baker County,1,,,,,,,,,,,,,,,.,.,,,,,,,,,,,,0500000US41001,,,41001,"Baker County, Oregon",7263,5286,1977,"Baker County, Oregon",185,217,251,0.727798430400661,0.272201569599339
G4100030,2019-2023,OR,,,Oregon,41,Benton County,3,,,,,,,,,,,,,,,.,.,,,,,,,,,,,,0500000US41003,,,41003,"Benton County, Oregon",38286,21452,16834,"Benton County, Oregon",490,548,603,0.560309251423497,0.439690748576503
G4100050,2019-2023,OR,,,Oregon,41,Clackamas County,5,,,,,,,,,,,,,,,.,.,,,,,,,,,,,,0500000US41005,,,41005,"Clackamas County, Oregon",162762,116115,46647,"Clackamas County, Oregon",690,1262,1265,0.713403620009585,0.286596379990415
G4100070,2019-2023,OR,,,Oregon,41,Clatsop County,7,,,,,,,,,,,,,,,.,.,,,,,,,,,,,,0500000US41007,,,41007,"Clatsop County, Oregon",18095,11160,6935,"Clatsop County, Oregon",473,547,485,0.616744957170489,0.383255042829511
G4100090,2019-2023,OR,,,Oregon,41,Columbia County,9,,,,,,,,,,,,,,,.,.,,,,,,,,,,,,0500000US41009,,,41009,"Columbia County, Oregon",20710,15680,5030,"Columbia County, Oregon",342,455,518,0.757122163206181,0.242877836793819
G4100110,2019-2023,OR,,,Oregon,41,Coos County,11,,,,,,,,,,,,,,,.,.,,,,,,,,,,,,0500000US41011,,,41011,"Coos County, Oregon",28417,20093,8324,"Coos County, Oregon",407,581,610,0.707076749832847,0.292923250167154
G4100130,2019-2023,OR,,,Oregon,41,Crook County,13,,,,,,,,,,,,,,,.,.,,,,,,,,,,,,0500000US41013,,,41013,"Crook County, Oregon",10647,8052,2595,"Crook County, Oregon",312,400,387,0.756269371653987,0.243730628346013
G4100150,2019-2023,OR,,,Oregon,41,Curry County,15,,,,,,,,,,,,,,,.,.,,,,,,,,,,,,0500000US41015,,,41015,"Curry County, Oregon",11280,8443,2837,"Curry County, Oregon",346,430,366,0.748492907801418,0.251507092198582
G4100170,2019-2023,OR,,,Oregon,41,Deschutes County,17,,,,,,,,,,,,,,,.,.,,,,,,,,,,,,0500000US41017,,,41017,"Deschutes County, Oregon",83197,58856,24341,"Deschutes County, Oregon",999,1297,1453,0.707429354423837,0.292570645576163
G4100190,2019-2023,OR,,,Oregon,41,Douglas County,19,,,,,,,,,,,,,,,.,.,,,,,,,,,,,,0500000US41019,,,41019,"Douglas County, Oregon",46677,33496,13181,"Douglas County, Oregon",589,775,738,0.717612528654369,0.282387471345631
G4100210,2019-2023,OR,,,Oregon,41,Gilliam County,21,,,,,,,,,,,,,,,.,.,,,,,,,,,,,,0500000US41021,,,41021,"Gilliam County, Oregon",869,657,212,"Gilliam County, Oregon",67,84,64,0.756041426927503,0.243958573072497
G4100230,2019-2023,OR,,,Oregon,41,Grant County,23,,,,,,,,,,,,,,,.,.,,,,,,,,,,,,0500000US41023,,,41023,"Grant County, Oregon",3352,2703,649,"Grant County, Oregon",124,132,119,0.806384248210024,0.193615751789976
G4100250,2019-2023,OR,,,Oregon,41,Harney County,25,,,,,,,,,,,,,,,.,.,,,,,,,,,,,,0500000US41025,,,41025,"Harney County, Oregon",3141,2110,1031,"Harney County, Oregon",119,167,170,0.6717605858007,0.3282394141993
G4100270,2019-2023,OR,,,Oregon,41,Hood River County,27,,,,,,,,,,,,,,,.,.,,,,,,,,,,,,0500000US41027,,,41027,"Hood River County, Oregon",9021,6142,2879,"Hood River County, Oregon",259,305,275,0.680855780955548,0.319144219044452
G4100290,2019-2023,OR,,,Oregon,41,Jackson County,29,,,,,,,,,,,,,,,.,.,,,,,,,,,,,,0500000US41029,,,41029,"Jackson County, Oregon",90679,58922,31757,"Jackson County, Oregon",701,1077,1107,0.649786609909681,0.350213390090319
G4100310,2019-2023,OR,,,Oregon,41,Jefferson County,31,,,,,,,,,,,,,,,.,.,,,,,,,,,,,,0500000US41031,,,41031,"Jefferson County, Oregon",8659,6185,2474,"Jefferson County, Oregon",281,321,320,0.714285714285714,0.285714285714286
G4100330,2019-2023,OR,,,Oregon,41,Josephine County,33,,,,,,,,,,,,,,,.,.,,,,,,,,,,,,0500000US41033,,,41033,"Josephine County, Oregon",36336,26049,10287,"Josephine County, Oregon",437,586,592,0.716892338177015,0.283107661822985
G4100350,2019-2023,OR,,,Oregon,41,Klamath County,35,,,,,,,,,,,,,,,.,.,,,,,,,,,,,,0500000US41035,,,41035,"Klamath County, Oregon",28840,19822,9018,"Klamath County, Oregon",443,643,535,0.687309292649099,0.312690707350902
G4100370,2019-2023,OR,,,Oregon,41,Lake County,37,,,,,,,,,,,,,,,.,.,,,,,,,,,,,,0500000US41037,,,41037,"Lake County, Oregon",3422,2106,1316,"Lake County, Oregon",152,218,196,0.615429573348919,0.384570426651081
G4100390,2019-2023,OR,,,Oregon,41,Lane County,39,,,,,,,,,,,,,,,.,.,,,,,,,,,,,,0500000US41039,,,41039,"Lane County, Oregon",159509,94723,64786,"Lane County, Oregon",808,1494,1511,0.593841099875242,0.406158900124758
G4100410,2019-2023,OR,,,Oregon,41,Lincoln County,41,,,,,,,,,,,,,,,.,.,,,,,,,,,,,,0500000US41041,,,41041,"Lincoln County, Oregon",22829,16292,6537,"Lincoln County, Oregon",525,558,484,0.713653686101012,0.286346313898988
G4100430,2019-2023,OR,,,Oregon,41,Linn County,43,,,,,,,,,,,,,,,.,.,,,,,,,,,,,,0500000US41043,,,41043,"Linn County, Oregon",50534,33881,16653,"Linn County, Oregon",432,972,863,0.670459492618831,0.329540507381169
G4100450,2019-2023,OR,,,Oregon,41,Malheur County,45,,,,,,,,,,,,,,,.,.,,,,,,,,,,,,0500000US41045,,,41045,"Malheur County, Oregon",10039,6365,3674,"Malheur County, Oregon",233,329,355,0.634027293555135,0.365972706444865
G4100470,2019-2023,OR,,,Oregon,41,Marion County,47,,,,,,,,,,,,,,,.,.,,,,,,,,,,,,0500000US41047,,,41047,"Marion County, Oregon",125413,78061,47352,"Marion County, Oregon",727,1316,1328,0.622431486369037,0.377568513630963
G4100490,2019-2023,OR,,,Oregon,41,Morrow County,49,,,,,,,,,,,,,,,.,.,,,,,,,,,,,,0500000US41049,,,41049,"Morrow County, Oregon",4322,3065,1257,"Morrow County, Oregon",155,200,202,0.709162424803332,0.290837575196668
G4100510,2019-2023,OR,,,Oregon,41,Multnomah County,51,,,,,,,,,,,,,,,.,.,,,,,,,,,,,,0500000US41051,,,41051,"Multnomah County, Oregon",347392,187953,159439,"Multnomah County, Oregon",1344,2272,2327,0.541040093036109,0.458959906963891
G4100530,2019-2023,OR,,,Oregon,41,Polk County,53,,,,,,,,,,,,,,,.,.,,,,,,,,,,,,0500000US41053,,,41053,"Polk County, Oregon",32574,21040,11534,"Polk County, Oregon",375,660,750,0.645913919076564,0.354086080923436
G4100550,2019-2023,OR,,,Oregon,41,Sherman County,55,,,,,,,,,,,,,,,.,.,,,,,,,,,,,,0500000US41055,,,41055,"Sherman County, Oregon",784,526,258,"Sherman County, Oregon",64,64,50,0.670918367346939,0.329081632653061
G4100570,2019-2023,OR,,,Oregon,41,Tillamook County,57,,,,,,,,,,,,,,,.,.,,,,,,,,,,,,0500000US41057,,,41057,"Tillamook County, Oregon",11817,8646,3171,"Tillamook County, Oregon",458,331,366,0.731657781162732,0.268342218837268
G4100590,2019-2023,OR,,,Oregon,41,Umatilla County,59,,,,,,,,,,,,,,,.,.,,,,,,,,,,,,0500000US41059,,,41059,"Umatilla County, Oregon",28194,18930,9264,"Umatilla County, Oregon",449,689,680,0.67141945094701,0.32858054905299
G4100610,2019-2023,OR,,,Oregon,41,Union County,61,,,,,,,,,,,,,,,.,.,,,,,,,,,,,,0500000US41061,,,41061,"Union County, Oregon",10856,7011,3845,"Union County, Oregon",197,294,298,0.645817980840089,0.354182019159912
G4100630,2019-2023,OR,,,Oregon,41,Wallowa County,63,,,,,,,,,,,,,,,.,.,,,,,,,,,,,,0500000US41063,,,41063,"Wallowa County, Oregon",3356,2564,792,"Wallowa County, Oregon",118,138,128,0.764004767580453,0.235995232419547
G4100650,2019-2023,OR,,,Oregon,41,Wasco County,65,,,,,,,,,,,,,,,.,.,,,,,,,,,,,,0500000US41065,,,41065,"Wasco County, Oregon",10411,6894,3517,"Wasco County, Oregon",239,356,345,0.662184228220152,0.337815771779848
G4100670,2019-2023,OR,,,Oregon,41,Washington County,67,,,,,,,,,,,,,,,.,.,,,,,,,,,,,,0500000US41067,,,41067,"Washington County, Oregon",232366,141441,90925,"Washington County, Oregon",810,1726,1731,0.608699207285059,0.391300792714941
G4100690,2019-2023,OR,,,Oregon,41,Wheeler County,69,,,,,,,,,,,,,,,.,.,,,,,,,,,,,,0500000US41069,,,41069,"Wheeler County, Oregon",663,459,204,"Wheeler County, Oregon",69,75,57,0.692307692307692,0.307692307692308
G4100710,2019-2023,OR,,,Oregon,41,Yamhill County,71,,,,,,,,,,,,,,,.,.,,,,,,,,,,,,0500000US41071,,,41071,"Yamhill County, Oregon",38836,27163,11673,"Yamhill County, Oregon",387,719,801,0.699428365434133,0.300571634565867
G4200010,2019-2023,PA,,,Pennsylvania,42,Adams County,1,,,,,,,,,,,,,,,.,.,,,,,,,,,,,,0500000US42001,,,42001,"Adams County, Pennsylvania",40411,31948,8463,"Adams County, Pennsylvania",326,600,606,0.790576823142214,0.209423176857786
G4200030,2019-2023,PA,,,Pennsylvania,42,Allegheny County,3,,,,,,,,,,,,,,,.,.,,,,,,,,,,,,0500000US42003,,,42003,"Allegheny County, Pennsylvania",546507,354840,191667,"Allegheny County, Pennsylvania",2137,2894,2568,0.649287200346931,0.350712799653069
G4200050,2019-2023,PA,,,Pennsylvania,42,Armstrong County,5,,,,,,,,,,,,,,,.,.,,,,,,,,,,,,0500000US42005,,,42005,"Armstrong County, Pennsylvania",28007,22024,5983,"Armstrong County, Pennsylvania",321,395,373,0.786374834862713,0.213625165137287
G4200070,2019-2023,PA,,,Pennsylvania,42,Beaver County,7,,,,,,,,,,,,,,,.,.,,,,,,,,,,,,0500000US42007,,,42007,"Beaver County, Pennsylvania",71975,53642,18333,"Beaver County, Pennsylvania",620,802,818,0.745286557832581,0.254713442167419
G4200090,2019-2023,PA,,,Pennsylvania,42,Bedford County,9,,,,,,,,,,,,,,,.,.,,,,,,,,,,,,0500000US42009,,,42009,"Bedford County, Pennsylvania",19763,15435,4328,"Bedford County, Pennsylvania",300,322,335,0.781004908161716,0.218995091838284
G4200110,2019-2023,PA,,,Pennsylvania,42,Berks County,11,,,,,,,,,,,,,,,.,.,,,,,,,,,,,,0500000US42011,,,42011,"Berks County, Pennsylvania",161701,114882,46819,"Berks County, Pennsylvania",913,1405,1354,0.710459428203907,0.289540571796093
G4200130,2019-2023,PA,,,Pennsylvania,42,Blair County,13,,,,,,,,,,,,,,,.,.,,,,,,,,,,,,0500000US42013,,,42013,"Blair County, Pennsylvania",50548,36621,13927,"Blair County, Pennsylvania",565,711,703,0.724479702461027,0.275520297538973
G4200150,2019-2023,PA,,,Pennsylvania,42,Bradford County,15,,,,,,,,,,,,,,,.,.,,,,,,,,,,,,0500000US42015,,,42015,"Bradford County, Pennsylvania",24487,17696,6791,"Bradford County, Pennsylvania",309,452,394,0.722669171397068,0.277330828602932
G4200170,2019-2023,PA,,,Pennsylvania,42,Bucks County,17,,,,,,,,,,,,,,,.,.,,,,,,,,,,,,0500000US42017,,,42017,"Bucks County, Pennsylvania",247674,193222,54452,"Bucks County, Pennsylvania",854,1632,1450,0.780146482876685,0.219853517123315
G4200190,2019-2023,PA,,,Pennsylvania,42,Butler County,19,,,,,,,,,,,,,,,.,.,,,,,,,,,,,,0500000US42019,,,42019,"Butler County, Pennsylvania",80245,61287,18958,"Butler County, Pennsylvania",590,946,817,0.763748520157019,0.236251479842981
G4200210,2019-2023,PA,,,Pennsylvania,42,Cambria County,21,,,,,,,,,,,,,,,.,.,,,,,,,,,,,,0500000US42021,,,42021,"Cambria County, Pennsylvania",55692,42220,13472,"Cambria County, Pennsylvania",624,701,734,0.758098111039288,0.241901888960713
G4200230,2019-2023,PA,,,Pennsylvania,42,Cameron County,23,,,,,,,,,,,,,,,.,.,,,,,,,,,,,,0500000US42023,,,42023,"Cameron County, Pennsylvania",2229,1535,694,"Cameron County, Pennsylvania",92,89,108,0.688649618663078,0.311350381336922
G4200250,2019-2023,PA,,,Pennsylvania,42,Carbon County,25,,,,,,,,,,,,,,,.,.,,,,,,,,,,,,0500000US42025,,,42025,"Carbon County, Pennsylvania",27093,20926,6167,"Carbon County, Pennsylvania",536,647,575,0.772376628649467,0.227623371350533
G4200270,2019-2023,PA,,,Pennsylvania,42,Centre County,27,,,,,,,,,,,,,,,.,.,,,,,,,,,,,,0500000US42027,,,42027,"Centre County, Pennsylvania",59006,36440,22566,"Centre County, Pennsylvania",678,747,865,0.61756431549334,0.38243568450666
G4200290,2019-2023,PA,,,Pennsylvania,42,Chester County,29,,,,,,,,,,,,,,,.,.,,,,,,,,,,,,0500000US42029,,,42029,"Chester County, Pennsylvania",202405,151694,50711,"Chester County, Pennsylvania",843,1394,1432,0.749457770311998,0.250542229688002
G4200310,2019-2023,PA,,,Pennsylvania,42,Clarion County,31,,,,,,,,,,,,,,,.,.,,,,,,,,,,,,0500000US42031,,,42031,"Clarion County, Pennsylvania",14982,10703,4279,"Clarion County, Pennsylvania",321,334,349,0.7143906020558,0.2856093979442
G4200330,2019-2023,PA,,,Pennsylvania,42,Clearfield County,33,,,,,,,,,,,,,,,.,.,,,,,,,,,,,,0500000US42033,,,42033,"Clearfield County, Pennsylvania",32089,25135,6954,"Clearfield County, Pennsylvania",508,533,473,0.783290224064321,0.216709775935679
G4200350,2019-2023,PA,,,Pennsylvania,42,Clinton County,35,,,,,,,,,,,,,,,.,.,,,,,,,,,,,,0500000US42035,,,42035,"Clinton County, Pennsylvania",15258,10931,4327,"Clinton County, Pennsylvania",224,267,281,0.716411063048892,0.283588936951108
G4200370,2019-2023,PA,,,Pennsylvania,42,Columbia County,37,,,,,,,,,,,,,,,.,.,,,,,,,,,,,,0500000US42037,,,42037,"Columbia County, Pennsylvania",25874,18222,7652,"Columbia County, Pennsylvania",368,503,534,0.704259101801036,0.295740898198964
G4200390,2019-2023,PA,,,Pennsylvania,42,Crawford County,39,,,,,,,,,,,,,,,.,.,,,,,,,,,,,,0500000US42039,,,42039,"Crawford County, Pennsylvania",33616,24765,8851,"Crawford County, Pennsylvania",488,615,532,0.736702760590195,0.263297239409805
G4200410,2019-2023,PA,,,Pennsylvania,42,Cumberland County,41,,,,,,,,,,,,,,,.,.,,,,,,,,,,,,0500000US42041,,,42041,"Cumberland County, Pennsylvania",105187,75073,30114,"Cumberland County, Pennsylvania",670,1414,1254,0.713709869090287,0.286290130909713
G4200430,2019-2023,PA,,,Pennsylvania,42,Dauphin County,43,,,,,,,,,,,,,,,.,.,,,,,,,,,,,,0500000US42043,,,42043,"Dauphin County, Pennsylvania",119763,75838,43925,"Dauphin County, Pennsylvania",734,1494,1551,0.633233970424923,0.366766029575077
G4200450,2019-2023,PA,,,Pennsylvania,42,Delaware County,45,,,,,,,,,,,,,,,.,.,,,,,,,,,,,,0500000US42045,,,42045,"Delaware County, Pennsylvania",216660,150888,65772,"Delaware County, Pennsylvania",997,1755,1828,0.69642758238715,0.30357241761285
G4200470,2019-2023,PA,,,Pennsylvania,42,Elk County,47,,,,,,,,,,,,,,,.,.,,,,,,,,,,,,0500000US42047,,,42047,"Elk County, Pennsylvania",13481,10631,2850,"Elk County, Pennsylvania",283,304,308,0.788591350790001,0.211408649209999
G4200490,2019-2023,PA,,,Pennsylvania,42,Erie County,49,,,,,,,,,,,,,,,.,.,,,,,,,,,,,,0500000US42049,,,42049,"Erie County, Pennsylvania",110106,75241,34865,"Erie County, Pennsylvania",795,1093,1154,0.683350589432002,0.316649410567998
G4200510,2019-2023,PA,,,Pennsylvania,42,Fayette County,51,,,,,,,,,,,,,,,.,.,,,,,,,,,,,,0500000US42051,,,42051,"Fayette County, Pennsylvania",54962,39828,15134,"Fayette County, Pennsylvania",657,907,863,0.724646119136858,0.275353880863142
G4200530,2019-2023,PA,,,Pennsylvania,42,Forest County,53,,,,,,,,,,,,,,,.,.,,,,,,,,,,,,0500000US42053,,,42053,"Forest County, Pennsylvania",1944,1495,449,"Forest County, Pennsylvania",106,104,79,0.7690329218107,0.2309670781893
G4200550,2019-2023,PA,,,Pennsylvania,42,Franklin County,55,,,,,,,,,,,,,,,.,.,,,,,,,,,,,,0500000US42055,,,42055,"Franklin County, Pennsylvania",63028,46146,16882,"Franklin County, Pennsylvania",476,965,928,0.732150790125024,0.267849209874976
G4200570,2019-2023,PA,,,Pennsylvania,42,Fulton County,57,,,,,,,,,,,,,,,.,.,,,,,,,,,,,,0500000US42057,,,42057,"Fulton County, Pennsylvania",6156,4779,1377,"Fulton County, Pennsylvania",124,122,116,0.776315789473684,0.223684210526316
G4200590,2019-2023,PA,,,Pennsylvania,42,Greene County,59,,,,,,,,,,,,,,,.,.,,,,,,,,,,,,0500000US42059,,,42059,"Greene County, Pennsylvania",14126,11028,3098,"Greene County, Pennsylvania",317,372,352,0.78068809287838,0.21931190712162
G4200610,2019-2023,PA,,,Pennsylvania,42,Huntingdon County,61,,,,,,,,,,,,,,,.,.,,,,,,,,,,,,0500000US42061,,,42061,"Huntingdon County, Pennsylvania",16038,12601,3437,"Huntingdon County, Pennsylvania",322,314,261,0.785696470881656,0.214303529118344
G4200630,2019-2023,PA,,,Pennsylvania,42,Indiana County,63,,,,,,,,,,,,,,,.,.,,,,,,,,,,,,0500000US42063,,,42063,"Indiana County, Pennsylvania",32291,22964,9327,"Indiana County, Pennsylvania",487,548,573,0.711157907776161,0.288842092223839
G4200650,2019-2023,PA,,,Pennsylvania,42,Jefferson County,65,,,,,,,,,,,,,,,.,.,,,,,,,,,,,,0500000US42065,,,42065,"Jefferson County, Pennsylvania",18207,13503,4704,"Jefferson County, Pennsylvania",252,284,302,0.74163783160323,0.25836216839677
G4200670,2019-2023,PA,,,Pennsylvania,42,Juniata County,67,,,,,,,,,,,,,,,.,.,,,,,,,,,,,,0500000US42067,,,42067,"Juniata County, Pennsylvania",8928,6531,2397,"Juniata County, Pennsylvania",191,240,224,0.731518817204301,0.268481182795699
G4200690,2019-2023,PA,,,Pennsylvania,42,Lackawanna County,69,,,,,,,,,,,,,,,.,.,,,,,,,,,,,,0500000US42069,,,42069,"Lackawanna County, Pennsylvania",88266,57698,30568,"Lackawanna County, Pennsylvania",814,1131,1145,0.653683184918315,0.346316815081685
G4200710,2019-2023,PA,,,Pennsylvania,42,Lancaster County,71,,,,,,,,,,,,,,,.,.,,,,,,,,,,,,0500000US42071,,,42071,"Lancaster County, Pennsylvania",210536,147259,63277,"Lancaster County, Pennsylvania",704,1548,1586,0.699448075388532,0.300551924611468
G4200730,2019-2023,PA,,,Pennsylvania,42,Lawrence County,73,,,,,,,,,,,,,,,.,.,,,,,,,,,,,,0500000US42073,,,42073,"Lawrence County, Pennsylvania",36005,27159,8846,"Lawrence County, Pennsylvania",425,663,584,0.754311901124844,0.245688098875156
G4200750,2019-2023,PA,,,Pennsylvania,42,Lebanon County,75,,,,,,,,,,,,,,,.,.,,,,,,,,,,,,0500000US42075,,,42075,"Lebanon County, Pennsylvania",55846,39792,16054,"Lebanon County, Pennsylvania",412,785,792,0.712530888514844,0.287469111485156
G4200770,2019-2023,PA,,,Pennsylvania,42,Lehigh County,77,,,,,,,,,,,,,,,.,.,,,,,,,,,,,,0500000US42077,,,42077,"Lehigh County, Pennsylvania",143445,93539,49906,"Lehigh County, Pennsylvania",761,1363,1420,0.652089651085782,0.347910348914218
G4200790,2019-2023,PA,,,Pennsylvania,42,Luzerne County,79,,,,,,,,,,,,,,,.,.,,,,,,,,,,,,0500000US42079,,,42079,"Luzerne County, Pennsylvania",133434,90408,43026,"Luzerne County, Pennsylvania",862,1286,1321,0.677548450919556,0.322451549080444
G4200810,2019-2023,PA,,,Pennsylvania,42,Lycoming County,81,,,,,,,,,,,,,,,.,.,,,,,,,,,,,,0500000US42081,,,42081,"Lycoming County, Pennsylvania",46201,31970,14231,"Lycoming County, Pennsylvania",524,745,752,0.691976364147962,0.308023635852038
G4200830,2019-2023,PA,,,Pennsylvania,42,McKean County,83,,,,,,,,,,,,,,,.,.,,,,,,,,,,,,0500000US42083,,,42083,"McKean County, Pennsylvania",16204,12753,3451,"McKean County, Pennsylvania",232,341,274,0.787027894347075,0.212972105652925
G4200850,2019-2023,PA,,,Pennsylvania,42,Mercer County,85,,,,,,,,,,,,,,,.,.,,,,,,,,,,,,0500000US42085,,,42085,"Mercer County, Pennsylvania",46123,33450,12673,"Mercer County, Pennsylvania",500,649,619,0.725234698523513,0.274765301476487
G4200870,2019-2023,PA,,,Pennsylvania,42,Mifflin County,87,,,,,,,,,,,,,,,.,.,,,,,,,,,,,,0500000US42087,,,42087,"Mifflin County, Pennsylvania",18502,13221,5281,"Mifflin County, Pennsylvania",339,463,466,0.714571397686737,0.285428602313263
G4200890,2019-2023,PA,,,Pennsylvania,42,Monroe County,89,,,,,,,,,,,,,,,.,.,,,,,,,,,,,,0500000US42089,,,42089,"Monroe County, Pennsylvania",60562,48164,12398,"Monroe County, Pennsylvania",992,1145,1075,0.795284171592748,0.204715828407252
G4200910,2019-2023,PA,,,Pennsylvania,42,Montgomery County,91,,,,,,,,,,,,,,,.,.,,,,,,,,,,,,0500000US42091,,,42091,"Montgomery County, Pennsylvania",333514,239246,94268,"Montgomery County, Pennsylvania",976,2020,1920,0.71734919673537,0.282650803264631
G4200930,2019-2023,PA,,,Pennsylvania,42,Montour County,93,,,,,,,,,,,,,,,.,.,,,,,,,,,,,,0500000US42093,,,42093,"Montour County, Pennsylvania",7689,5157,2532,"Montour County, Pennsylvania",167,230,238,0.670698400312134,0.329301599687866
G4200950,2019-2023,PA,,,Pennsylvania,42,Northampton County,95,,,,,,,,,,,,,,,.,.,,,,,,,,,,,,0500000US42095,,,42095,"Northampton County, Pennsylvania",121496,86409,35087,"Northampton County, Pennsylvania",846,1355,1169,0.711208599460065,0.288791400539935
G4200970,2019-2023,PA,,,Pennsylvania,42,Northumberland County,97,,,,,,,,,,,,,,,.,.,,,,,,,,,,,,0500000US42097,,,42097,"Northumberland County, Pennsylvania",37581,28129,9452,"Northumberland County, Pennsylvania",478,566,581,0.748489928421277,0.251510071578723
G4200990,2019-2023,PA,,,Pennsylvania,42,Perry County,99,,,,,,,,,,,,,,,.,.,,,,,,,,,,,,0500000US42099,,,42099,"Perry County, Pennsylvania",18232,14715,3517,"Perry County, Pennsylvania",230,300,275,0.807097411145239,0.192902588854761
G4201010,2019-2023,PA,,,Pennsylvania,42,Philadelphia County,101,,,,,,,,,,,,,,,.,.,,,,,,,,,,,,0500000US42101,,,42101,"Philadelphia County, Pennsylvania",669222,350141,319081,"Philadelphia County, Pennsylvania",2141,3881,3776,0.523206051205729,0.476793948794272
G4201030,2019-2023,PA,,,Pennsylvania,42,Pike County,103,,,,,,,,,,,,,,,.,.,,,,,,,,,,,,0500000US42103,,,42103,"Pike County, Pennsylvania",24009,20685,3324,"Pike County, Pennsylvania",602,615,362,0.861551918030739,0.138448081969262
G4201050,2019-2023,PA,,,Pennsylvania,42,Potter County,105,,,,,,,,,,,,,,,.,.,,,,,,,,,,,,0500000US42105,,,42105,"Potter County, Pennsylvania",6757,5421,1336,"Potter County, Pennsylvania",159,140,130,0.802279117951754,0.197720882048246
G4201070,2019-2023,PA,,,Pennsylvania,42,Schuylkill County,107,,,,,,,,,,,,,,,.,.,,,,,,,,,,,,0500000US42107,,,42107,"Schuylkill County, Pennsylvania",57465,43821,13644,"Schuylkill County, Pennsylvania",657,717,600,0.762568519968677,0.237431480031323
G4201090,2019-2023,PA,,,Pennsylvania,42,Snyder County,109,,,,,,,,,,,,,,,.,.,,,,,,,,,,,,0500000US42109,,,42109,"Snyder County, Pennsylvania",14549,10806,3743,"Snyder County, Pennsylvania",231,228,268,0.742731459206818,0.257268540793182
G4201110,2019-2023,PA,,,Pennsylvania,42,Somerset County,111,,,,,,,,,,,,,,,.,.,,,,,,,,,,,,0500000US42111,,,42111,"Somerset County, Pennsylvania",29071,23335,5736,"Somerset County, Pennsylvania",416,465,418,0.802689965945444,0.197310034054556
G4201130,2019-2023,PA,,,Pennsylvania,42,Sullivan County,113,,,,,,,,,,,,,,,.,.,,,,,,,,,,,,0500000US42113,,,42113,"Sullivan County, Pennsylvania",2536,2111,425,"Sullivan County, Pennsylvania",105,104,65,0.832413249211357,0.167586750788644
G4201150,2019-2023,PA,,,Pennsylvania,42,Susquehanna County,115,,,,,,,,,,,,,,,.,.,,,,,,,,,,,,0500000US42115,,,42115,"Susquehanna County, Pennsylvania",15639,12251,3388,"Susquehanna County, Pennsylvania",269,303,251,0.783362107551634,0.216637892448366
G4201170,2019-2023,PA,,,Pennsylvania,42,Tioga County,117,,,,,,,,,,,,,,,.,.,,,,,,,,,,,,0500000US42117,,,42117,"Tioga County, Pennsylvania",16639,12756,3883,"Tioga County, Pennsylvania",287,297,234,0.766632610132821,0.23336738986718
G4201190,2019-2023,PA,,,Pennsylvania,42,Union County,119,,,,,,,,,,,,,,,.,.,,,,,,,,,,,,0500000US42119,,,42119,"Union County, Pennsylvania",14301,10218,4083,"Union County, Pennsylvania",304,397,352,0.714495489825886,0.285504510174114
G4201210,2019-2023,PA,,,Pennsylvania,42,Venango County,121,,,,,,,,,,,,,,,.,.,,,,,,,,,,,,0500000US42121,,,42121,"Venango County, Pennsylvania",21342,16144,5198,"Venango County, Pennsylvania",354,374,373,0.756442695155093,0.243557304844907
G4201230,2019-2023,PA,,,Pennsylvania,42,Warren County,123,,,,,,,,,,,,,,,.,.,,,,,,,,,,,,0500000US42123,,,42123,"Warren County, Pennsylvania",16271,12684,3587,"Warren County, Pennsylvania",233,261,287,0.77954643230287,0.22045356769713
G4201250,2019-2023,PA,,,Pennsylvania,42,Washington County,125,,,,,,,,,,,,,,,.,.,,,,,,,,,,,,0500000US42125,,,42125,"Washington County, Pennsylvania",87665,67009,20656,"Washington County, Pennsylvania",660,1059,882,0.764375748588376,0.235624251411624
G4201270,2019-2023,PA,,,Pennsylvania,42,Wayne County,127,,,,,,,,,,,,,,,.,.,,,,,,,,,,,,0500000US42127,,,42127,"Wayne County, Pennsylvania",20314,16628,3686,"Wayne County, Pennsylvania",488,484,385,0.81854878408979,0.18145121591021
G4201290,2019-2023,PA,,,Pennsylvania,42,Westmoreland County,129,,,,,,,,,,,,,,,.,.,,,,,,,,,,,,0500000US42129,,,42129,"Westmoreland County, Pennsylvania",154385,120811,33574,"Westmoreland County, Pennsylvania",899,1219,1265,0.782530686271335,0.217469313728665
G4201310,2019-2023,PA,,,Pennsylvania,42,Wyoming County,131,,,,,,,,,,,,,,,.,.,,,,,,,,,,,,0500000US42131,,,42131,"Wyoming County, Pennsylvania",10892,8365,2527,"Wyoming County, Pennsylvania",211,245,201,0.767994858611825,0.232005141388175
G4201330,2019-2023,PA,,,Pennsylvania,42,York County,133,,,,,,,,,,,,,,,.,.,,,,,,,,,,,,0500000US42133,,,42133,"York County, Pennsylvania",180207,136655,43552,"York County, Pennsylvania",705,1490,1311,0.758322373714673,0.241677626285327
G4400010,2019-2023,RI,,,Rhode Island,44,Bristol County,1,,,,,,,,,,,,,,,.,.,,,,,,,,,,,,0500000US44001,,,44001,"Bristol County, Rhode Island",19420,14228,5192,"Bristol County, Rhode Island",408,462,521,0.73264675592173,0.26735324407827
G4400030,2019-2023,RI,,,Rhode Island,44,Kent County,3,,,,,,,,,,,,,,,.,.,,,,,,,,,,,,0500000US44003,,,44003,"Kent County, Rhode Island",72743,52483,20260,"Kent County, Rhode Island",563,1001,1002,0.721485228819268,0.278514771180732
G4400050,2019-2023,RI,,,Rhode Island,44,Newport County,5,,,,,,,,,,,,,,,.,.,,,,,,,,,,,,0500000US44005,,,44005,"Newport County, Rhode Island",36186,24405,11781,"Newport County, Rhode Island",739,700,771,0.674432100812469,0.325567899187531
G4400070,2019-2023,RI,,,Rhode Island,44,Providence County,7,,,,,,,,,,,,,,,.,.,,,,,,,,,,,,0500000US44007,,,44007,"Providence County, Rhode Island",256505,145239,111266,"Providence County, Rhode Island",1205,2119,2345,0.566222880645601,0.433777119354399
G4400090,2019-2023,RI,,,Rhode Island,44,Washington County,9,,,,,,,,,,,,,,,.,.,,,,,,,,,,,,0500000US44009,,,44009,"Washington County, Rhode Island",52048,39989,12059,"Washington County, Rhode Island",740,820,899,0.768310021518598,0.231689978481402
G4500010,2019-2023,SC,,,South Carolina,45,Abbeville County,1,,,,,,,,,,,,,,,.,.,,,,,,,,,,,,0500000US45001,,,45001,"Abbeville County, South Carolina",9536,7338,2198,"Abbeville County, South Carolina",363,354,264,0.769505033557047,0.230494966442953
G4500030,2019-2023,SC,,,South Carolina,45,Aiken County,3,,,,,,,,,,,,,,,.,.,,,,,,,,,,,,0500000US45003,,,45003,"Aiken County, South Carolina",68606,52603,16003,"Aiken County, South Carolina",867,1337,1142,0.766740518322013,0.233259481677987
G4500050,2019-2023,SC,,,South Carolina,45,Allendale County,5,,,,,,,,,,,,,,,.,.,,,,,,,,,,,,0500000US45005,,,45005,"Allendale County, South Carolina",3163,2045,1118,"Allendale County, South Carolina",203,249,189,0.646538096743598,0.353461903256402
G4500070,2019-2023,SC,,,South Carolina,45,Anderson County,7,,,,,,,,,,,,,,,.,.,,,,,,,,,,,,0500000US45007,,,45007,"Anderson County, South Carolina",82134,61959,20175,"Anderson County, South Carolina",738,1068,1027,0.754364818467383,0.245635181532617
G4500090,2019-2023,SC,,,South Carolina,45,Bamberg County,9,,,,,,,,,,,,,,,.,.,,,,,,,,,,,,0500000US45009,,,45009,"Bamberg County, South Carolina",4592,3408,1184,"Bamberg County, South Carolina",306,276,236,0.742160278745645,0.257839721254355
G4500110,2019-2023,SC,,,South Carolina,45,Barnwell County,11,,,,,,,,,,,,,,,.,.,,,,,,,,,,,,0500000US45011,,,45011,"Barnwell County, South Carolina",8107,5758,2349,"Barnwell County, South Carolina",293,291,315,0.710250400888121,0.289749599111879
G4500130,2019-2023,SC,,,South Carolina,45,Beaufort County,13,,,,,,,,,,,,,,,.,.,,,,,,,,,,,,0500000US45013,,,45013,"Beaufort County, South Carolina",78794,59671,19123,"Beaufort County, South Carolina",971,1240,1089,0.757303855623525,0.242696144376475
G4500150,2019-2023,SC,,,South Carolina,45,Berkeley County,15,,,,,,,,,,,,,,,.,.,,,,,,,,,,,,0500000US45015,,,45015,"Berkeley County, South Carolina",90348,66951,23397,"Berkeley County, South Carolina",857,1167,1159,0.741034665958295,0.258965334041705
G4500170,2019-2023,SC,,,South Carolina,45,Calhoun County,17,,,,,,,,,,,,,,,.,.,,,,,,,,,,,,0500000US45017,,,45017,"Calhoun County, South Carolina",6124,5127,997,"Calhoun County, South Carolina",211,258,223,0.837197909862835,0.162802090137165
G4500190,2019-2023,SC,,,South Carolina,45,Charleston County,19,,,,,,,,,,,,,,,.,.,,,,,,,,,,,,0500000US45019,,,45019,"Charleston County, South Carolina",175499,111425,64074,"Charleston County, South Carolina",1636,1919,1773,0.63490390258634,0.365096097413661
G4500210,2019-2023,SC,,,South Carolina,45,Cherokee County,21,,,,,,,,,,,,,,,.,.,,,,,,,,,,,,0500000US45021,,,45021,"Cherokee County, South Carolina",21864,16025,5839,"Cherokee County, South Carolina",478,544,483,0.732939992682034,0.267060007317966
G4500230,2019-2023,SC,,,South Carolina,45,Chester County,23,,,,,,,,,,,,,,,.,.,,,,,,,,,,,,0500000US45023,,,45023,"Chester County, South Carolina",12926,10068,2858,"Chester County, South Carolina",278,393,375,0.778895249883955,0.221104750116045
G4500250,2019-2023,SC,,,South Carolina,45,Chesterfield County,25,,,,,,,,,,,,,,,.,.,,,,,,,,,,,,0500000US45025,,,45025,"Chesterfield County, South Carolina",17381,12577,4804,"Chesterfield County, South Carolina",431,443,413,0.723606236695242,0.276393763304758
G4500270,2019-2023,SC,,,South Carolina,45,Clarendon County,27,,,,,,,,,,,,,,,.,.,,,,,,,,,,,,0500000US45027,,,45027,"Clarendon County, South Carolina",11949,8718,3231,"Clarendon County, South Carolina",322,338,330,0.729600803414512,0.270399196585488
G4500290,2019-2023,SC,,,South Carolina,45,Colleton County,29,,,,,,,,,,,,,,,.,.,,,,,,,,,,,,0500000US45029,,,45029,"Colleton County, South Carolina",15968,11667,4301,"Colleton County, South Carolina",350,537,569,0.73064879759519,0.26935120240481
G4500310,2019-2023,SC,,,South Carolina,45,Darlington County,31,,,,,,,,,,,,,,,.,.,,,,,,,,,,,,0500000US45031,,,45031,"Darlington County, South Carolina",25074,17710,7364,"Darlington County, South Carolina",512,506,551,0.706309324399777,0.293690675600223
G4500330,2019-2023,SC,,,South Carolina,45,Dillon County,33,,,,,,,,,,,,,,,.,.,,,,,,,,,,,,0500000US45033,,,45033,"Dillon County, South Carolina",10587,6385,4202,"Dillon County, South Carolina",361,342,428,0.603098139227354,0.396901860772646
G4500350,2019-2023,SC,,,South Carolina,45,Dorchester County,35,,,,,,,,,,,,,,,.,.,,,,,,,,,,,,0500000US45035,,,45035,"Dorchester County, South Carolina",61573,46442,15131,"Dorchester County, South Carolina",747,1051,1123,0.754259172039693,0.245740827960307
G4500370,2019-2023,SC,,,South Carolina,45,Edgefield County,37,,,,,,,,,,,,,,,.,.,,,,,,,,,,,,0500000US45037,,,45037,"Edgefield County, South Carolina",9508,7591,1917,"Edgefield County, South Carolina",291,301,305,0.798380311316786,0.201619688683214
G4500390,2019-2023,SC,,,South Carolina,45,Fairfield County,39,,,,,,,,,,,,,,,.,.,,,,,,,,,,,,0500000US45039,,,45039,"Fairfield County, South Carolina",8773,6668,2105,"Fairfield County, South Carolina",302,291,314,0.760059272768722,0.239940727231278
G4500410,2019-2023,SC,,,South Carolina,45,Florence County,41,,,,,,,,,,,,,,,.,.,,,,,,,,,,,,0500000US45041,,,45041,"Florence County, South Carolina",52522,33897,18625,"Florence County, South Carolina",747,1035,1084,0.645386695099197,0.354613304900803
G4500430,2019-2023,SC,,,South Carolina,45,Georgetown County,43,,,,,,,,,,,,,,,.,.,,,,,,,,,,,,0500000US45043,,,45043,"Georgetown County, South Carolina",26593,22099,4494,"Georgetown County, South Carolina",732,773,517,0.831008160042116,0.168991839957884
G4500450,2019-2023,SC,,,South Carolina,45,Greenville County,45,,,,,,,,,,,,,,,.,.,,,,,,,,,,,,0500000US45045,,,45045,"Greenville County, South Carolina",215774,148365,67409,"Greenville County, South Carolina",1178,1892,1846,0.68759442750285,0.31240557249715
G4500470,2019-2023,SC,,,South Carolina,45,Greenwood County,47,,,,,,,,,,,,,,,.,.,,,,,,,,,,,,0500000US45047,,,45047,"Greenwood County, South Carolina",27770,18370,9400,"Greenwood County, South Carolina",449,612,692,0.661505221462009,0.338494778537991
G4500490,2019-2023,SC,,,South Carolina,45,Hampton County,49,,,,,,,,,,,,,,,.,.,,,,,,,,,,,,0500000US45049,,,45049,"Hampton County, South Carolina",7104,5230,1874,"Hampton County, South Carolina",267,278,246,0.736204954954955,0.263795045045045
G4500510,2019-2023,SC,,,South Carolina,45,Horry County,51,,,,,,,,,,,,,,,.,.,,,,,,,,,,,,0500000US45051,,,45051,"Horry County, South Carolina",150342,114026,36316,"Horry County, South Carolina",1527,1950,1436,0.758444080829043,0.241555919170957
G4500530,2019-2023,SC,,,South Carolina,45,Jasper County,53,,,,,,,,,,,,,,,.,.,,,,,,,,,,,,0500000US45053,,,45053,"Jasper County, South Carolina",12420,9438,2982,"Jasper County, South Carolina",366,494,433,0.759903381642512,0.240096618357488
G4500550,2019-2023,SC,,,South Carolina,45,Kershaw County,55,,,,,,,,,,,,,,,.,.,,,,,,,,,,,,0500000US45055,,,45055,"Kershaw County, South Carolina",25877,21129,4748,"Kershaw County, South Carolina",494,644,525,0.816516597750899,0.183483402249102
G4500570,2019-2023,SC,,,South Carolina,45,Lancaster County,57,,,,,,,,,,,,,,,.,.,,,,,,,,,,,,0500000US45057,,,45057,"Lancaster County, South Carolina",39204,32646,6558,"Lancaster County, South Carolina",654,857,650,0.832721150902969,0.167278849097031
G4500590,2019-2023,SC,,,South Carolina,45,Laurens County,59,,,,,,,,,,,,,,,.,.,,,,,,,,,,,,0500000US45059,,,45059,"Laurens County, South Carolina",26291,18576,7715,"Laurens County, South Carolina",602,638,547,0.706553573466205,0.293446426533795
G4500610,2019-2023,SC,,,South Carolina,45,Lee County,61,,,,,,,,,,,,,,,.,.,,,,,,,,,,,,0500000US45061,,,45061,"Lee County, South Carolina",6294,4623,1671,"Lee County, South Carolina",230,284,284,0.734509056244042,0.265490943755958
G4500630,2019-2023,SC,,,South Carolina,45,Lexington County,63,,,,,,,,,,,,,,,.,.,,,,,,,,,,,,0500000US45063,,,45063,"Lexington County, South Carolina",120789,92829,27960,"Lexington County, South Carolina",814,1056,1019,0.768521968060006,0.231478031939995
G4500650,2019-2023,SC,,,South Carolina,45,McCormick County,65,,,,,,,,,,,,,,,.,.,,,,,,,,,,,,0500000US45065,,,45065,"McCormick County, South Carolina",4107,3445,662,"McCormick County, South Carolina",221,209,172,0.838811784757731,0.161188215242269
G4500670,2019-2023,SC,,,South Carolina,45,Marion County,67,,,,,,,,,,,,,,,.,.,,,,,,,,,,,,0500000US45067,,,45067,"Marion County, South Carolina",11788,7329,4459,"Marion County, South Carolina",402,476,519,0.621733966745843,0.378266033254157
G4500690,2019-2023,SC,,,South Carolina,45,Marlboro County,69,,,,,,,,,,,,,,,.,.,,,,,,,,,,,,0500000US45069,,,45069,"Marlboro County, South Carolina",9729,6129,3600,"Marlboro County, South Carolina",372,396,397,0.629972247918594,0.370027752081406
G4500710,2019-2023,SC,,,South Carolina,45,Newberry County,71,,,,,,,,,,,,,,,.,.,,,,,,,,,,,,0500000US45071,,,45071,"Newberry County, South Carolina",15220,11172,4048,"Newberry County, South Carolina",449,476,483,0.734034165571616,0.265965834428384
G4500730,2019-2023,SC,,,South Carolina,45,Oconee County,73,,,,,,,,,,,,,,,.,.,,,,,,,,,,,,0500000US45073,,,45073,"Oconee County, South Carolina",33653,25380,8273,"Oconee County, South Carolina",691,830,744,0.754167533355124,0.245832466644876
G4500750,2019-2023,SC,,,South Carolina,45,Orangeburg County,75,,,,,,,,,,,,,,,.,.,,,,,,,,,,,,0500000US45075,,,45075,"Orangeburg County, South Carolina",32880,21670,11210,"Orangeburg County, South Carolina",686,765,714,0.659063260340633,0.340936739659367
G4500770,2019-2023,SC,,,South Carolina,45,Pickens County,77,,,,,,,,,,,,,,,.,.,,,,,,,,,,,,0500000US45077,,,45077,"Pickens County, South Carolina",51404,36250,15154,"Pickens County, South Carolina",649,792,833,0.705198039063108,0.294801960936892
G4500790,2019-2023,SC,,,South Carolina,45,Richland County,79,,,,,,,,,,,,,,,.,.,,,,,,,,,,,,0500000US45079,,,45079,"Richland County, South Carolina",165308,99798,65510,"Richland County, South Carolina",1292,1706,1885,0.603709439349578,0.396290560650422
G4500810,2019-2023,SC,,,South Carolina,45,Saluda County,81,,,,,,,,,,,,,,,.,.,,,,,,,,,,,,0500000US45081,,,45081,"Saluda County, South Carolina",7507,5862,1645,"Saluda County, South Carolina",260,257,267,0.780871186892234,0.219128813107766
G4500830,2019-2023,SC,,,South Carolina,45,Spartanburg County,83,,,,,,,,,,,,,,,.,.,,,,,,,,,,,,0500000US45083,,,45083,"Spartanburg County, South Carolina",128606,93795,34811,"Spartanburg County, South Carolina",958,1406,1227,0.729320560471518,0.270679439528482
G4500850,2019-2023,SC,,,South Carolina,45,Sumter County,85,,,,,,,,,,,,,,,.,.,,,,,,,,,,,,0500000US45085,,,45085,"Sumter County, South Carolina",41181,27489,13692,"Sumter County, South Carolina",529,835,785,0.667516573176951,0.33248342682305
G4500870,2019-2023,SC,,,South Carolina,45,Union County,87,,,,,,,,,,,,,,,.,.,,,,,,,,,,,,0500000US45087,,,45087,"Union County, South Carolina",11738,8131,3607,"Union County, South Carolina",288,397,382,0.692707445902198,0.307292554097802
G4500890,2019-2023,SC,,,South Carolina,45,Williamsburg County,89,,,,,,,,,,,,,,,.,.,,,,,,,,,,,,0500000US45089,,,45089,"Williamsburg County, South Carolina",12160,9075,3085,"Williamsburg County, South Carolina",309,395,362,0.746299342105263,0.253700657894737
G4500910,2019-2023,SC,,,South Carolina,45,York County,91,,,,,,,,,,,,,,,.,.,,,,,,,,,,,,0500000US45091,,,45091,"York County, South Carolina",111623,81969,29654,"York County, South Carolina",774,1285,1286,0.734337905270419,0.265662094729581
G4600030,2019-2023,SD,,,South Dakota,46,Aurora County,3,,,,,,,,,,,,,,,.,.,,,,,,,,,,,,0500000US46003,,,46003,"Aurora County, South Dakota",1042,796,246,"Aurora County, South Dakota",72,68,45,0.763915547024952,0.236084452975048
G4600050,2019-2023,SD,,,South Dakota,46,Beadle County,5,,,,,,,,,,,,,,,.,.,,,,,,,,,,,,0500000US46005,,,46005,"Beadle County, South Dakota",7485,5257,2228,"Beadle County, South Dakota",212,315,327,0.702338009352037,0.297661990647963
G4600070,2019-2023,SD,,,South Dakota,46,Bennett County,7,,,,,,,,,,,,,,,.,.,,,,,,,,,,,,0500000US46007,,,46007,"Bennett County, South Dakota",1024,591,433,"Bennett County, South Dakota",102,92,75,0.5771484375,0.4228515625
G4600090,2019-2023,SD,,,South Dakota,46,Bon Homme County,9,,,,,,,,,,,,,,,.,.,,,,,,,,,,,,0500000US46009,,,46009,"Bon Homme County, South Dakota",2426,1902,524,"Bon Homme County, South Dakota",109,111,96,0.784006595218467,0.215993404781533
G4600110,2019-2023,SD,,,South Dakota,46,Brookings County,11,,,,,,,,,,,,,,,.,.,,,,,,,,,,,,0500000US46011,,,46011,"Brookings County, South Dakota",13490,7941,5549,"Brookings County, South Dakota",331,282,403,0.588658265381764,0.411341734618236
G4600130,2019-2023,SD,,,South Dakota,46,Brown County,13,,,,,,,,,,,,,,,.,.,,,,,,,,,,,,0500000US46013,,,46013,"Brown County, South Dakota",16364,10753,5611,"Brown County, South Dakota",351,415,415,0.657113175262772,0.342886824737228
G4600150,2019-2023,SD,,,South Dakota,46,Brule County,15,,,,,,,,,,,,,,,.,.,,,,,,,,,,,,0500000US46015,,,46015,"Brule County, South Dakota",1932,1401,531,"Brule County, South Dakota",101,93,102,0.725155279503106,0.274844720496894
G4600170,2019-2023,SD,,,South Dakota,46,Buffalo County,17,,,,,,,,,,,,,,,.,.,,,,,,,,,,,,0500000US46017,,,46017,"Buffalo County, South Dakota",496,261,235,"Buffalo County, South Dakota",61,60,50,0.526209677419355,0.473790322580645
G4600190,2019-2023,SD,,,South Dakota,46,Butte County,19,,,,,,,,,,,,,,,.,.,,,,,,,,,,,,0500000US46019,,,46019,"Butte County, South Dakota",4230,3405,825,"Butte County, South Dakota",197,211,179,0.804964539007092,0.195035460992908
G4600210,2019-2023,SD,,,South Dakota,46,Campbell County,21,,,,,,,,,,,,,,,.,.,,,,,,,,,,,,0500000US46021,,,46021,"Campbell County, South Dakota",704,550,154,"Campbell County, South Dakota",64,58,46,0.78125,0.21875
G4600230,2019-2023,SD,,,South Dakota,46,Charles Mix County,23,,,,,,,,,,,,,,,.,.,,,,,,,,,,,,0500000US46023,,,46023,"Charles Mix County, South Dakota",3006,2221,785,"Charles Mix County, South Dakota",87,101,91,0.738855622089155,0.261144377910845
G4600250,2019-2023,SD,,,South Dakota,46,Clark County,25,,,,,,,,,,,,,,,.,.,,,,,,,,,,,,0500000US46025,,,46025,"Clark County, South Dakota",1322,1088,234,"Clark County, South Dakota",80,75,51,0.822995461422088,0.177004538577912
G4600270,2019-2023,SD,,,South Dakota,46,Clay County,27,,,,,,,,,,,,,,,.,.,,,,,,,,,,,,0500000US46027,,,46027,"Clay County, South Dakota",5561,2878,2683,"Clay County, South Dakota",231,217,302,0.517532817838518,0.482467182161482
G4600290,2019-2023,SD,,,South Dakota,46,Codington County,29,,,,,,,,,,,,,,,.,.,,,,,,,,,,,,0500000US46029,,,46029,"Codington County, South Dakota",12361,8332,4029,"Codington County, South Dakota",326,372,383,0.674055497128064,0.325944502871936
G4600310,2019-2023,SD,,,South Dakota,46,Corson County,31,,,,,,,,,,,,,,,.,.,,,,,,,,,,,,0500000US46031,,,46031,"Corson County, South Dakota",1112,673,439,"Corson County, South Dakota",40,41,50,0.60521582733813,0.394784172661871
G4600330,2019-2023,SD,,,South Dakota,46,Custer County,33,,,,,,,,,,,,,,,.,.,,,,,,,,,,,,0500000US46033,,,46033,"Custer County, South Dakota",4033,3451,582,"Custer County, South Dakota",249,216,147,0.855690552938259,0.144309447061741
G4600350,2019-2023,SD,,,South Dakota,46,Davison County,35,,,,,,,,,,,,,,,.,.,,,,,,,,,,,,0500000US46035,,,46035,"Davison County, South Dakota",8714,5493,3221,"Davison County, South Dakota",232,293,360,0.630364929997705,0.369635070002295
G4600370,2019-2023,SD,,,South Dakota,46,Day County,37,,,,,,,,,,,,,,,.,.,,,,,,,,,,,,0500000US46037,,,46037,"Day County, South Dakota",2343,1776,567,"Day County, South Dakota",95,92,71,0.758002560819462,0.241997439180538
G4600390,2019-2023,SD,,,South Dakota,46,Deuel County,39,,,,,,,,,,,,,,,.,.,,,,,,,,,,,,0500000US46039,,,46039,"Deuel County, South Dakota",1800,1451,349,"Deuel County, South Dakota",78,78,66,0.806111111111111,0.193888888888889
G4600410,2019-2023,SD,,,South Dakota,46,Dewey County,41,,,,,,,,,,,,,,,.,.,,,,,,,,,,,,0500000US46041,,,46041,"Dewey County, South Dakota",1681,1033,648,"Dewey County, South Dakota",50,67,72,0.614515169541939,0.385484830458061
G4600430,2019-2023,SD,,,South Dakota,46,Douglas County,43,,,,,,,,,,,,,,,.,.,,,,,,,,,,,,0500000US46043,,,46043,"Douglas County, South Dakota",1117,868,249,"Douglas County, South Dakota",73,67,62,0.777081468218442,0.222918531781558
G4600450,2019-2023,SD,,,South Dakota,46,Edmunds County,45,,,,,,,,,,,,,,,.,.,,,,,,,,,,,,0500000US46045,,,46045,"Edmunds County, South Dakota",1589,1286,303,"Edmunds County, South Dakota",86,91,75,0.809314033983638,0.190685966016362
G4600470,2019-2023,SD,,,South Dakota,46,Fall River County,47,,,,,,,,,,,,,,,.,.,,,,,,,,,,,,0500000US46047,,,46047,"Fall River County, South Dakota",3443,2591,852,"Fall River County, South Dakota",173,179,186,0.752541388324136,0.247458611675864
G4600490,2019-2023,SD,,,South Dakota,46,Faulk County,49,,,,,,,,,,,,,,,.,.,,,,,,,,,,,,0500000US46049,,,46049,"Faulk County, South Dakota",836,685,151,"Faulk County, South Dakota",70,80,67,0.819377990430622,0.180622009569378
G4600510,2019-2023,SD,,,South Dakota,46,Grant County,51,,,,,,,,,,,,,,,.,.,,,,,,,,,,,,0500000US46051,,,46051,"Grant County, South Dakota",2989,2439,550,"Grant County, South Dakota",148,146,149,0.815991970558715,0.184008029441285
G4600530,2019-2023,SD,,,South Dakota,46,Gregory County,53,,,,,,,,,,,,,,,.,.,,,,,,,,,,,,0500000US46053,,,46053,"Gregory County, South Dakota",1635,1281,354,"Gregory County, South Dakota",78,87,57,0.78348623853211,0.21651376146789
G4600550,2019-2023,SD,,,South Dakota,46,Haakon County,55,,,,,,,,,,,,,,,.,.,,,,,,,,,,,,0500000US46055,,,46055,"Haakon County, South Dakota",674,553,121,"Haakon County, South Dakota",64,66,46,0.820474777448071,0.179525222551929
G4600570,2019-2023,SD,,,South Dakota,46,Hamlin County,57,,,,,,,,,,,,,,,.,.,,,,,,,,,,,,0500000US46057,,,46057,"Hamlin County, South Dakota",2181,1778,403,"Hamlin County, South Dakota",91,76,63,0.815222375057313,0.184777624942687
G4600590,2019-2023,SD,,,South Dakota,46,Hand County,59,,,,,,,,,,,,,,,.,.,,,,,,,,,,,,0500000US46059,,,46059,"Hand County, South Dakota",1373,881,492,"Hand County, South Dakota",95,86,88,0.641660597232338,0.358339402767662
G4600610,2019-2023,SD,,,South Dakota,46,Hanson County,61,,,,,,,,,,,,,,,.,.,,,,,,,,,,,,0500000US46061,,,46061,"Hanson County, South Dakota",1134,1005,129,"Hanson County, South Dakota",45,51,31,0.886243386243386,0.113756613756614
G4600630,2019-2023,SD,,,South Dakota,46,Harding County,63,,,,,,,,,,,,,,,.,.,,,,,,,,,,,,0500000US46063,,,46063,"Harding County, South Dakota",493,380,113,"Harding County, South Dakota",63,53,44,0.77079107505071,0.22920892494929
G4600650,2019-2023,SD,,,South Dakota,46,Hughes County,65,,,,,,,,,,,,,,,.,.,,,,,,,,,,,,0500000US46065,,,46065,"Hughes County, South Dakota",7316,5500,1816,"Hughes County, South Dakota",189,213,214,0.751776927282668,0.248223072717332
G4600670,2019-2023,SD,,,South Dakota,46,Hutchinson County,67,,,,,,,,,,,,,,,.,.,,,,,,,,,,,,0500000US46067,,,46067,"Hutchinson County, South Dakota",2944,2304,640,"Hutchinson County, South Dakota",77,93,77,0.782608695652174,0.217391304347826
G4600690,2019-2023,SD,,,South Dakota,46,Hyde County,69,,,,,,,,,,,,,,,.,.,,,,,,,,,,,,0500000US46069,,,46069,"Hyde County, South Dakota",535,440,95,"Hyde County, South Dakota",66,64,39,0.822429906542056,0.177570093457944
G4600710,2019-2023,SD,,,South Dakota,46,Jackson County,71,,,,,,,,,,,,,,,.,.,,,,,,,,,,,,0500000US46071,,,46071,"Jackson County, South Dakota",740,450,290,"Jackson County, South Dakota",104,82,71,0.608108108108108,0.391891891891892
G4600730,2019-2023,SD,,,South Dakota,46,Jerauld County,73,,,,,,,,,,,,,,,.,.,,,,,,,,,,,,0500000US46073,,,46073,"Jerauld County, South Dakota",827,702,125,"Jerauld County, South Dakota",66,67,39,0.848851269649335,0.151148730350665
G4600750,2019-2023,SD,,,South Dakota,46,Jones County,75,,,,,,,,,,,,,,,.,.,,,,,,,,,,,,0500000US46075,,,46075,"Jones County, South Dakota",355,261,94,"Jones County, South Dakota",46,50,40,0.735211267605634,0.264788732394366
G4600770,2019-2023,SD,,,South Dakota,46,Kingsbury County,77,,,,,,,,,,,,,,,.,.,,,,,,,,,,,,0500000US46077,,,46077,"Kingsbury County, South Dakota",2031,1653,378,"Kingsbury County, South Dakota",72,76,68,0.813884785819793,0.186115214180207
G4600790,2019-2023,SD,,,South Dakota,46,Lake County,79,,,,,,,,,,,,,,,.,.,,,,,,,,,,,,0500000US46079,,,46079,"Lake County, South Dakota",4632,3309,1323,"Lake County, South Dakota",204,199,234,0.714378238341969,0.285621761658031
G4600810,2019-2023,SD,,,South Dakota,46,Lawrence County,81,,,,,,,,,,,,,,,.,.,,,,,,,,,,,,0500000US46081,,,46081,"Lawrence County, South Dakota",11812,7545,4267,"Lawrence County, South Dakota",339,406,361,0.638757196071791,0.361242803928209
G4600830,2019-2023,SD,,,South Dakota,46,Lincoln County,83,,,,,,,,,,,,,,,.,.,,,,,,,,,,,,0500000US46083,,,46083,"Lincoln County, South Dakota",26645,19180,7465,"Lincoln County, South Dakota",302,550,575,0.719834865828486,0.280165134171514
G4600850,2019-2023,SD,,,South Dakota,46,Lyman County,85,,,,,,,,,,,,,,,.,.,,,,,,,,,,,,0500000US46085,,,46085,"Lyman County, South Dakota",1185,856,329,"Lyman County, South Dakota",71,67,62,0.722362869198312,0.277637130801688
G4600870,2019-2023,SD,,,South Dakota,46,McCook County,87,,,,,,,,,,,,,,,.,.,,,,,,,,,,,,0500000US46087,,,46087,"McCook County, South Dakota",2218,1814,404,"McCook County, South Dakota",64,79,70,0.81785392245266,0.18214607754734
G4600890,2019-2023,SD,,,South Dakota,46,McPherson County,89,,,,,,,,,,,,,,,.,.,,,,,,,,,,,,0500000US46089,,,46089,"McPherson County, South Dakota",896,726,170,"McPherson County, South Dakota",66,60,49,0.810267857142857,0.189732142857143
G4600910,2019-2023,SD,,,South Dakota,46,Marshall County,91,,,,,,,,,,,,,,,.,.,,,,,,,,,,,,0500000US46091,,,46091,"Marshall County, South Dakota",1646,1319,327,"Marshall County, South Dakota",110,95,83,0.801336573511543,0.198663426488457
G4600930,2019-2023,SD,,,South Dakota,46,Meade County,93,,,,,,,,,,,,,,,.,.,,,,,,,,,,,,0500000US46093,,,46093,"Meade County, South Dakota",11801,8581,3220,"Meade County, South Dakota",287,393,389,0.72714176764681,0.27285823235319
G4600950,2019-2023,SD,,,South Dakota,46,Mellette County,95,,,,,,,,,,,,,,,.,.,,,,,,,,,,,,0500000US46095,,,46095,"Mellette County, South Dakota",616,369,247,"Mellette County, South Dakota",58,62,54,0.599025974025974,0.400974025974026
G4600970,2019-2023,SD,,,South Dakota,46,Miner County,97,,,,,,,,,,,,,,,.,.,,,,,,,,,,,,0500000US46097,,,46097,"Miner County, South Dakota",916,754,162,"Miner County, South Dakota",68,64,43,0.823144104803493,0.176855895196507
G4600990,2019-2023,SD,,,South Dakota,46,Minnehaha County,99,,,,,,,,,,,,,,,.,.,,,,,,,,,,,,0500000US46099,,,46099,"Minnehaha County, South Dakota",82394,52328,30066,"Minnehaha County, South Dakota",593,1051,1002,0.63509478845547,0.36490521154453
G4601010,2019-2023,SD,,,South Dakota,46,Moody County,101,,,,,,,,,,,,,,,.,.,,,,,,,,,,,,0500000US46101,,,46101,"Moody County, South Dakota",2504,1776,728,"Moody County, South Dakota",97,116,114,0.70926517571885,0.29073482428115
G4601020,2019-2023,SD,,,South Dakota,46,Oglala Lakota County,102,,,,,,,,,,,,,,,.,.,,,,,,,,,,,,0500000US46102,,,46102,"Oglala Lakota County, South Dakota",2731,1461,1270,"Oglala Lakota County, South Dakota",106,210,212,0.534968875869645,0.465031124130355
G4601030,2019-2023,SD,,,South Dakota,46,Pennington County,103,,,,,,,,,,,,,,,.,.,,,,,,,,,,,,0500000US46103,,,46103,"Pennington County, South Dakota",45698,31568,14130,"Pennington County, South Dakota",537,761,739,0.690796096109239,0.309203903890761
G4601050,2019-2023,SD,,,South Dakota,46,Perkins County,105,,,,,,,,,,,,,,,.,.,,,,,,,,,,,,0500000US46105,,,46105,"Perkins County, South Dakota",1254,990,264,"Perkins County, South Dakota",87,72,55,0.789473684210526,0.210526315789474
G4601070,2019-2023,SD,,,South Dakota,46,Potter County,107,,,,,,,,,,,,,,,.,.,,,,,,,,,,,,0500000US46107,,,46107,"Potter County, South Dakota",1021,805,216,"Potter County, South Dakota",79,63,67,0.788442703232125,0.211557296767875
G4601090,2019-2023,SD,,,South Dakota,46,Roberts County,109,,,,,,,,,,,,,,,.,.,,,,,,,,,,,,0500000US46109,,,46109,"Roberts County, South Dakota",3657,2539,1118,"Roberts County, South Dakota",112,121,108,0.694284933005196,0.305715066994805
G4601110,2019-2023,SD,,,South Dakota,46,Sanborn County,111,,,,,,,,,,,,,,,.,.,,,,,,,,,,,,0500000US46111,,,46111,"Sanborn County, South Dakota",929,721,208,"Sanborn County, South Dakota",59,58,53,0.776103336921421,0.223896663078579
G4601150,2019-2023,SD,,,South Dakota,46,Spink County,115,,,,,,,,,,,,,,,.,.,,,,,,,,,,,,0500000US46115,,,46115,"Spink County, South Dakota",2453,1842,611,"Spink County, South Dakota",117,136,118,0.750917244190787,0.249082755809213
G4601170,2019-2023,SD,,,South Dakota,46,Stanley County,117,,,,,,,,,,,,,,,.,.,,,,,,,,,,,,0500000US46117,,,46117,"Stanley County, South Dakota",1272,1009,263,"Stanley County, South Dakota",114,130,98,0.793238993710692,0.206761006289308
G4601190,2019-2023,SD,,,South Dakota,46,Sully County,119,,,,,,,,,,,,,,,.,.,,,,,,,,,,,,0500000US46119,,,46119,"Sully County, South Dakota",624,475,149,"Sully County, South Dakota",66,58,53,0.761217948717949,0.238782051282051
G4601210,2019-2023,SD,,,South Dakota,46,Todd County,121,,,,,,,,,,,,,,,.,.,,,,,,,,,,,,0500000US46121,,,46121,"Todd County, South Dakota",2474,1111,1363,"Todd County, South Dakota",73,122,126,0.449070331447049,0.550929668552951
G4601230,2019-2023,SD,,,South Dakota,46,Tripp County,123,,,,,,,,,,,,,,,.,.,,,,,,,,,,,,0500000US46123,,,46123,"Tripp County, South Dakota",2265,1604,661,"Tripp County, South Dakota",143,111,124,0.708167770419426,0.291832229580574
G4601250,2019-2023,SD,,,South Dakota,46,Turner County,125,,,,,,,,,,,,,,,.,.,,,,,,,,,,,,0500000US46125,,,46125,"Turner County, South Dakota",3535,2791,744,"Turner County, South Dakota",79,97,81,0.78953323903819,0.21046676096181
G4601270,2019-2023,SD,,,South Dakota,46,Union County,127,,,,,,,,,,,,,,,.,.,,,,,,,,,,,,0500000US46127,,,46127,"Union County, South Dakota",7124,5077,2047,"Union County, South Dakota",140,210,231,0.712661426165076,0.287338573834924
G4601290,2019-2023,SD,,,South Dakota,46,Walworth County,129,,,,,,,,,,,,,,,.,.,,,,,,,,,,,,0500000US46129,,,46129,"Walworth County, South Dakota",2396,1779,617,"Walworth County, South Dakota",142,141,145,0.742487479131887,0.257512520868114
G4601350,2019-2023,SD,,,South Dakota,46,Yankton County,135,,,,,,,,,,,,,,,.,.,,,,,,,,,,,,0500000US46135,,,46135,"Yankton County, South Dakota",9792,7076,2716,"Yankton County, South Dakota",241,296,314,0.722630718954248,0.277369281045752
G4601370,2019-2023,SD,,,South Dakota,46,Ziebach County,137,,,,,,,,,,,,,,,.,.,,,,,,,,,,,,0500000US46137,,,46137,"Ziebach County, South Dakota",724,390,334,"Ziebach County, South Dakota",39,44,47,0.538674033149171,0.461325966850829
G4700010,2019-2023,TN,,,Tennessee,47,Anderson County,1,,,,,,,,,,,,,,,.,.,,,,,,,,,,,,0500000US47001,,,47001,"Anderson County, Tennessee",32069,22785,9284,"Anderson County, Tennessee",524,693,721,0.710499236022327,0.289500763977673
G4700030,2019-2023,TN,,,Tennessee,47,Bedford County,3,,,,,,,,,,,,,,,.,.,,,,,,,,,,,,0500000US47003,,,47003,"Bedford County, Tennessee",18953,13301,5652,"Bedford County, Tennessee",318,609,625,0.701788635044584,0.298211364955416
G4700050,2019-2023,TN,,,Tennessee,47,Benton County,5,,,,,,,,,,,,,,,.,.,,,,,,,,,,,,0500000US47005,,,47005,"Benton County, Tennessee",6928,5172,1756,"Benton County, Tennessee",292,361,280,0.746535796766744,0.253464203233256
G4700070,2019-2023,TN,,,Tennessee,47,Bledsoe County,7,,,,,,,,,,,,,,,.,.,,,,,,,,,,,,0500000US47007,,,47007,"Bledsoe County, Tennessee",4812,3808,1004,"Bledsoe County, Tennessee",171,235,230,0.791354945968412,0.208645054031588
G4700090,2019-2023,TN,,,Tennessee,47,Blount County,9,,,,,,,,,,,,,,,.,.,,,,,,,,,,,,0500000US47009,,,47009,"Blount County, Tennessee",54449,41900,12549,"Blount County, Tennessee",656,1068,759,0.769527447703356,0.230472552296645
G4700110,2019-2023,TN,,,Tennessee,47,Bradley County,11,,,,,,,,,,,,,,,.,.,,,,,,,,,,,,0500000US47011,,,47011,"Bradley County, Tennessee",41909,28300,13609,"Bradley County, Tennessee",549,810,749,0.675272614474218,0.324727385525782
G4700130,2019-2023,TN,,,Tennessee,47,Campbell County,13,,,,,,,,,,,,,,,.,.,,,,,,,,,,,,0500000US47013,,,47013,"Campbell County, Tennessee",16709,11252,5457,"Campbell County, Tennessee",418,463,407,0.673409539768987,0.326590460231013
G4700150,2019-2023,TN,,,Tennessee,47,Cannon County,15,,,,,,,,,,,,,,,.,.,,,,,,,,,,,,0500000US47015,,,47015,"Cannon County, Tennessee",5686,4389,1297,"Cannon County, Tennessee",178,252,240,0.771895884628913,0.228104115371087
G4700170,2019-2023,TN,,,Tennessee,47,Carroll County,17,,,,,,,,,,,,,,,.,.,,,,,,,,,,,,0500000US47017,,,47017,"Carroll County, Tennessee",11258,8422,2836,"Carroll County, Tennessee",310,317,298,0.748090246935513,0.251909753064488
G4700190,2019-2023,TN,,,Tennessee,47,Carter County,19,,,,,,,,,,,,,,,.,.,,,,,,,,,,,,0500000US47019,,,47019,"Carter County, Tennessee",24188,17916,6272,"Carter County, Tennessee",420,580,504,0.740697866710766,0.259302133289234
G4700210,2019-2023,TN,,,Tennessee,47,Cheatham County,21,,,,,,,,,,,,,,,.,.,,,,,,,,,,,,0500000US47021,,,47021,"Cheatham County, Tennessee",15908,13036,2872,"Cheatham County, Tennessee",282,462,430,0.819461905959266,0.180538094040734
G4700230,2019-2023,TN,,,Tennessee,47,Chester County,23,,,,,,,,,,,,,,,.,.,,,,,,,,,,,,0500000US47023,,,47023,"Chester County, Tennessee",6333,4853,1480,"Chester County, Tennessee",523,489,357,0.76630348965735,0.23369651034265
G4700250,2019-2023,TN,,,Tennessee,47,Claiborne County,25,,,,,,,,,,,,,,,.,.,,,,,,,,,,,,0500000US47025,,,47025,"Claiborne County, Tennessee",13456,9635,3821,"Claiborne County, Tennessee",340,417,448,0.716037455410226,0.283962544589774
G4700270,2019-2023,TN,,,Tennessee,47,Clay County,27,,,,,,,,,,,,,,,.,.,,,,,,,,,,,,0500000US47027,,,47027,"Clay County, Tennessee",3201,2483,718,"Clay County, Tennessee",203,189,169,0.775695095282724,0.224304904717276
G4700290,2019-2023,TN,,,Tennessee,47,Cocke County,29,,,,,,,,,,,,,,,.,.,,,,,,,,,,,,0500000US47029,,,47029,"Cocke County, Tennessee",15123,10762,4361,"Cocke County, Tennessee",451,544,546,0.711631290087946,0.288368709912055
G4700310,2019-2023,TN,,,Tennessee,47,Coffee County,31,,,,,,,,,,,,,,,.,.,,,,,,,,,,,,0500000US47031,,,47031,"Coffee County, Tennessee",22794,16012,6782,"Coffee County, Tennessee",394,627,578,0.702465561112574,0.297534438887427
G4700330,2019-2023,TN,,,Tennessee,47,Crockett County,33,,,,,,,,,,,,,,,.,.,,,,,,,,,,,,0500000US47033,,,47033,"Crockett County, Tennessee",5494,3784,1710,"Crockett County, Tennessee",154,211,220,0.688751365125592,0.311248634874408
G4700350,2019-2023,TN,,,Tennessee,47,Cumberland County,35,,,,,,,,,,,,,,,.,.,,,,,,,,,,,,0500000US47035,,,47035,"Cumberland County, Tennessee",27447,22023,5424,"Cumberland County, Tennessee",464,709,617,0.802382774073669,0.197617225926331
G4700370,2019-2023,TN,,,Tennessee,47,Davidson County,37,,,,,,,,,,,,,,,.,.,,,,,,,,,,,,0500000US47037,,,47037,"Davidson County, Tennessee",314578,168040,146538,"Davidson County, Tennessee",1422,2113,2253,0.534175943645137,0.465824056354863
G4700390,2019-2023,TN,,,Tennessee,47,Decatur County,39,,,,,,,,,,,,,,,.,.,,,,,,,,,,,,0500000US47039,,,47039,"Decatur County, Tennessee",4439,3328,1111,"Decatur County, Tennessee",261,233,210,0.749718405046182,0.250281594953818
G4700410,2019-2023,TN,,,Tennessee,47,DeKalb County,41,,,,,,,,,,,,,,,.,.,,,,,,,,,,,,0500000US47041,,,47041,"DeKalb County, Tennessee",8495,5850,2645,"DeKalb County, Tennessee",257,334,365,0.688640376692172,0.311359623307828
G4700430,2019-2023,TN,,,Tennessee,47,Dickson County,43,,,,,,,,,,,,,,,.,.,,,,,,,,,,,,0500000US47043,,,47043,"Dickson County, Tennessee",21092,16933,4159,"Dickson County, Tennessee",374,570,534,0.802816233643087,0.197183766356913
G4700450,2019-2023,TN,,,Tennessee,47,Dyer County,45,,,,,,,,,,,,,,,.,.,,,,,,,,,,,,0500000US47045,,,47045,"Dyer County, Tennessee",14884,9285,5599,"Dyer County, Tennessee",362,479,490,0.623824240795485,0.376175759204515
G4700470,2019-2023,TN,,,Tennessee,47,Fayette County,47,,,,,,,,,,,,,,,.,.,,,,,,,,,,,,0500000US47047,,,47047,"Fayette County, Tennessee",16730,13509,3221,"Fayette County, Tennessee",313,477,417,0.807471607890018,0.192528392109982
G4700490,2019-2023,TN,,,Tennessee,47,Fentress County,49,,,,,,,,,,,,,,,.,.,,,,,,,,,,,,0500000US47049,,,47049,"Fentress County, Tennessee",7706,6208,1498,"Fentress County, Tennessee",249,306,239,0.805606021282118,0.194393978717882
G4700510,2019-2023,TN,,,Tennessee,47,Franklin County,51,,,,,,,,,,,,,,,.,.,,,,,,,,,,,,0500000US47051,,,47051,"Franklin County, Tennessee",17097,13059,4038,"Franklin County, Tennessee",416,493,455,0.763818213721706,0.236181786278294
G4700530,2019-2023,TN,,,Tennessee,47,Gibson County,53,,,,,,,,,,,,,,,.,.,,,,,,,,,,,,0500000US47053,,,47053,"Gibson County, Tennessee",20098,13422,6676,"Gibson County, Tennessee",386,587,558,0.667827644541746,0.332172355458255
G4700550,2019-2023,TN,,,Tennessee,47,Giles County,55,,,,,,,,,,,,,,,.,.,,,,,,,,,,,,0500000US47055,,,47055,"Giles County, Tennessee",11710,8664,3046,"Giles County, Tennessee",307,370,365,0.739880444064902,0.260119555935098
G4700570,2019-2023,TN,,,Tennessee,47,Grainger County,57,,,,,,,,,,,,,,,.,.,,,,,,,,,,,,0500000US47057,,,47057,"Grainger County, Tennessee",9566,7525,2041,"Grainger County, Tennessee",241,338,342,0.786640183984947,0.213359816015053
G4700590,2019-2023,TN,,,Tennessee,47,Greene County,59,,,,,,,,,,,,,,,.,.,,,,,,,,,,,,0500000US47059,,,47059,"Greene County, Tennessee",28093,21325,6768,"Greene County, Tennessee",512,655,636,0.759085893283024,0.240914106716976
G4700610,2019-2023,TN,,,Tennessee,47,Grundy County,61,,,,,,,,,,,,,,,.,.,,,,,,,,,,,,0500000US47061,,,47061,"Grundy County, Tennessee",5106,4249,857,"Grundy County, Tennessee",175,203,172,0.832158245201723,0.167841754798277
G4700630,2019-2023,TN,,,Tennessee,47,Hamblen County,63,,,,,,,,,,,,,,,.,.,,,,,,,,,,,,0500000US47063,,,47063,"Hamblen County, Tennessee",25758,17602,8156,"Hamblen County, Tennessee",411,675,702,0.683360509356317,0.316639490643684
G4700650,2019-2023,TN,,,Tennessee,47,Hamilton County,65,,,,,,,,,,,,,,,.,.,,,,,,,,,,,,0500000US47065,,,47065,"Hamilton County, Tennessee",151316,97369,53947,"Hamilton County, Tennessee",1057,1543,1574,0.643481191678342,0.356518808321658
G4700670,2019-2023,TN,,,Tennessee,47,Hancock County,67,,,,,,,,,,,,,,,.,.,,,,,,,,,,,,0500000US47067,,,47067,"Hancock County, Tennessee",2773,2015,758,"Hancock County, Tennessee",156,150,160,0.72664983772088,0.27335016227912
G4700690,2019-2023,TN,,,Tennessee,47,Hardeman County,69,,,,,,,,,,,,,,,.,.,,,,,,,,,,,,0500000US47069,,,47069,"Hardeman County, Tennessee",9049,6439,2610,"Hardeman County, Tennessee",353,365,320,0.711570339264007,0.288429660735993
G4700710,2019-2023,TN,,,Tennessee,47,Hardin County,71,,,,,,,,,,,,,,,.,.,,,,,,,,,,,,0500000US47071,,,47071,"Hardin County, Tennessee",10833,8450,2383,"Hardin County, Tennessee",329,392,321,0.780024000738484,0.219975999261516
G4700730,2019-2023,TN,,,Tennessee,47,Hawkins County,73,,,,,,,,,,,,,,,.,.,,,,,,,,,,,,0500000US47073,,,47073,"Hawkins County, Tennessee",23090,18350,4740,"Hawkins County, Tennessee",469,480,493,0.794716327414465,0.205283672585535
G4700750,2019-2023,TN,,,Tennessee,47,Haywood County,75,,,,,,,,,,,,,,,.,.,,,,,,,,,,,,0500000US47075,,,47075,"Haywood County, Tennessee",7166,4109,3057,"Haywood County, Tennessee",242,286,311,0.573402176946693,0.426597823053307
G4700770,2019-2023,TN,,,Tennessee,47,Henderson County,77,,,,,,,,,,,,,,,.,.,,,,,,,,,,,,0500000US47077,,,47077,"Henderson County, Tennessee",10928,7814,3114,"Henderson County, Tennessee",355,413,418,0.7150439238653,0.2849560761347
G4700790,2019-2023,TN,,,Tennessee,47,Henry County,79,,,,,,,,,,,,,,,.,.,,,,,,,,,,,,0500000US47079,,,47079,"Henry County, Tennessee",13205,9982,3223,"Henry County, Tennessee",363,419,342,0.75592578568724,0.24407421431276
G4700810,2019-2023,TN,,,Tennessee,47,Hickman County,81,,,,,,,,,,,,,,,.,.,,,,,,,,,,,,0500000US47081,,,47081,"Hickman County, Tennessee",9180,7130,2050,"Hickman County, Tennessee",284,397,324,0.776688453159041,0.223311546840959
G4700830,2019-2023,TN,,,Tennessee,47,Houston County,83,,,,,,,,,,,,,,,.,.,,,,,,,,,,,,0500000US47083,,,47083,"Houston County, Tennessee",3190,2589,601,"Houston County, Tennessee",123,146,132,0.811598746081505,0.188401253918495
G4700850,2019-2023,TN,,,Tennessee,47,Humphreys County,85,,,,,,,,,,,,,,,.,.,,,,,,,,,,,,0500000US47085,,,47085,"Humphreys County, Tennessee",6864,5457,1407,"Humphreys County, Tennessee",310,262,239,0.795017482517483,0.204982517482517
G4700870,2019-2023,TN,,,Tennessee,47,Jackson County,87,,,,,,,,,,,,,,,.,.,,,,,,,,,,,,0500000US47087,,,47087,"Jackson County, Tennessee",4695,3913,782,"Jackson County, Tennessee",180,240,180,0.833439829605964,0.166560170394036
G4700890,2019-2023,TN,,,Tennessee,47,Jefferson County,89,,,,,,,,,,,,,,,.,.,,,,,,,,,,,,0500000US47089,,,47089,"Jefferson County, Tennessee",21351,15807,5544,"Jefferson County, Tennessee",484,549,581,0.740340030911901,0.259659969088099
G4700910,2019-2023,TN,,,Tennessee,47,Johnson County,91,,,,,,,,,,,,,,,.,.,,,,,,,,,,,,0500000US47091,,,47091,"Johnson County, Tennessee",7172,5637,1535,"Johnson County, Tennessee",273,284,269,0.785973229224763,0.214026770775237
G4700930,2019-2023,TN,,,Tennessee,47,Knox County,93,,,,,,,,,,,,,,,.,.,,,,,,,,,,,,0500000US47093,,,47093,"Knox County, Tennessee",197298,128142,69156,"Knox County, Tennessee",1190,1497,1572,0.649484536082474,0.350515463917526
G4700950,2019-2023,TN,,,Tennessee,47,Lake County,95,,,,,,,,,,,,,,,.,.,,,,,,,,,,,,0500000US47095,,,47095,"Lake County, Tennessee",2022,915,1107,"Lake County, Tennessee",120,117,146,0.452522255192878,0.547477744807122
G4700970,2019-2023,TN,,,Tennessee,47,Lauderdale County,97,,,,,,,,,,,,,,,.,.,,,,,,,,,,,,0500000US47097,,,47097,"Lauderdale County, Tennessee",9214,5759,3455,"Lauderdale County, Tennessee",232,275,291,0.625027132624268,0.374972867375733
G4700990,2019-2023,TN,,,Tennessee,47,Lawrence County,99,,,,,,,,,,,,,,,.,.,,,,,,,,,,,,0500000US47099,,,47099,"Lawrence County, Tennessee",16704,12718,3986,"Lawrence County, Tennessee",326,354,396,0.761374521072797,0.238625478927203
G4701010,2019-2023,TN,,,Tennessee,47,Lewis County,101,,,,,,,,,,,,,,,.,.,,,,,,,,,,,,0500000US47101,,,47101,"Lewis County, Tennessee",5153,4147,1006,"Lewis County, Tennessee",224,268,273,0.804773918105958,0.195226081894042
G4701030,2019-2023,TN,,,Tennessee,47,Lincoln County,103,,,,,,,,,,,,,,,.,.,,,,,,,,,,,,0500000US47103,,,47103,"Lincoln County, Tennessee",14589,11238,3351,"Lincoln County, Tennessee",288,434,378,0.770306395229282,0.229693604770718
G4701050,2019-2023,TN,,,Tennessee,47,Loudon County,105,,,,,,,,,,,,,,,.,.,,,,,,,,,,,,0500000US47105,,,47105,"Loudon County, Tennessee",23438,18972,4466,"Loudon County, Tennessee",434,580,551,0.809454731632392,0.190545268367608
G4701070,2019-2023,TN,,,Tennessee,47,McMinn County,107,,,,,,,,,,,,,,,.,.,,,,,,,,,,,,0500000US47107,,,47107,"McMinn County, Tennessee",21471,16046,5425,"McMinn County, Tennessee",422,584,515,0.747333612780029,0.252666387219971
G4701090,2019-2023,TN,,,Tennessee,47,McNairy County,109,,,,,,,,,,,,,,,.,.,,,,,,,,,,,,0500000US47109,,,47109,"McNairy County, Tennessee",9806,7719,2087,"McNairy County, Tennessee",285,356,317,0.787171119722619,0.212828880277381
G4701110,2019-2023,TN,,,Tennessee,47,Macon County,111,,,,,,,,,,,,,,,.,.,,,,,,,,,,,,0500000US47111,,,47111,"Macon County, Tennessee",9200,6610,2590,"Macon County, Tennessee",284,309,313,0.718478260869565,0.281521739130435
G4701130,2019-2023,TN,,,Tennessee,47,Madison County,113,,,,,,,,,,,,,,,.,.,,,,,,,,,,,,0500000US47113,,,47113,"Madison County, Tennessee",39534,24705,14829,"Madison County, Tennessee",511,746,746,0.624905144938534,0.375094855061466
G4701150,2019-2023,TN,,,Tennessee,47,Marion County,115,,,,,,,,,,,,,,,.,.,,,,,,,,,,,,0500000US47115,,,47115,"Marion County, Tennessee",11529,9199,2330,"Marion County, Tennessee",378,332,358,0.797900945441929,0.202099054558071
G4701170,2019-2023,TN,,,Tennessee,47,Marshall County,117,,,,,,,,,,,,,,,.,.,,,,,,,,,,,,0500000US47117,,,47117,"Marshall County, Tennessee",13268,10275,2993,"Marshall County, Tennessee",316,419,380,0.774419656315948,0.225580343684052
G4701190,2019-2023,TN,,,Tennessee,47,Maury County,119,,,,,,,,,,,,,,,.,.,,,,,,,,,,,,0500000US47119,,,47119,"Maury County, Tennessee",41260,29410,11850,"Maury County, Tennessee",493,860,823,0.712796897721765,0.287203102278236
G4701210,2019-2023,TN,,,Tennessee,47,Meigs County,121,,,,,,,,,,,,,,,.,.,,,,,,,,,,,,0500000US47121,,,47121,"Meigs County, Tennessee",5279,4062,1217,"Meigs County, Tennessee",241,253,193,0.769463913620004,0.230536086379996
G4701230,2019-2023,TN,,,Tennessee,47,Monroe County,123,,,,,,,,,,,,,,,.,.,,,,,,,,,,,,0500000US47123,,,47123,"Monroe County, Tennessee",19283,13927,5356,"Monroe County, Tennessee",375,603,517,0.722242389669657,0.277757610330343
G4701250,2019-2023,TN,,,Tennessee,47,Montgomery County,125,,,,,,,,,,,,,,,.,.,,,,,,,,,,,,0500000US47125,,,47125,"Montgomery County, Tennessee",84321,53073,31248,"Montgomery County, Tennessee",659,1315,1290,0.629416159675526,0.370583840324474
G4701270,2019-2023,TN,,,Tennessee,47,Moore County,127,,,,,,,,,,,,,,,.,.,,,,,,,,,,,,0500000US47127,,,47127,"Moore County, Tennessee",2638,2171,467,"Moore County, Tennessee",131,168,156,0.822971948445792,0.177028051554208
G4701290,2019-2023,TN,,,Tennessee,47,Morgan County,129,,,,,,,,,,,,,,,.,.,,,,,,,,,,,,0500000US47129,,,47129,"Morgan County, Tennessee",7188,6060,1128,"Morgan County, Tennessee",259,264,237,0.843071786310518,0.156928213689482
G4701310,2019-2023,TN,,,Tennessee,47,Obion County,131,,,,,,,,,,,,,,,.,.,,,,,,,,,,,,0500000US47131,,,47131,"Obion County, Tennessee",12516,8402,4114,"Obion County, Tennessee",278,342,334,0.671300735059124,0.328699264940876
G4701330,2019-2023,TN,,,Tennessee,47,Overton County,133,,,,,,,,,,,,,,,.,.,,,,,,,,,,,,0500000US47133,,,47133,"Overton County, Tennessee",8992,6970,2022,"Overton County, Tennessee",275,341,277,0.775133451957295,0.224866548042705
G4701350,2019-2023,TN,,,Tennessee,47,Perry County,135,,,,,,,,,,,,,,,.,.,,,,,,,,,,,,0500000US47135,,,47135,"Perry County, Tennessee",3040,2281,759,"Perry County, Tennessee",246,206,186,0.750328947368421,0.249671052631579
G4701370,2019-2023,TN,,,Tennessee,47,Pickett County,137,,,,,,,,,,,,,,,.,.,,,,,,,,,,,,0500000US47137,,,47137,"Pickett County, Tennessee",2106,1734,372,"Pickett County, Tennessee",154,152,114,0.823361823361823,0.176638176638177
G4701390,2019-2023,TN,,,Tennessee,47,Polk County,139,,,,,,,,,,,,,,,.,.,,,,,,,,,,,,0500000US47139,,,47139,"Polk County, Tennessee",7144,6011,1133,"Polk County, Tennessee",260,277,222,0.841405375139978,0.158594624860022
G4701410,2019-2023,TN,,,Tennessee,47,Putnam County,141,,,,,,,,,,,,,,,.,.,,,,,,,,,,,,0500000US47141,,,47141,"Putnam County, Tennessee",33057,20058,12999,"Putnam County, Tennessee",540,748,840,0.606770124330702,0.393229875669299
G4701430,2019-2023,TN,,,Tennessee,47,Rhea County,143,,,,,,,,,,,,,,,.,.,,,,,,,,,,,,0500000US47143,,,47143,"Rhea County, Tennessee",13243,9661,3582,"Rhea County, Tennessee",395,499,536,0.729517480933323,0.270482519066677
G4701450,2019-2023,TN,,,Tennessee,47,Roane County,145,,,,,,,,,,,,,,,.,.,,,,,,,,,,,,0500000US47145,,,47145,"Roane County, Tennessee",22539,17492,5047,"Roane County, Tennessee",432,678,583,0.776077022050668,0.223922977949332
G4701470,2019-2023,TN,,,Tennessee,47,Robertson County,147,,,,,,,,,,,,,,,.,.,,,,,,,,,,,,0500000US47147,,,47147,"Robertson County, Tennessee",27755,21431,6324,"Robertson County, Tennessee",345,541,416,0.772149162313097,0.227850837686903
G4701490,2019-2023,TN,,,Tennessee,47,Rutherford County,149,,,,,,,,,,,,,,,.,.,,,,,,,,,,,,0500000US47149,,,47149,"Rutherford County, Tennessee",125861,81828,44033,"Rutherford County, Tennessee",980,1822,1839,0.650145795758813,0.349854204241187
G4701510,2019-2023,TN,,,Tennessee,47,Scott County,151,,,,,,,,,,,,,,,.,.,,,,,,,,,,,,0500000US47151,,,47151,"Scott County, Tennessee",8638,6201,2437,"Scott County, Tennessee",258,351,339,0.71787450798796,0.28212549201204
G4701530,2019-2023,TN,,,Tennessee,47,Sequatchie County,153,,,,,,,,,,,,,,,.,.,,,,,,,,,,,,0500000US47153,,,47153,"Sequatchie County, Tennessee",6121,4572,1549,"Sequatchie County, Tennessee",219,262,242,0.746936775036759,0.253063224963241
G4701550,2019-2023,TN,,,Tennessee,47,Sevier County,155,,,,,,,,,,,,,,,.,.,,,,,,,,,,,,0500000US47155,,,47155,"Sevier County, Tennessee",39221,28230,10991,"Sevier County, Tennessee",730,778,788,0.719767471507611,0.280232528492389
G4701570,2019-2023,TN,,,Tennessee,47,Shelby County,157,,,,,,,,,,,,,,,.,.,,,,,,,,,,,,0500000US47157,,,47157,"Shelby County, Tennessee",360590,196804,163786,"Shelby County, Tennessee",1611,3120,2968,0.545783299592335,0.454216700407665
G4701590,2019-2023,TN,,,Tennessee,47,Smith County,159,,,,,,,,,,,,,,,.,.,,,,,,,,,,,,0500000US47159,,,47159,"Smith County, Tennessee",7619,5749,1870,"Smith County, Tennessee",274,303,271,0.754560966006038,0.245439033993962
G4701610,2019-2023,TN,,,Tennessee,47,Stewart County,161,,,,,,,,,,,,,,,.,.,,,,,,,,,,,,0500000US47161,,,47161,"Stewart County, Tennessee",5173,4323,850,"Stewart County, Tennessee",261,228,191,0.83568528900058,0.16431471099942
G4701630,2019-2023,TN,,,Tennessee,47,Sullivan County,163,,,,,,,,,,,,,,,.,.,,,,,,,,,,,,0500000US47163,,,47163,"Sullivan County, Tennessee",68408,49889,18519,"Sullivan County, Tennessee",717,1070,884,0.72928604841539,0.27071395158461
G4701650,2019-2023,TN,,,Tennessee,47,Sumner County,165,,,,,,,,,,,,,,,.,.,,,,,,,,,,,,0500000US47165,,,47165,"Sumner County, Tennessee",76706,55400,21306,"Sumner County, Tennessee",622,974,1027,0.722238156076448,0.277761843923552
G4701670,2019-2023,TN,,,Tennessee,47,Tipton County,167,,,,,,,,,,,,,,,.,.,,,,,,,,,,,,0500000US47167,,,47167,"Tipton County, Tennessee",22544,17401,5143,"Tipton County, Tennessee",343,600,440,0.771868346344926,0.228131653655075
G4701690,2019-2023,TN,,,Tennessee,47,Trousdale County,169,,,,,,,,,,,,,,,.,.,,,,,,,,,,,,0500000US47169,,,47169,"Trousdale County, Tennessee",3658,2725,933,"Trousdale County, Tennessee",145,211,229,0.744942591580099,0.255057408419902
G4701710,2019-2023,TN,,,Tennessee,47,Unicoi County,171,,,,,,,,,,,,,,,.,.,,,,,,,,,,,,0500000US47171,,,47171,"Unicoi County, Tennessee",7803,5678,2125,"Unicoi County, Tennessee",240,301,319,0.727668845315904,0.272331154684096
G4701730,2019-2023,TN,,,Tennessee,47,Union County,173,,,,,,,,,,,,,,,.,.,,,,,,,,,,,,0500000US47173,,,47173,"Union County, Tennessee",7771,6245,1526,"Union County, Tennessee",338,358,274,0.803628876592459,0.196371123407541
G4701750,2019-2023,TN,,,Tennessee,47,Van Buren County,175,,,,,,,,,,,,,,,.,.,,,,,,,,,,,,0500000US47175,,,47175,"Van Buren County, Tennessee",2462,2086,376,"Van Buren County, Tennessee",129,133,94,0.84727863525589,0.15272136474411
G4701770,2019-2023,TN,,,Tennessee,47,Warren County,177,,,,,,,,,,,,,,,.,.,,,,,,,,,,,,0500000US47177,,,47177,"Warren County, Tennessee",16132,11433,4699,"Warren County, Tennessee",389,481,431,0.708715596330275,0.291284403669725
G4701790,2019-2023,TN,,,Tennessee,47,Washington County,179,,,,,,,,,,,,,,,.,.,,,,,,,,,,,,0500000US47179,,,47179,"Washington County, Tennessee",56234,36241,19993,"Washington County, Tennessee",644,954,982,0.64446775971832,0.35553224028168
G4701810,2019-2023,TN,,,Tennessee,47,Wayne County,181,,,,,,,,,,,,,,,.,.,,,,,,,,,,,,0500000US47181,,,47181,"Wayne County, Tennessee",5734,4674,1060,"Wayne County, Tennessee",177,249,217,0.815137774677363,0.184862225322637
G4701830,2019-2023,TN,,,Tennessee,47,Weakley County,183,,,,,,,,,,,,,,,.,.,,,,,,,,,,,,0500000US47183,,,47183,"Weakley County, Tennessee",13274,8816,4458,"Weakley County, Tennessee",249,332,342,0.664155491939129,0.335844508060871
G4701850,2019-2023,TN,,,Tennessee,47,White County,185,,,,,,,,,,,,,,,.,.,,,,,,,,,,,,0500000US47185,,,47185,"White County, Tennessee",11001,8553,2448,"White County, Tennessee",324,398,367,0.777474775020453,0.222525224979547
G4701870,2019-2023,TN,,,Tennessee,47,Williamson County,187,,,,,,,,,,,,,,,.,.,,,,,,,,,,,,0500000US47187,,,47187,"Williamson County, Tennessee",90716,72370,18346,"Williamson County, Tennessee",657,1174,1202,0.797764451695401,0.202235548304599
G4701890,2019-2023,TN,,,Tennessee,47,Wilson County,189,,,,,,,,,,,,,,,.,.,,,,,,,,,,,,0500000US47189,,,47189,"Wilson County, Tennessee",56609,43494,13115,"Wilson County, Tennessee",547,906,805,0.768323058170962,0.231676941829038
G4800010,2019-2023,TX,,,Texas,48,Anderson County,1,,,,,,,,,,,,,,,.,.,,,,,,,,,,,,0500000US48001,,,48001,"Anderson County, Texas",17142,12006,5136,"Anderson County, Texas",421,604,645,0.700385019250963,0.299614980749038
G4800030,2019-2023,TX,,,Texas,48,Andrews County,3,,,,,,,,,,,,,,,.,.,,,,,,,,,,,,0500000US48003,,,48003,"Andrews County, Texas",6780,5173,1607,"Andrews County, Texas",107,357,346,0.762979351032448,0.237020648967552
G4800050,2019-2023,TX,,,Texas,48,Angelina County,5,,,,,,,,,,,,,,,.,.,,,,,,,,,,,,0500000US48005,,,48005,"Angelina County, Texas",32183,20695,11488,"Angelina County, Texas",462,793,754,0.643041357238294,0.356958642761706
G4800070,2019-2023,TX,,,Texas,48,Aransas County,7,,,,,,,,,,,,,,,.,.,,,,,,,,,,,,0500000US48007,,,48007,"Aransas County, Texas",11738,9117,2621,"Aransas County, Texas",528,511,469,0.77670812744931,0.22329187255069
G4800090,2019-2023,TX,,,Texas,48,Archer County,9,,,,,,,,,,,,,,,.,.,,,,,,,,,,,,0500000US48009,,,48009,"Archer County, Texas",3439,2922,517,"Archer County, Texas",101,129,96,0.849665600465252,0.150334399534748
G4800110,2019-2023,TX,,,Texas,48,Armstrong County,11,,,,,,,,,,,,,,,.,.,,,,,,,,,,,,0500000US48011,,,48011,"Armstrong County, Texas",754,617,137,"Armstrong County, Texas",54,54,46,0.818302387267905,0.181697612732096
G4800130,2019-2023,TX,,,Texas,48,Atascosa County,13,,,,,,,,,,,,,,,.,.,,,,,,,,,,,,0500000US48013,,,48013,"Atascosa County, Texas",16635,12874,3761,"Atascosa County, Texas",406,559,503,0.773910429816652,0.226089570183348
G4800150,2019-2023,TX,,,Texas,48,Austin County,15,,,,,,,,,,,,,,,.,.,,,,,,,,,,,,0500000US48015,,,48015,"Austin County, Texas",12174,9434,2740,"Austin County, Texas",325,384,403,0.77493017907015,0.225069820929851
G4800170,2019-2023,TX,,,Texas,48,Bailey County,17,,,,,,,,,,,,,,,.,.,,,,,,,,,,,,0500000US48017,,,48017,"Bailey County, Texas",2250,1776,474,"Bailey County, Texas",252,281,170,0.789333333333333,0.210666666666667
G4800190,2019-2023,TX,,,Texas,48,Bandera County,19,,,,,,,,,,,,,,,.,.,,,,,,,,,,,,0500000US48019,,,48019,"Bandera County, Texas",8943,7711,1232,"Bandera County, Texas",294,308,298,0.862238622386224,0.137761377613776
G4800210,2019-2023,TX,,,Texas,48,Bastrop County,21,,,,,,,,,,,,,,,.,.,,,,,,,,,,,,0500000US48021,,,48021,"Bastrop County, Texas",35164,26625,8539,"Bastrop County, Texas",626,899,904,0.75716642020248,0.24283357979752
G4800230,2019-2023,TX,,,Texas,48,Baylor County,23,,,,,,,,,,,,,,,.,.,,,,,,,,,,,,0500000US48023,,,48023,"Baylor County, Texas",1548,1034,514,"Baylor County, Texas",116,118,127,0.667958656330749,0.332041343669251
G4800250,2019-2023,TX,,,Texas,48,Bee County,25,,,,,,,,,,,,,,,.,.,,,,,,,,,,,,0500000US48025,,,48025,"Bee County, Texas",8581,6188,2393,"Bee County, Texas",395,364,342,0.72112807365109,0.27887192634891
G4800270,2019-2023,TX,,,Texas,48,Bell County,27,,,,,,,,,,,,,,,.,.,,,,,,,,,,,,0500000US48027,,,48027,"Bell County, Texas",138557,77808,60749,"Bell County, Texas",1046,1325,1570,0.561559502587383,0.438440497412617
G4800290,2019-2023,TX,,,Texas,48,Bexar County,29,,,,,,,,,,,,,,,.,.,,,,,,,,,,,,0500000US48029,,,48029,"Bexar County, Texas",740402,437637,302765,"Bexar County, Texas",2509,4222,3860,0.591080250998782,0.408919749001218
G4800310,2019-2023,TX,,,Texas,48,Blanco County,31,,,,,,,,,,,,,,,.,.,,,,,,,,,,,,0500000US48031,,,48031,"Blanco County, Texas",5001,3713,1288,"Blanco County, Texas",202,222,203,0.74245150969806,0.25754849030194
G4800330,2019-2023,TX,,,Texas,48,Borden County,33,,,,,,,,,,,,,,,.,.,,,,,,,,,,,,0500000US48033,,,48033,"Borden County, Texas",239,152,87,"Borden County, Texas",52,36,50,0.635983263598326,0.364016736401674
G4800350,2019-2023,TX,,,Texas,48,Bosque County,35,,,,,,,,,,,,,,,.,.,,,,,,,,,,,,0500000US48035,,,48035,"Bosque County, Texas",7467,5667,1800,"Bosque County, Texas",214,287,238,0.758939333065488,0.241060666934512
G4800370,2019-2023,TX,,,Texas,48,Bowie County,37,,,,,,,,,,,,,,,.,.,,,,,,,,,,,,0500000US48037,,,48037,"Bowie County, Texas",34801,21818,12983,"Bowie County, Texas",541,686,681,0.626936007585989,0.373063992414011
G4800390,2019-2023,TX,,,Texas,48,Brazoria County,39,,,,,,,,,,,,,,,.,.,,,,,,,,,,,,0500000US48039,,,48039,"Brazoria County, Texas",131184,97080,34104,"Brazoria County, Texas",1008,1941,1684,0.740029271862422,0.259970728137578
G4800410,2019-2023,TX,,,Texas,48,Brazos County,41,,,,,,,,,,,,,,,.,.,,,,,,,,,,,,0500000US48041,,,48041,"Brazos County, Texas",88415,41372,47043,"Brazos County, Texas",842,1088,1165,0.467929649946276,0.532070350053724
G4800430,2019-2023,TX,,,Texas,48,Brewster County,43,,,,,,,,,,,,,,,.,.,,,,,,,,,,,,0500000US48043,,,48043,"Brewster County, Texas",4929,2819,2110,"Brewster County, Texas",235,258,313,0.571921282207344,0.428078717792656
G4800450,2019-2023,TX,,,Texas,48,Briscoe County,45,,,,,,,,,,,,,,,.,.,,,,,,,,,,,,0500000US48045,,,48045,"Briscoe County, Texas",555,434,121,"Briscoe County, Texas",76,67,44,0.781981981981982,0.218018018018018
G4800470,2019-2023,TX,,,Texas,48,Brooks County,47,,,,,,,,,,,,,,,.,.,,,,,,,,,,,,0500000US48047,,,48047,"Brooks County, Texas",2884,1533,1351,"Brooks County, Texas",221,267,329,0.531553398058252,0.468446601941748
G4800490,2019-2023,TX,,,Texas,48,Brown County,49,,,,,,,,,,,,,,,.,.,,,,,,,,,,,,0500000US48049,,,48049,"Brown County, Texas",14979,10209,4770,"Brown County, Texas",422,415,430,0.681554175846185,0.318445824153815
G4800510,2019-2023,TX,,,Texas,48,Burleson County,51,,,,,,,,,,,,,,,.,.,,,,,,,,,,,,0500000US48051,,,48051,"Burleson County, Texas",7749,6267,1482,"Burleson County, Texas",260,312,284,0.808749516066589,0.191250483933411
G4800530,2019-2023,TX,,,Texas,48,Burnet County,53,,,,,,,,,,,,,,,.,.,,,,,,,,,,,,0500000US48053,,,48053,"Burnet County, Texas",19597,15139,4458,"Burnet County, Texas",559,556,487,0.772516201459407,0.227483798540593
G4800550,2019-2023,TX,,,Texas,48,Caldwell County,55,,,,,,,,,,,,,,,.,.,,,,,,,,,,,,0500000US48055,,,48055,"Caldwell County, Texas",15741,11518,4223,"Caldwell County, Texas",319,577,514,0.731719712851788,0.268280287148212
G4800570,2019-2023,TX,,,Texas,48,Calhoun County,57,,,,,,,,,,,,,,,.,.,,,,,,,,,,,,0500000US48057,,,48057,"Calhoun County, Texas",8398,6415,1983,"Calhoun County, Texas",296,456,375,0.763872350559657,0.236127649440343
G4800590,2019-2023,TX,,,Texas,48,Callahan County,59,,,,,,,,,,,,,,,.,.,,,,,,,,,,,,0500000US48059,,,48059,"Callahan County, Texas",5237,4292,945,"Callahan County, Texas",211,213,168,0.819553179301127,0.180446820698873
G4800610,2019-2023,TX,,,Texas,48,Cameron County,61,,,,,,,,,,,,,,,.,.,,,,,,,,,,,,0500000US48061,,,48061,"Cameron County, Texas",135435,88354,47081,"Cameron County, Texas",1061,1350,1472,0.652371986561819,0.347628013438181
G4800630,2019-2023,TX,,,Texas,48,Camp County,63,,,,,,,,,,,,,,,.,.,,,,,,,,,,,,0500000US48063,,,48063,"Camp County, Texas",4677,3582,1095,"Camp County, Texas",233,260,222,0.765875561257216,0.234124438742784
G4800650,2019-2023,TX,,,Texas,48,Carson County,65,,,,,,,,,,,,,,,.,.,,,,,,,,,,,,0500000US48065,,,48065,"Carson County, Texas",2302,1815,487,"Carson County, Texas",119,140,130,0.788444830582103,0.211555169417897
G4800670,2019-2023,TX,,,Texas,48,Cass County,67,,,,,,,,,,,,,,,.,.,,,,,,,,,,,,0500000US48067,,,48067,"Cass County, Texas",11775,9124,2651,"Cass County, Texas",316,316,365,0.774861995753716,0.225138004246285
G4800690,2019-2023,TX,,,Texas,48,Castro County,69,,,,,,,,,,,,,,,.,.,,,,,,,,,,,,0500000US48069,,,48069,"Castro County, Texas",2427,1679,748,"Castro County, Texas",123,168,143,0.69180057684384,0.30819942315616
G4800710,2019-2023,TX,,,Texas,48,Chambers County,71,,,,,,,,,,,,,,,.,.,,,,,,,,,,,,0500000US48071,,,48071,"Chambers County, Texas",16558,13651,2907,"Chambers County, Texas",397,526,599,0.824435318275154,0.175564681724846
G4800730,2019-2023,TX,,,Texas,48,Cherokee County,73,,,,,,,,,,,,,,,.,.,,,,,,,,,,,,0500000US48073,,,48073,"Cherokee County, Texas",18085,13155,4930,"Cherokee County, Texas",407,573,569,0.727398396461156,0.272601603538844
G4800750,2019-2023,TX,,,Texas,48,Childress County,75,,,,,,,,,,,,,,,.,.,,,,,,,,,,,,0500000US48075,,,48075,"Childress County, Texas",2174,1382,792,"Childress County, Texas",262,218,256,0.635694572217111,0.364305427782889
G4800770,2019-2023,TX,,,Texas,48,Clay County,77,,,,,,,,,,,,,,,.,.,,,,,,,,,,,,0500000US48077,,,48077,"Clay County, Texas",4227,3404,823,"Clay County, Texas",178,186,170,0.805299266619352,0.194700733380648
G4800790,2019-2023,TX,,,Texas,48,Cochran County,79,,,,,,,,,,,,,,,.,.,,,,,,,,,,,,0500000US48079,,,48079,"Cochran County, Texas",949,620,329,"Cochran County, Texas",53,60,71,0.65331928345627,0.34668071654373
G4800810,2019-2023,TX,,,Texas,48,Coke County,81,,,,,,,,,,,,,,,.,.,,,,,,,,,,,,0500000US48081,,,48081,"Coke County, Texas",1489,1051,438,"Coke County, Texas",91,108,103,0.70584284754869,0.29415715245131
G4800830,2019-2023,TX,,,Texas,48,Coleman County,83,,,,,,,,,,,,,,,.,.,,,,,,,,,,,,0500000US48083,,,48083,"Coleman County, Texas",3230,2485,745,"Coleman County, Texas",215,176,182,0.769349845201238,0.230650154798762
G4800850,2019-2023,TX,,,Texas,48,Collin County,85,,,,,,,,,,,,,,,.,.,,,,,,,,,,,,0500000US48085,,,48085,"Collin County, Texas",400182,256431,143751,"Collin County, Texas",1473,2657,2460,0.64078594239621,0.35921405760379
G4800870,2019-2023,TX,,,Texas,48,Collingsworth County,87,,,,,,,,,,,,,,,.,.,,,,,,,,,,,,0500000US48087,,,48087,"Collingsworth County, Texas",947,706,241,"Collingsworth County, Texas",120,84,92,0.745512143611404,0.254487856388596
G4800890,2019-2023,TX,,,Texas,48,Colorado County,89,,,,,,,,,,,,,,,.,.,,,,,,,,,,,,0500000US48089,,,48089,"Colorado County, Texas",7577,6139,1438,"Colorado County, Texas",334,288,235,0.810215124719546,0.189784875280454
G4800910,2019-2023,TX,,,Texas,48,Comal County,91,,,,,,,,,,,,,,,.,.,,,,,,,,,,,,0500000US48091,,,48091,"Comal County, Texas",67651,51991,15660,"Comal County, Texas",736,969,923,0.768517834178357,0.231482165821643
G4800930,2019-2023,TX,,,Texas,48,Comanche County,93,,,,,,,,,,,,,,,.,.,,,,,,,,,,,,0500000US48093,,,48093,"Comanche County, Texas",5395,4318,1077,"Comanche County, Texas",203,228,218,0.800370713623726,0.199629286376274
G4800950,2019-2023,TX,,,Texas,48,Concho County,95,,,,,,,,,,,,,,,.,.,,,,,,,,,,,,0500000US48095,,,48095,"Concho County, Texas",849,660,189,"Concho County, Texas",93,88,56,0.777385159010601,0.222614840989399
G4800970,2019-2023,TX,,,Texas,48,Cooke County,97,,,,,,,,,,,,,,,.,.,,,,,,,,,,,,0500000US48097,,,48097,"Cooke County, Texas",16252,11727,4525,"Cooke County, Texas",329,430,484,0.721572729510214,0.278427270489786
G4800990,2019-2023,TX,,,Texas,48,Coryell County,99,,,,,,,,,,,,,,,.,.,,,,,,,,,,,,0500000US48099,,,48099,"Coryell County, Texas",26099,15493,10606,"Coryell County, Texas",506,630,706,0.593624276792214,0.406375723207786
G4801010,2019-2023,TX,,,Texas,48,Cottle County,101,,,,,,,,,,,,,,,.,.,,,,,,,,,,,,0500000US48101,,,48101,"Cottle County, Texas",571,449,122,"Cottle County, Texas",112,87,62,0.786339754816112,0.213660245183888
G4801030,2019-2023,TX,,,Texas,48,Crane County,103,,,,,,,,,,,,,,,.,.,,,,,,,,,,,,0500000US48103,,,48103,"Crane County, Texas",1665,1355,310,"Crane County, Texas",97,153,127,0.813813813813814,0.186186186186186
G4801050,2019-2023,TX,,,Texas,48,Crockett County,105,,,,,,,,,,,,,,,.,.,,,,,,,,,,,,0500000US48105,,,48105,"Crockett County, Texas",1176,879,297,"Crockett County, Texas",180,198,129,0.747448979591837,0.252551020408163
G4801070,2019-2023,TX,,,Texas,48,Crosby County,107,,,,,,,,,,,,,,,.,.,,,,,,,,,,,,0500000US48107,,,48107,"Crosby County, Texas",1974,1419,555,"Crosby County, Texas",98,106,113,0.718844984802432,0.281155015197568
G4801090,2019-2023,TX,,,Texas,48,Culberson County,109,,,,,,,,,,,,,,,.,.,,,,,,,,,,,,0500000US48109,,,48109,"Culberson County, Texas",702,520,182,"Culberson County, Texas",227,198,95,0.740740740740741,0.259259259259259
G4801110,2019-2023,TX,,,Texas,48,Dallam County,111,,,,,,,,,,,,,,,.,.,,,,,,,,,,,,0500000US48111,,,48111,"Dallam County, Texas",2373,1616,757,"Dallam County, Texas",191,151,216,0.680994521702486,0.319005478297514
G4801130,2019-2023,TX,,,Texas,48,Dallas County,113,,,,,,,,,,,,,,,.,.,,,,,,,,,,,,0500000US48113,,,48113,"Dallas County, Texas",971690,493453,478237,"Dallas County, Texas",2328,5073,4884,0.50782965760685,0.49217034239315
G4801150,2019-2023,TX,,,Texas,48,Dawson County,115,,,,,,,,,,,,,,,.,.,,,,,,,,,,,,0500000US48115,,,48115,"Dawson County, Texas",4154,2904,1250,"Dawson County, Texas",185,213,217,0.699085219065961,0.30091478093404
G4801170,2019-2023,TX,,,Texas,48,Deaf Smith County,117,,,,,,,,,,,,,,,.,.,,,,,,,,,,,,0500000US48117,,,48117,"Deaf Smith County, Texas",5973,3938,2035,"Deaf Smith County, Texas",245,338,333,0.659300184162063,0.340699815837937
G4801190,2019-2023,TX,,,Texas,48,Delta County,119,,,,,,,,,,,,,,,.,.,,,,,,,,,,,,0500000US48119,,,48119,"Delta County, Texas",2095,1741,354,"Delta County, Texas",101,133,95,0.831026252983294,0.168973747016706
G4801210,2019-2023,TX,,,Texas,48,Denton County,121,,,,,,,,,,,,,,,.,.,,,,,,,,,,,,0500000US48121,,,48121,"Denton County, Texas",346809,226694,120115,"Denton County, Texas",1350,2199,2183,0.653656623674703,0.346343376325297
G4801230,2019-2023,TX,,,Texas,48,DeWitt County,123,,,,,,,,,,,,,,,.,.,,,,,,,,,,,,0500000US48123,,,48123,"DeWitt County, Texas",6683,4722,1961,"DeWitt County, Texas",234,208,231,0.706568906179859,0.293431093820141
G4801250,2019-2023,TX,,,Texas,48,Dickens County,125,,,,,,,,,,,,,,,.,.,,,,,,,,,,,,0500000US48125,,,48125,"Dickens County, Texas",684,557,127,"Dickens County, Texas",87,81,50,0.814327485380117,0.185672514619883
G4801270,2019-2023,TX,,,Texas,48,Dimmit County,127,,,,,,,,,,,,,,,.,.,,,,,,,,,,,,0500000US48127,,,48127,"Dimmit County, Texas",3010,1830,1180,"Dimmit County, Texas",239,331,310,0.60797342192691,0.39202657807309
G4801290,2019-2023,TX,,,Texas,48,Donley County,129,,,,,,,,,,,,,,,.,.,,,,,,,,,,,,0500000US48129,,,48129,"Donley County, Texas",1203,907,296,"Donley County, Texas",98,96,84,0.753948462177889,0.246051537822111
G4801310,2019-2023,TX,,,Texas,48,Duval County,131,,,,,,,,,,,,,,,.,.,,,,,,,,,,,,0500000US48131,,,48131,"Duval County, Texas",2992,2124,868,"Duval County, Texas",220,238,254,0.709893048128342,0.290106951871658
G4801330,2019-2023,TX,,,Texas,48,Eastland County,133,,,,,,,,,,,,,,,.,.,,,,,,,,,,,,0500000US48133,,,48133,"Eastland County, Texas",7168,5099,2069,"Eastland County, Texas",368,314,302,0.711356026785714,0.288643973214286
G4801350,2019-2023,TX,,,Texas,48,Ector County,135,,,,,,,,,,,,,,,.,.,,,,,,,,,,,,0500000US48135,,,48135,"Ector County, Texas",62422,40217,22205,"Ector County, Texas",633,1279,1368,0.644276056518535,0.355723943481465
G4801370,2019-2023,TX,,,Texas,48,Edwards County,137,,,,,,,,,,,,,,,.,.,,,,,,,,,,,,0500000US48137,,,48137,"Edwards County, Texas",474,448,26,"Edwards County, Texas",99,102,29,0.945147679324895,0.0548523206751055
G4801390,2019-2023,TX,,,Texas,48,Ellis County,139,,,,,,,,,,,,,,,.,.,,,,,,,,,,,,0500000US48139,,,48139,"Ellis County, Texas",68852,52500,16352,"Ellis County, Texas",522,1014,872,0.762505083367222,0.237494916632778
G4801410,2019-2023,TX,,,Texas,48,El Paso County,141,,,,,,,,,,,,,,,.,.,,,,,,,,,,,,0500000US48141,,,48141,"El Paso County, Texas",296341,188705,107636,"El Paso County, Texas",1452,2349,2101,0.636783300319564,0.363216699680436
G4801430,2019-2023,TX,,,Texas,48,Erath County,143,,,,,,,,,,,,,,,.,.,,,,,,,,,,,,0500000US48143,,,48143,"Erath County, Texas",16379,10450,5929,"Erath County, Texas",429,503,478,0.638012088650101,0.361987911349899
G4801450,2019-2023,TX,,,Texas,48,Falls County,145,,,,,,,,,,,,,,,.,.,,,,,,,,,,,,0500000US48145,,,48145,"Falls County, Texas",6009,4714,1295,"Falls County, Texas",250,286,219,0.784489931769013,0.215510068230987
G4801470,2019-2023,TX,,,Texas,48,Fannin County,147,,,,,,,,,,,,,,,.,.,,,,,,,,,,,,0500000US48147,,,48147,"Fannin County, Texas",12793,9658,3135,"Fannin County, Texas",289,448,367,0.754944110060189,0.245055889939811
G4801490,2019-2023,TX,,,Texas,48,Fayette County,149,,,,,,,,,,,,,,,.,.,,,,,,,,,,,,0500000US48149,,,48149,"Fayette County, Texas",9855,7859,1996,"Fayette County, Texas",354,342,270,0.797463216641299,0.202536783358701
G4801510,2019-2023,TX,,,Texas,48,Fisher County,151,,,,,,,,,,,,,,,.,.,,,,,,,,,,,,0500000US48151,,,48151,"Fisher County, Texas",1590,1300,290,"Fisher County, Texas",112,111,79,0.817610062893082,0.182389937106918
G4801530,2019-2023,TX,,,Texas,48,Floyd County,153,,,,,,,,,,,,,,,.,.,,,,,,,,,,,,0500000US48153,,,48153,"Floyd County, Texas",1939,1459,480,"Floyd County, Texas",114,112,100,0.752449716348633,0.247550283651367
G4801550,2019-2023,TX,,,Texas,48,Foard County,155,,,,,,,,,,,,,,,.,.,,,,,,,,,,,,0500000US48155,,,48155,"Foard County, Texas",421,281,140,"Foard County, Texas",62,60,42,0.667458432304038,0.332541567695962
G4801570,2019-2023,TX,,,Texas,48,Fort Bend County,157,,,,,,,,,,,,,,,.,.,,,,,,,,,,,,0500000US48157,,,48157,"Fort Bend County, Texas",281259,217921,63338,"Fort Bend County, Texas",1397,2197,2447,0.774805428448512,0.225194571551488
G4801590,2019-2023,TX,,,Texas,48,Franklin County,159,,,,,,,,,,,,,,,.,.,,,,,,,,,,,,0500000US48159,,,48159,"Franklin County, Texas",3942,3129,813,"Franklin County, Texas",269,302,174,0.793759512937595,0.206240487062405
G4801610,2019-2023,TX,,,Texas,48,Freestone County,161,,,,,,,,,,,,,,,.,.,,,,,,,,,,,,0500000US48161,,,48161,"Freestone County, Texas",6867,5138,1729,"Freestone County, Texas",258,294,299,0.748216106014271,0.251783893985729
G4801630,2019-2023,TX,,,Texas,48,Frio County,163,,,,,,,,,,,,,,,.,.,,,,,,,,,,,,0500000US48163,,,48163,"Frio County, Texas",5144,3243,1901,"Frio County, Texas",568,475,369,0.630443234836703,0.369556765163297
G4801650,2019-2023,TX,,,Texas,48,Gaines County,165,,,,,,,,,,,,,,,.,.,,,,,,,,,,,,0500000US48165,,,48165,"Gaines County, Texas",7057,5407,1650,"Gaines County, Texas",208,351,382,0.766189598979737,0.233810401020264
G4801670,2019-2023,TX,,,Texas,48,Galveston County,167,,,,,,,,,,,,,,,.,.,,,,,,,,,,,,0500000US48167,,,48167,"Galveston County, Texas",138666,93591,45075,"Galveston County, Texas",855,1597,1568,0.674938341049717,0.325061658950283
G4801690,2019-2023,TX,,,Texas,48,Garza County,169,,,,,,,,,,,,,,,.,.,,,,,,,,,,,,0500000US48169,,,48169,"Garza County, Texas",1433,982,451,"Garza County, Texas",160,166,158,0.685275645498953,0.314724354501047
G4801710,2019-2023,TX,,,Texas,48,Gillespie County,171,,,,,,,,,,,,,,,.,.,,,,,,,,,,,,0500000US48171,,,48171,"Gillespie County, Texas",11272,8004,3268,"Gillespie County, Texas",424,410,412,0.710078069552874,0.289921930447126
G4801730,2019-2023,TX,,,Texas,48,Glasscock County,173,,,,,,,,,,,,,,,.,.,,,,,,,,,,,,0500000US48173,,,48173,"Glasscock County, Texas",441,293,148,"Glasscock County, Texas",59,62,65,0.664399092970522,0.335600907029479
G4801750,2019-2023,TX,,,Texas,48,Goliad County,175,,,,,,,,,,,,,,,.,.,,,,,,,,,,,,0500000US48175,,,48175,"Goliad County, Texas",2800,2317,483,"Goliad County, Texas",166,177,143,0.8275,0.1725
G4801770,2019-2023,TX,,,Texas,48,Gonzales County,177,,,,,,,,,,,,,,,.,.,,,,,,,,,,,,0500000US48177,,,48177,"Gonzales County, Texas",7656,5355,2301,"Gonzales County, Texas",226,318,326,0.699451410658307,0.300548589341693
G4801790,2019-2023,TX,,,Texas,48,Gray County,179,,,,,,,,,,,,,,,.,.,,,,,,,,,,,,0500000US48179,,,48179,"Gray County, Texas",7926,5824,2102,"Gray County, Texas",284,292,297,0.73479687105728,0.26520312894272
G4801810,2019-2023,TX,,,Texas,48,Grayson County,181,,,,,,,,,,,,,,,.,.,,,,,,,,,,,,0500000US48181,,,48181,"Grayson County, Texas",53325,35904,17421,"Grayson County, Texas",598,941,881,0.673305203938115,0.326694796061885
G4801830,2019-2023,TX,,,Texas,48,Gregg County,183,,,,,,,,,,,,,,,.,.,,,,,,,,,,,,0500000US48183,,,48183,"Gregg County, Texas",47330,28155,19175,"Gregg County, Texas",590,876,903,0.594865835622227,0.405134164377773
G4801850,2019-2023,TX,,,Texas,48,Grimes County,185,,,,,,,,,,,,,,,.,.,,,,,,,,,,,,0500000US48185,,,48185,"Grimes County, Texas",10289,8022,2267,"Grimes County, Texas",408,421,330,0.779667606181359,0.220332393818641
G4801870,2019-2023,TX,,,Texas,48,Guadalupe County,187,,,,,,,,,,,,,,,.,.,,,,,,,,,,,,0500000US48187,,,48187,"Guadalupe County, Texas",62953,49402,13551,"Guadalupe County, Texas",632,1065,995,0.784744174225216,0.215255825774784
G4801890,2019-2023,TX,,,Texas,48,Hale County,189,,,,,,,,,,,,,,,.,.,,,,,,,,,,,,0500000US48189,,,48189,"Hale County, Texas",11034,6628,4406,"Hale County, Texas",295,380,413,0.600688780134131,0.399311219865869
G4801910,2019-2023,TX,,,Texas,48,Hall County,191,,,,,,,,,,,,,,,.,.,,,,,,,,,,,,0500000US48191,,,48191,"Hall County, Texas",1158,869,289,"Hall County, Texas",87,80,68,0.750431778929188,0.249568221070812
G4801930,2019-2023,TX,,,Texas,48,Hamilton County,193,,,,,,,,,,,,,,,.,.,,,,,,,,,,,,0500000US48193,,,48193,"Hamilton County, Texas",3134,2427,707,"Hamilton County, Texas",164,163,150,0.774409700063816,0.225590299936184
G4801950,2019-2023,TX,,,Texas,48,Hansford County,195,,,,,,,,,,,,,,,.,.,,,,,,,,,,,,0500000US48195,,,48195,"Hansford County, Texas",1827,1402,425,"Hansford County, Texas",122,119,126,0.767378215654078,0.232621784345922
G4801970,2019-2023,TX,,,Texas,48,Hardeman County,197,,,,,,,,,,,,,,,.,.,,,,,,,,,,,,0500000US48197,,,48197,"Hardeman County, Texas",1298,904,394,"Hardeman County, Texas",114,116,106,0.696456086286595,0.303543913713405
G4801990,2019-2023,TX,,,Texas,48,Hardin County,199,,,,,,,,,,,,,,,.,.,,,,,,,,,,,,0500000US48199,,,48199,"Hardin County, Texas",21750,17944,3806,"Hardin County, Texas",504,650,492,0.825011494252874,0.174988505747126
G4802010,2019-2023,TX,,,Texas,48,Harris County,201,,,,,,,,,,,,,,,.,.,,,,,,,,,,,,0500000US48201,,,48201,"Harris County, Texas",1728103,946389,781714,"Harris County, Texas",3988,7305,7000,0.547646176182785,0.452353823817215
G4802030,2019-2023,TX,,,Texas,48,Harrison County,203,,,,,,,,,,,,,,,.,.,,,,,,,,,,,,0500000US48203,,,48203,"Harrison County, Texas",25599,19180,6419,"Harrison County, Texas",579,617,702,0.749248017500684,0.250751982499316
G4802050,2019-2023,TX,,,Texas,48,Hartley County,205,,,,,,,,,,,,,,,.,.,,,,,,,,,,,,0500000US48205,,,48205,"Hartley County, Texas",1635,1254,381,"Hartley County, Texas",104,124,120,0.76697247706422,0.23302752293578
G4802070,2019-2023,TX,,,Texas,48,Haskell County,207,,,,,,,,,,,,,,,.,.,,,,,,,,,,,,0500000US48207,,,48207,"Haskell County, Texas",2108,1563,545,"Haskell County, Texas",140,115,130,0.74146110056926,0.25853889943074
G4802090,2019-2023,TX,,,Texas,48,Hays County,209,,,,,,,,,,,,,,,.,.,,,,,,,,,,,,0500000US48209,,,48209,"Hays County, Texas",94499,60587,33912,"Hays County, Texas",804,1311,1441,0.641139059672589,0.358860940327411
G4802110,2019-2023,TX,,,Texas,48,Hemphill County,211,,,,,,,,,,,,,,,.,.,,,,,,,,,,,,0500000US48211,,,48211,"Hemphill County, Texas",1368,1045,323,"Hemphill County, Texas",99,118,92,0.763888888888889,0.236111111111111
G4802130,2019-2023,TX,,,Texas,48,Henderson County,213,,,,,,,,,,,,,,,.,.,,,,,,,,,,,,0500000US48213,,,48213,"Henderson County, Texas",32597,24939,7658,"Henderson County, Texas",609,703,604,0.765070405252017,0.234929594747983
G4802150,2019-2023,TX,,,Texas,48,Hidalgo County,215,,,,,,,,,,,,,,,.,.,,,,,,,,,,,,0500000US48215,,,48215,"Hidalgo County, Texas",264128,178475,85653,"Hidalgo County, Texas",1602,2124,2231,0.675714047734432,0.324285952265568
G4802170,2019-2023,TX,,,Texas,48,Hill County,217,,,,,,,,,,,,,,,.,.,,,,,,,,,,,,0500000US48217,,,48217,"Hill County, Texas",13457,10281,3176,"Hill County, Texas",349,381,293,0.763989002006391,0.236010997993609
G4802190,2019-2023,TX,,,Texas,48,Hockley County,219,,,,,,,,,,,,,,,.,.,,,,,,,,,,,,0500000US48219,,,48219,"Hockley County, Texas",8058,5848,2210,"Hockley County, Texas",205,255,262,0.725738396624473,0.274261603375527
G4802210,2019-2023,TX,,,Texas,48,Hood County,221,,,,,,,,,,,,,,,.,.,,,,,,,,,,,,0500000US48221,,,48221,"Hood County, Texas",24988,20320,4668,"Hood County, Texas",449,468,468,0.813190331359052,0.186809668640948
G4802230,2019-2023,TX,,,Texas,48,Hopkins County,223,,,,,,,,,,,,,,,.,.,,,,,,,,,,,,0500000US48223,,,48223,"Hopkins County, Texas",13878,9704,4174,"Hopkins County, Texas",303,361,366,0.699236201181727,0.300763798818274
G4802250,2019-2023,TX,,,Texas,48,Houston County,225,,,,,,,,,,,,,,,.,.,,,,,,,,,,,,0500000US48225,,,48225,"Houston County, Texas",7795,5365,2430,"Houston County, Texas",251,250,276,0.688261706221937,0.311738293778063
G4802270,2019-2023,TX,,,Texas,48,Howard County,227,,,,,,,,,,,,,,,.,.,,,,,,,,,,,,0500000US48227,,,48227,"Howard County, Texas",11927,8186,3741,"Howard County, Texas",318,363,327,0.686341913305945,0.313658086694056
G4802290,2019-2023,TX,,,Texas,48,Hudspeth County,229,,,,,,,,,,,,,,,.,.,,,,,,,,,,,,0500000US48229,,,48229,"Hudspeth County, Texas",847,618,229,"Hudspeth County, Texas",64,97,102,0.729634002361275,0.270365997638725
G4802310,2019-2023,TX,,,Texas,48,Hunt County,231,,,,,,,,,,,,,,,.,.,,,,,,,,,,,,0500000US48231,,,48231,"Hunt County, Texas",37549,26580,10969,"Hunt County, Texas",493,667,644,0.707875043276785,0.292124956723215
G4802330,2019-2023,TX,,,Texas,48,Hutchinson County,233,,,,,,,,,,,,,,,.,.,,,,,,,,,,,,0500000US48233,,,48233,"Hutchinson County, Texas",6944,5618,1326,"Hutchinson County, Texas",275,269,217,0.809043778801843,0.190956221198157
G4802350,2019-2023,TX,,,Texas,48,Irion County,235,,,,,,,,,,,,,,,.,.,,,,,,,,,,,,0500000US48235,,,48235,"Irion County, Texas",606,537,69,"Irion County, Texas",72,82,37,0.886138613861386,0.113861386138614
G4802370,2019-2023,TX,,,Texas,48,Jack County,237,,,,,,,,,,,,,,,.,.,,,,,,,,,,,,0500000US48237,,,48237,"Jack County, Texas",2915,2090,825,"Jack County, Texas",159,176,166,0.716981132075472,0.283018867924528
G4802390,2019-2023,TX,,,Texas,48,Jackson County,239,,,,,,,,,,,,,,,.,.,,,,,,,,,,,,0500000US48239,,,48239,"Jackson County, Texas",5424,3803,1621,"Jackson County, Texas",270,343,310,0.701143067846608,0.298856932153392
G4802410,2019-2023,TX,,,Texas,48,Jasper County,241,,,,,,,,,,,,,,,.,.,,,,,,,,,,,,0500000US48241,,,48241,"Jasper County, Texas",13667,10619,3048,"Jasper County, Texas",357,435,337,0.776981049242701,0.223018950757299
G4802430,2019-2023,TX,,,Texas,48,Jeff Davis County,243,,,,,,,,,,,,,,,.,.,,,,,,,,,,,,0500000US48243,,,48243,"Jeff Davis County, Texas",847,761,86,"Jeff Davis County, Texas",207,212,73,0.898465171192444,0.101534828807556
G4802450,2019-2023,TX,,,Texas,48,Jefferson County,245,,,,,,,,,,,,,,,.,.,,,,,,,,,,,,0500000US48245,,,48245,"Jefferson County, Texas",93646,57912,35734,"Jefferson County, Texas",958,1013,1211,0.618414027294278,0.381585972705722
G4802470,2019-2023,TX,,,Texas,48,Jim Hogg County,247,,,,,,,,,,,,,,,.,.,,,,,,,,,,,,0500000US48247,,,48247,"Jim Hogg County, Texas",1221,751,470,"Jim Hogg County, Texas",204,151,170,0.615069615069615,0.384930384930385
G4802490,2019-2023,TX,,,Texas,48,Jim Wells County,249,,,,,,,,,,,,,,,.,.,,,,,,,,,,,,0500000US48249,,,48249,"Jim Wells County, Texas",13298,8971,4327,"Jim Wells County, Texas",457,439,546,0.674612723717852,0.325387276282148
G4802510,2019-2023,TX,,,Texas,48,Johnson County,251,,,,,,,,,,,,,,,.,.,,,,,,,,,,,,0500000US48251,,,48251,"Johnson County, Texas",63477,47274,16203,"Johnson County, Texas",619,894,840,0.744742190084598,0.255257809915402
G4802530,2019-2023,TX,,,Texas,48,Jones County,253,,,,,,,,,,,,,,,.,.,,,,,,,,,,,,0500000US48253,,,48253,"Jones County, Texas",6028,4874,1154,"Jones County, Texas",241,291,274,0.808560053085601,0.191439946914399
G4802550,2019-2023,TX,,,Texas,48,Karnes County,255,,,,,,,,,,,,,,,.,.,,,,,,,,,,,,0500000US48255,,,48255,"Karnes County, Texas",4643,3033,1610,"Karnes County, Texas",242,253,308,0.653241438724962,0.346758561275038
G4802570,2019-2023,TX,,,Texas,48,Kaufman County,257,,,,,,,,,,,,,,,.,.,,,,,,,,,,,,0500000US48257,,,48257,"Kaufman County, Texas",49703,39062,10641,"Kaufman County, Texas",557,747,747,0.785908295273927,0.214091704726073
G4802590,2019-2023,TX,,,Texas,48,Kendall County,259,,,,,,,,,,,,,,,.,.,,,,,,,,,,,,0500000US48259,,,48259,"Kendall County, Texas",17249,13435,3814,"Kendall County, Texas",327,448,416,0.778885732506232,0.221114267493768
G4802610,2019-2023,TX,,,Texas,48,Kenedy County,261,,,,,,,,,,,,,,,.,.,,,,,,,,,,,,0500000US48261,,,48261,"Kenedy County, Texas",17,6,11,"Kenedy County, Texas",14,8,11,0.352941176470588,0.647058823529412
G4802630,2019-2023,TX,,,Texas,48,Kent County,263,,,,,,,,,,,,,,,.,.,,,,,,,,,,,,0500000US48263,,,48263,"Kent County, Texas",274,211,63,"Kent County, Texas",67,70,34,0.77007299270073,0.22992700729927
G4802650,2019-2023,TX,,,Texas,48,Kerr County,265,,,,,,,,,,,,,,,.,.,,,,,,,,,,,,0500000US48265,,,48265,"Kerr County, Texas",22267,15673,6594,"Kerr County, Texas",494,569,569,0.703866708582207,0.296133291417793
G4802670,2019-2023,TX,,,Texas,48,Kimble County,267,,,,,,,,,,,,,,,.,.,,,,,,,,,,,,0500000US48267,,,48267,"Kimble County, Texas",1858,1460,398,"Kimble County, Texas",170,163,119,0.785791173304629,0.214208826695371
G4802690,2019-2023,TX,,,Texas,48,King County,269,,,,,,,,,,,,,,,.,.,,,,,,,,,,,,0500000US48269,,,48269,"King County, Texas",90,38,52,"King County, Texas",35,30,26,0.422222222222222,0.577777777777778
G4802710,2019-2023,TX,,,Texas,48,Kinney County,271,,,,,,,,,,,,,,,.,.,,,,,,,,,,,,0500000US48271,,,48271,"Kinney County, Texas",1180,904,276,"Kinney County, Texas",155,188,124,0.766101694915254,0.233898305084746
G4802730,2019-2023,TX,,,Texas,48,Kleberg County,273,,,,,,,,,,,,,,,.,.,,,,,,,,,,,,0500000US48273,,,48273,"Kleberg County, Texas",11794,6360,5434,"Kleberg County, Texas",366,418,436,0.539257249448872,0.460742750551128
G4802750,2019-2023,TX,,,Texas,48,Knox County,275,,,,,,,,,,,,,,,.,.,,,,,,,,,,,,0500000US48275,,,48275,"Knox County, Texas",1256,981,275,"Knox County, Texas",98,71,68,0.781050955414013,0.218949044585987
G4802770,2019-2023,TX,,,Texas,48,Lamar County,277,,,,,,,,,,,,,,,.,.,,,,,,,,,,,,0500000US48277,,,48277,"Lamar County, Texas",20056,13202,6854,"Lamar County, Texas",444,499,604,0.658256880733945,0.341743119266055
G4802790,2019-2023,TX,,,Texas,48,Lamb County,279,,,,,,,,,,,,,,,.,.,,,,,,,,,,,,0500000US48279,,,48279,"Lamb County, Texas",4644,3346,1298,"Lamb County, Texas",155,205,184,0.720499569336779,0.279500430663221
G4802810,2019-2023,TX,,,Texas,48,Lampasas County,281,,,,,,,,,,,,,,,.,.,,,,,,,,,,,,0500000US48281,,,48281,"Lampasas County, Texas",8147,6544,1603,"Lampasas County, Texas",255,323,231,0.803240456609795,0.196759543390205
G4802830,2019-2023,TX,,,Texas,48,La Salle County,283,,,,,,,,,,,,,,,.,.,,,,,,,,,,,,0500000US48283,,,48283,"La Salle County, Texas",1683,1327,356,"La Salle County, Texas",286,253,202,0.788472964943553,0.211527035056447
G4802850,2019-2023,TX,,,Texas,48,Lavaca County,285,,,,,,,,,,,,,,,.,.,,,,,,,,,,,,0500000US48285,,,48285,"Lavaca County, Texas",8370,6390,1980,"Lavaca County, Texas",233,235,245,0.763440860215054,0.236559139784946
G4802870,2019-2023,TX,,,Texas,48,Lee County,287,,,,,,,,,,,,,,,.,.,,,,,,,,,,,,0500000US48287,,,48287,"Lee County, Texas",6720,5248,1472,"Lee County, Texas",269,326,284,0.780952380952381,0.219047619047619
G4802890,2019-2023,TX,,,Texas,48,Leon County,289,,,,,,,,,,,,,,,.,.,,,,,,,,,,,,0500000US48289,,,48289,"Leon County, Texas",6546,5042,1504,"Leon County, Texas",330,301,247,0.770241368774824,0.229758631225176
G4802910,2019-2023,TX,,,Texas,48,Liberty County,291,,,,,,,,,,,,,,,.,.,,,,,,,,,,,,0500000US48291,,,48291,"Liberty County, Texas",30009,24240,5769,"Liberty County, Texas",592,764,668,0.807757672698191,0.192242327301809
G4802930,2019-2023,TX,,,Texas,48,Limestone County,293,,,,,,,,,,,,,,,.,.,,,,,,,,,,,,0500000US48293,,,48293,"Limestone County, Texas",8318,6166,2152,"Limestone County, Texas",215,278,254,0.741283962490983,0.258716037509017
G4802950,2019-2023,TX,,,Texas,48,Lipscomb County,295,,,,,,,,,,,,,,,.,.,,,,,,,,,,,,0500000US48295,,,48295,"Lipscomb County, Texas",1101,883,218,"Lipscomb County, Texas",82,84,55,0.801998183469573,0.198001816530427
G4802970,2019-2023,TX,,,Texas,48,Live Oak County,297,,,,,,,,,,,,,,,.,.,,,,,,,,,,,,0500000US48297,,,48297,"Live Oak County, Texas",4210,3071,1139,"Live Oak County, Texas",226,224,217,0.729453681710214,0.270546318289786
G4802990,2019-2023,TX,,,Texas,48,Llano County,299,,,,,,,,,,,,,,,.,.,,,,,,,,,,,,0500000US48299,,,48299,"Llano County, Texas",10218,7889,2329,"Llano County, Texas",400,374,333,0.772068898023097,0.227931101976904
G4803010,2019-2023,TX,,,Texas,48,Loving County,301,,,,,,,,,,,,,,,.,.,,,,,,,,,,,,0500000US48301,,,48301,"Loving County, Texas",36,4,32,"Loving County, Texas",29,6,28,0.111111111111111,0.888888888888889
G4803030,2019-2023,TX,,,Texas,48,Lubbock County,303,,,,,,,,,,,,,,,.,.,,,,,,,,,,,,0500000US48303,,,48303,"Lubbock County, Texas",124045,68591,55454,"Lubbock County, Texas",917,1131,1342,0.552952557539603,0.447047442460397
G4803050,2019-2023,TX,,,Texas,48,Lynn County,305,,,,,,,,,,,,,,,.,.,,,,,,,,,,,,0500000US48305,,,48305,"Lynn County, Texas",2066,1584,482,"Lynn County, Texas",91,101,99,0.766698935140368,0.233301064859632
G4803070,2019-2023,TX,,,Texas,48,McCulloch County,307,,,,,,,,,,,,,,,.,.,,,,,,,,,,,,0500000US48307,,,48307,"McCulloch County, Texas",3072,2150,922,"McCulloch County, Texas",184,188,210,0.699869791666667,0.300130208333333
G4803090,2019-2023,TX,,,Texas,48,McLennan County,309,,,,,,,,,,,,,,,.,.,,,,,,,,,,,,0500000US48309,,,48309,"McLennan County, Texas",95966,58703,37263,"McLennan County, Texas",735,1144,1036,0.61170622928954,0.38829377071046
G4803110,2019-2023,TX,,,Texas,48,McMullen County,311,,,,,,,,,,,,,,,.,.,,,,,,,,,,,,0500000US48311,,,48311,"McMullen County, Texas",168,129,39,"McMullen County, Texas",50,40,33,0.767857142857143,0.232142857142857
G4803130,2019-2023,TX,,,Texas,48,Madison County,313,,,,,,,,,,,,,,,.,.,,,,,,,,,,,,0500000US48313,,,48313,"Madison County, Texas",4140,2932,1208,"Madison County, Texas",207,236,250,0.708212560386473,0.291787439613527
G4803150,2019-2023,TX,,,Texas,48,Marion County,315,,,,,,,,,,,,,,,.,.,,,,,,,,,,,,0500000US48315,,,48315,"Marion County, Texas",4201,3250,951,"Marion County, Texas",220,238,207,0.773625327303023,0.226374672696977
G4803170,2019-2023,TX,,,Texas,48,Martin County,317,,,,,,,,,,,,,,,.,.,,,,,,,,,,,,0500000US48317,,,48317,"Martin County, Texas",2033,1361,672,"Martin County, Texas",104,163,143,0.669454008853911,0.33054599114609
G4803190,2019-2023,TX,,,Texas,48,Mason County,319,,,,,,,,,,,,,,,.,.,,,,,,,,,,,,0500000US48319,,,48319,"Mason County, Texas",1550,1176,374,"Mason County, Texas",119,133,125,0.758709677419355,0.241290322580645
G4803210,2019-2023,TX,,,Texas,48,Matagorda County,321,,,,,,,,,,,,,,,.,.,,,,,,,,,,,,0500000US48321,,,48321,"Matagorda County, Texas",14824,10191,4633,"Matagorda County, Texas",492,562,543,0.687466270912035,0.312533729087965
G4803230,2019-2023,TX,,,Texas,48,Maverick County,323,,,,,,,,,,,,,,,.,.,,,,,,,,,,,,0500000US48323,,,48323,"Maverick County, Texas",18320,12588,5732,"Maverick County, Texas",367,558,555,0.687117903930131,0.312882096069869
G4803250,2019-2023,TX,,,Texas,48,Medina County,325,,,,,,,,,,,,,,,.,.,,,,,,,,,,,,0500000US48325,,,48325,"Medina County, Texas",17479,14449,3030,"Medina County, Texas",383,557,445,0.826649121803307,0.173350878196693
G4803270,2019-2023,TX,,,Texas,48,Menard County,327,,,,,,,,,,,,,,,.,.,,,,,,,,,,,,0500000US48327,,,48327,"Menard County, Texas",833,634,199,"Menard County, Texas",141,131,76,0.761104441776711,0.238895558223289
G4803290,2019-2023,TX,,,Texas,48,Midland County,329,,,,,,,,,,,,,,,.,.,,,,,,,,,,,,0500000US48329,,,48329,"Midland County, Texas",67057,45735,21322,"Midland County, Texas",762,1417,1316,0.682031704370908,0.317968295629092
G4803310,2019-2023,TX,,,Texas,48,Milam County,331,,,,,,,,,,,,,,,.,.,,,,,,,,,,,,0500000US48331,,,48331,"Milam County, Texas",10049,7781,2268,"Milam County, Texas",257,394,331,0.774305901084685,0.225694098915315
G4803330,2019-2023,TX,,,Texas,48,Mills County,333,,,,,,,,,,,,,,,.,.,,,,,,,,,,,,0500000US48333,,,48333,"Mills County, Texas",1845,1559,286,"Mills County, Texas",134,141,73,0.844986449864499,0.155013550135501
G4803350,2019-2023,TX,,,Texas,48,Mitchell County,335,,,,,,,,,,,,,,,.,.,,,,,,,,,,,,0500000US48335,,,48335,"Mitchell County, Texas",2561,2037,524,"Mitchell County, Texas",226,207,167,0.795392424834049,0.204607575165951
G4803370,2019-2023,TX,,,Texas,48,Montague County,337,,,,,,,,,,,,,,,.,.,,,,,,,,,,,,0500000US48337,,,48337,"Montague County, Texas",8142,6414,1728,"Montague County, Texas",249,296,297,0.787767133382461,0.212232866617539
G4803390,2019-2023,TX,,,Texas,48,Montgomery County,339,,,,,,,,,,,,,,,.,.,,,,,,,,,,,,0500000US48339,,,48339,"Montgomery County, Texas",235474,168894,66580,"Montgomery County, Texas",1584,2521,2389,0.717251161487043,0.282748838512957
G4803410,2019-2023,TX,,,Texas,48,Moore County,341,,,,,,,,,,,,,,,.,.,,,,,,,,,,,,0500000US48341,,,48341,"Moore County, Texas",7275,4507,2768,"Moore County, Texas",229,321,323,0.619518900343643,0.380481099656357
G4803430,2019-2023,TX,,,Texas,48,Morris County,343,,,,,,,,,,,,,,,.,.,,,,,,,,,,,,0500000US48343,,,48343,"Morris County, Texas",5038,3801,1237,"Morris County, Texas",217,247,210,0.754466057959508,0.245533942040492
G4803450,2019-2023,TX,,,Texas,48,Motley County,345,,,,,,,,,,,,,,,.,.,,,,,,,,,,,,0500000US48345,,,48345,"Motley County, Texas",476,366,110,"Motley County, Texas",64,61,38,0.76890756302521,0.23109243697479
G4803470,2019-2023,TX,,,Texas,48,Nacogdoches County,347,,,,,,,,,,,,,,,.,.,,,,,,,,,,,,0500000US48347,,,48347,"Nacogdoches County, Texas",25114,14573,10541,"Nacogdoches County, Texas",447,477,488,0.580273950784423,0.419726049215577
G4803490,2019-2023,TX,,,Texas,48,Navarro County,349,,,,,,,,,,,,,,,.,.,,,,,,,,,,,,0500000US48349,,,48349,"Navarro County, Texas",18484,12575,5909,"Navarro County, Texas",407,548,475,0.680318112962562,0.319681887037438
G4803510,2019-2023,TX,,,Texas,48,Newton County,351,,,,,,,,,,,,,,,.,.,,,,,,,,,,,,0500000US48351,,,48351,"Newton County, Texas",4898,3994,904,"Newton County, Texas",246,253,210,0.815434871376072,0.184565128623928
G4803530,2019-2023,TX,,,Texas,48,Nolan County,353,,,,,,,,,,,,,,,.,.,,,,,,,,,,,,0500000US48353,,,48353,"Nolan County, Texas",5834,3859,1975,"Nolan County, Texas",211,268,281,0.66146726088447,0.33853273911553
G4803550,2019-2023,TX,,,Texas,48,Nueces County,355,,,,,,,,,,,,,,,.,.,,,,,,,,,,,,0500000US48355,,,48355,"Nueces County, Texas",130770,78303,52467,"Nueces County, Texas",1119,1414,1552,0.598784124799266,0.401215875200734
G4803570,2019-2023,TX,,,Texas,48,Ochiltree County,357,,,,,,,,,,,,,,,.,.,,,,,,,,,,,,0500000US48357,,,48357,"Ochiltree County, Texas",3758,2598,1160,"Ochiltree County, Texas",200,242,205,0.691325172964343,0.308674827035657
G4803590,2019-2023,TX,,,Texas,48,Oldham County,359,,,,,,,,,,,,,,,.,.,,,,,,,,,,,,0500000US48359,,,48359,"Oldham County, Texas",631,449,182,"Oldham County, Texas",62,50,50,0.711568938193344,0.288431061806656
G4803610,2019-2023,TX,,,Texas,48,Orange County,361,,,,,,,,,,,,,,,.,.,,,,,,,,,,,,0500000US48361,,,48361,"Orange County, Texas",31847,23892,7955,"Orange County, Texas",647,627,772,0.750211950890194,0.249788049109806
G4803630,2019-2023,TX,,,Texas,48,Palo Pinto County,363,,,,,,,,,,,,,,,.,.,,,,,,,,,,,,0500000US48363,,,48363,"Palo Pinto County, Texas",10951,7575,3376,"Palo Pinto County, Texas",336,386,353,0.691717651356041,0.30828234864396
G4803650,2019-2023,TX,,,Texas,48,Panola County,365,,,,,,,,,,,,,,,.,.,,,,,,,,,,,,0500000US48365,,,48365,"Panola County, Texas",8486,6732,1754,"Panola County, Texas",320,350,345,0.793306622672637,0.206693377327363
G4803670,2019-2023,TX,,,Texas,48,Parker County,367,,,,,,,,,,,,,,,.,.,,,,,,,,,,,,0500000US48367,,,48367,"Parker County, Texas",54237,44518,9719,"Parker County, Texas",614,861,750,0.820804985526486,0.179195014473514
G4803690,2019-2023,TX,,,Texas,48,Parmer County,369,,,,,,,,,,,,,,,.,.,,,,,,,,,,,,0500000US48369,,,48369,"Parmer County, Texas",3183,2178,1005,"Parmer County, Texas",156,172,154,0.68426013195099,0.31573986804901
G4803710,2019-2023,TX,,,Texas,48,Pecos County,371,,,,,,,,,,,,,,,.,.,,,,,,,,,,,,0500000US48371,,,48371,"Pecos County, Texas",5108,3713,1395,"Pecos County, Texas",230,288,258,0.726898981989037,0.273101018010963
G4803730,2019-2023,TX,,,Texas,48,Polk County,373,,,,,,,,,,,,,,,.,.,,,,,,,,,,,,0500000US48373,,,48373,"Polk County, Texas",18575,14395,4180,"Polk County, Texas",602,650,441,0.774966352624495,0.225033647375505
G4803750,2019-2023,TX,,,Texas,48,Potter County,375,,,,,,,,,,,,,,,.,.,,,,,,,,,,,,0500000US48375,,,48375,"Potter County, Texas",42363,23949,18414,"Potter County, Texas",645,748,846,0.565328234544296,0.434671765455704
G4803770,2019-2023,TX,,,Texas,48,Presidio County,377,,,,,,,,,,,,,,,.,.,,,,,,,,,,,,0500000US48377,,,48377,"Presidio County, Texas",2340,1742,598,"Presidio County, Texas",250,292,267,0.744444444444445,0.255555555555556
G4803790,2019-2023,TX,,,Texas,48,Rains County,379,,,,,,,,,,,,,,,.,.,,,,,,,,,,,,0500000US48379,,,48379,"Rains County, Texas",4723,3916,807,"Rains County, Texas",258,237,168,0.82913402498412,0.17086597501588
G4803810,2019-2023,TX,,,Texas,48,Randall County,381,,,,,,,,,,,,,,,.,.,,,,,,,,,,,,0500000US48381,,,48381,"Randall County, Texas",55758,38257,17501,"Randall County, Texas",607,982,922,0.6861257577388,0.3138742422612
G4803830,2019-2023,TX,,,Texas,48,Reagan County,383,,,,,,,,,,,,,,,.,.,,,,,,,,,,,,0500000US48383,,,48383,"Reagan County, Texas",1046,795,251,"Reagan County, Texas",110,95,114,0.760038240917782,0.239961759082218
G4803850,2019-2023,TX,,,Texas,48,Real County,385,,,,,,,,,,,,,,,.,.,,,,,,,,,,,,0500000US48385,,,48385,"Real County, Texas",1021,772,249,"Real County, Texas",130,143,108,0.756121449559256,0.243878550440744
G4803870,2019-2023,TX,,,Texas,48,Red River County,387,,,,,,,,,,,,,,,.,.,,,,,,,,,,,,0500000US48387,,,48387,"Red River County, Texas",4993,3515,1478,"Red River County, Texas",184,249,222,0.703985579811737,0.296014420188264
G4803890,2019-2023,TX,,,Texas,48,Reeves County,389,,,,,,,,,,,,,,,.,.,,,,,,,,,,,,0500000US48389,,,48389,"Reeves County, Texas",4145,3276,869,"Reeves County, Texas",194,276,236,0.790349819059107,0.209650180940893
G4803910,2019-2023,TX,,,Texas,48,Refugio County,391,,,,,,,,,,,,,,,.,.,,,,,,,,,,,,0500000US48391,,,48391,"Refugio County, Texas",2372,1850,522,"Refugio County, Texas",132,129,121,0.779932546374368,0.220067453625632
G4803930,2019-2023,TX,,,Texas,48,Roberts County,393,,,,,,,,,,,,,,,.,.,,,,,,,,,,,,0500000US48393,,,48393,"Roberts County, Texas",303,259,44,"Roberts County, Texas",41,44,26,0.854785478547855,0.145214521452145
G4803950,2019-2023,TX,,,Texas,48,Robertson County,395,,,,,,,,,,,,,,,.,.,,,,,,,,,,,,0500000US48395,,,48395,"Robertson County, Texas",6480,4749,1731,"Robertson County, Texas",260,297,280,0.73287037037037,0.26712962962963
G4803970,2019-2023,TX,,,Texas,48,Rockwall County,397,,,,,,,,,,,,,,,.,.,,,,,,,,,,,,0500000US48397,,,48397,"Rockwall County, Texas",39513,32623,6890,"Rockwall County, Texas",445,750,742,0.825627008832536,0.174372991167464
G4803990,2019-2023,TX,,,Texas,48,Runnels County,399,,,,,,,,,,,,,,,.,.,,,,,,,,,,,,0500000US48399,,,48399,"Runnels County, Texas",3800,2837,963,"Runnels County, Texas",187,193,169,0.746578947368421,0.253421052631579
G4804010,2019-2023,TX,,,Texas,48,Rusk County,401,,,,,,,,,,,,,,,.,.,,,,,,,,,,,,0500000US48401,,,48401,"Rusk County, Texas",17963,14373,3590,"Rusk County, Texas",404,473,422,0.800144741969604,0.199855258030396
G4804030,2019-2023,TX,,,Texas,48,Sabine County,403,,,,,,,,,,,,,,,.,.,,,,,,,,,,,,0500000US48403,,,48403,"Sabine County, Texas",4469,3823,646,"Sabine County, Texas",306,278,192,0.855448646229582,0.144551353770418
G4804050,2019-2023,TX,,,Texas,48,San Augustine County,405,,,,,,,,,,,,,,,.,.,,,,,,,,,,,,0500000US48405,,,48405,"San Augustine County, Texas",3017,2256,761,"San Augustine County, Texas",213,182,168,0.74776267815711,0.25223732184289
G4804070,2019-2023,TX,,,Texas,48,San Jacinto County,407,,,,,,,,,,,,,,,.,.,,,,,,,,,,,,0500000US48407,,,48407,"San Jacinto County, Texas",10480,8822,1658,"San Jacinto County, Texas",425,462,337,0.841793893129771,0.158206106870229
G4804090,2019-2023,TX,,,Texas,48,San Patricio County,409,,,,,,,,,,,,,,,.,.,,,,,,,,,,,,0500000US48409,,,48409,"San Patricio County, Texas",24496,16252,8244,"San Patricio County, Texas",550,660,611,0.663455258001306,0.336544741998694
G4804110,2019-2023,TX,,,Texas,48,San Saba County,411,,,,,,,,,,,,,,,.,.,,,,,,,,,,,,0500000US48411,,,48411,"San Saba County, Texas",2095,1444,651,"San Saba County, Texas",145,140,132,0.689260143198091,0.310739856801909
G4804130,2019-2023,TX,,,Texas,48,Schleicher County,413,,,,,,,,,,,,,,,.,.,,,,,,,,,,,,0500000US48413,,,48413,"Schleicher County, Texas",919,805,114,"Schleicher County, Texas",94,106,64,0.8759521218716,0.1240478781284
G4804150,2019-2023,TX,,,Texas,48,Scurry County,415,,,,,,,,,,,,,,,.,.,,,,,,,,,,,,0500000US48415,,,48415,"Scurry County, Texas",5931,4571,1360,"Scurry County, Texas",221,320,280,0.770696341257798,0.229303658742202
G4804170,2019-2023,TX,,,Texas,48,Shackelford County,417,,,,,,,,,,,,,,,.,.,,,,,,,,,,,,0500000US48417,,,48417,"Shackelford County, Texas",1329,1088,241,"Shackelford County, Texas",75,76,72,0.818660647103085,0.181339352896915
G4804190,2019-2023,TX,,,Texas,48,Shelby County,419,,,,,,,,,,,,,,,.,.,,,,,,,,,,,,0500000US48419,,,48419,"Shelby County, Texas",9177,6882,2295,"Shelby County, Texas",285,373,343,0.749918273945734,0.250081726054266
G4804210,2019-2023,TX,,,Texas,48,Sherman County,421,,,,,,,,,,,,,,,.,.,,,,,,,,,,,,0500000US48421,,,48421,"Sherman County, Texas",842,627,215,"Sherman County, Texas",92,80,69,0.744655581947744,0.255344418052257
G4804230,2019-2023,TX,,,Texas,48,Smith County,423,,,,,,,,,,,,,,,.,.,,,,,,,,,,,,0500000US48423,,,48423,"Smith County, Texas",81690,56616,25074,"Smith County, Texas",1080,1153,1185,0.69305912596401,0.30694087403599
G4804250,2019-2023,TX,,,Texas,48,Somervell County,425,,,,,,,,,,,,,,,.,.,,,,,,,,,,,,0500000US48425,,,48425,"Somervell County, Texas",3562,2917,645,"Somervell County, Texas",161,237,196,0.81892195395845,0.18107804604155
G4804270,2019-2023,TX,,,Texas,48,Starr County,427,,,,,,,,,,,,,,,.,.,,,,,,,,,,,,0500000US48427,,,48427,"Starr County, Texas",18692,13383,5309,"Starr County, Texas",500,560,530,0.715974748555532,0.284025251444468
G4804290,2019-2023,TX,,,Texas,48,Stephens County,429,,,,,,,,,,,,,,,.,.,,,,,,,,,,,,0500000US48429,,,48429,"Stephens County, Texas",3560,2798,762,"Stephens County, Texas",238,213,182,0.785955056179775,0.214044943820225
G4804310,2019-2023,TX,,,Texas,48,Sterling County,431,,,,,,,,,,,,,,,.,.,,,,,,,,,,,,0500000US48431,,,48431,"Sterling County, Texas",402,335,67,"Sterling County, Texas",61,65,33,0.833333333333333,0.166666666666667
G4804330,2019-2023,TX,,,Texas,48,Stonewall County,433,,,,,,,,,,,,,,,.,.,,,,,,,,,,,,0500000US48433,,,48433,"Stonewall County, Texas",476,409,67,"Stonewall County, Texas",75,64,39,0.859243697478992,0.140756302521008
G4804350,2019-2023,TX,,,Texas,48,Sutton County,435,,,,,,,,,,,,,,,.,.,,,,,,,,,,,,0500000US48435,,,48435,"Sutton County, Texas",1236,828,408,"Sutton County, Texas",171,162,117,0.669902912621359,0.330097087378641
G4804370,2019-2023,TX,,,Texas,48,Swisher County,437,,,,,,,,,,,,,,,.,.,,,,,,,,,,,,0500000US48437,,,48437,"Swisher County, Texas",2453,1620,833,"Swisher County, Texas",103,148,170,0.66041581736649,0.33958418263351
G4804390,2019-2023,TX,,,Texas,48,Tarrant County,439,,,,,,,,,,,,,,,.,.,,,,,,,,,,,,0500000US48439,,,48439,"Tarrant County, Texas",769285,456632,312653,"Tarrant County, Texas",2190,3903,3904,0.59357975262744,0.40642024737256
G4804410,2019-2023,TX,,,Texas,48,Taylor County,441,,,,,,,,,,,,,,,.,.,,,,,,,,,,,,0500000US48441,,,48441,"Taylor County, Texas",54390,32504,21886,"Taylor County, Texas",618,795,818,0.597609854752712,0.402390145247288
G4804430,2019-2023,TX,,,Texas,48,Terrell County,443,,,,,,,,,,,,,,,.,.,,,,,,,,,,,,0500000US48443,,,48443,"Terrell County, Texas",453,402,51,"Terrell County, Texas",117,111,43,0.887417218543046,0.112582781456954
G4804450,2019-2023,TX,,,Texas,48,Terry County,445,,,,,,,,,,,,,,,.,.,,,,,,,,,,,,0500000US48445,,,48445,"Terry County, Texas",4271,2767,1504,"Terry County, Texas",168,283,288,0.647857644579724,0.352142355420276
G4804470,2019-2023,TX,,,Texas,48,Throckmorton County,447,,,,,,,,,,,,,,,.,.,,,,,,,,,,,,0500000US48447,,,48447,"Throckmorton County, Texas",686,502,184,"Throckmorton County, Texas",73,61,61,0.731778425655977,0.268221574344023
G4804490,2019-2023,TX,,,Texas,48,Titus County,449,,,,,,,,,,,,,,,.,.,,,,,,,,,,,,0500000US48449,,,48449,"Titus County, Texas",11011,7597,3414,"Titus County, Texas",213,293,289,0.689946417219145,0.310053582780856
G4804510,2019-2023,TX,,,Texas,48,Tom Green County,451,,,,,,,,,,,,,,,.,.,,,,,,,,,,,,0500000US48451,,,48451,"Tom Green County, Texas",46094,30807,15287,"Tom Green County, Texas",633,885,973,0.668351629279299,0.331648370720701
G4804530,2019-2023,TX,,,Texas,48,Travis County,453,,,,,,,,,,,,,,,.,.,,,,,,,,,,,,0500000US48453,,,48453,"Travis County, Texas",561491,297755,263736,"Travis County, Texas",1859,3844,4189,0.530293450830022,0.469706549169978
G4804550,2019-2023,TX,,,Texas,48,Trinity County,455,,,,,,,,,,,,,,,.,.,,,,,,,,,,,,0500000US48455,,,48455,"Trinity County, Texas",6033,4682,1351,"Trinity County, Texas",298,291,235,0.776064975965523,0.223935024034477
G4804570,2019-2023,TX,,,Texas,48,Tyler County,457,,,,,,,,,,,,,,,.,.,,,,,,,,,,,,0500000US48457,,,48457,"Tyler County, Texas",7073,5574,1499,"Tyler County, Texas",231,259,220,0.788067298176163,0.211932701823837
G4804590,2019-2023,TX,,,Texas,48,Upshur County,459,,,,,,,,,,,,,,,.,.,,,,,,,,,,,,0500000US48459,,,48459,"Upshur County, Texas",15372,12185,3187,"Upshur County, Texas",414,477,379,0.792674993494666,0.207325006505334
G4804610,2019-2023,TX,,,Texas,48,Upton County,461,,,,,,,,,,,,,,,.,.,,,,,,,,,,,,0500000US48461,,,48461,"Upton County, Texas",1325,997,328,"Upton County, Texas",103,114,100,0.752452830188679,0.247547169811321
G4804630,2019-2023,TX,,,Texas,48,Uvalde County,463,,,,,,,,,,,,,,,.,.,,,,,,,,,,,,0500000US48463,,,48463,"Uvalde County, Texas",8422,5601,2821,"Uvalde County, Texas",281,420,420,0.665043932557587,0.334956067442413
G4804650,2019-2023,TX,,,Texas,48,Val Verde County,465,,,,,,,,,,,,,,,.,.,,,,,,,,,,,,0500000US48465,,,48465,"Val Verde County, Texas",16706,11168,5538,"Val Verde County, Texas",382,551,600,0.668502334490602,0.331497665509398
G4804670,2019-2023,TX,,,Texas,48,Van Zandt County,467,,,,,,,,,,,,,,,.,.,,,,,,,,,,,,0500000US48467,,,48467,"Van Zandt County, Texas",22555,18238,4317,"Van Zandt County, Texas",514,655,484,0.80860119707382,0.19139880292618
G4804690,2019-2023,TX,,,Texas,48,Victoria County,469,,,,,,,,,,,,,,,.,.,,,,,,,,,,,,0500000US48469,,,48469,"Victoria County, Texas",34142,23076,11066,"Victoria County, Texas",630,783,728,0.675883076562592,0.324116923437408
G4804710,2019-2023,TX,,,Texas,48,Walker County,471,,,,,,,,,,,,,,,.,.,,,,,,,,,,,,0500000US48471,,,48471,"Walker County, Texas",25180,14387,10793,"Walker County, Texas",595,661,690,0.571366163621922,0.428633836378078
G4804730,2019-2023,TX,,,Texas,48,Waller County,473,,,,,,,,,,,,,,,.,.,,,,,,,,,,,,0500000US48473,,,48473,"Waller County, Texas",17981,12685,5296,"Waller County, Texas",368,551,574,0.70546688170847,0.29453311829153
G4804750,2019-2023,TX,,,Texas,48,Ward County,475,,,,,,,,,,,,,,,.,.,,,,,,,,,,,,0500000US48475,,,48475,"Ward County, Texas",4345,3408,937,"Ward County, Texas",171,260,216,0.784349827387802,0.215650172612198
G4804770,2019-2023,TX,,,Texas,48,Washington County,477,,,,,,,,,,,,,,,.,.,,,,,,,,,,,,0500000US48477,,,48477,"Washington County, Texas",15277,11171,4106,"Washington County, Texas",373,548,470,0.731229953524907,0.268770046475093
G4804790,2019-2023,TX,,,Texas,48,Webb County,479,,,,,,,,,,,,,,,.,.,,,,,,,,,,,,0500000US48479,,,48479,"Webb County, Texas",79572,50841,28731,"Webb County, Texas",551,935,972,0.638930779671241,0.361069220328759
G4804810,2019-2023,TX,,,Texas,48,Wharton County,481,,,,,,,,,,,,,,,.,.,,,,,,,,,,,,0500000US48481,,,48481,"Wharton County, Texas",15422,10885,4537,"Wharton County, Texas",435,524,537,0.705809881986772,0.294190118013228
G4804830,2019-2023,TX,,,Texas,48,Wheeler County,483,,,,,,,,,,,,,,,.,.,,,,,,,,,,,,0500000US48483,,,48483,"Wheeler County, Texas",1849,1451,398,"Wheeler County, Texas",113,104,105,0.784748512709573,0.215251487290427
G4804850,2019-2023,TX,,,Texas,48,Wichita County,485,,,,,,,,,,,,,,,.,.,,,,,,,,,,,,0500000US48485,,,48485,"Wichita County, Texas",48935,30093,18842,"Wichita County, Texas",599,734,760,0.614958618575662,0.385041381424338
G4804870,2019-2023,TX,,,Texas,48,Wilbarger County,487,,,,,,,,,,,,,,,.,.,,,,,,,,,,,,0500000US48487,,,48487,"Wilbarger County, Texas",4737,2967,1770,"Wilbarger County, Texas",264,284,293,0.626345788473718,0.373654211526283
G4804890,2019-2023,TX,,,Texas,48,Willacy County,489,,,,,,,,,,,,,,,.,.,,,,,,,,,,,,0500000US48489,,,48489,"Willacy County, Texas",5671,4104,1567,"Willacy County, Texas",184,256,236,0.723681890319168,0.276318109680832
G4804910,2019-2023,TX,,,Texas,48,Williamson County,491,,,,,,,,,,,,,,,.,.,,,,,,,,,,,,0500000US48491,,,48491,"Williamson County, Texas",241754,162175,79579,"Williamson County, Texas",953,1941,1892,0.670826542683885,0.329173457316115
G4804930,2019-2023,TX,,,Texas,48,Wilson County,493,,,,,,,,,,,,,,,.,.,,,,,,,,,,,,0500000US48493,,,48493,"Wilson County, Texas",17785,15240,2545,"Wilson County, Texas",322,386,344,0.856901883609784,0.143098116390216
G4804950,2019-2023,TX,,,Texas,48,Winkler County,495,,,,,,,,,,,,,,,.,.,,,,,,,,,,,,0500000US48495,,,48495,"Winkler County, Texas",2781,2406,375,"Winkler County, Texas",135,164,148,0.865156418554477,0.134843581445523
G4804970,2019-2023,TX,,,Texas,48,Wise County,497,,,,,,,,,,,,,,,.,.,,,,,,,,,,,,0500000US48497,,,48497,"Wise County, Texas",24581,20289,4292,"Wise County, Texas",368,484,401,0.825393596680363,0.174606403319637
G4804990,2019-2023,TX,,,Texas,48,Wood County,499,,,,,,,,,,,,,,,.,.,,,,,,,,,,,,0500000US48499,,,48499,"Wood County, Texas",18221,14552,3669,"Wood County, Texas",497,570,522,0.798638933099171,0.201361066900829
G4805010,2019-2023,TX,,,Texas,48,Yoakum County,501,,,,,,,,,,,,,,,.,.,,,,,,,,,,,,0500000US48501,,,48501,"Yoakum County, Texas",2616,1973,643,"Yoakum County, Texas",163,209,202,0.754204892966361,0.245795107033639
G4805030,2019-2023,TX,,,Texas,48,Young County,503,,,,,,,,,,,,,,,.,.,,,,,,,,,,,,0500000US48503,,,48503,"Young County, Texas",7763,5647,2116,"Young County, Texas",204,275,245,0.727424964575551,0.272575035424449
G4805050,2019-2023,TX,,,Texas,48,Zapata County,505,,,,,,,,,,,,,,,.,.,,,,,,,,,,,,0500000US48505,,,48505,"Zapata County, Texas",4612,3442,1170,"Zapata County, Texas",258,258,251,0.746313963573287,0.253686036426713
G4805070,2019-2023,TX,,,Texas,48,Zavala County,507,,,,,,,,,,,,,,,.,.,,,,,,,,,,,,0500000US48507,,,48507,"Zavala County, Texas",3411,2421,990,"Zavala County, Texas",165,228,226,0.70976253298153,0.29023746701847
G4900010,2019-2023,UT,,,Utah,49,Beaver County,1,,,,,,,,,,,,,,,.,.,,,,,,,,,,,,0500000US49001,,,49001,"Beaver County, Utah",2386,1965,421,"Beaver County, Utah",121,163,130,0.823554065381391,0.176445934618609
G4900030,2019-2023,UT,,,Utah,49,Box Elder County,3,,,,,,,,,,,,,,,.,.,,,,,,,,,,,,0500000US49003,,,49003,"Box Elder County, Utah",19150,14499,4651,"Box Elder County, Utah",290,474,465,0.757127937336815,0.242872062663185
G4900050,2019-2023,UT,,,Utah,49,Cache County,5,,,,,,,,,,,,,,,.,.,,,,,,,,,,,,0500000US49005,,,49005,"Cache County, Utah",43118,27431,15687,"Cache County, Utah",347,547,644,0.636184424138411,0.363815575861589
G4900070,2019-2023,UT,,,Utah,49,Carbon County,7,,,,,,,,,,,,,,,.,.,,,,,,,,,,,,0500000US49007,,,49007,"Carbon County, Utah",8023,5465,2558,"Carbon County, Utah",206,251,247,0.681166645893057,0.318833354106943
G4900090,2019-2023,UT,,,Utah,49,Daggett County,9,,,,,,,,,,,,,,,.,.,,,,,,,,,,,,0500000US49009,,,49009,"Daggett County, Utah",262,217,45,"Daggett County, Utah",57,44,27,0.82824427480916,0.17175572519084
G4900110,2019-2023,UT,,,Utah,49,Davis County,11,,,,,,,,,,,,,,,.,.,,,,,,,,,,,,0500000US49011,,,49011,"Davis County, Utah",114674,88759,25915,"Davis County, Utah",693,1076,962,0.774011545773235,0.225988454226765
G4900130,2019-2023,UT,,,Utah,49,Duchesne County,13,,,,,,,,,,,,,,,.,.,,,,,,,,,,,,0500000US49013,,,49013,"Duchesne County, Utah",6714,5324,1390,"Duchesne County, Utah",148,155,139,0.792969913613345,0.207030086386655
G4900150,2019-2023,UT,,,Utah,49,Emery County,15,,,,,,,,,,,,,,,.,.,,,,,,,,,,,,0500000US49015,,,49015,"Emery County, Utah",3428,2727,701,"Emery County, Utah",117,131,100,0.795507584597433,0.204492415402567
G4900170,2019-2023,UT,,,Utah,49,Garfield County,17,,,,,,,,,,,,,,,.,.,,,,,,,,,,,,0500000US49017,,,49017,"Garfield County, Utah",2027,1490,537,"Garfield County, Utah",129,129,95,0.735076467686236,0.264923532313764
G4900190,2019-2023,UT,,,Utah,49,Grand County,19,,,,,,,,,,,,,,,.,.,,,,,,,,,,,,0500000US49019,,,49019,"Grand County, Utah",4466,3116,1350,"Grand County, Utah",219,279,266,0.697716077026422,0.302283922973578
G4900210,2019-2023,UT,,,Utah,49,Iron County,21,,,,,,,,,,,,,,,.,.,,,,,,,,,,,,0500000US49021,,,49021,"Iron County, Utah",19658,13255,6403,"Iron County, Utah",337,491,470,0.67428019127073,0.325719808729271
G4900230,2019-2023,UT,,,Utah,49,Juab County,23,,,,,,,,,,,,,,,.,.,,,,,,,,,,,,0500000US49023,,,49023,"Juab County, Utah",3756,3044,712,"Juab County, Utah",92,159,157,0.810436634717785,0.189563365282215
G4900250,2019-2023,UT,,,Utah,49,Kane County,25,,,,,,,,,,,,,,,.,.,,,,,,,,,,,,0500000US49025,,,49025,"Kane County, Utah",3192,2607,585,"Kane County, Utah",210,239,170,0.816729323308271,0.183270676691729
G4900270,2019-2023,UT,,,Utah,49,Millard County,27,,,,,,,,,,,,,,,.,.,,,,,,,,,,,,0500000US49027,,,49027,"Millard County, Utah",4267,3346,921,"Millard County, Utah",162,184,149,0.784157487696274,0.215842512303726
G4900290,2019-2023,UT,,,Utah,49,Morgan County,29,,,,,,,,,,,,,,,.,.,,,,,,,,,,,,0500000US49029,,,49029,"Morgan County, Utah",3605,3251,354,"Morgan County, Utah",150,166,123,0.901803051317614,0.0981969486823856
G4900310,2019-2023,UT,,,Utah,49,Piute County,31,,,,,,,,,,,,,,,.,.,,,,,,,,,,,,0500000US49031,,,49031,"Piute County, Utah",567,525,42,"Piute County, Utah",81,78,22,0.925925925925926,0.0740740740740741
G4900330,2019-2023,UT,,,Utah,49,Rich County,33,,,,,,,,,,,,,,,.,.,,,,,,,,,,,,0500000US49033,,,49033,"Rich County, Utah",817,657,160,"Rich County, Utah",81,81,58,0.804161566707466,0.195838433292534
G4900350,2019-2023,UT,,,Utah,49,Salt Lake County,35,,,,,,,,,,,,,,,.,.,,,,,,,,,,,,0500000US49035,,,49035,"Salt Lake County, Utah",416589,279101,137488,"Salt Lake County, Utah",1294,2413,2668,0.669967281901346,0.330032718098654
G4900370,2019-2023,UT,,,Utah,49,San Juan County,37,,,,,,,,,,,,,,,.,.,,,,,,,,,,,,0500000US49037,,,49037,"San Juan County, Utah",4650,3712,938,"San Juan County, Utah",116,160,135,0.798279569892473,0.201720430107527
G4900390,2019-2023,UT,,,Utah,49,Sanpete County,39,,,,,,,,,,,,,,,.,.,,,,,,,,,,,,0500000US49039,,,49039,"Sanpete County, Utah",8748,6691,2057,"Sanpete County, Utah",235,247,231,0.764860539551898,0.235139460448102
G4900410,2019-2023,UT,,,Utah,49,Sevier County,41,,,,,,,,,,,,,,,.,.,,,,,,,,,,,,0500000US49041,,,49041,"Sevier County, Utah",7393,5906,1487,"Sevier County, Utah",171,212,206,0.798863790071689,0.201136209928311
G4900430,2019-2023,UT,,,Utah,49,Summit County,43,,,,,,,,,,,,,,,.,.,,,,,,,,,,,,0500000US49043,,,49043,"Summit County, Utah",14477,11635,2842,"Summit County, Utah",413,437,350,0.803688609518547,0.196311390481453
G4900450,2019-2023,UT,,,Utah,49,Tooele County,45,,,,,,,,,,,,,,,.,.,,,,,,,,,,,,0500000US49045,,,49045,"Tooele County, Utah",23050,19048,4002,"Tooele County, Utah",264,466,457,0.826377440347072,0.173622559652928
G4900470,2019-2023,UT,,,Utah,49,Uintah County,47,,,,,,,,,,,,,,,.,.,,,,,,,,,,,,0500000US49047,,,49047,"Uintah County, Utah",11940,8602,3338,"Uintah County, Utah",304,387,392,0.720435510887772,0.279564489112228
G4900490,2019-2023,UT,,,Utah,49,Utah County,49,,,,,,,,,,,,,,,.,.,,,,,,,,,,,,0500000US49049,,,49049,"Utah County, Utah",195602,133266,62336,"Utah County, Utah",794,1325,1314,0.681312052024008,0.318687947975992
G4900510,2019-2023,UT,,,Utah,49,Wasatch County,51,,,,,,,,,,,,,,,.,.,,,,,,,,,,,,0500000US49051,,,49051,"Wasatch County, Utah",11985,9457,2528,"Wasatch County, Utah",314,414,379,0.78906967042136,0.21093032957864
G4900530,2019-2023,UT,,,Utah,49,Washington County,53,,,,,,,,,,,,,,,.,.,,,,,,,,,,,,0500000US49053,,,49053,"Washington County, Utah",66914,48574,18340,"Washington County, Utah",947,1061,909,0.725916848492094,0.274083151507906
G4900550,2019-2023,UT,,,Utah,49,Wayne County,55,,,,,,,,,,,,,,,.,.,,,,,,,,,,,,0500000US49055,,,49055,"Wayne County, Utah",1085,822,263,"Wayne County, Utah",96,92,90,0.757603686635945,0.242396313364055
G4900570,2019-2023,UT,,,Utah,49,Weber County,57,,,,,,,,,,,,,,,.,.,,,,,,,,,,,,0500000US49057,,,49057,"Weber County, Utah",92353,68853,23500,"Weber County, Utah",593,871,820,0.745541563349323,0.254458436650677
G5000010,2019-2023,VT,,,Vermont,50,Addison County,1,,,,,,,,,,,,,,,.,.,,,,,,,,,,,,0500000US50001,,,50001,"Addison County, Vermont",14638,11708,2930,"Addison County, Vermont",241,272,240,0.799836043175297,0.200163956824703
G5000030,2019-2023,VT,,,Vermont,50,Bennington County,3,,,,,,,,,,,,,,,.,.,,,,,,,,,,,,0500000US50003,,,50003,"Bennington County, Vermont",14636,11074,3562,"Bennington County, Vermont",360,397,384,0.756627493850779,0.243372506149221
G5000050,2019-2023,VT,,,Vermont,50,Caledonia County,5,,,,,,,,,,,,,,,.,.,,,,,,,,,,,,0500000US50005,,,50005,"Caledonia County, Vermont",12877,10066,2811,"Caledonia County, Vermont",249,285,278,0.781703812999922,0.218296187000078
G5000070,2019-2023,VT,,,Vermont,50,Chittenden County,7,,,,,,,,,,,,,,,.,.,,,,,,,,,,,,0500000US50007,,,50007,"Chittenden County, Vermont",70443,44771,25672,"Chittenden County, Vermont",586,889,841,0.635563505245376,0.364436494754624
G5000090,2019-2023,VT,,,Vermont,50,Essex County,9,,,,,,,,,,,,,,,.,.,,,,,,,,,,,,0500000US50009,,,50009,"Essex County, Vermont",2729,2270,459,"Essex County, Vermont",135,139,93,0.831806522535727,0.168193477464273
G5000110,2019-2023,VT,,,Vermont,50,Franklin County,11,,,,,,,,,,,,,,,.,.,,,,,,,,,,,,0500000US50011,,,50011,"Franklin County, Vermont",19605,15288,4317,"Franklin County, Vermont",400,505,355,0.779801071155318,0.220198928844682
G5000130,2019-2023,VT,,,Vermont,50,Grand Isle County,13,,,,,,,,,,,,,,,.,.,,,,,,,,,,,,0500000US50013,,,50013,"Grand Isle County, Vermont",3078,2798,280,"Grand Isle County, Vermont",128,117,68,0.9090318388564,0.0909681611435997
G5000150,2019-2023,VT,,,Vermont,50,Lamoille County,15,,,,,,,,,,,,,,,.,.,,,,,,,,,,,,0500000US50015,,,50015,"Lamoille County, Vermont",11424,8309,3115,"Lamoille County, Vermont",401,387,360,0.727328431372549,0.272671568627451
G5000170,2019-2023,VT,,,Vermont,50,Orange County,17,,,,,,,,,,,,,,,.,.,,,,,,,,,,,,0500000US50017,,,50017,"Orange County, Vermont",12790,10421,2369,"Orange County, Vermont",225,285,298,0.8147771696638,0.1852228303362
G5000190,2019-2023,VT,,,Vermont,50,Orleans County,19,,,,,,,,,,,,,,,.,.,,,,,,,,,,,,0500000US50019,,,50019,"Orleans County, Vermont",11791,9426,2365,"Orleans County, Vermont",296,264,236,0.799423288949199,0.200576711050801
G5000210,2019-2023,VT,,,Vermont,50,Rutland County,21,,,,,,,,,,,,,,,.,.,,,,,,,,,,,,0500000US50021,,,50021,"Rutland County, Vermont",25448,18496,6952,"Rutland County, Vermont",425,524,534,0.726815466834329,0.273184533165671
G5000230,2019-2023,VT,,,Vermont,50,Washington County,23,,,,,,,,,,,,,,,.,.,,,,,,,,,,,,0500000US50023,,,50023,"Washington County, Vermont",25474,18611,6863,"Washington County, Vermont",375,481,481,0.730588050561357,0.269411949438643
G5000250,2019-2023,VT,,,Vermont,50,Windham County,25,,,,,,,,,,,,,,,.,.,,,,,,,,,,,,0500000US50025,,,50025,"Windham County, Vermont",19660,14306,5354,"Windham County, Vermont",410,442,384,0.727670396744659,0.272329603255341
G5000270,2019-2023,VT,,,Vermont,50,Windsor County,27,,,,,,,,,,,,,,,.,.,,,,,,,,,,,,0500000US50027,,,50027,"Windsor County, Vermont",24873,18618,6255,"Windsor County, Vermont",442,470,457,0.748522494270896,0.251477505729104
G5100010,2019-2023,VA,,,Virginia,51,Accomack County,1,,,,,,,,,,,,,,,.,.,,,,,,,,,,,,0500000US51001,,,51001,"Accomack County, Virginia",14302,10081,4221,"Accomack County, Virginia",503,450,507,0.704866452244441,0.295133547755559
G5100030,2019-2023,VA,,,Virginia,51,Albemarle County,3,,,,,,,,,,,,,,,.,.,,,,,,,,,,,,0500000US51003,,,51003,"Albemarle County, Virginia",45064,29720,15344,"Albemarle County, Virginia",398,696,710,0.659506479673353,0.340493520326647
G5100050,2019-2023,VA,,,Virginia,51,Alleghany County,5,,,,,,,,,,,,,,,.,.,,,,,,,,,,,,0500000US51005,,,51005,"Alleghany County, Virginia",6292,5070,1222,"Alleghany County, Virginia",239,250,194,0.805785123966942,0.194214876033058
G5100070,2019-2023,VA,,,Virginia,51,Amelia County,7,,,,,,,,,,,,,,,.,.,,,,,,,,,,,,0500000US51007,,,51007,"Amelia County, Virginia",5285,4289,996,"Amelia County, Virginia",181,331,316,0.811542100283822,0.188457899716178
G5100090,2019-2023,VA,,,Virginia,51,Amherst County,9,,,,,,,,,,,,,,,.,.,,,,,,,,,,,,0500000US51009,,,51009,"Amherst County, Virginia",12702,9959,2743,"Amherst County, Virginia",319,414,364,0.784049755943946,0.215950244056054
G5100110,2019-2023,VA,,,Virginia,51,Appomattox County,11,,,,,,,,,,,,,,,.,.,,,,,,,,,,,,0500000US51011,,,51011,"Appomattox County, Virginia",6563,5092,1471,"Appomattox County, Virginia",205,285,266,0.77586469602316,0.22413530397684
G5100130,2019-2023,VA,,,Virginia,51,Arlington County,13,,,,,,,,,,,,,,,.,.,,,,,,,,,,,,0500000US51013,,,51013,"Arlington County, Virginia",111530,46670,64860,"Arlington County, Virginia",973,1069,995,0.418452434322604,0.581547565677396
G5100150,2019-2023,VA,,,Virginia,51,Augusta County,15,,,,,,,,,,,,,,,.,.,,,,,,,,,,,,0500000US51015,,,51015,"Augusta County, Virginia",30644,24192,6452,"Augusta County, Virginia",429,635,647,0.789453074011226,0.210546925988774
G5100170,2019-2023,VA,,,Virginia,51,Bath County,17,,,,,,,,,,,,,,,.,.,,,,,,,,,,,,0500000US51017,,,51017,"Bath County, Virginia",1781,1343,438,"Bath County, Virginia",144,174,115,0.754070746771477,0.245929253228523
G5100190,2019-2023,VA,,,Virginia,51,Bedford County,19,,,,,,,,,,,,,,,.,.,,,,,,,,,,,,0500000US51019,,,51019,"Bedford County, Virginia",32698,27536,5162,"Bedford County, Virginia",526,576,482,0.842131017187596,0.157868982812404
G5100210,2019-2023,VA,,,Virginia,51,Bland County,21,,,,,,,,,,,,,,,.,.,,,,,,,,,,,,0500000US51021,,,51021,"Bland County, Virginia",2345,1896,449,"Bland County, Virginia",169,193,135,0.808528784648188,0.191471215351812
G5100230,2019-2023,VA,,,Virginia,51,Botetourt County,23,,,,,,,,,,,,,,,.,.,,,,,,,,,,,,0500000US51023,,,51023,"Botetourt County, Virginia",13105,11245,1860,"Botetourt County, Virginia",319,387,257,0.858069439145364,0.141930560854636
G5100250,2019-2023,VA,,,Virginia,51,Brunswick County,25,,,,,,,,,,,,,,,.,.,,,,,,,,,,,,0500000US51025,,,51025,"Brunswick County, Virginia",6390,4635,1755,"Brunswick County, Virginia",258,233,273,0.725352112676056,0.274647887323944
G5100270,2019-2023,VA,,,Virginia,51,Buchanan County,27,,,,,,,,,,,,,,,.,.,,,,,,,,,,,,0500000US51027,,,51027,"Buchanan County, Virginia",7351,6038,1313,"Buchanan County, Virginia",342,334,240,0.821384845599238,0.178615154400762
G5100290,2019-2023,VA,,,Virginia,51,Buckingham County,29,,,,,,,,,,,,,,,.,.,,,,,,,,,,,,0500000US51029,,,51029,"Buckingham County, Virginia",6062,4633,1429,"Buckingham County, Virginia",192,222,225,0.764269218079842,0.235730781920158
G5100310,2019-2023,VA,,,Virginia,51,Campbell County,31,,,,,,,,,,,,,,,.,.,,,,,,,,,,,,0500000US51031,,,51031,"Campbell County, Virginia",22080,16677,5403,"Campbell County, Virginia",469,543,546,0.755298913043478,0.244701086956522
G5100330,2019-2023,VA,,,Virginia,51,Caroline County,33,,,,,,,,,,,,,,,.,.,,,,,,,,,,,,0500000US51033,,,51033,"Caroline County, Virginia",11680,9548,2132,"Caroline County, Virginia",291,384,354,0.817465753424658,0.182534246575342
G5100350,2019-2023,VA,,,Virginia,51,Carroll County,35,,,,,,,,,,,,,,,.,.,,,,,,,,,,,,0500000US51035,,,51035,"Carroll County, Virginia",12493,9724,2769,"Carroll County, Virginia",486,490,388,0.778355879292404,0.221644120707596
G5100360,2019-2023,VA,,,Virginia,51,Charles City County,36,,,,,,,,,,,,,,,.,.,,,,,,,,,,,,0500000US51036,,,51036,"Charles City County, Virginia",2947,2527,420,"Charles City County, Virginia",74,89,74,0.857482185273159,0.142517814726841
G5100370,2019-2023,VA,,,Virginia,51,Charlotte County,37,,,,,,,,,,,,,,,.,.,,,,,,,,,,,,0500000US51037,,,51037,"Charlotte County, Virginia",4621,3287,1334,"Charlotte County, Virginia",214,272,223,0.711317896559186,0.288682103440814
G5100410,2019-2023,VA,,,Virginia,51,Chesterfield County,41,,,,,,,,,,,,,,,.,.,,,,,,,,,,,,0500000US51041,,,51041,"Chesterfield County, Virginia",136996,105903,31093,"Chesterfield County, Virginia",606,1337,1301,0.773037168968437,0.226962831031563
G5100430,2019-2023,VA,,,Virginia,51,Clarke County,43,,,,,,,,,,,,,,,.,.,,,,,,,,,,,,0500000US51043,,,51043,"Clarke County, Virginia",5651,4638,1013,"Clarke County, Virginia",240,248,211,0.820739692089896,0.179260307910104
G5100450,2019-2023,VA,,,Virginia,51,Craig County,45,,,,,,,,,,,,,,,.,.,,,,,,,,,,,,0500000US51045,,,51045,"Craig County, Virginia",1752,1455,297,"Craig County, Virginia",220,204,151,0.830479452054795,0.169520547945206
G5100470,2019-2023,VA,,,Virginia,51,Culpeper County,47,,,,,,,,,,,,,,,.,.,,,,,,,,,,,,0500000US51047,,,51047,"Culpeper County, Virginia",18584,13848,4736,"Culpeper County, Virginia",320,494,465,0.745157124408093,0.254842875591907
G5100490,2019-2023,VA,,,Virginia,51,Cumberland County,49,,,,,,,,,,,,,,,.,.,,,,,,,,,,,,0500000US51049,,,51049,"Cumberland County, Virginia",4175,3150,1025,"Cumberland County, Virginia",180,209,196,0.754491017964072,0.245508982035928
G5100510,2019-2023,VA,,,Virginia,51,Dickenson County,51,,,,,,,,,,,,,,,.,.,,,,,,,,,,,,0500000US51051,,,51051,"Dickenson County, Virginia",5717,4265,1452,"Dickenson County, Virginia",234,308,243,0.746020640195907,0.253979359804093
G5100530,2019-2023,VA,,,Virginia,51,Dinwiddie County,53,,,,,,,,,,,,,,,.,.,,,,,,,,,,,,0500000US51053,,,51053,"Dinwiddie County, Virginia",10427,8159,2268,"Dinwiddie County, Virginia",346,501,396,0.782487772130047,0.217512227869953
G5100570,2019-2023,VA,,,Virginia,51,Essex County,57,,,,,,,,,,,,,,,.,.,,,,,,,,,,,,0500000US51057,,,51057,"Essex County, Virginia",4396,3031,1365,"Essex County, Virginia",207,224,255,0.689490445859873,0.310509554140127
G5100590,2019-2023,VA,,,Virginia,51,Fairfax County,59,,,,,,,,,,,,,,,.,.,,,,,,,,,,,,0500000US51059,,,51059,"Fairfax County, Virginia",412663,282039,130624,"Fairfax County, Virginia",1185,2465,2335,0.683460838505027,0.316539161494973
G5100610,2019-2023,VA,,,Virginia,51,Fauquier County,61,,,,,,,,,,,,,,,.,.,,,,,,,,,,,,0500000US51061,,,51061,"Fauquier County, Virginia",26266,20522,5744,"Fauquier County, Virginia",373,481,541,0.781314246554481,0.218685753445519
G5100630,2019-2023,VA,,,Virginia,51,Floyd County,63,,,,,,,,,,,,,,,.,.,,,,,,,,,,,,0500000US51063,,,51063,"Floyd County, Virginia",6649,5582,1067,"Floyd County, Virginia",257,295,256,0.839524740562491,0.160475259437509
G5100650,2019-2023,VA,,,Virginia,51,Fluvanna County,65,,,,,,,,,,,,,,,.,.,,,,,,,,,,,,0500000US51065,,,51065,"Fluvanna County, Virginia",10251,9063,1188,"Fluvanna County, Virginia",255,359,281,0.884108867427568,0.115891132572432
G5100670,2019-2023,VA,,,Virginia,51,Franklin County,67,,,,,,,,,,,,,,,.,.,,,,,,,,,,,,0500000US51067,,,51067,"Franklin County, Virginia",22484,17922,4562,"Franklin County, Virginia",541,630,549,0.797100160113859,0.202899839886141
G5100690,2019-2023,VA,,,Virginia,51,Frederick County,69,,,,,,,,,,,,,,,.,.,,,,,,,,,,,,0500000US51069,,,51069,"Frederick County, Virginia",34338,26791,7547,"Frederick County, Virginia",355,714,647,0.780214339798474,0.219785660201526
G5100710,2019-2023,VA,,,Virginia,51,Giles County,71,,,,,,,,,,,,,,,.,.,,,,,,,,,,,,0500000US51071,,,51071,"Giles County, Virginia",6769,5339,1430,"Giles County, Virginia",271,315,272,0.788742798049934,0.211257201950066
G5100730,2019-2023,VA,,,Virginia,51,Gloucester County,73,,,,,,,,,,,,,,,.,.,,,,,,,,,,,,0500000US51073,,,51073,"Gloucester County, Virginia",15111,12064,3047,"Gloucester County, Virginia",448,470,440,0.798358811461849,0.201641188538151
G5100750,2019-2023,VA,,,Virginia,51,Goochland County,75,,,,,,,,,,,,,,,.,.,,,,,,,,,,,,0500000US51075,,,51075,"Goochland County, Virginia",10013,8646,1367,"Goochland County, Virginia",235,261,254,0.86347747927694,0.13652252072306
G5100770,2019-2023,VA,,,Virginia,51,Grayson County,77,,,,,,,,,,,,,,,.,.,,,,,,,,,,,,0500000US51077,,,51077,"Grayson County, Virginia",6202,5080,1122,"Grayson County, Virginia",270,251,206,0.819090615930345,0.180909384069655
G5100790,2019-2023,VA,,,Virginia,51,Greene County,79,,,,,,,,,,,,,,,.,.,,,,,,,,,,,,0500000US51079,,,51079,"Greene County, Virginia",7912,6296,1616,"Greene County, Virginia",281,330,325,0.795753286147624,0.204246713852376
G5100810,2019-2023,VA,,,Virginia,51,Greensville County,81,,,,,,,,,,,,,,,.,.,,,,,,,,,,,,0500000US51081,,,51081,"Greensville County, Virginia",3092,2132,960,"Greensville County, Virginia",180,194,168,0.689521345407503,0.310478654592497
G5100830,2019-2023,VA,,,Virginia,51,Halifax County,83,,,,,,,,,,,,,,,.,.,,,,,,,,,,,,0500000US51083,,,51083,"Halifax County, Virginia",13673,9648,4025,"Halifax County, Virginia",373,410,411,0.705624222921085,0.294375777078915
G5100850,2019-2023,VA,,,Virginia,51,Hanover County,85,,,,,,,,,,,,,,,.,.,,,,,,,,,,,,0500000US51085,,,51085,"Hanover County, Virginia",42012,34790,7222,"Hanover County, Virginia",403,659,625,0.8280967342664,0.1719032657336
G5100870,2019-2023,VA,,,Virginia,51,Henrico County,87,,,,,,,,,,,,,,,.,.,,,,,,,,,,,,0500000US51087,,,51087,"Henrico County, Virginia",135599,87622,47977,"Henrico County, Virginia",854,1330,1229,0.646184706376891,0.353815293623109
G5100890,2019-2023,VA,,,Virginia,51,Henry County,89,,,,,,,,,,,,,,,.,.,,,,,,,,,,,,0500000US51089,,,51089,"Henry County, Virginia",20503,15601,4902,"Henry County, Virginia",535,617,531,0.76091303711652,0.23908696288348
G5100910,2019-2023,VA,,,Virginia,51,Highland County,91,,,,,,,,,,,,,,,.,.,,,,,,,,,,,,0500000US51091,,,51091,"Highland County, Virginia",1003,884,119,"Highland County, Virginia",106,89,59,0.88135593220339,0.11864406779661
G5100930,2019-2023,VA,,,Virginia,51,Isle of Wight County,93,,,,,,,,,,,,,,,.,.,,,,,,,,,,,,0500000US51093,,,51093,"Isle of Wight County, Virginia",15426,12545,2881,"Isle of Wight County, Virginia",283,361,370,0.813237391417088,0.186762608582912
G5100950,2019-2023,VA,,,Virginia,51,James City County,95,,,,,,,,,,,,,,,.,.,,,,,,,,,,,,0500000US51095,,,51095,"James City County, Virginia",31351,24720,6631,"James City County, Virginia",503,578,584,0.788491595164429,0.211508404835571
G5100970,2019-2023,VA,,,Virginia,51,King and Queen County,97,,,,,,,,,,,,,,,.,.,,,,,,,,,,,,0500000US51097,,,51097,"King and Queen County, Virginia",2814,2178,636,"King and Queen County, Virginia",159,179,144,0.773987206823028,0.226012793176972
G5100990,2019-2023,VA,,,Virginia,51,King George County,99,,,,,,,,,,,,,,,.,.,,,,,,,,,,,,0500000US51099,,,51099,"King George County, Virginia",9877,7517,2360,"King George County, Virginia",188,316,316,0.761061050926395,0.238938949073605
G5101010,2019-2023,VA,,,Virginia,51,King William County,101,,,,,,,,,,,,,,,.,.,,,,,,,,,,,,0500000US51101,,,51101,"King William County, Virginia",7115,6318,797,"King William County, Virginia",174,226,213,0.887983134223472,0.112016865776528
G5101030,2019-2023,VA,,,Virginia,51,Lancaster County,103,,,,,,,,,,,,,,,.,.,,,,,,,,,,,,0500000US51103,,,51103,"Lancaster County, Virginia",5468,4364,1104,"Lancaster County, Virginia",235,212,199,0.798098024871982,0.201901975128018
G5101050,2019-2023,VA,,,Virginia,51,Lee County,105,,,,,,,,,,,,,,,.,.,,,,,,,,,,,,0500000US51105,,,51105,"Lee County, Virginia",8446,6242,2204,"Lee County, Virginia",348,401,314,0.739048070092351,0.260951929907649
G5101070,2019-2023,VA,,,Virginia,51,Loudoun County,107,,,,,,,,,,,,,,,.,.,,,,,,,,,,,,0500000US51107,,,51107,"Loudoun County, Virginia",140823,109723,31100,"Loudoun County, Virginia",521,1040,1012,0.779155393650185,0.220844606349815
G5101090,2019-2023,VA,,,Virginia,51,Louisa County,109,,,,,,,,,,,,,,,.,.,,,,,,,,,,,,0500000US51109,,,51109,"Louisa County, Virginia",15211,12355,2856,"Louisa County, Virginia",369,442,349,0.812241141279337,0.187758858720663
G5101110,2019-2023,VA,,,Virginia,51,Lunenburg County,111,,,,,,,,,,,,,,,.,.,,,,,,,,,,,,0500000US51111,,,51111,"Lunenburg County, Virginia",4669,3358,1311,"Lunenburg County, Virginia",229,220,250,0.719211822660099,0.280788177339901
G5101130,2019-2023,VA,,,Virginia,51,Madison County,113,,,,,,,,,,,,,,,.,.,,,,,,,,,,,,0500000US51113,,,51113,"Madison County, Virginia",5392,4290,1102,"Madison County, Virginia",178,250,240,0.795623145400593,0.204376854599407
G5101150,2019-2023,VA,,,Virginia,51,Mathews County,115,,,,,,,,,,,,,,,.,.,,,,,,,,,,,,0500000US51115,,,51115,"Mathews County, Virginia",3767,3225,542,"Mathews County, Virginia",317,307,189,0.856118927528537,0.143881072471463
G5101170,2019-2023,VA,,,Virginia,51,Mecklenburg County,117,,,,,,,,,,,,,,,.,.,,,,,,,,,,,,0500000US51117,,,51117,"Mecklenburg County, Virginia",13395,9635,3760,"Mecklenburg County, Virginia",476,426,472,0.719298245614035,0.280701754385965
G5101190,2019-2023,VA,,,Virginia,51,Middlesex County,119,,,,,,,,,,,,,,,.,.,,,,,,,,,,,,0500000US51119,,,51119,"Middlesex County, Virginia",4733,4056,677,"Middlesex County, Virginia",269,248,165,0.856961757870273,0.143038242129727
G5101210,2019-2023,VA,,,Virginia,51,Montgomery County,121,,,,,,,,,,,,,,,.,.,,,,,,,,,,,,0500000US51121,,,51121,"Montgomery County, Virginia",36731,20105,16626,"Montgomery County, Virginia",646,690,849,0.547357817647219,0.452642182352781
G5101250,2019-2023,VA,,,Virginia,51,Nelson County,125,,,,,,,,,,,,,,,.,.,,,,,,,,,,,,0500000US51125,,,51125,"Nelson County, Virginia",6470,5124,1346,"Nelson County, Virginia",318,358,315,0.791962905718702,0.208037094281298
G5101270,2019-2023,VA,,,Virginia,51,New Kent County,127,,,,,,,,,,,,,,,.,.,,,,,,,,,,,,0500000US51127,,,51127,"New Kent County, Virginia",9034,8321,713,"New Kent County, Virginia",245,309,220,0.921075935355324,0.0789240646446757
G5101310,2019-2023,VA,,,Virginia,51,Northampton County,131,,,,,,,,,,,,,,,.,.,,,,,,,,,,,,0500000US51131,,,51131,"Northampton County, Virginia",5338,3481,1857,"Northampton County, Virginia",214,253,260,0.6521168977145,0.3478831022855
G5101330,2019-2023,VA,,,Virginia,51,Northumberland County,133,,,,,,,,,,,,,,,.,.,,,,,,,,,,,,0500000US51133,,,51133,"Northumberland County, Virginia",5436,4854,582,"Northumberland County, Virginia",340,337,182,0.892935982339956,0.107064017660044
G5101350,2019-2023,VA,,,Virginia,51,Nottoway County,135,,,,,,,,,,,,,,,.,.,,,,,,,,,,,,0500000US51135,,,51135,"Nottoway County, Virginia",5492,3803,1689,"Nottoway County, Virginia",246,231,240,0.692461762563729,0.307538237436271
G5101370,2019-2023,VA,,,Virginia,51,Orange County,137,,,,,,,,,,,,,,,.,.,,,,,,,,,,,,0500000US51137,,,51137,"Orange County, Virginia",14667,11411,3256,"Orange County, Virginia",350,514,454,0.778005045339879,0.221994954660121
G5101390,2019-2023,VA,,,Virginia,51,Page County,139,,,,,,,,,,,,,,,.,.,,,,,,,,,,,,0500000US51139,,,51139,"Page County, Virginia",9509,6926,2583,"Page County, Virginia",357,417,331,0.728362603848985,0.271637396151015
G5101410,2019-2023,VA,,,Virginia,51,Patrick County,141,,,,,,,,,,,,,,,.,.,,,,,,,,,,,,0500000US51141,,,51141,"Patrick County, Virginia",7797,6018,1779,"Patrick County, Virginia",335,342,316,0.771835321277414,0.228164678722586
G5101430,2019-2023,VA,,,Virginia,51,Pittsylvania County,143,,,,,,,,,,,,,,,.,.,,,,,,,,,,,,0500000US51143,,,51143,"Pittsylvania County, Virginia",24633,19397,5236,"Pittsylvania County, Virginia",491,630,517,0.78743961352657,0.21256038647343
G5101450,2019-2023,VA,,,Virginia,51,Powhatan County,145,,,,,,,,,,,,,,,.,.,,,,,,,,,,,,0500000US51145,,,51145,"Powhatan County, Virginia",11151,10387,764,"Powhatan County, Virginia",236,278,245,0.93148596538427,0.0685140346157295
G5101470,2019-2023,VA,,,Virginia,51,Prince Edward County,147,,,,,,,,,,,,,,,.,.,,,,,,,,,,,,0500000US51147,,,51147,"Prince Edward County, Virginia",7560,4532,3028,"Prince Edward County, Virginia",349,292,362,0.5994708994709,0.400529100529101
G5101490,2019-2023,VA,,,Virginia,51,Prince George County,149,,,,,,,,,,,,,,,.,.,,,,,,,,,,,,0500000US51149,,,51149,"Prince George County, Virginia",12718,9402,3316,"Prince George County, Virginia",262,425,394,0.739267180374273,0.260732819625727
G5101530,2019-2023,VA,,,Virginia,51,Prince William County,153,,,,,,,,,,,,,,,.,.,,,,,,,,,,,,0500000US51153,,,51153,"Prince William County, Virginia",154609,115001,39608,"Prince William County, Virginia",663,1631,1396,0.743818277073133,0.256181722926867
G5101550,2019-2023,VA,,,Virginia,51,Pulaski County,155,,,,,,,,,,,,,,,.,.,,,,,,,,,,,,0500000US51155,,,51155,"Pulaski County, Virginia",14386,10380,4006,"Pulaski County, Virginia",367,403,407,0.721534825524816,0.278465174475184
G5101570,2019-2023,VA,,,Virginia,51,Rappahannock County,157,,,,,,,,,,,,,,,.,.,,,,,,,,,,,,0500000US51157,,,51157,"Rappahannock County, Virginia",2861,2228,633,"Rappahannock County, Virginia",188,197,155,0.778748689269486,0.221251310730514
G5101590,2019-2023,VA,,,Virginia,51,Richmond County,159,,,,,,,,,,,,,,,.,.,,,,,,,,,,,,0500000US51159,,,51159,"Richmond County, Virginia",2931,2067,864,"Richmond County, Virginia",201,233,228,0.705220061412487,0.294779938587513
G5101610,2019-2023,VA,,,Virginia,51,Roanoke County,161,,,,,,,,,,,,,,,.,.,,,,,,,,,,,,0500000US51161,,,51161,"Roanoke County, Virginia",39231,29919,9312,"Roanoke County, Virginia",457,653,577,0.76263669037241,0.23736330962759
G5101630,2019-2023,VA,,,Virginia,51,Rockbridge County,163,,,,,,,,,,,,,,,.,.,,,,,,,,,,,,0500000US51163,,,51163,"Rockbridge County, Virginia",9552,7492,2060,"Rockbridge County, Virginia",285,378,327,0.784338358458962,0.215661641541039
G5101650,2019-2023,VA,,,Virginia,51,Rockingham County,165,,,,,,,,,,,,,,,.,.,,,,,,,,,,,,0500000US51165,,,51165,"Rockingham County, Virginia",32048,24093,7955,"Rockingham County, Virginia",419,555,452,0.75177858212681,0.24822141787319
G5101670,2019-2023,VA,,,Virginia,51,Russell County,167,,,,,,,,,,,,,,,.,.,,,,,,,,,,,,0500000US51167,,,51167,"Russell County, Virginia",10470,7936,2534,"Russell County, Virginia",321,353,322,0.757975167144222,0.242024832855778
G5101690,2019-2023,VA,,,Virginia,51,Scott County,169,,,,,,,,,,,,,,,.,.,,,,,,,,,,,,0500000US51169,,,51169,"Scott County, Virginia",8951,7011,1940,"Scott County, Virginia",295,296,258,0.783264439727405,0.216735560272595
G5101710,2019-2023,VA,,,Virginia,51,Shenandoah County,171,,,,,,,,,,,,,,,.,.,,,,,,,,,,,,0500000US51171,,,51171,"Shenandoah County, Virginia",17782,12877,4905,"Shenandoah County, Virginia",373,402,479,0.724159262175233,0.275840737824767
G5101730,2019-2023,VA,,,Virginia,51,Smyth County,173,,,,,,,,,,,,,,,.,.,,,,,,,,,,,,0500000US51173,,,51173,"Smyth County, Virginia",12530,8880,3650,"Smyth County, Virginia",338,363,363,0.708699122106943,0.291300877893057
G5101750,2019-2023,VA,,,Virginia,51,Southampton County,175,,,,,,,,,,,,,,,.,.,,,,,,,,,,,,0500000US51175,,,51175,"Southampton County, Virginia",6887,5152,1735,"Southampton County, Virginia",205,290,288,0.748076085378249,0.251923914621751
G5101770,2019-2023,VA,,,Virginia,51,Spotsylvania County,177,,,,,,,,,,,,,,,.,.,,,,,,,,,,,,0500000US51177,,,51177,"Spotsylvania County, Virginia",51289,40850,10439,"Spotsylvania County, Virginia",430,794,770,0.796467078710835,0.203532921289165
G5101790,2019-2023,VA,,,Virginia,51,Stafford County,179,,,,,,,,,,,,,,,.,.,,,,,,,,,,,,0500000US51179,,,51179,"Stafford County, Virginia",51309,41472,9837,"Stafford County, Virginia",417,680,651,0.808279249254517,0.191720750745483
G5101810,2019-2023,VA,,,Virginia,51,Surry County,181,,,,,,,,,,,,,,,.,.,,,,,,,,,,,,0500000US51181,,,51181,"Surry County, Virginia",2755,2210,545,"Surry County, Virginia",143,124,140,0.802177858439201,0.197822141560799
G5101830,2019-2023,VA,,,Virginia,51,Sussex County,183,,,,,,,,,,,,,,,.,.,,,,,,,,,,,,0500000US51183,,,51183,"Sussex County, Virginia",3705,2567,1138,"Sussex County, Virginia",188,205,213,0.692847503373819,0.307152496626181
G5101850,2019-2023,VA,,,Virginia,51,Tazewell County,185,,,,,,,,,,,,,,,.,.,,,,,,,,,,,,0500000US51185,,,51185,"Tazewell County, Virginia",15951,11652,4299,"Tazewell County, Virginia",411,498,441,0.730487116795185,0.269512883204815
G5101870,2019-2023,VA,,,Virginia,51,Warren County,187,,,,,,,,,,,,,,,.,.,,,,,,,,,,,,0500000US51187,,,51187,"Warren County, Virginia",15357,11699,3658,"Warren County, Virginia",348,453,485,0.761802435371492,0.238197564628508
G5101910,2019-2023,VA,,,Virginia,51,Washington County,191,,,,,,,,,,,,,,,.,.,,,,,,,,,,,,0500000US51191,,,51191,"Washington County, Virginia",22118,16770,5348,"Washington County, Virginia",342,440,442,0.75820598607469,0.24179401392531
G5101930,2019-2023,VA,,,Virginia,51,Westmoreland County,193,,,,,,,,,,,,,,,.,.,,,,,,,,,,,,0500000US51193,,,51193,"Westmoreland County, Virginia",8029,6348,1681,"Westmoreland County, Virginia",420,431,327,0.790633951924275,0.209366048075726
G5101950,2019-2023,VA,,,Virginia,51,Wise County,195,,,,,,,,,,,,,,,.,.,,,,,,,,,,,,0500000US51195,,,51195,"Wise County, Virginia",14055,10419,3636,"Wise County, Virginia",342,398,354,0.741302027748132,0.258697972251868
G5101970,2019-2023,VA,,,Virginia,51,Wythe County,197,,,,,,,,,,,,,,,.,.,,,,,,,,,,,,0500000US51197,,,51197,"Wythe County, Virginia",12396,9493,2903,"Wythe County, Virginia",324,322,342,0.765811552113585,0.234188447886415
G5101990,2019-2023,VA,,,Virginia,51,York County,199,,,,,,,,,,,,,,,.,.,,,,,,,,,,,,0500000US51199,,,51199,"York County, Virginia",26445,18824,7621,"York County, Virginia",300,440,447,0.711816978634903,0.288183021365097
G5105100,2019-2023,VA,,,Virginia,51,Alexandria city,510,,,,,,,,,,,,,,,.,.,,,,,,,,,,,,0500000US51510,,,51510,"Alexandria city, Virginia",75349,31674,43675,"Alexandria city, Virginia",514,781,824,0.420363906621189,0.579636093378811
G5105200,2019-2023,VA,,,Virginia,51,Bristol city,520,,,,,,,,,,,,,,,.,.,,,,,,,,,,,,0500000US51520,,,51520,"Bristol city, Virginia",7327,4627,2700,"Bristol city, Virginia",265,335,372,0.631499931759247,0.368500068240753
G5105300,2019-2023,VA,,,Virginia,51,Buena Vista city,530,,,,,,,,,,,,,,,.,.,,,,,,,,,,,,0500000US51530,,,51530,"Buena Vista city, Virginia",2611,1493,1118,"Buena Vista city, Virginia",153,244,238,0.571811566449636,0.428188433550364
G5105400,2019-2023,VA,,,Virginia,51,Charlottesville city,540,,,,,,,,,,,,,,,.,.,,,,,,,,,,,,0500000US51540,,,51540,"Charlottesville city, Virginia",19699,8614,11085,"Charlottesville city, Virginia",341,436,514,0.437281080257881,0.562718919742119
G5105500,2019-2023,VA,,,Virginia,51,Chesapeake city,550,,,,,,,,,,,,,,,.,.,,,,,,,,,,,,0500000US51550,,,51550,"Chesapeake city, Virginia",92361,68140,24221,"Chesapeake city, Virginia",651,1216,1035,0.737757278504997,0.262242721495003
G5105700,2019-2023,VA,,,Virginia,51,Colonial Heights city,570,,,,,,,,,,,,,,,.,.,,,,,,,,,,,,0500000US51570,,,51570,"Colonial Heights city, Virginia",7545,5136,2409,"Colonial Heights city, Virginia",182,288,275,0.680715705765408,0.319284294234592
G5105800,2019-2023,VA,,,Virginia,51,Covington city,580,,,,,,,,,,,,,,,.,.,,,,,,,,,,,,0500000US51580,,,51580,"Covington city, Virginia",2493,1781,712,"Covington city, Virginia",132,146,161,0.714400320898516,0.285599679101484
G5105900,2019-2023,VA,,,Virginia,51,Danville city,590,,,,,,,,,,,,,,,.,.,,,,,,,,,,,,0500000US51590,,,51590,"Danville city, Virginia",18632,9137,9495,"Danville city, Virginia",428,514,548,0.490392872477458,0.509607127522542
G5105950,2019-2023,VA,,,Virginia,51,Emporia city,595,,,,,,,,,,,,,,,.,.,,,,,,,,,,,,0500000US51595,,,51595,"Emporia city, Virginia",2219,852,1367,"Emporia city, Virginia",213,183,203,0.38395673726904,0.61604326273096
G5106000,2019-2023,VA,,,Virginia,51,Fairfax city,600,,,,,,,,,,,,,,,.,.,,,,,,,,,,,,0500000US51600,,,51600,"Fairfax city, Virginia",9158,6350,2808,"Fairfax city, Virginia",97,308,297,0.693382834680061,0.306617165319939
G5106100,2019-2023,VA,,,Virginia,51,Falls Church city,610,,,,,,,,,,,,,,,.,.,,,,,,,,,,,,0500000US51610,,,51610,"Falls Church city, Virginia",6053,3039,3014,"Falls Church city, Virginia",142,264,273,0.502065091690071,0.497934908309929
G5106200,2019-2023,VA,,,Virginia,51,Franklin city,620,,,,,,,,,,,,,,,.,.,,,,,,,,,,,,0500000US51620,,,51620,"Franklin city, Virginia",3388,1809,1579,"Franklin city, Virginia",196,217,232,0.533943329397875,0.466056670602125
G5106300,2019-2023,VA,,,Virginia,51,Fredericksburg city,630,,,,,,,,,,,,,,,.,.,,,,,,,,,,,,0500000US51630,,,51630,"Fredericksburg city, Virginia",11443,4756,6687,"Fredericksburg city, Virginia",253,366,421,0.41562527309272,0.58437472690728
G5106400,2019-2023,VA,,,Virginia,51,Galax city,640,,,,,,,,,,,,,,,.,.,,,,,,,,,,,,0500000US51640,,,51640,"Galax city, Virginia",2729,1682,1047,"Galax city, Virginia",235,246,243,0.616342982777574,0.383657017222426
G5106500,2019-2023,VA,,,Virginia,51,Hampton city,650,,,,,,,,,,,,,,,.,.,,,,,,,,,,,,0500000US51650,,,51650,"Hampton city, Virginia",57740,32118,25622,"Hampton city, Virginia",677,1015,1089,0.556252164877035,0.443747835122965
G5106600,2019-2023,VA,,,Virginia,51,Harrisonburg city,660,,,,,,,,,,,,,,,.,.,,,,,,,,,,,,0500000US51660,,,51660,"Harrisonburg city, Virginia",17331,6922,10409,"Harrisonburg city, Virginia",330,478,471,0.399399919219895,0.600600080780105
G5106700,2019-2023,VA,,,Virginia,51,Hopewell city,670,,,,,,,,,,,,,,,.,.,,,,,,,,,,,,0500000US51670,,,51670,"Hopewell city, Virginia",9418,5230,4188,"Hopewell city, Virginia",305,354,389,0.555319600764494,0.444680399235506
G5106780,2019-2023,VA,,,Virginia,51,Lexington city,678,,,,,,,,,,,,,,,.,.,,,,,,,,,,,,0500000US51678,,,51678,"Lexington city, Virginia",2061,1065,996,"Lexington city, Virginia",256,193,204,0.516739446870451,0.483260553129549
G5106800,2019-2023,VA,,,Virginia,51,Lynchburg city,680,,,,,,,,,,,,,,,.,.,,,,,,,,,,,,0500000US51680,,,51680,"Lynchburg city, Virginia",28687,14076,14611,"Lynchburg city, Virginia",657,635,713,0.490675218740196,0.509324781259804
G5106830,2019-2023,VA,,,Virginia,51,Manassas city,683,,,,,,,,,,,,,,,.,.,,,,,,,,,,,,0500000US51683,,,51683,"Manassas city, Virginia",14041,10134,3907,"Manassas city, Virginia",216,465,443,0.721743465565131,0.278256534434869
G5106850,2019-2023,VA,,,Virginia,51,Manassas Park city,685,,,,,,,,,,,,,,,.,.,,,,,,,,,,,,0500000US51685,,,51685,"Manassas Park city, Virginia",5165,3490,1675,"Manassas Park city, Virginia",205,290,331,0.675701839303001,0.324298160696999
G5106900,2019-2023,VA,,,Virginia,51,Martinsville city,690,,,,,,,,,,,,,,,.,.,,,,,,,,,,,,0500000US51690,,,51690,"Martinsville city, Virginia",5619,3184,2435,"Martinsville city, Virginia",252,278,309,0.566648869905677,0.433351130094323
G5107000,2019-2023,VA,,,Virginia,51,Newport News city,700,,,,,,,,,,,,,,,.,.,,,,,,,,,,,,0500000US51700,,,51700,"Newport News city, Virginia",75798,36452,39346,"Newport News city, Virginia",605,1130,1060,0.480909786537903,0.519090213462097
G5107100,2019-2023,VA,,,Virginia,51,Norfolk city,710,,,,,,,,,,,,,,,.,.,,,,,,,,,,,,0500000US51710,,,51710,"Norfolk city, Virginia",94457,43159,51298,"Norfolk city, Virginia",715,1171,1245,0.456916903988058,0.543083096011942
G5107200,2019-2023,VA,,,Virginia,51,Norton city,720,,,,,,,,,,,,,,,.,.,,,,,,,,,,,,0500000US51720,,,51720,"Norton city, Virginia",1553,812,741,"Norton city, Virginia",139,150,180,0.522858982614295,0.477141017385705
G5107300,2019-2023,VA,,,Virginia,51,Petersburg city,730,,,,,,,,,,,,,,,.,.,,,,,,,,,,,,0500000US51730,,,51730,"Petersburg city, Virginia",14854,5682,9172,"Petersburg city, Virginia",367,448,485,0.382523226067053,0.617476773932947
G5107350,2019-2023,VA,,,Virginia,51,Poquoson city,735,,,,,,,,,,,,,,,.,.,,,,,,,,,,,,0500000US51735,,,51735,"Poquoson city, Virginia",4657,3967,690,"Poquoson city, Virginia",128,196,165,0.851835945887911,0.148164054112089
G5107400,2019-2023,VA,,,Virginia,51,Portsmouth city,740,,,,,,,,,,,,,,,.,.,,,,,,,,,,,,0500000US51740,,,51740,"Portsmouth city, Virginia",39678,22557,17121,"Portsmouth city, Virginia",460,682,631,0.568501436564343,0.431498563435657
G5107500,2019-2023,VA,,,Virginia,51,Radford city,750,,,,,,,,,,,,,,,.,.,,,,,,,,,,,,0500000US51750,,,51750,"Radford city, Virginia",5500,2347,3153,"Radford city, Virginia",211,214,285,0.426727272727273,0.573272727272727
G5107600,2019-2023,VA,,,Virginia,51,Richmond city,760,,,,,,,,,,,,,,,.,.,,,,,,,,,,,,0500000US51760,,,51760,"Richmond city, Virginia",102145,44386,57759,"Richmond city, Virginia",941,1360,1538,0.434539135542611,0.565460864457389
G5107700,2019-2023,VA,,,Virginia,51,Roanoke city,770,,,,,,,,,,,,,,,.,.,,,,,,,,,,,,0500000US51770,,,51770,"Roanoke city, Virginia",43429,22452,20977,"Roanoke city, Virginia",713,884,847,0.516981740311773,0.483018259688227
G5107750,2019-2023,VA,,,Virginia,51,Salem city,775,,,,,,,,,,,,,,,.,.,,,,,,,,,,,,0500000US51775,,,51775,"Salem city, Virginia",10140,6441,3699,"Salem city, Virginia",247,280,252,0.635207100591716,0.364792899408284
G5107900,2019-2023,VA,,,Virginia,51,Staunton city,790,,,,,,,,,,,,,,,.,.,,,,,,,,,,,,0500000US51790,,,51790,"Staunton city, Virginia",11356,6756,4600,"Staunton city, Virginia",235,337,356,0.594927791475872,0.405072208524128
G5108000,2019-2023,VA,,,Virginia,51,Suffolk city,800,,,,,,,,,,,,,,,.,.,,,,,,,,,,,,0500000US51800,,,51800,"Suffolk city, Virginia",37133,26127,11006,"Suffolk city, Virginia",380,631,603,0.703605956965502,0.296394043034498
G5108100,2019-2023,VA,,,Virginia,51,Virginia Beach city,810,,,,,,,,,,,,,,,.,.,,,,,,,,,,,,0500000US51810,,,51810,"Virginia Beach city, Virginia",179800,116729,63071,"Virginia Beach city, Virginia",722,1536,1478,0.649215795328142,0.350784204671858
G5108200,2019-2023,VA,,,Virginia,51,Waynesboro city,820,,,,,,,,,,,,,,,.,.,,,,,,,,,,,,0500000US51820,,,51820,"Waynesboro city, Virginia",9620,5731,3889,"Waynesboro city, Virginia",268,413,371,0.595738045738046,0.404261954261954
G5108300,2019-2023,VA,,,Virginia,51,Williamsburg city,830,,,,,,,,,,,,,,,.,.,,,,,,,,,,,,0500000US51830,,,51830,"Williamsburg city, Virginia",4973,2615,2358,"Williamsburg city, Virginia",255,269,344,0.525839533480796,0.474160466519204
G5108400,2019-2023,VA,,,Virginia,51,Winchester city,840,,,,,,,,,,,,,,,.,.,,,,,,,,,,,,0500000US51840,,,51840,"Winchester city, Virginia",11255,4711,6544,"Winchester city, Virginia",280,409,457,0.418569524655709,0.581430475344291
G5300010,2019-2023,WA,,,Washington,53,Adams County,1,,,,,,,,,,,,,,,.,.,,,,,,,,,,,,0500000US53001,,,53001,"Adams County, Washington",6301,4351,1950,"Adams County, Washington",166,252,276,0.690525313442311,0.309474686557689
G5300030,2019-2023,WA,,,Washington,53,Asotin County,3,,,,,,,,,,,,,,,.,.,,,,,,,,,,,,0500000US53003,,,53003,"Asotin County, Washington",9438,6946,2492,"Asotin County, Washington",220,260,264,0.735961008688281,0.264038991311719
G5300050,2019-2023,WA,,,Washington,53,Benton County,5,,,,,,,,,,,,,,,.,.,,,,,,,,,,,,0500000US53005,,,53005,"Benton County, Washington",76696,52533,24163,"Benton County, Washington",603,870,861,0.684950975279024,0.315049024720976
G5300070,2019-2023,WA,,,Washington,53,Chelan County,7,,,,,,,,,,,,,,,.,.,,,,,,,,,,,,0500000US53007,,,53007,"Chelan County, Washington",30825,19521,11304,"Chelan County, Washington",495,686,683,0.633284671532847,0.366715328467153
G5300090,2019-2023,WA,,,Washington,53,Clallam County,9,,,,,,,,,,,,,,,.,.,,,,,,,,,,,,0500000US53009,,,53009,"Clallam County, Washington",34377,25013,9364,"Clallam County, Washington",496,654,611,0.727608575501062,0.272391424498938
G5300110,2019-2023,WA,,,Washington,53,Clark County,11,,,,,,,,,,,,,,,.,.,,,,,,,,,,,,0500000US53011,,,53011,"Clark County, Washington",193387,128039,65348,"Clark County, Washington",755,1457,1240,0.662086903463004,0.337913096536996
G5300130,2019-2023,WA,,,Washington,53,Columbia County,13,,,,,,,,,,,,,,,.,.,,,,,,,,,,,,0500000US53013,,,53013,"Columbia County, Washington",1892,1473,419,"Columbia County, Washington",110,126,123,0.778541226215645,0.221458773784355
G5300150,2019-2023,WA,,,Washington,53,Cowlitz County,15,,,,,,,,,,,,,,,.,.,,,,,,,,,,,,0500000US53015,,,53015,"Cowlitz County, Washington",43409,28716,14693,"Cowlitz County, Washington",473,927,913,0.661521804234145,0.338478195765855
G5300170,2019-2023,WA,,,Washington,53,Douglas County,17,,,,,,,,,,,,,,,.,.,,,,,,,,,,,,0500000US53017,,,53017,"Douglas County, Washington",15708,10746,4962,"Douglas County, Washington",308,471,451,0.684110007639419,0.315889992360581
G5300190,2019-2023,WA,,,Washington,53,Ferry County,19,,,,,,,,,,,,,,,.,.,,,,,,,,,,,,0500000US53019,,,53019,"Ferry County, Washington",3138,2373,765,"Ferry County, Washington",137,127,144,0.756214149139579,0.243785850860421
G5300210,2019-2023,WA,,,Washington,53,Franklin County,21,,,,,,,,,,,,,,,.,.,,,,,,,,,,,,0500000US53021,,,53021,"Franklin County, Washington",29118,20405,8713,"Franklin County, Washington",421,658,641,0.700769283604643,0.299230716395357
G5300230,2019-2023,WA,,,Washington,53,Garfield County,23,,,,,,,,,,,,,,,.,.,,,,,,,,,,,,0500000US53023,,,53023,"Garfield County, Washington",1052,809,243,"Garfield County, Washington",104,103,78,0.769011406844107,0.230988593155894
G5300250,2019-2023,WA,,,Washington,53,Grant County,25,,,,,,,,,,,,,,,.,.,,,,,,,,,,,,0500000US53025,,,53025,"Grant County, Washington",34502,22649,11853,"Grant County, Washington",523,699,720,0.656454698278361,0.343545301721639
G5300270,2019-2023,WA,,,Washington,53,Grays Harbor County,27,,,,,,,,,,,,,,,.,.,,,,,,,,,,,,0500000US53027,,,53027,"Grays Harbor County, Washington",29982,21770,8212,"Grays Harbor County, Washington",589,664,570,0.726102328063505,0.273897671936495
G5300290,2019-2023,WA,,,Washington,53,Island County,29,,,,,,,,,,,,,,,.,.,,,,,,,,,,,,0500000US53029,,,53029,"Island County, Washington",35529,26521,9008,"Island County, Washington",624,702,589,0.746460637788849,0.253539362211152
G5300310,2019-2023,WA,,,Washington,53,Jefferson County,31,,,,,,,,,,,,,,,.,.,,,,,,,,,,,,0500000US53031,,,53031,"Jefferson County, Washington",16156,12875,3281,"Jefferson County, Washington",414,375,437,0.796917553849963,0.203082446150037
G5300330,2019-2023,WA,,,Washington,53,King County,33,,,,,,,,,,,,,,,.,.,,,,,,,,,,,,0500000US53033,,,53033,"King County, Washington",927817,520391,407426,"King County, Washington",2547,4512,4163,0.56087676772467,0.43912323227533
G5300350,2019-2023,WA,,,Washington,53,Kitsap County,35,,,,,,,,,,,,,,,.,.,,,,,,,,,,,,0500000US53035,,,53035,"Kitsap County, Washington",107264,75245,32019,"Kitsap County, Washington",790,1229,1133,0.701493511336516,0.298506488663485
G5300370,2019-2023,WA,,,Washington,53,Kittitas County,37,,,,,,,,,,,,,,,.,.,,,,,,,,,,,,0500000US53037,,,53037,"Kittitas County, Washington",19601,12221,7380,"Kittitas County, Washington",459,434,558,0.623488597520535,0.376511402479465
G5300390,2019-2023,WA,,,Washington,53,Klickitat County,39,,,,,,,,,,,,,,,.,.,,,,,,,,,,,,0500000US53039,,,53039,"Klickitat County, Washington",9774,7383,2391,"Klickitat County, Washington",213,287,295,0.755371393492941,0.24462860650706
G5300410,2019-2023,WA,,,Washington,53,Lewis County,41,,,,,,,,,,,,,,,.,.,,,,,,,,,,,,0500000US53041,,,53041,"Lewis County, Washington",32314,23965,8349,"Lewis County, Washington",414,589,614,0.741629015287492,0.258370984712509
G5300430,2019-2023,WA,,,Washington,53,Lincoln County,43,,,,,,,,,,,,,,,.,.,,,,,,,,,,,,0500000US53043,,,53043,"Lincoln County, Washington",4659,3658,1001,"Lincoln County, Washington",124,159,136,0.785147027259069,0.214852972740932
G5300450,2019-2023,WA,,,Washington,53,Mason County,45,,,,,,,,,,,,,,,.,.,,,,,,,,,,,,0500000US53045,,,53045,"Mason County, Washington",25373,20582,4791,"Mason County, Washington",661,682,536,0.811177235644189,0.188822764355811
G5300470,2019-2023,WA,,,Washington,53,Okanogan County,47,,,,,,,,,,,,,,,.,.,,,,,,,,,,,,0500000US53047,,,53047,"Okanogan County, Washington",17208,12341,4867,"Okanogan County, Washington",489,467,442,0.717166434216643,0.282833565783357
G5300490,2019-2023,WA,,,Washington,53,Pacific County,49,,,,,,,,,,,,,,,.,.,,,,,,,,,,,,0500000US53049,,,53049,"Pacific County, Washington",10757,8736,2021,"Pacific County, Washington",458,360,328,0.812122338942084,0.187877661057916
G5300510,2019-2023,WA,,,Washington,53,Pend Oreille County,51,,,,,,,,,,,,,,,.,.,,,,,,,,,,,,0500000US53051,,,53051,"Pend Oreille County, Washington",5829,4502,1327,"Pend Oreille County, Washington",251,260,220,0.772345170698233,0.227654829301767
G5300530,2019-2023,WA,,,Washington,53,Pierce County,53,,,,,,,,,,,,,,,.,.,,,,,,,,,,,,0500000US53053,,,53053,"Pierce County, Washington",346708,224645,122063,"Pierce County, Washington",1260,2198,1865,0.647937169029846,0.352062830970154
G5300550,2019-2023,WA,,,Washington,53,San Juan County,55,,,,,,,,,,,,,,,.,.,,,,,,,,,,,,0500000US53055,,,53055,"San Juan County, Washington",8934,6951,1983,"San Juan County, Washington",213,171,154,0.778038952316991,0.221961047683009
G5300570,2019-2023,WA,,,Washington,53,Skagit County,57,,,,,,,,,,,,,,,.,.,,,,,,,,,,,,0500000US53057,,,53057,"Skagit County, Washington",51518,36394,15124,"Skagit County, Washington",474,734,643,0.706432703132886,0.293567296867114
G5300590,2019-2023,WA,,,Washington,53,Skamania County,59,,,,,,,,,,,,,,,.,.,,,,,,,,,,,,0500000US53059,,,53059,"Skamania County, Washington",4965,4001,964,"Skamania County, Washington",142,173,156,0.805840886203424,0.194159113796576
G5300610,2019-2023,WA,,,Washington,53,Snohomish County,61,,,,,,,,,,,,,,,.,.,,,,,,,,,,,,0500000US53061,,,53061,"Snohomish County, Washington",311825,213259,98566,"Snohomish County, Washington",1195,2491,2139,0.683906037040006,0.316093962959994
G5300630,2019-2023,WA,,,Washington,53,Spokane County,63,,,,,,,,,,,,,,,.,.,,,,,,,,,,,,0500000US53063,,,53063,"Spokane County, Washington",215879,137926,77953,"Spokane County, Washington",965,1641,1598,0.638904200964429,0.361095799035571
G5300650,2019-2023,WA,,,Washington,53,Stevens County,65,,,,,,,,,,,,,,,.,.,,,,,,,,,,,,0500000US53065,,,53065,"Stevens County, Washington",18983,15035,3948,"Stevens County, Washington",300,454,383,0.792024442922615,0.207975557077385
G5300670,2019-2023,WA,,,Washington,53,Thurston County,67,,,,,,,,,,,,,,,.,.,,,,,,,,,,,,0500000US53067,,,53067,"Thurston County, Washington",117172,79392,37780,"Thurston County, Washington",764,1322,1145,0.677568019663401,0.322431980336599
G5300690,2019-2023,WA,,,Washington,53,Wahkiakum County,69,,,,,,,,,,,,,,,.,.,,,,,,,,,,,,0500000US53069,,,53069,"Wahkiakum County, Washington",2026,1718,308,"Wahkiakum County, Washington",121,133,98,0.847976307996051,0.152023692003949
G5300710,2019-2023,WA,,,Washington,53,Walla Walla County,71,,,,,,,,,,,,,,,.,.,,,,,,,,,,,,0500000US53071,,,53071,"Walla Walla County, Washington",23390,15424,7966,"Walla Walla County, Washington",360,553,626,0.659427105600684,0.340572894399316
G5300730,2019-2023,WA,,,Washington,53,Whatcom County,73,,,,,,,,,,,,,,,.,.,,,,,,,,,,,,0500000US53073,,,53073,"Whatcom County, Washington",92411,58708,33703,"Whatcom County, Washington",783,1053,1110,0.635292335328045,0.364707664671955
G5300750,2019-2023,WA,,,Washington,53,Whitman County,75,,,,,,,,,,,,,,,.,.,,,,,,,,,,,,0500000US53075,,,53075,"Whitman County, Washington",17952,8365,9587,"Whitman County, Washington",438,332,567,0.465964795008913,0.534035204991087
G5300770,2019-2023,WA,,,Washington,53,Yakima County,77,,,,,,,,,,,,,,,.,.,,,,,,,,,,,,0500000US53077,,,53077,"Yakima County, Washington",86689,54112,32577,"Yakima County, Washington",564,1033,1091,0.624208377072062,0.375791622927938
G5400010,2019-2023,WV,,,West Virginia,54,Barbour County,1,,,,,,,,,,,,,,,.,.,,,,,,,,,,,,0500000US54001,,,54001,"Barbour County, West Virginia",5871,4656,1215,"Barbour County, West Virginia",216,209,229,0.793050587634134,0.206949412365866
G5400030,2019-2023,WV,,,West Virginia,54,Berkeley County,3,,,,,,,,,,,,,,,.,.,,,,,,,,,,,,0500000US54003,,,54003,"Berkeley County, West Virginia",49384,37234,12150,"Berkeley County, West Virginia",516,992,964,0.753968896808683,0.246031103191317
G5400050,2019-2023,WV,,,West Virginia,54,Boone County,5,,,,,,,,,,,,,,,.,.,,,,,,,,,,,,0500000US54005,,,54005,"Boone County, West Virginia",7894,6245,1649,"Boone County, West Virginia",257,331,281,0.791107170002534,0.208892829997466
G5400070,2019-2023,WV,,,West Virginia,54,Braxton County,7,,,,,,,,,,,,,,,.,.,,,,,,,,,,,,0500000US54007,,,54007,"Braxton County, West Virginia",4733,3751,982,"Braxton County, West Virginia",240,273,202,0.792520600042257,0.207479399957744
G5400090,2019-2023,WV,,,West Virginia,54,Brooke County,9,,,,,,,,,,,,,,,.,.,,,,,,,,,,,,0500000US54009,,,54009,"Brooke County, West Virginia",9437,6924,2513,"Brooke County, West Virginia",204,402,417,0.733707746105754,0.266292253894246
G5400110,2019-2023,WV,,,West Virginia,54,Cabell County,11,,,,,,,,,,,,,,,.,.,,,,,,,,,,,,0500000US54011,,,54011,"Cabell County, West Virginia",39138,24855,14283,"Cabell County, West Virginia",671,705,672,0.635060554959375,0.364939445040626
G5400130,2019-2023,WV,,,West Virginia,54,Calhoun County,13,,,,,,,,,,,,,,,.,.,,,,,,,,,,,,0500000US54013,,,54013,"Calhoun County, West Virginia",2391,1969,422,"Calhoun County, West Virginia",172,190,140,0.823504809703053,0.176495190296947
G5400150,2019-2023,WV,,,West Virginia,54,Clay County,15,,,,,,,,,,,,,,,.,.,,,,,,,,,,,,0500000US54015,,,54015,"Clay County, West Virginia",2960,2337,623,"Clay County, West Virginia",172,185,155,0.789527027027027,0.210472972972973
G5400170,2019-2023,WV,,,West Virginia,54,Doddridge County,17,,,,,,,,,,,,,,,.,.,,,,,,,,,,,,0500000US54017,,,54017,"Doddridge County, West Virginia",2415,2137,278,"Doddridge County, West Virginia",183,180,96,0.884886128364389,0.115113871635611
G5400190,2019-2023,WV,,,West Virginia,54,Fayette County,19,,,,,,,,,,,,,,,.,.,,,,,,,,,,,,0500000US54019,,,54019,"Fayette County, West Virginia",16109,12194,3915,"Fayette County, West Virginia",325,348,349,0.756968154447824,0.243031845552176
G5400210,2019-2023,WV,,,West Virginia,54,Gilmer County,21,,,,,,,,,,,,,,,.,.,,,,,,,,,,,,0500000US54021,,,54021,"Gilmer County, West Virginia",2228,1703,525,"Gilmer County, West Virginia",158,141,138,0.764362657091562,0.235637342908438
G5400230,2019-2023,WV,,,West Virginia,54,Grant County,23,,,,,,,,,,,,,,,.,.,,,,,,,,,,,,0500000US54023,,,54023,"Grant County, West Virginia",4284,3466,818,"Grant County, West Virginia",177,204,170,0.80905695611578,0.19094304388422
G5400250,2019-2023,WV,,,West Virginia,54,Greenbrier County,25,,,,,,,,,,,,,,,.,.,,,,,,,,,,,,0500000US54025,,,54025,"Greenbrier County, West Virginia",14710,10879,3831,"Greenbrier County, West Virginia",458,464,425,0.73956492182189,0.26043507817811
G5400270,2019-2023,WV,,,West Virginia,54,Hampshire County,27,,,,,,,,,,,,,,,.,.,,,,,,,,,,,,0500000US54027,,,54027,"Hampshire County, West Virginia",8354,6876,1478,"Hampshire County, West Virginia",386,370,246,0.823078764663634,0.176921235336366
G5400290,2019-2023,WV,,,West Virginia,54,Hancock County,29,,,,,,,,,,,,,,,.,.,,,,,,,,,,,,0500000US54029,,,54029,"Hancock County, West Virginia",12891,9623,3268,"Hancock County, West Virginia",298,376,373,0.746489799084633,0.253510200915367
G5400310,2019-2023,WV,,,West Virginia,54,Hardy County,31,,,,,,,,,,,,,,,.,.,,,,,,,,,,,,0500000US54031,,,54031,"Hardy County, West Virginia",5909,4700,1209,"Hardy County, West Virginia",248,308,202,0.795396852259266,0.204603147740734
G5400330,2019-2023,WV,,,West Virginia,54,Harrison County,33,,,,,,,,,,,,,,,.,.,,,,,,,,,,,,0500000US54033,,,54033,"Harrison County, West Virginia",26020,19160,6860,"Harrison County, West Virginia",469,563,515,0.736356648731745,0.263643351268255
G5400350,2019-2023,WV,,,West Virginia,54,Jackson County,35,,,,,,,,,,,,,,,.,.,,,,,,,,,,,,0500000US54035,,,54035,"Jackson County, West Virginia",11317,8730,2587,"Jackson County, West Virginia",374,462,503,0.771405849606786,0.228594150393214
G5400370,2019-2023,WV,,,West Virginia,54,Jefferson County,37,,,,,,,,,,,,,,,.,.,,,,,,,,,,,,0500000US54037,,,54037,"Jefferson County, West Virginia",21978,17416,4562,"Jefferson County, West Virginia",257,455,465,0.792428792428792,0.207571207571208
G5400390,2019-2023,WV,,,West Virginia,54,Kanawha County,39,,,,,,,,,,,,,,,.,.,,,,,,,,,,,,0500000US54039,,,54039,"Kanawha County, West Virginia",76806,53893,22913,"Kanawha County, West Virginia",830,1124,1045,0.701676952321433,0.298323047678567
G5400410,2019-2023,WV,,,West Virginia,54,Lewis County,41,,,,,,,,,,,,,,,.,.,,,,,,,,,,,,0500000US54041,,,54041,"Lewis County, West Virginia",6940,4906,2034,"Lewis County, West Virginia",237,281,263,0.706916426512968,0.293083573487032
G5400430,2019-2023,WV,,,West Virginia,54,Lincoln County,43,,,,,,,,,,,,,,,.,.,,,,,,,,,,,,0500000US54043,,,54043,"Lincoln County, West Virginia",7811,5837,1974,"Lincoln County, West Virginia",325,314,374,0.747279477659711,0.252720522340289
G5400450,2019-2023,WV,,,West Virginia,54,Logan County,45,,,,,,,,,,,,,,,.,.,,,,,,,,,,,,0500000US54045,,,54045,"Logan County, West Virginia",12396,9512,2884,"Logan County, West Virginia",313,372,351,0.767344304614392,0.232655695385608
G5400470,2019-2023,WV,,,West Virginia,54,McDowell County,47,,,,,,,,,,,,,,,.,.,,,,,,,,,,,,0500000US54047,,,54047,"McDowell County, West Virginia",6484,4906,1578,"McDowell County, West Virginia",273,330,301,0.756631708821715,0.243368291178285
G5400490,2019-2023,WV,,,West Virginia,54,Marion County,49,,,,,,,,,,,,,,,.,.,,,,,,,,,,,,0500000US54049,,,54049,"Marion County, West Virginia",22965,17411,5554,"Marion County, West Virginia",395,479,473,0.758153712170695,0.241846287829305
G5400510,2019-2023,WV,,,West Virginia,54,Marshall County,51,,,,,,,,,,,,,,,.,.,,,,,,,,,,,,0500000US54051,,,54051,"Marshall County, West Virginia",12489,9867,2622,"Marshall County, West Virginia",355,488,461,0.790055248618785,0.209944751381215
G5400530,2019-2023,WV,,,West Virginia,54,Mason County,53,,,,,,,,,,,,,,,.,.,,,,,,,,,,,,0500000US54053,,,54053,"Mason County, West Virginia",10281,8445,1836,"Mason County, West Virginia",343,377,320,0.82141814998541,0.17858185001459
G5400550,2019-2023,WV,,,West Virginia,54,Mercer County,55,,,,,,,,,,,,,,,.,.,,,,,,,,,,,,0500000US54055,,,54055,"Mercer County, West Virginia",24413,17025,7388,"Mercer County, West Virginia",554,669,686,0.6973743497317,0.3026256502683
G5400570,2019-2023,WV,,,West Virginia,54,Mineral County,57,,,,,,,,,,,,,,,.,.,,,,,,,,,,,,0500000US54057,,,54057,"Mineral County, West Virginia",10698,8514,2184,"Mineral County, West Virginia",287,331,300,0.795849691531127,0.204150308468873
G5400590,2019-2023,WV,,,West Virginia,54,Mingo County,59,,,,,,,,,,,,,,,.,.,,,,,,,,,,,,0500000US54059,,,54059,"Mingo County, West Virginia",9013,6503,2510,"Mingo County, West Virginia",341,368,365,0.721513369577277,0.278486630422723
G5400610,2019-2023,WV,,,West Virginia,54,Monongalia County,61,,,,,,,,,,,,,,,.,.,,,,,,,,,,,,0500000US54061,,,54061,"Monongalia County, West Virginia",44361,25547,18814,"Monongalia County, West Virginia",602,718,805,0.575888731092626,0.424111268907374
G5400630,2019-2023,WV,,,West Virginia,54,Monroe County,63,,,,,,,,,,,,,,,.,.,,,,,,,,,,,,0500000US54063,,,54063,"Monroe County, West Virginia",4736,3914,822,"Monroe County, West Virginia",261,295,191,0.826435810810811,0.173564189189189
G5400650,2019-2023,WV,,,West Virginia,54,Morgan County,65,,,,,,,,,,,,,,,.,.,,,,,,,,,,,,0500000US54065,,,54065,"Morgan County, West Virginia",7211,5994,1217,"Morgan County, West Virginia",274,307,231,0.8312300651782,0.1687699348218
G5400670,2019-2023,WV,,,West Virginia,54,Nicholas County,67,,,,,,,,,,,,,,,.,.,,,,,,,,,,,,0500000US54067,,,54067,"Nicholas County, West Virginia",9595,7894,1701,"Nicholas County, West Virginia",358,365,306,0.822720166753517,0.177279833246483
G5400690,2019-2023,WV,,,West Virginia,54,Ohio County,69,,,,,,,,,,,,,,,.,.,,,,,,,,,,,,0500000US54069,,,54069,"Ohio County, West Virginia",18132,12215,5917,"Ohio County, West Virginia",346,375,384,0.673670858151335,0.326329141848665
G5400710,2019-2023,WV,,,West Virginia,54,Pendleton County,71,,,,,,,,,,,,,,,.,.,,,,,,,,,,,,0500000US54071,,,54071,"Pendleton County, West Virginia",2299,1896,403,"Pendleton County, West Virginia",151,151,91,0.824706394084385,0.175293605915616
G5400730,2019-2023,WV,,,West Virginia,54,Pleasants County,73,,,,,,,,,,,,,,,.,.,,,,,,,,,,,,0500000US54073,,,54073,"Pleasants County, West Virginia",2779,2288,491,"Pleasants County, West Virginia",137,136,132,0.823317740194315,0.176682259805686
G5400750,2019-2023,WV,,,West Virginia,54,Pocahontas County,75,,,,,,,,,,,,,,,.,.,,,,,,,,,,,,0500000US54075,,,54075,"Pocahontas County, West Virginia",3092,2569,523,"Pocahontas County, West Virginia",185,162,120,0.830853816300129,0.169146183699871
G5400770,2019-2023,WV,,,West Virginia,54,Preston County,77,,,,,,,,,,,,,,,.,.,,,,,,,,,,,,0500000US54077,,,54077,"Preston County, West Virginia",12797,10310,2487,"Preston County, West Virginia",269,347,297,0.805657575994374,0.194342424005626
G5400790,2019-2023,WV,,,West Virginia,54,Putnam County,79,,,,,,,,,,,,,,,.,.,,,,,,,,,,,,0500000US54079,,,54079,"Putnam County, West Virginia",22765,18824,3941,"Putnam County, West Virginia",377,562,488,0.826883373599824,0.173116626400176
G5400810,2019-2023,WV,,,West Virginia,54,Raleigh County,81,,,,,,,,,,,,,,,.,.,,,,,,,,,,,,0500000US54081,,,54081,"Raleigh County, West Virginia",29062,21694,7368,"Raleigh County, West Virginia",559,763,715,0.746473057600991,0.253526942399009
G5400830,2019-2023,WV,,,West Virginia,54,Randolph County,83,,,,,,,,,,,,,,,.,.,,,,,,,,,,,,0500000US54083,,,54083,"Randolph County, West Virginia",10385,8009,2376,"Randolph County, West Virginia",364,464,349,0.771208473760231,0.228791526239769
G5400850,2019-2023,WV,,,West Virginia,54,Ritchie County,85,,,,,,,,,,,,,,,.,.,,,,,,,,,,,,0500000US54085,,,54085,"Ritchie County, West Virginia",3327,2803,524,"Ritchie County, West Virginia",160,149,113,0.842500751427713,0.157499248572287
G5400870,2019-2023,WV,,,West Virginia,54,Roane County,87,,,,,,,,,,,,,,,.,.,,,,,,,,,,,,0500000US54087,,,54087,"Roane County, West Virginia",5533,4264,1269,"Roane County, West Virginia",230,233,217,0.770648834267125,0.229351165732875
G5400890,2019-2023,WV,,,West Virginia,54,Summers County,89,,,,,,,,,,,,,,,.,.,,,,,,,,,,,,0500000US54089,,,54089,"Summers County, West Virginia",4813,3892,921,"Summers County, West Virginia",265,334,242,0.808643257843341,0.191356742156659
G5400910,2019-2023,WV,,,West Virginia,54,Taylor County,91,,,,,,,,,,,,,,,.,.,,,,,,,,,,,,0500000US54091,,,54091,"Taylor County, West Virginia",6632,5495,1137,"Taylor County, West Virginia",213,281,282,0.828558504221954,0.171441495778046
G5400930,2019-2023,WV,,,West Virginia,54,Tucker County,93,,,,,,,,,,,,,,,.,.,,,,,,,,,,,,0500000US54093,,,54093,"Tucker County, West Virginia",2855,2325,530,"Tucker County, West Virginia",172,171,116,0.814360770577933,0.185639229422067
G5400950,2019-2023,WV,,,West Virginia,54,Tyler County,95,,,,,,,,,,,,,,,.,.,,,,,,,,,,,,0500000US54095,,,54095,"Tyler County, West Virginia",3151,2733,418,"Tyler County, West Virginia",154,166,95,0.867343700412568,0.132656299587433
G5400970,2019-2023,WV,,,West Virginia,54,Upshur County,97,,,,,,,,,,,,,,,.,.,,,,,,,,,,,,0500000US54097,,,54097,"Upshur County, West Virginia",9588,7640,1948,"Upshur County, West Virginia",294,367,319,0.796829370045891,0.203170629954109
G5400990,2019-2023,WV,,,West Virginia,54,Wayne County,99,,,,,,,,,,,,,,,.,.,,,,,,,,,,,,0500000US54099,,,54099,"Wayne County, West Virginia",15550,12046,3504,"Wayne County, West Virginia",349,438,428,0.774662379421222,0.225337620578778
G5401010,2019-2023,WV,,,West Virginia,54,Webster County,101,,,,,,,,,,,,,,,.,.,,,,,,,,,,,,0500000US54101,,,54101,"Webster County, West Virginia",2838,2201,637,"Webster County, West Virginia",201,194,139,0.77554615926709,0.224453840732911
G5401030,2019-2023,WV,,,West Virginia,54,Wetzel County,103,,,,,,,,,,,,,,,.,.,,,,,,,,,,,,0500000US54103,,,54103,"Wetzel County, West Virginia",5925,4881,1044,"Wetzel County, West Virginia",187,211,162,0.82379746835443,0.17620253164557
G5401050,2019-2023,WV,,,West Virginia,54,Wirt County,105,,,,,,,,,,,,,,,.,.,,,,,,,,,,,,0500000US54105,,,54105,"Wirt County, West Virginia",2071,1787,284,"Wirt County, West Virginia",132,126,96,0.86286817962337,0.13713182037663
G5401070,2019-2023,WV,,,West Virginia,54,Wood County,107,,,,,,,,,,,,,,,.,.,,,,,,,,,,,,0500000US54107,,,54107,"Wood County, West Virginia",35706,26572,9134,"Wood County, West Virginia",574,791,694,0.74418865176721,0.25581134823279
G5401090,2019-2023,WV,,,West Virginia,54,Wyoming County,109,,,,,,,,,,,,,,,.,.,,,,,,,,,,,,0500000US54109,,,54109,"Wyoming County, West Virginia",7926,6615,1311,"Wyoming County, West Virginia",308,385,278,0.834595003785011,0.165404996214989
G5500010,2019-2023,WI,,,Wisconsin,55,Adams County,1,,,,,,,,,,,,,,,.,.,,,,,,,,,,,,0500000US55001,,,55001,"Adams County, Wisconsin",9351,8080,1271,"Adams County, Wisconsin",261,244,164,0.864078708159555,0.135921291840445
G5500030,2019-2023,WI,,,Wisconsin,55,Ashland County,3,,,,,,,,,,,,,,,.,.,,,,,,,,,,,,0500000US55003,,,55003,"Ashland County, Wisconsin",6847,4956,1891,"Ashland County, Wisconsin",175,192,227,0.723820651380167,0.276179348619834
G5500050,2019-2023,WI,,,Wisconsin,55,Barron County,5,,,,,,,,,,,,,,,.,.,,,,,,,,,,,,0500000US55005,,,55005,"Barron County, Wisconsin",19613,15058,4555,"Barron County, Wisconsin",274,353,357,0.76775608015092,0.23224391984908
G5500070,2019-2023,WI,,,Wisconsin,55,Bayfield County,7,,,,,,,,,,,,,,,.,.,,,,,,,,,,,,0500000US55007,,,55007,"Bayfield County, Wisconsin",7462,6309,1153,"Bayfield County, Wisconsin",220,214,147,0.845483784508175,0.154516215491825
G5500090,2019-2023,WI,,,Wisconsin,55,Brown County,9,,,,,,,,,,,,,,,.,.,,,,,,,,,,,,0500000US55009,,,55009,"Brown County, Wisconsin",110248,71240,39008,"Brown County, Wisconsin",640,1142,1053,0.646179522531021,0.353820477468979
G5500110,2019-2023,WI,,,Wisconsin,55,Buffalo County,11,,,,,,,,,,,,,,,.,.,,,,,,,,,,,,0500000US55011,,,55011,"Buffalo County, Wisconsin",5692,4458,1234,"Buffalo County, Wisconsin",106,135,138,0.783204497540408,0.216795502459592
G5500130,2019-2023,WI,,,Wisconsin,55,Burnett County,13,,,,,,,,,,,,,,,.,.,,,,,,,,,,,,0500000US55013,,,55013,"Burnett County, Wisconsin",7087,6045,1042,"Burnett County, Wisconsin",186,202,122,0.85297022717652,0.14702977282348
G5500150,2019-2023,WI,,,Wisconsin,55,Calumet County,15,,,,,,,,,,,,,,,.,.,,,,,,,,,,,,0500000US55015,,,55015,"Calumet County, Wisconsin",20975,16922,4053,"Calumet County, Wisconsin",262,355,356,0.806769964243147,0.193230035756853
G5500170,2019-2023,WI,,,Wisconsin,55,Chippewa County,17,,,,,,,,,,,,,,,.,.,,,,,,,,,,,,0500000US55017,,,55017,"Chippewa County, Wisconsin",26567,19823,6744,"Chippewa County, Wisconsin",336,558,462,0.746151240260474,0.253848759739527
G5500190,2019-2023,WI,,,Wisconsin,55,Clark County,19,,,,,,,,,,,,,,,.,.,,,,,,,,,,,,0500000US55019,,,55019,"Clark County, Wisconsin",12692,9889,2803,"Clark County, Wisconsin",187,206,196,0.779152221872045,0.220847778127955
G5500210,2019-2023,WI,,,Wisconsin,55,Columbia County,21,,,,,,,,,,,,,,,.,.,,,,,,,,,,,,0500000US55021,,,55021,"Columbia County, Wisconsin",24231,18634,5597,"Columbia County, Wisconsin",323,365,338,0.76901489827081,0.23098510172919
G5500230,2019-2023,WI,,,Wisconsin,55,Crawford County,23,,,,,,,,,,,,,,,.,.,,,,,,,,,,,,0500000US55023,,,55023,"Crawford County, Wisconsin",6665,5056,1609,"Crawford County, Wisconsin",150,166,172,0.758589647411853,0.241410352588147
G5500250,2019-2023,WI,,,Wisconsin,55,Dane County,25,,,,,,,,,,,,,,,.,.,,,,,,,,,,,,0500000US55025,,,55025,"Dane County, Wisconsin",245736,141699,104037,"Dane County, Wisconsin",906,1410,1324,0.576631018654165,0.423368981345835
G5500270,2019-2023,WI,,,Wisconsin,55,Dodge County,27,,,,,,,,,,,,,,,.,.,,,,,,,,,,,,0500000US55027,,,55027,"Dodge County, Wisconsin",35723,25456,10267,"Dodge County, Wisconsin",336,519,515,0.712594127033004,0.287405872966996
G5500290,2019-2023,WI,,,Wisconsin,55,Door County,29,,,,,,,,,,,,,,,.,.,,,,,,,,,,,,0500000US55029,,,55029,"Door County, Wisconsin",14377,11407,2970,"Door County, Wisconsin",352,367,354,0.793420045906657,0.206579954093344
G5500310,2019-2023,WI,,,Wisconsin,55,Douglas County,31,,,,,,,,,,,,,,,.,.,,,,,,,,,,,,0500000US55031,,,55031,"Douglas County, Wisconsin",18947,13669,5278,"Douglas County, Wisconsin",252,480,447,0.721433472317517,0.278566527682483
G5500330,2019-2023,WI,,,Wisconsin,55,Dunn County,33,,,,,,,,,,,,,,,.,.,,,,,,,,,,,,0500000US55033,,,55033,"Dunn County, Wisconsin",17369,11554,5815,"Dunn County, Wisconsin",230,368,351,0.665208129425989,0.334791870574011
G5500350,2019-2023,WI,,,Wisconsin,55,Eau Claire County,35,,,,,,,,,,,,,,,.,.,,,,,,,,,,,,0500000US55035,,,55035,"Eau Claire County, Wisconsin",43261,27183,16078,"Eau Claire County, Wisconsin",422,667,767,0.628348859249671,0.371651140750329
G5500370,2019-2023,WI,,,Wisconsin,55,Florence County,37,,,,,,,,,,,,,,,.,.,,,,,,,,,,,,0500000US55037,,,55037,"Florence County, Wisconsin",2110,1898,212,"Florence County, Wisconsin",99,111,55,0.899526066350711,0.100473933649289
G5500390,2019-2023,WI,,,Wisconsin,55,Fond du Lac County,39,,,,,,,,,,,,,,,.,.,,,,,,,,,,,,0500000US55039,,,55039,"Fond du Lac County, Wisconsin",43016,30260,12756,"Fond du Lac County, Wisconsin",415,658,647,0.703459177980287,0.296540822019714
G5500410,2019-2023,WI,,,Wisconsin,55,Forest County,41,,,,,,,,,,,,,,,.,.,,,,,,,,,,,,0500000US55041,,,55041,"Forest County, Wisconsin",3952,3255,697,"Forest County, Wisconsin",129,117,80,0.823633603238866,0.176366396761134
G5500430,2019-2023,WI,,,Wisconsin,55,Grant County,43,,,,,,,,,,,,,,,.,.,,,,,,,,,,,,0500000US55043,,,55043,"Grant County, Wisconsin",19913,13757,6156,"Grant County, Wisconsin",253,296,348,0.690855220207904,0.309144779792096
G5500450,2019-2023,WI,,,Wisconsin,55,Green County,45,,,,,,,,,,,,,,,.,.,,,,,,,,,,,,0500000US55045,,,55045,"Green County, Wisconsin",15609,11727,3882,"Green County, Wisconsin",203,340,369,0.751297328464348,0.248702671535653
G5500470,2019-2023,WI,,,Wisconsin,55,Green Lake County,47,,,,,,,,,,,,,,,.,.,,,,,,,,,,,,0500000US55047,,,55047,"Green Lake County, Wisconsin",8143,6108,2035,"Green Lake County, Wisconsin",164,174,181,0.750092103647304,0.249907896352696
G5500490,2019-2023,WI,,,Wisconsin,55,Iowa County,49,,,,,,,,,,,,,,,.,.,,,,,,,,,,,,0500000US55049,,,55049,"Iowa County, Wisconsin",9951,7677,2274,"Iowa County, Wisconsin",148,267,250,0.77148025324088,0.22851974675912
G5500510,2019-2023,WI,,,Wisconsin,55,Iron County,51,,,,,,,,,,,,,,,.,.,,,,,,,,,,,,0500000US55051,,,55051,"Iron County, Wisconsin",2949,2563,386,"Iron County, Wisconsin",130,136,64,0.869108172261784,0.130891827738216
G5500530,2019-2023,WI,,,Wisconsin,55,Jackson County,53,,,,,,,,,,,,,,,.,.,,,,,,,,,,,,0500000US55053,,,55053,"Jackson County, Wisconsin",8198,6349,1849,"Jackson County, Wisconsin",134,191,178,0.77445718467919,0.22554281532081
G5500550,2019-2023,WI,,,Wisconsin,55,Jefferson County,55,,,,,,,,,,,,,,,.,.,,,,,,,,,,,,0500000US55055,,,55055,"Jefferson County, Wisconsin",34455,25124,9331,"Jefferson County, Wisconsin",397,643,659,0.729182992308809,0.270817007691191
G5500570,2019-2023,WI,,,Wisconsin,55,Juneau County,57,,,,,,,,,,,,,,,.,.,,,,,,,,,,,,0500000US55057,,,55057,"Juneau County, Wisconsin",10793,8388,2405,"Juneau County, Wisconsin",235,256,205,0.777170388214584,0.222829611785416
G5500590,2019-2023,WI,,,Wisconsin,55,Kenosha County,59,,,,,,,,,,,,,,,.,.,,,,,,,,,,,,0500000US55059,,,55059,"Kenosha County, Wisconsin",67631,45743,21888,"Kenosha County, Wisconsin",591,922,820,0.676361431887744,0.323638568112256
G5500610,2019-2023,WI,,,Wisconsin,55,Kewaunee County,61,,,,,,,,,,,,,,,.,.,,,,,,,,,,,,0500000US55061,,,55061,"Kewaunee County, Wisconsin",8299,7080,1219,"Kewaunee County, Wisconsin",156,176,159,0.853114833112423,0.146885166887577
G5500630,2019-2023,WI,,,Wisconsin,55,La Crosse County,63,,,,,,,,,,,,,,,.,.,,,,,,,,,,,,0500000US55063,,,55063,"La Crosse County, Wisconsin",50543,31582,18961,"La Crosse County, Wisconsin",522,783,854,0.624854084640801,0.375145915359199
G5500650,2019-2023,WI,,,Wisconsin,55,Lafayette County,65,,,,,,,,,,,,,,,.,.,,,,,,,,,,,,0500000US55065,,,55065,"Lafayette County, Wisconsin",6684,5300,1384,"Lafayette County, Wisconsin",93,123,114,0.792938360263315,0.207061639736685
G5500670,2019-2023,WI,,,Wisconsin,55,Langlade County,67,,,,,,,,,,,,,,,.,.,,,,,,,,,,,,0500000US55067,,,55067,"Langlade County, Wisconsin",8606,6709,1897,"Langlade County, Wisconsin",266,266,272,0.779572391354869,0.220427608645131
G5500690,2019-2023,WI,,,Wisconsin,55,Lincoln County,69,,,,,,,,,,,,,,,.,.,,,,,,,,,,,,0500000US55069,,,55069,"Lincoln County, Wisconsin",12578,9862,2716,"Lincoln County, Wisconsin",218,351,317,0.784067419303546,0.215932580696454
G5500710,2019-2023,WI,,,Wisconsin,55,Manitowoc County,71,,,,,,,,,,,,,,,.,.,,,,,,,,,,,,0500000US55071,,,55071,"Manitowoc County, Wisconsin",35033,26730,8303,"Manitowoc County, Wisconsin",426,579,540,0.762994890531784,0.237005109468216
G5500730,2019-2023,WI,,,Wisconsin,55,Marathon County,73,,,,,,,,,,,,,,,.,.,,,,,,,,,,,,0500000US55073,,,55073,"Marathon County, Wisconsin",56873,41754,15119,"Marathon County, Wisconsin",432,659,738,0.734162080424806,0.265837919575194
G5500750,2019-2023,WI,,,Wisconsin,55,Marinette County,75,,,,,,,,,,,,,,,.,.,,,,,,,,,,,,0500000US55075,,,55075,"Marinette County, Wisconsin",18640,14987,3653,"Marinette County, Wisconsin",315,384,341,0.804023605150215,0.195976394849785
G5500770,2019-2023,WI,,,Wisconsin,55,Marquette County,77,,,,,,,,,,,,,,,.,.,,,,,,,,,,,,0500000US55077,,,55077,"Marquette County, Wisconsin",6881,5565,1316,"Marquette County, Wisconsin",159,162,147,0.808748728382503,0.191251271617497
G5500780,2019-2023,WI,,,Wisconsin,55,Menominee County,78,,,,,,,,,,,,,,,.,.,,,,,,,,,,,,0500000US55078,,,55078,"Menominee County, Wisconsin",1336,982,354,"Menominee County, Wisconsin",104,100,87,0.735029940119761,0.26497005988024
G5500790,2019-2023,WI,,,Wisconsin,55,Milwaukee County,79,,,,,,,,,,,,,,,.,.,,,,,,,,,,,,0500000US55079,,,55079,"Milwaukee County, Wisconsin",389046,193761,195285,"Milwaukee County, Wisconsin",1550,2409,2298,0.498041362718033,0.501958637281967
G5500810,2019-2023,WI,,,Wisconsin,55,Monroe County,81,,,,,,,,,,,,,,,.,.,,,,,,,,,,,,0500000US55081,,,55081,"Monroe County, Wisconsin",18279,13233,5046,"Monroe County, Wisconsin",275,384,359,0.723945511242409,0.276054488757591
G5500830,2019-2023,WI,,,Wisconsin,55,Oconto County,83,,,,,,,,,,,,,,,.,.,,,,,,,,,,,,0500000US55083,,,55083,"Oconto County, Wisconsin",16618,14047,2571,"Oconto County, Wisconsin",229,265,261,0.845288241665664,0.154711758334336
G5500850,2019-2023,WI,,,Wisconsin,55,Oneida County,85,,,,,,,,,,,,,,,.,.,,,,,,,,,,,,0500000US55085,,,55085,"Oneida County, Wisconsin",16772,14090,2682,"Oneida County, Wisconsin",545,450,326,0.840090627235869,0.159909372764131
G5500870,2019-2023,WI,,,Wisconsin,55,Outagamie County,87,,,,,,,,,,,,,,,.,.,,,,,,,,,,,,0500000US55087,,,55087,"Outagamie County, Wisconsin",77239,55411,21828,"Outagamie County, Wisconsin",383,740,754,0.71739665195044,0.28260334804956
G5500890,2019-2023,WI,,,Wisconsin,55,Ozaukee County,89,,,,,,,,,,,,,,,.,.,,,,,,,,,,,,0500000US55089,,,55089,"Ozaukee County, Wisconsin",37766,27486,10280,"Ozaukee County, Wisconsin",318,661,632,0.727797489805645,0.272202510194355
G5500910,2019-2023,WI,,,Wisconsin,55,Pepin County,91,,,,,,,,,,,,,,,.,.,,,,,,,,,,,,0500000US55091,,,55091,"Pepin County, Wisconsin",3050,2548,502,"Pepin County, Wisconsin",67,103,83,0.835409836065574,0.164590163934426
G5500930,2019-2023,WI,,,Wisconsin,55,Pierce County,93,,,,,,,,,,,,,,,.,.,,,,,,,,,,,,0500000US55093,,,55093,"Pierce County, Wisconsin",15765,11946,3819,"Pierce County, Wisconsin",313,378,314,0.757754519505233,0.242245480494767
G5500950,2019-2023,WI,,,Wisconsin,55,Polk County,95,,,,,,,,,,,,,,,.,.,,,,,,,,,,,,0500000US55095,,,55095,"Polk County, Wisconsin",18829,15279,3550,"Polk County, Wisconsin",333,354,272,0.811461044134049,0.188538955865951
G5500970,2019-2023,WI,,,Wisconsin,55,Portage County,97,,,,,,,,,,,,,,,.,.,,,,,,,,,,,,0500000US55097,,,55097,"Portage County, Wisconsin",29636,20543,9093,"Portage County, Wisconsin",260,389,401,0.693177216898367,0.306822783101633
G5500990,2019-2023,WI,,,Wisconsin,55,Price County,99,,,,,,,,,,,,,,,.,.,,,,,,,,,,,,0500000US55099,,,55099,"Price County, Wisconsin",6567,5353,1214,"Price County, Wisconsin",166,171,143,0.815136287498097,0.184863712501903
G5501010,2019-2023,WI,,,Wisconsin,55,Racine County,101,,,,,,,,,,,,,,,.,.,,,,,,,,,,,,0500000US55101,,,55101,"Racine County, Wisconsin",79109,56283,22826,"Racine County, Wisconsin",661,1040,1009,0.711461401357621,0.28853859864238
G5501030,2019-2023,WI,,,Wisconsin,55,Richland County,103,,,,,,,,,,,,,,,.,.,,,,,,,,,,,,0500000US55103,,,55103,"Richland County, Wisconsin",7119,5446,1673,"Richland County, Wisconsin",180,190,169,0.764995083579154,0.235004916420846
G5501050,2019-2023,WI,,,Wisconsin,55,Rock County,105,,,,,,,,,,,,,,,.,.,,,,,,,,,,,,0500000US55105,,,55105,"Rock County, Wisconsin",66652,47086,19566,"Rock County, Wisconsin",539,812,716,0.706445417991958,0.293554582008042
G5501070,2019-2023,WI,,,Wisconsin,55,Rusk County,107,,,,,,,,,,,,,,,.,.,,,,,,,,,,,,0500000US55107,,,55107,"Rusk County, Wisconsin",6259,4852,1407,"Rusk County, Wisconsin",145,178,167,0.775203706662406,0.224796293337594
G5501090,2019-2023,WI,,,Wisconsin,55,St. Croix County,109,,,,,,,,,,,,,,,.,.,,,,,,,,,,,,0500000US55109,,,55109,"St. Croix County, Wisconsin",36729,28992,7737,"St. Croix County, Wisconsin",354,654,575,0.78934901576411,0.21065098423589
G5501110,2019-2023,WI,,,Wisconsin,55,Sauk County,111,,,,,,,,,,,,,,,.,.,,,,,,,,,,,,0500000US55111,,,55111,"Sauk County, Wisconsin",27425,20054,7371,"Sauk County, Wisconsin",374,369,404,0.73123062898815,0.268769371011851
G5501130,2019-2023,WI,,,Wisconsin,55,Sawyer County,113,,,,,,,,,,,,,,,.,.,,,,,,,,,,,,0500000US55113,,,55113,"Sawyer County, Wisconsin",8522,6593,1929,"Sawyer County, Wisconsin",281,242,230,0.773644684346398,0.226355315653602
G5501150,2019-2023,WI,,,Wisconsin,55,Shawano County,115,,,,,,,,,,,,,,,.,.,,,,,,,,,,,,0500000US55115,,,55115,"Shawano County, Wisconsin",16881,13270,3611,"Shawano County, Wisconsin",284,375,320,0.786090871393875,0.213909128606125
G5501170,2019-2023,WI,,,Wisconsin,55,Sheboygan County,117,,,,,,,,,,,,,,,.,.,,,,,,,,,,,,0500000US55117,,,55117,"Sheboygan County, Wisconsin",49426,35225,14201,"Sheboygan County, Wisconsin",387,738,701,0.712681584591106,0.287318415408894
G5501190,2019-2023,WI,,,Wisconsin,55,Taylor County,119,,,,,,,,,,,,,,,.,.,,,,,,,,,,,,0500000US55119,,,55119,"Taylor County, Wisconsin",7943,6288,1655,"Taylor County, Wisconsin",137,200,164,0.791640438121617,0.208359561878383
G5501210,2019-2023,WI,,,Wisconsin,55,Trempealeau County,121,,,,,,,,,,,,,,,.,.,,,,,,,,,,,,0500000US55121,,,55121,"Trempealeau County, Wisconsin",12448,9185,3263,"Trempealeau County, Wisconsin",169,208,178,0.737869537275064,0.262130462724936
G5501230,2019-2023,WI,,,Wisconsin,55,Vernon County,123,,,,,,,,,,,,,,,.,.,,,,,,,,,,,,0500000US55123,,,55123,"Vernon County, Wisconsin",12186,9880,2306,"Vernon County, Wisconsin",198,232,196,0.810766453307074,0.189233546692926
G5501250,2019-2023,WI,,,Wisconsin,55,Vilas County,125,,,,,,,,,,,,,,,.,.,,,,,,,,,,,,0500000US55125,,,55125,"Vilas County, Wisconsin",10873,9076,1797,"Vilas County, Wisconsin",319,265,204,0.834728225880622,0.165271774119378
G5501270,2019-2023,WI,,,Wisconsin,55,Walworth County,127,,,,,,,,,,,,,,,.,.,,,,,,,,,,,,0500000US55127,,,55127,"Walworth County, Wisconsin",42425,29942,12483,"Walworth County, Wisconsin",567,705,664,0.705763111373011,0.294236888626989
G5501290,2019-2023,WI,,,Wisconsin,55,Washburn County,129,,,,,,,,,,,,,,,.,.,,,,,,,,,,,,0500000US55129,,,55129,"Washburn County, Wisconsin",7529,6090,1439,"Washburn County, Wisconsin",164,169,136,0.808872360207199,0.191127639792801
G5501310,2019-2023,WI,,,Wisconsin,55,Washington County,131,,,,,,,,,,,,,,,.,.,,,,,,,,,,,,0500000US55131,,,55131,"Washington County, Wisconsin",56482,44115,12367,"Washington County, Wisconsin",364,801,776,0.781045288764562,0.218954711235438
G5501330,2019-2023,WI,,,Wisconsin,55,Waukesha County,133,,,,,,,,,,,,,,,.,.,,,,,,,,,,,,0500000US55133,,,55133,"Waukesha County, Wisconsin",166790,127473,39317,"Waukesha County, Wisconsin",685,1307,1259,0.764272438395587,0.235727561604413
G5501350,2019-2023,WI,,,Wisconsin,55,Waupaca County,135,,,,,,,,,,,,,,,.,.,,,,,,,,,,,,0500000US55135,,,55135,"Waupaca County, Wisconsin",22394,16760,5634,"Waupaca County, Wisconsin",355,431,343,0.748414753951952,0.251585246048049
G5501370,2019-2023,WI,,,Wisconsin,55,Waushara County,137,,,,,,,,,,,,,,,.,.,,,,,,,,,,,,0500000US55137,,,55137,"Waushara County, Wisconsin",10333,8578,1755,"Waushara County, Wisconsin",186,200,169,0.83015581147779,0.16984418852221
G5501390,2019-2023,WI,,,Wisconsin,55,Winnebago County,139,,,,,,,,,,,,,,,.,.,,,,,,,,,,,,0500000US55139,,,55139,"Winnebago County, Wisconsin",71958,47341,24617,"Winnebago County, Wisconsin",469,846,850,0.657897662525362,0.342102337474638
G5501410,2019-2023,WI,,,Wisconsin,55,Wood County,141,,,,,,,,,,,,,,,.,.,,,,,,,,,,,,0500000US55141,,,55141,"Wood County, Wisconsin",31942,23441,8501,"Wood County, Wisconsin",411,572,533,0.733861373739904,0.266138626260096
G5600010,2019-2023,WY,,,Wyoming,56,Albany County,1,,,,,,,,,,,,,,,.,.,,,,,,,,,,,,0500000US56001,,,56001,"Albany County, Wyoming",16609,8198,8411,"Albany County, Wyoming",349,389,422,0.493587813835872,0.506412186164128
G5600030,2019-2023,WY,,,Wyoming,56,Big Horn County,3,,,,,,,,,,,,,,,.,.,,,,,,,,,,,,0500000US56003,,,56003,"Big Horn County, Wyoming",4357,3364,993,"Big Horn County, Wyoming",179,184,163,0.772090888225844,0.227909111774157
G5600050,2019-2023,WY,,,Wyoming,56,Campbell County,5,,,,,,,,,,,,,,,.,.,,,,,,,,,,,,0500000US56005,,,56005,"Campbell County, Wyoming",17879,14019,3860,"Campbell County, Wyoming",393,568,514,0.784104256390178,0.215895743609822
G5600070,2019-2023,WY,,,Wyoming,56,Carbon County,7,,,,,,,,,,,,,,,.,.,,,,,,,,,,,,0500000US56007,,,56007,"Carbon County, Wyoming",5885,4518,1367,"Carbon County, Wyoming",238,251,237,0.767714528462192,0.232285471537808
G5600090,2019-2023,WY,,,Wyoming,56,Converse County,9,,,,,,,,,,,,,,,.,.,,,,,,,,,,,,0500000US56009,,,56009,"Converse County, Wyoming",5707,4469,1238,"Converse County, Wyoming",202,279,217,0.783073418608726,0.216926581391274
G5600110,2019-2023,WY,,,Wyoming,56,Crook County,11,,,,,,,,,,,,,,,.,.,,,,,,,,,,,,0500000US56011,,,56011,"Crook County, Wyoming",2891,2196,695,"Crook County, Wyoming",185,166,209,0.75959875475614,0.24040124524386
G5600130,2019-2023,WY,,,Wyoming,56,Fremont County,13,,,,,,,,,,,,,,,.,.,,,,,,,,,,,,0500000US56013,,,56013,"Fremont County, Wyoming",14810,10469,4341,"Fremont County, Wyoming",258,299,282,0.706887238352465,0.293112761647535
G5600150,2019-2023,WY,,,Wyoming,56,Goshen County,15,,,,,,,,,,,,,,,.,.,,,,,,,,,,,,0500000US56015,,,56015,"Goshen County, Wyoming",5053,3742,1311,"Goshen County, Wyoming",172,202,223,0.740550168216901,0.259449831783099
G5600170,2019-2023,WY,,,Wyoming,56,Hot Springs County,17,,,,,,,,,,,,,,,.,.,,,,,,,,,,,,0500000US56017,,,56017,"Hot Springs County, Wyoming",2079,1510,569,"Hot Springs County, Wyoming",144,144,140,0.726310726310726,0.273689273689274
G5600190,2019-2023,WY,,,Wyoming,56,Johnson County,19,,,,,,,,,,,,,,,.,.,,,,,,,,,,,,0500000US56019,,,56019,"Johnson County, Wyoming",3919,3119,800,"Johnson County, Wyoming",148,213,203,0.795866292421536,0.204133707578464
G5600210,2019-2023,WY,,,Wyoming,56,Laramie County,21,,,,,,,,,,,,,,,.,.,,,,,,,,,,,,0500000US56021,,,56021,"Laramie County, Wyoming",42503,30093,12410,"Laramie County, Wyoming",471,635,708,0.708020610309861,0.29197938969014
G5600230,2019-2023,WY,,,Wyoming,56,Lincoln County,23,,,,,,,,,,,,,,,.,.,,,,,,,,,,,,0500000US56023,,,56023,"Lincoln County, Wyoming",7872,6304,1568,"Lincoln County, Wyoming",282,296,284,0.800813008130081,0.199186991869919
G5600250,2019-2023,WY,,,Wyoming,56,Natrona County,25,,,,,,,,,,,,,,,.,.,,,,,,,,,,,,0500000US56025,,,56025,"Natrona County, Wyoming",33285,24487,8798,"Natrona County, Wyoming",453,582,622,0.735676731260328,0.264323268739673
G5600270,2019-2023,WY,,,Wyoming,56,Niobrara County,27,,,,,,,,,,,,,,,.,.,,,,,,,,,,,,0500000US56027,,,56027,"Niobrara County, Wyoming",1141,744,397,"Niobrara County, Wyoming",90,93,112,0.652059596844873,0.347940403155127
G5600290,2019-2023,WY,,,Wyoming,56,Park County,29,,,,,,,,,,,,,,,.,.,,,,,,,,,,,,0500000US56029,,,56029,"Park County, Wyoming",13179,9842,3337,"Park County, Wyoming",295,412,381,0.746794142195918,0.253205857804082
G5600310,2019-2023,WY,,,Wyoming,56,Platte County,31,,,,,,,,,,,,,,,.,.,,,,,,,,,,,,0500000US56031,,,56031,"Platte County, Wyoming",3877,2810,1067,"Platte County, Wyoming",192,247,243,0.724787206603044,0.275212793396956
G5600330,2019-2023,WY,,,Wyoming,56,Sheridan County,33,,,,,,,,,,,,,,,.,.,,,,,,,,,,,,0500000US56033,,,56033,"Sheridan County, Wyoming",13515,9442,4073,"Sheridan County, Wyoming",382,484,428,0.698631150573437,0.301368849426563
G5600350,2019-2023,WY,,,Wyoming,56,Sublette County,35,,,,,,,,,,,,,,,.,.,,,,,,,,,,,,0500000US56035,,,56035,"Sublette County, Wyoming",3719,3015,704,"Sublette County, Wyoming",250,251,173,0.810701801559559,0.189298198440441
G5600370,2019-2023,WY,,,Wyoming,56,Sweetwater County,37,,,,,,,,,,,,,,,.,.,,,,,,,,,,,,0500000US56037,,,56037,"Sweetwater County, Wyoming",16863,12476,4387,"Sweetwater County, Wyoming",361,514,518,0.739844630255589,0.260155369744411
G5600390,2019-2023,WY,,,Wyoming,56,Teton County,39,,,,,,,,,,,,,,,.,.,,,,,,,,,,,,0500000US56039,,,56039,"Teton County, Wyoming",9383,5773,3610,"Teton County, Wyoming",451,334,459,0.615261643397634,0.384738356602366
G5600410,2019-2023,WY,,,Wyoming,56,Uinta County,41,,,,,,,,,,,,,,,.,.,,,,,,,,,,,,0500000US56041,,,56041,"Uinta County, Wyoming",7479,5724,1755,"Uinta County, Wyoming",316,310,260,0.765342960288809,0.234657039711191
G5600430,2019-2023,WY,,,Wyoming,56,Washakie County,43,,,,,,,,,,,,,,,.,.,,,,,,,,,,,,0500000US56043,,,56043,"Washakie County, Wyoming",3417,2535,882,"Washakie County, Wyoming",140,174,151,0.741878841088674,0.258121158911326
G5600450,2019-2023,WY,,,Wyoming,56,Weston County,45,,,,,,,,,,,,,,,.,.,,,,,,,,,,,,0500000US56045,,,56045,"Weston County, Wyoming",2754,2450,304,"Weston County, Wyoming",202,200,115,0.88961510530138,0.11038489469862
G7200010,2019-2023,PR,,,Puerto Rico,72,Adjuntas Municipio,1,,,,,,,,,,,,,,,.,.,,,,,,,,,,,,0500000US72001,,,72001,"Adjuntas Municipio, Puerto Rico",5912,4108,1804,"Adjuntas Municipio, Puerto Rico",257,258,232,0.694857916102842,0.305142083897158
G7200030,2019-2023,PR,,,Puerto Rico,72,Aguada Municipio,3,,,,,,,,,,,,,,,.,.,,,,,,,,,,,,0500000US72003,,,72003,"Aguada Municipio, Puerto Rico",12652,9549,3103,"Aguada Municipio, Puerto Rico",510,480,379,0.754742333227948,0.245257666772052
G7200050,2019-2023,PR,,,Puerto Rico,72,Aguadilla Municipio,5,,,,,,,,,,,,,,,.,.,,,,,,,,,,,,0500000US72005,,,72005,"Aguadilla Municipio, Puerto Rico",21639,12360,9279,"Aguadilla Municipio, Puerto Rico",671,592,580,0.571190905309857,0.428809094690143
G7200070,2019-2023,PR,,,Puerto Rico,72,Aguas Buenas Municipio,7,,,,,,,,,,,,,,,.,.,,,,,,,,,,,,0500000US72007,,,72007,"Aguas Buenas Municipio, Puerto Rico",8804,5806,2998,"Aguas Buenas Municipio, Puerto Rico",422,403,334,0.659472966833258,0.340527033166742
G7200090,2019-2023,PR,,,Puerto Rico,72,Aibonito Municipio,9,,,,,,,,,,,,,,,.,.,,,,,,,,,,,,0500000US72009,,,72009,"Aibonito Municipio, Puerto Rico",9415,7068,2347,"Aibonito Municipio, Puerto Rico",371,384,305,0.750716941051514,0.249283058948486
G7200110,2019-2023,PR,,,Puerto Rico,72,Añasco Municipio,11,,,,,,,,,,,,,,,.,.,,,,,,,,,,,,0500000US72011,,,72011,"AÃ±asco Municipio, Puerto Rico",8835,6376,2459,"AÃ±asco Municipio, Puerto Rico",447,421,331,0.721675155631013,0.278324844368987
G7200130,2019-2023,PR,,,Puerto Rico,72,Arecibo Municipio,13,,,,,,,,,,,,,,,.,.,,,,,,,,,,,,0500000US72013,,,72013,"Arecibo Municipio, Puerto Rico",32053,20070,11983,"Arecibo Municipio, Puerto Rico",809,733,791,0.626150438336505,0.373849561663495
G7200150,2019-2023,PR,,,Puerto Rico,72,Arroyo Municipio,15,,,,,,,,,,,,,,,.,.,,,,,,,,,,,,0500000US72015,,,72015,"Arroyo Municipio, Puerto Rico",6364,4885,1479,"Arroyo Municipio, Puerto Rico",406,399,303,0.76759899434318,0.23240100565682
G7200170,2019-2023,PR,,,Puerto Rico,72,Barceloneta Municipio,17,,,,,,,,,,,,,,,.,.,,,,,,,,,,,,0500000US72017,,,72017,"Barceloneta Municipio, Puerto Rico",8547,6076,2471,"Barceloneta Municipio, Puerto Rico",527,530,405,0.710892710892711,0.289107289107289
G7200190,2019-2023,PR,,,Puerto Rico,72,Barranquitas Municipio,19,,,,,,,,,,,,,,,.,.,,,,,,,,,,,,0500000US72019,,,72019,"Barranquitas Municipio, Puerto Rico",9521,6549,2972,"Barranquitas Municipio, Puerto Rico",517,489,434,0.687847915134965,0.312152084865035
G7200210,2019-2023,PR,,,Puerto Rico,72,Bayamón Municipio,21,,,,,,,,,,,,,,,.,.,,,,,,,,,,,,0500000US72021,,,72021,"BayamÃ³n Municipio, Puerto Rico",71416,49906,21510,"BayamÃ³n Municipio, Puerto Rico",985,1095,1006,0.698806990030245,0.301193009969755
G7200230,2019-2023,PR,,,Puerto Rico,72,Cabo Rojo Municipio,23,,,,,,,,,,,,,,,.,.,,,,,,,,,,,,0500000US72023,,,72023,"Cabo Rojo Municipio, Puerto Rico",18172,13998,4174,"Cabo Rojo Municipio, Puerto Rico",719,713,491,0.770305965221219,0.229694034778781
G7200250,2019-2023,PR,,,Puerto Rico,72,Caguas Municipio,25,,,,,,,,,,,,,,,.,.,,,,,,,,,,,,0500000US72025,,,72025,"Caguas Municipio, Puerto Rico",50488,33631,16857,"Caguas Municipio, Puerto Rico",1076,1049,981,0.666118681666931,0.333881318333069
G7200270,2019-2023,PR,,,Puerto Rico,72,Camuy Municipio,27,,,,,,,,,,,,,,,.,.,,,,,,,,,,,,0500000US72027,,,72027,"Camuy Municipio, Puerto Rico",11814,9065,2749,"Camuy Municipio, Puerto Rico",477,458,361,0.767309971220586,0.232690028779414
G7200290,2019-2023,PR,,,Puerto Rico,72,Canóvanas Municipio,29,,,,,,,,,,,,,,,.,.,,,,,,,,,,,,0500000US72029,,,72029,"CanÃ³vanas Municipio, Puerto Rico",15235,11137,4098,"CanÃ³vanas Municipio, Puerto Rico",507,550,531,0.731014112241549,0.268985887758451
G7200310,2019-2023,PR,,,Puerto Rico,72,Carolina Municipio,31,,,,,,,,,,,,,,,.,.,,,,,,,,,,,,0500000US72031,,,72031,"Carolina Municipio, Puerto Rico",62428,43320,19108,"Carolina Municipio, Puerto Rico",1254,1154,986,0.693919395143205,0.306080604856795
G7200330,2019-2023,PR,,,Puerto Rico,72,Cataño Municipio,33,,,,,,,,,,,,,,,.,.,,,,,,,,,,,,0500000US72033,,,72033,"CataÃ±o Municipio, Puerto Rico",8998,5333,3665,"CataÃ±o Municipio, Puerto Rico",338,319,329,0.592687263836408,0.407312736163592
G7200350,2019-2023,PR,,,Puerto Rico,72,Cayey Municipio,35,,,,,,,,,,,,,,,.,.,,,,,,,,,,,,0500000US72035,,,72035,"Cayey Municipio, Puerto Rico",16534,10177,6357,"Cayey Municipio, Puerto Rico",553,544,538,0.615519535502601,0.384480464497399
G7200370,2019-2023,PR,,,Puerto Rico,72,Ceiba Municipio,37,,,,,,,,,,,,,,,.,.,,,,,,,,,,,,0500000US72037,,,72037,"Ceiba Municipio, Puerto Rico",4100,3016,1084,"Ceiba Municipio, Puerto Rico",289,253,235,0.735609756097561,0.264390243902439
G7200390,2019-2023,PR,,,Puerto Rico,72,Ciales Municipio,39,,,,,,,,,,,,,,,.,.,,,,,,,,,,,,0500000US72039,,,72039,"Ciales Municipio, Puerto Rico",5631,3924,1707,"Ciales Municipio, Puerto Rico",350,286,313,0.696856686201385,0.303143313798615
G7200410,2019-2023,PR,,,Puerto Rico,72,Cidra Municipio,41,,,,,,,,,,,,,,,.,.,,,,,,,,,,,,0500000US72041,,,72041,"Cidra Municipio, Puerto Rico",14556,9877,4679,"Cidra Municipio, Puerto Rico",422,416,442,0.67855179994504,0.32144820005496
G7200430,2019-2023,PR,,,Puerto Rico,72,Coamo Municipio,43,,,,,,,,,,,,,,,.,.,,,,,,,,,,,,0500000US72043,,,72043,"Coamo Municipio, Puerto Rico",13006,9845,3161,"Coamo Municipio, Puerto Rico",529,491,385,0.756958326926034,0.243041673073966
G7200450,2019-2023,PR,,,Puerto Rico,72,Comerío Municipio,45,,,,,,,,,,,,,,,.,.,,,,,,,,,,,,0500000US72045,,,72045,"ComerÃ­o Municipio, Puerto Rico",5612,3460,2152,"ComerÃ­o Municipio, Puerto Rico",326,305,285,0.616535994297933,0.383464005702067
G7200470,2019-2023,PR,,,Puerto Rico,72,Corozal Municipio,47,,,,,,,,,,,,,,,.,.,,,,,,,,,,,,0500000US72047,,,72047,"Corozal Municipio, Puerto Rico",10902,8258,2644,"Corozal Municipio, Puerto Rico",544,546,401,0.75747569253348,0.24252430746652
G7200490,2019-2023,PR,,,Puerto Rico,72,Culebra Municipio,49,,,,,,,,,,,,,,,.,.,,,,,,,,,,,,0500000US72049,,,72049,"Culebra Municipio, Puerto Rico",428,283,145,"Culebra Municipio, Puerto Rico",69,61,47,0.661214953271028,0.338785046728972
G7200510,2019-2023,PR,,,Puerto Rico,72,Dorado Municipio,51,,,,,,,,,,,,,,,.,.,,,,,,,,,,,,0500000US72051,,,72051,"Dorado Municipio, Puerto Rico",12074,9572,2502,"Dorado Municipio, Puerto Rico",539,584,407,0.792777869802882,0.207222130197118
G7200530,2019-2023,PR,,,Puerto Rico,72,Fajardo Municipio,53,,,,,,,,,,,,,,,.,.,,,,,,,,,,,,0500000US72053,,,72053,"Fajardo Municipio, Puerto Rico",12863,8787,4076,"Fajardo Municipio, Puerto Rico",529,460,484,0.683122133250408,0.316877866749592
G7200540,2019-2023,PR,,,Puerto Rico,72,Florida Municipio,54,,,,,,,,,,,,,,,.,.,,,,,,,,,,,,0500000US72054,,,72054,"Florida Municipio, Puerto Rico",4515,3146,1369,"Florida Municipio, Puerto Rico",338,320,320,0.696788482834995,0.303211517165006
G7200550,2019-2023,PR,,,Puerto Rico,72,Guánica Municipio,55,,,,,,,,,,,,,,,.,.,,,,,,,,,,,,0500000US72055,,,72055,"GuÃ¡nica Municipio, Puerto Rico",5583,3976,1607,"GuÃ¡nica Municipio, Puerto Rico",277,262,275,0.712161920114634,0.287838079885366
G7200570,2019-2023,PR,,,Puerto Rico,72,Guayama Municipio,57,,,,,,,,,,,,,,,.,.,,,,,,,,,,,,0500000US72057,,,72057,"Guayama Municipio, Puerto Rico",14965,10704,4261,"Guayama Municipio, Puerto Rico",551,576,485,0.715268960908787,0.284731039091213
G7200590,2019-2023,PR,,,Puerto Rico,72,Guayanilla Municipio,59,,,,,,,,,,,,,,,.,.,,,,,,,,,,,,0500000US72059,,,72059,"Guayanilla Municipio, Puerto Rico",6342,4642,1700,"Guayanilla Municipio, Puerto Rico",319,303,271,0.731945758435825,0.268054241564175
G7200610,2019-2023,PR,,,Puerto Rico,72,Guaynabo Municipio,61,,,,,,,,,,,,,,,.,.,,,,,,,,,,,,0500000US72061,,,72061,"Guaynabo Municipio, Puerto Rico",34856,24675,10181,"Guaynabo Municipio, Puerto Rico",902,800,669,0.707912554509984,0.292087445490016
G7200630,2019-2023,PR,,,Puerto Rico,72,Gurabo Municipio,63,,,,,,,,,,,,,,,.,.,,,,,,,,,,,,0500000US72063,,,72063,"Gurabo Municipio, Puerto Rico",15177,11719,3458,"Gurabo Municipio, Puerto Rico",639,748,559,0.772155234894907,0.227844765105093
G7200650,2019-2023,PR,,,Puerto Rico,72,Hatillo Municipio,65,,,,,,,,,,,,,,,.,.,,,,,,,,,,,,0500000US72065,,,72065,"Hatillo Municipio, Puerto Rico",13283,9899,3384,"Hatillo Municipio, Puerto Rico",606,567,401,0.745238274486185,0.254761725513815
G7200670,2019-2023,PR,,,Puerto Rico,72,Hormigueros Municipio,67,,,,,,,,,,,,,,,.,.,,,,,,,,,,,,0500000US72067,,,72067,"Hormigueros Municipio, Puerto Rico",6044,4374,1670,"Hormigueros Municipio, Puerto Rico",349,347,279,0.723692918596956,0.276307081403044
G7200690,2019-2023,PR,,,Puerto Rico,72,Humacao Municipio,69,,,,,,,,,,,,,,,.,.,,,,,,,,,,,,0500000US72069,,,72069,"Humacao Municipio, Puerto Rico",18813,14035,4778,"Humacao Municipio, Puerto Rico",771,668,466,0.746026683676181,0.253973316323819
G7200710,2019-2023,PR,,,Puerto Rico,72,Isabela Municipio,71,,,,,,,,,,,,,,,.,.,,,,,,,,,,,,0500000US72071,,,72071,"Isabela Municipio, Puerto Rico",14640,9274,5366,"Isabela Municipio, Puerto Rico",611,511,552,0.633469945355191,0.366530054644809
G7200730,2019-2023,PR,,,Puerto Rico,72,Jayuya Municipio,73,,,,,,,,,,,,,,,.,.,,,,,,,,,,,,0500000US72073,,,72073,"Jayuya Municipio, Puerto Rico",4876,2917,1959,"Jayuya Municipio, Puerto Rico",432,389,349,0.598236259228876,0.401763740771124
G7200750,2019-2023,PR,,,Puerto Rico,72,Juana Díaz Municipio,75,,,,,,,,,,,,,,,.,.,,,,,,,,,,,,0500000US72075,,,72075,"Juana DÃ­az Municipio, Puerto Rico",15712,12243,3469,"Juana DÃ­az Municipio, Puerto Rico",547,531,358,0.7792133401222,0.2207866598778
G7200770,2019-2023,PR,,,Puerto Rico,72,Juncos Municipio,77,,,,,,,,,,,,,,,.,.,,,,,,,,,,,,0500000US72077,,,72077,"Juncos Municipio, Puerto Rico",13422,9686,3736,"Juncos Municipio, Puerto Rico",578,502,449,0.721651020712264,0.278348979287737
G7200790,2019-2023,PR,,,Puerto Rico,72,Lajas Municipio,79,,,,,,,,,,,,,,,.,.,,,,,,,,,,,,0500000US72079,,,72079,"Lajas Municipio, Puerto Rico",8236,5878,2358,"Lajas Municipio, Puerto Rico",537,461,390,0.71369596891695,0.28630403108305
G7200810,2019-2023,PR,,,Puerto Rico,72,Lares Municipio,81,,,,,,,,,,,,,,,.,.,,,,,,,,,,,,0500000US72081,,,72081,"Lares Municipio, Puerto Rico",10517,6881,3636,"Lares Municipio, Puerto Rico",411,393,374,0.654274032518779,0.345725967481221
G7200830,2019-2023,PR,,,Puerto Rico,72,Las Marías Municipio,83,,,,,,,,,,,,,,,.,.,,,,,,,,,,,,0500000US72083,,,72083,"Las MarÃ­as Municipio, Puerto Rico",2822,2100,722,"Las MarÃ­as Municipio, Puerto Rico",240,210,157,0.744153082919915,0.255846917080085
G7200850,2019-2023,PR,,,Puerto Rico,72,Las Piedras Municipio,85,,,,,,,,,,,,,,,.,.,,,,,,,,,,,,0500000US72085,,,72085,"Las Piedras Municipio, Puerto Rico",12519,9710,2809,"Las Piedras Municipio, Puerto Rico",603,584,483,0.775621055994888,0.224378944005112
G7200870,2019-2023,PR,,,Puerto Rico,72,Loíza Municipio,87,,,,,,,,,,,,,,,.,.,,,,,,,,,,,,0500000US72087,,,72087,"LoÃ­za Municipio, Puerto Rico",8730,6127,2603,"LoÃ­za Municipio, Puerto Rico",350,302,284,0.701832760595647,0.298167239404353
G7200890,2019-2023,PR,,,Puerto Rico,72,Luquillo Municipio,89,,,,,,,,,,,,,,,.,.,,,,,,,,,,,,0500000US72089,,,72089,"Luquillo Municipio, Puerto Rico",6738,4675,2063,"Luquillo Municipio, Puerto Rico",397,339,300,0.693826061145741,0.306173938854259
G7200910,2019-2023,PR,,,Puerto Rico,72,Manatí Municipio,91,,,,,,,,,,,,,,,.,.,,,,,,,,,,,,0500000US72091,,,72091,"ManatÃ­ Municipio, Puerto Rico",14813,10785,4028,"ManatÃ­ Municipio, Puerto Rico",597,524,411,0.728076689394451,0.271923310605549
G7200930,2019-2023,PR,,,Puerto Rico,72,Maricao Municipio,93,,,,,,,,,,,,,,,.,.,,,,,,,,,,,,0500000US72093,,,72093,"Maricao Municipio, Puerto Rico",1809,1376,433,"Maricao Municipio, Puerto Rico",184,147,113,0.760641238253179,0.239358761746821
G7200950,2019-2023,PR,,,Puerto Rico,72,Maunabo Municipio,95,,,,,,,,,,,,,,,.,.,,,,,,,,,,,,0500000US72095,,,72095,"Maunabo Municipio, Puerto Rico",3985,2968,1017,"Maunabo Municipio, Puerto Rico",292,290,268,0.744792973651192,0.255207026348808
G7200970,2019-2023,PR,,,Puerto Rico,72,Mayagüez Municipio,97,,,,,,,,,,,,,,,.,.,,,,,,,,,,,,0500000US72097,,,72097,"MayagÃ¼ez Municipio, Puerto Rico",29407,14898,14509,"MayagÃ¼ez Municipio, Puerto Rico",857,651,798,0.50661407147958,0.49338592852042
G7200990,2019-2023,PR,,,Puerto Rico,72,Moca Municipio,99,,,,,,,,,,,,,,,.,.,,,,,,,,,,,,0500000US72099,,,72099,"Moca Municipio, Puerto Rico",13250,8514,4736,"Moca Municipio, Puerto Rico",569,502,574,0.642566037735849,0.357433962264151
G7201010,2019-2023,PR,,,Puerto Rico,72,Morovis Municipio,101,,,,,,,,,,,,,,,.,.,,,,,,,,,,,,0500000US72101,,,72101,"Morovis Municipio, Puerto Rico",10026,7040,2986,"Morovis Municipio, Puerto Rico",456,482,353,0.702174346698584,0.297825653301416
G7201030,2019-2023,PR,,,Puerto Rico,72,Naguabo Municipio,103,,,,,,,,,,,,,,,.,.,,,,,,,,,,,,0500000US72103,,,72103,"Naguabo Municipio, Puerto Rico",8217,6015,2202,"Naguabo Municipio, Puerto Rico",553,422,428,0.732018985031033,0.267981014968967
G7201050,2019-2023,PR,,,Puerto Rico,72,Naranjito Municipio,105,,,,,,,,,,,,,,,.,.,,,,,,,,,,,,0500000US72105,,,72105,"Naranjito Municipio, Puerto Rico",8866,6089,2777,"Naranjito Municipio, Puerto Rico",429,401,353,0.686780960974509,0.313219039025491
G7201070,2019-2023,PR,,,Puerto Rico,72,Orocovis Municipio,107,,,,,,,,,,,,,,,.,.,,,,,,,,,,,,0500000US72107,,,72107,"Orocovis Municipio, Puerto Rico",6839,4830,2009,"Orocovis Municipio, Puerto Rico",343,336,286,0.706243602865916,0.293756397134084
G7201090,2019-2023,PR,,,Puerto Rico,72,Patillas Municipio,109,,,,,,,,,,,,,,,.,.,,,,,,,,,,,,0500000US72109,,,72109,"Patillas Municipio, Puerto Rico",6012,4214,1798,"Patillas Municipio, Puerto Rico",403,371,345,0.700931470392548,0.299068529607452
G7201110,2019-2023,PR,,,Puerto Rico,72,Peñuelas Municipio,111,,,,,,,,,,,,,,,.,.,,,,,,,,,,,,0500000US72111,,,72111,"PeÃ±uelas Municipio, Puerto Rico",6904,4684,2220,"PeÃ±uelas Municipio, Puerto Rico",321,364,331,0.678447276940904,0.321552723059096
G7201130,2019-2023,PR,,,Puerto Rico,72,Ponce Municipio,113,,,,,,,,,,,,,,,.,.,,,,,,,,,,,,0500000US72113,,,72113,"Ponce Municipio, Puerto Rico",53587,36509,17078,"Ponce Municipio, Puerto Rico",1010,984,742,0.681303301173792,0.318696698826208
G7201150,2019-2023,PR,,,Puerto Rico,72,Quebradillas Municipio,115,,,,,,,,,,,,,,,.,.,,,,,,,,,,,,0500000US72115,,,72115,"Quebradillas Municipio, Puerto Rico",8167,5609,2558,"Quebradillas Municipio, Puerto Rico",526,451,451,0.686788294355332,0.313211705644668
G7201170,2019-2023,PR,,,Puerto Rico,72,Rincón Municipio,117,,,,,,,,,,,,,,,.,.,,,,,,,,,,,,0500000US72117,,,72117,"RincÃ³n Municipio, Puerto Rico",5585,4059,1526,"RincÃ³n Municipio, Puerto Rico",385,313,284,0.726768128916741,0.273231871083259
G7201190,2019-2023,PR,,,Puerto Rico,72,Río Grande Municipio,119,,,,,,,,,,,,,,,.,.,,,,,,,,,,,,0500000US72119,,,72119,"RÃ­o Grande Municipio, Puerto Rico",16396,11923,4473,"RÃ­o Grande Municipio, Puerto Rico",589,624,408,0.727189558428885,0.272810441571115
G7201210,2019-2023,PR,,,Puerto Rico,72,Sabana Grande Municipio,121,,,,,,,,,,,,,,,.,.,,,,,,,,,,,,0500000US72121,,,72121,"Sabana Grande Municipio, Puerto Rico",7414,5636,1778,"Sabana Grande Municipio, Puerto Rico",418,389,313,0.7601834367413,0.2398165632587
G7201230,2019-2023,PR,,,Puerto Rico,72,Salinas Municipio,123,,,,,,,,,,,,,,,.,.,,,,,,,,,,,,0500000US72123,,,72123,"Salinas Municipio, Puerto Rico",10030,7701,2329,"Salinas Municipio, Puerto Rico",445,443,350,0.767796610169492,0.232203389830508
G7201250,2019-2023,PR,,,Puerto Rico,72,San Germán Municipio,125,,,,,,,,,,,,,,,.,.,,,,,,,,,,,,0500000US72125,,,72125,"San GermÃ¡n Municipio, Puerto Rico",11549,7632,3917,"San GermÃ¡n Municipio, Puerto Rico",637,480,448,0.66083643605507,0.33916356394493
G7201270,2019-2023,PR,,,Puerto Rico,72,San Juan Municipio,127,,,,,,,,,,,,,,,.,.,,,,,,,,,,,,0500000US72127,,,72127,"San Juan Municipio, Puerto Rico",147795,79035,68760,"San Juan Municipio, Puerto Rico",1965,1804,1670,0.534760986501573,0.465239013498427
G7201290,2019-2023,PR,,,Puerto Rico,72,San Lorenzo Municipio,129,,,,,,,,,,,,,,,.,.,,,,,,,,,,,,0500000US72129,,,72129,"San Lorenzo Municipio, Puerto Rico",13940,10282,3658,"San Lorenzo Municipio, Puerto Rico",517,454,434,0.737589670014347,0.262410329985653
G7201310,2019-2023,PR,,,Puerto Rico,72,San Sebastián Municipio,131,,,,,,,,,,,,,,,.,.,,,,,,,,,,,,0500000US72131,,,72131,"San SebastiÃ¡n Municipio, Puerto Rico",14238,10140,4098,"San SebastiÃ¡n Municipio, Puerto Rico",610,585,547,0.712178676780447,0.287821323219553
G7201330,2019-2023,PR,,,Puerto Rico,72,Santa Isabel Municipio,133,,,,,,,,,,,,,,,.,.,,,,,,,,,,,,0500000US72133,,,72133,"Santa Isabel Municipio, Puerto Rico",7430,5806,1624,"Santa Isabel Municipio, Puerto Rico",382,369,233,0.7814266487214,0.2185733512786
G7201350,2019-2023,PR,,,Puerto Rico,72,Toa Alta Municipio,135,,,,,,,,,,,,,,,.,.,,,,,,,,,,,,0500000US72135,,,72135,"Toa Alta Municipio, Puerto Rico",23111,18962,4149,"Toa Alta Municipio, Puerto Rico",651,589,458,0.820475098437973,0.179524901562027
G7201370,2019-2023,PR,,,Puerto Rico,72,Toa Baja Municipio,137,,,,,,,,,,,,,,,.,.,,,,,,,,,,,,0500000US72137,,,72137,"Toa Baja Municipio, Puerto Rico",28988,20573,8415,"Toa Baja Municipio, Puerto Rico",792,742,666,0.709707465157996,0.290292534842004
G7201390,2019-2023,PR,,,Puerto Rico,72,Trujillo Alto Municipio,139,,,,,,,,,,,,,,,.,.,,,,,,,,,,,,0500000US72139,,,72139,"Trujillo Alto Municipio, Puerto Rico",26133,19422,6711,"Trujillo Alto Municipio, Puerto Rico",680,910,768,0.743198255079784,0.256801744920216
G7201410,2019-2023,PR,,,Puerto Rico,72,Utuado Municipio,141,,,,,,,,,,,,,,,.,.,,,,,,,,,,,,0500000US72141,,,72141,"Utuado Municipio, Puerto Rico",10541,6490,4051,"Utuado Municipio, Puerto Rico",488,460,402,0.615691110900294,0.384308889099706
G7201430,2019-2023,PR,,,Puerto Rico,72,Vega Alta Municipio,143,,,,,,,,,,,,,,,.,.,,,,,,,,,,,,0500000US72143,,,72143,"Vega Alta Municipio, Puerto Rico",13365,9070,4295,"Vega Alta Municipio, Puerto Rico",469,553,523,0.67863823419379,0.32136176580621
G7201450,2019-2023,PR,,,Puerto Rico,72,Vega Baja Municipio,145,,,,,,,,,,,,,,,.,.,,,,,,,,,,,,0500000US72145,,,72145,"Vega Baja Municipio, Puerto Rico",20482,15433,5049,"Vega Baja Municipio, Puerto Rico",683,722,489,0.753490870032223,0.246509129967777
G7201470,2019-2023,PR,,,Puerto Rico,72,Vieques Municipio,147,,,,,,,,,,,,,,,.,.,,,,,,,,,,,,0500000US72147,,,72147,"Vieques Municipio, Puerto Rico",2663,1836,827,"Vieques Municipio, Puerto Rico",280,275,222,0.689447990987608,0.310552009012392
G7201490,2019-2023,PR,,,Puerto Rico,72,Villalba Municipio,149,,,,,,,,,,,,,,,.,.,,,,,,,,,,,,0500000US72149,,,72149,"Villalba Municipio, Puerto Rico",7587,5964,1623,"Villalba Municipio, Puerto Rico",392,422,292,0.786081455120601,0.213918544879399
G7201510,2019-2023,PR,,,Puerto Rico,72,Yabucoa Municipio,151,,,,,,,,,,,,,,,.,.,,,,,,,,,,,,0500000US72151,,,72151,"Yabucoa Municipio, Puerto Rico",11760,8322,3438,"Yabucoa Municipio, Puerto Rico",553,485,427,0.70765306122449,0.29234693877551
G7201530,2019-2023,PR,,,Puerto Rico,72,Yauco Municipio,153,,,,,,,,,,,,,,,.,.,,,,,,,,,,,,0500000US72153,,,72153,"Yauco Municipio, Puerto Rico",12565,9314,3251,"Yauco Municipio, Puerto Rico",514,422,349,0.741265419816952,0.258734580183048
